{
    "nb_instances": 1000,
    "log_nb_instances": 6.907755278982137,
    "nb_features": 10,
    "dataset_dimensionality": 100.0,
    "log_dataset_dimensionality": 4.605170185988092,
    "dataset_ratio": 0.01,
    "nb_missing_vals": 0,
    "ratio_features_with_missing_vals": 0.0,
    "ratio_instances_with_missing_vals": 0.0,
    "nb_numeric_features": 10,
    "nb_categorical_features": 0,
    "ratio_numeric_categorical_features": 0.0,
    "ratio_categorical_numeric_features": 0.0,
    "mean__target": 3.8010001182556152,
    "stdev__target": 3.8010001182556152,
    "min__target": 2.0,
    "q1__target": 3.0,
    "median__target": 4.0,
    "q3__target": 4.0,
    "max__target": 5.0,
    "mean_mean_numeric_features": 2.0359997749328613,
    "stdev_mean_numeric_features": 2.0359997749328613,
    "mean_stdev_numeric_features": 0.7995122671127319,
    "stdev_stdev_numeric_features": 0.7995122671127319,
    "mean_var_numeric_features": 0.6602298617362976,
    "stdev_var_numeric_features": 0.6602298617362976,
    "mean_min_numeric_features": 1.0,
    "stdev_min_numeric_features": 1.0,
    "mean_median_numeric_features": 1.899999976158142,
    "stdev_median_numeric_features": 1.899999976158142,
    "mean_max_numeric_features": 3.0999999046325684,
    "stdev_max_numeric_features": 3.0999999046325684,
    "mean_skew_numeric_features": 0.011176498606801033,
    "stdev_skew_numeric_features": 0.011176498606801033,
    "mean_kurtosis_numeric_features": -1.3333126306533813,
    "stdev_kurtosis_numeric_features": -1.3333126306533813,
    "pca_1": 0.2568864777778678,
    "pca_2": 0.14292141592512222,
    "pca_3": 0.12567992184717974,
    "mean_cov_numeric_features": 0.18184582889080048,
    "stdev_cov_numeric_features": 0.18184582889080048,
    "mean_entropy_categorical_features": NaN,
    "stdev_entropy_categorical_features": NaN,
    "decision_tree_1_mse": 0.5158948607068794,
    "decision_tree_1_mae": 0.5453917212187691,
    "decision_tree_1_r2": 0.21407849930887593,
    "decision_tree_2_mse": 0.4643401173836818,
    "decision_tree_2_mae": 0.5488009176770652,
    "decision_tree_2_r2": 0.29175867162821023,
    "random_tree_2_mse": 0.4877346778194298,
    "random_tree_2_mae": 0.5513798599506932,
    "random_tree_2_r2": 0.2543701987950474,
    "mean_correlation_features_target": 0.2685070335865021,
    "stdev_correlation_features_target": 0.2685070335865021,
    "min_correlation_features_target": 0.11648030579090118,
    "max_correlation_features_target": 0.5036364197731018
}