{
    "nb_instances": 1000,
    "log_nb_instances": 6.907755278982137,
    "nb_features": 4,
    "dataset_dimensionality": 250.0,
    "log_dataset_dimensionality": 5.521460917862246,
    "dataset_ratio": 0.004,
    "nb_missing_vals": 0,
    "ratio_features_with_missing_vals": 0.0,
    "ratio_instances_with_missing_vals": 0.0,
    "nb_numeric_features": 4,
    "nb_categorical_features": 0,
    "ratio_numeric_categorical_features": 0.0,
    "ratio_categorical_numeric_features": 0.0,
    "mean__target": 4.13100004196167,
    "stdev__target": 4.13100004196167,
    "min__target": 1.0,
    "q1__target": 3.0,
    "median__target": 4.0,
    "q3__target": 6.0,
    "max__target": 9.0,
    "mean_mean_numeric_features": 6.858250617980957,
    "stdev_mean_numeric_features": 6.858250617980957,
    "mean_stdev_numeric_features": 4.135544776916504,
    "stdev_stdev_numeric_features": 4.135544776916504,
    "mean_var_numeric_features": 17.304166793823242,
    "stdev_var_numeric_features": 17.304166793823242,
    "mean_min_numeric_features": 0.0,
    "stdev_min_numeric_features": 0.0,
    "mean_median_numeric_features": 6.75,
    "stdev_median_numeric_features": 6.75,
    "mean_max_numeric_features": 13.75,
    "stdev_max_numeric_features": 13.75,
    "mean_skew_numeric_features": 0.06614205241203308,
    "stdev_skew_numeric_features": 0.06614205241203308,
    "mean_kurtosis_numeric_features": -1.098064661026001,
    "stdev_kurtosis_numeric_features": -1.098064661026001,
    "pca_1": 0.32045580110854954,
    "pca_2": 0.30274745962002064,
    "pca_3": 0.2166553288165601,
    "mean_cov_numeric_features": 2.1920111179351807,
    "stdev_cov_numeric_features": 2.1920111179351807,
    "mean_entropy_categorical_features": NaN,
    "stdev_entropy_categorical_features": NaN,
    "decision_tree_1_mse": 3.2042374727901213,
    "decision_tree_1_mae": 1.4766685081521715,
    "decision_tree_1_r2": 0.18174780415327912,
    "decision_tree_2_mse": 2.7339588399924692,
    "decision_tree_2_mae": 1.3205984496559646,
    "decision_tree_2_r2": 0.30206515426736547,
    "random_tree_2_mse": 2.9590174871000445,
    "random_tree_2_mae": 1.4192970923520414,
    "random_tree_2_r2": 0.24536268499899572,
    "mean_correlation_features_target": 0.2681535482406616,
    "stdev_correlation_features_target": 0.2681535482406616,
    "min_correlation_features_target": 0.10727213323116302,
    "max_correlation_features_target": 0.4310448169708252
}