{
    "nb_instances": 200,
    "log_nb_instances": 5.298317366548036,
    "nb_features": 19,
    "dataset_dimensionality": 10.526315789473685,
    "log_dataset_dimensionality": 2.3538783873815965,
    "dataset_ratio": 0.095,
    "nb_missing_vals": 0,
    "ratio_features_with_missing_vals": 0.0,
    "ratio_instances_with_missing_vals": 0.0,
    "nb_numeric_features": 19,
    "nb_categorical_features": 0,
    "ratio_numeric_categorical_features": 0.0,
    "ratio_categorical_numeric_features": 0.0,
    "mean__target": 1.125,
    "stdev__target": 1.125,
    "min__target": 1.0,
    "q1__target": 1.0,
    "median__target": 1.0,
    "q3__target": 1.0,
    "max__target": 3.0,
    "mean_mean_numeric_features": 16.1605281829834,
    "stdev_mean_numeric_features": 16.1605281829834,
    "mean_stdev_numeric_features": 4.495952606201172,
    "stdev_stdev_numeric_features": 4.495952606201172,
    "mean_var_numeric_features": 116.31426239013672,
    "stdev_var_numeric_features": 116.31426239013672,
    "mean_min_numeric_features": 5.5789475440979,
    "stdev_min_numeric_features": 5.5789475440979,
    "mean_median_numeric_features": 16.105262756347656,
    "stdev_median_numeric_features": 16.105262756347656,
    "mean_max_numeric_features": 30.105262756347656,
    "stdev_max_numeric_features": 30.105262756347656,
    "mean_skew_numeric_features": 1.8457045555114746,
    "stdev_skew_numeric_features": 1.8457045555114746,
    "mean_kurtosis_numeric_features": 4.306970119476318,
    "stdev_kurtosis_numeric_features": 4.306970119476318,
    "pca_1": 0.4948121534906681,
    "pca_2": 0.3235149641913087,
    "pca_3": 0.18078338043887104,
    "mean_cov_numeric_features": -0.13574451208114624,
    "stdev_cov_numeric_features": -0.13574451208114624,
    "mean_entropy_categorical_features": NaN,
    "stdev_entropy_categorical_features": NaN,
    "decision_tree_1_mse": 0.24883413711552677,
    "decision_tree_1_mae": 0.22537124796035896,
    "decision_tree_1_r2": -0.1828069935910981,
    "decision_tree_2_mse": 0.1680329321022328,
    "decision_tree_2_mae": 0.15157591910466242,
    "decision_tree_2_r2": 0.025614948621466543,
    "random_tree_2_mse": 0.16046632923964999,
    "random_tree_2_mae": 0.16627131370956347,
    "random_tree_2_r2": 0.2777534924641023,
    "mean_correlation_features_target": 0.055744145065546036,
    "stdev_correlation_features_target": 0.055744145065546036,
    "min_correlation_features_target": -0.17984992265701294,
    "max_correlation_features_target": 0.43708670139312744
}