{
    "nb_instances": 150,
    "log_nb_instances": 5.0106352940962555,
    "nb_features": 4,
    "dataset_dimensionality": 37.5,
    "log_dataset_dimensionality": 3.624340932976365,
    "dataset_ratio": 0.02666666666666667,
    "nb_missing_vals": 0,
    "ratio_features_with_missing_vals": 0.0,
    "ratio_instances_with_missing_vals": 0.0,
    "nb_numeric_features": 4,
    "nb_categorical_features": 0,
    "ratio_numeric_categorical_features": 0.0,
    "ratio_categorical_numeric_features": 0.0,
    "mean__target": -1840.0,
    "stdev__target": 1639.93896484375,
    "min__target": -4000.0,
    "q1__target": -3300.0,
    "median__target": -1850.0,
    "q3__target": -200.0,
    "max__target": 150.0,
    "mean_mean_numeric_features": 103.47833251953125,
    "stdev_mean_numeric_features": 33.85685348510742,
    "min_mean_numeric_features": 50.93333435058594,
    "q1_mean_numeric_features": 85.07833290100098,
    "median_mean_numeric_features": 114.50333023071289,
    "q3_mean_numeric_features": 132.90332794189453,
    "max_mean_numeric_features": 133.97332763671875,
    "mean_stdev_numeric_features": 4.603950500488281,
    "stdev_stdev_numeric_features": 0.8280222415924072,
    "min_stdev_numeric_features": 3.2079319953918457,
    "q1_stdev_numeric_features": 4.4699928760528564,
    "median_stdev_numeric_features": 4.915012836456299,
    "q3_stdev_numeric_features": 5.048970460891724,
    "max_stdev_numeric_features": 5.377844333648682,
    "mean_var_numeric_features": 21.88197898864746,
    "stdev_var_numeric_features": 6.971010684967041,
    "min_var_numeric_features": 10.290827751159668,
    "q1_var_numeric_features": 20.511767148971558,
    "median_var_numeric_features": 24.157941818237305,
    "q3_var_numeric_features": 25.528154373168945,
    "max_var_numeric_features": 28.921207427978516,
    "mean_min_numeric_features": 91.0,
    "stdev_min_numeric_features": 31.360803604125977,
    "min_min_numeric_features": 44.0,
    "q1_min_numeric_features": 71.75,
    "median_min_numeric_features": 100.0,
    "q3_min_numeric_features": 119.25,
    "max_min_numeric_features": 120.0,
    "mean_median_numeric_features": 103.5,
    "stdev_median_numeric_features": 33.95953369140625,
    "min_median_numeric_features": 51.0,
    "q1_median_numeric_features": 84.75,
    "median_median_numeric_features": 114.5,
    "q3_median_numeric_features": 133.25,
    "max_median_numeric_features": 134.0,
    "mean_max_numeric_features": 116.75,
    "stdev_max_numeric_features": 35.36505889892578,
    "min_max_numeric_features": 60.0,
    "q1_max_numeric_features": 100.5,
    "median_max_numeric_features": 129.5,
    "q3_max_numeric_features": 145.75,
    "max_max_numeric_features": 148.0,
    "pca_1": 0.4064520059182299,
    "pca_2": 0.2711573569611089,
    "pca_3": 0.21658836449864308,
    "mean_cov_numeric_features": -338.8758544921875,
    "stdev_cov_numeric_features": 2530.5625,
    "min_cov_numeric_features": -3764.697998046875,
    "q1_cov_numeric_features": -2046.644287109375,
    "median_cov_numeric_features": -289.328857421875,
    "q3_cov_numeric_features": 1418.4395751953125,
    "max_cov_numeric_features": 2987.852294921875,
    "mean_entropy_categorical_features": NaN,
    "stdev_entropy_categorical_features": NaN,
    "min_entropy_categorical_features": NaN,
    "median_entropy_categorical_features": NaN,
    "max_entropy_categorical_features": NaN,
    "knn_5_mse": 2812098.453058321,
    "knn_5_mae": 1395.926386913229,
    "knn_5_r2": -0.03434020587179634,
    "decision_tree_3_mse": 2791354.607251298,
    "decision_tree_3_mae": 1379.4428864976871,
    "decision_tree_3_r2": -0.05431133621020029,
    "decision_tree_1_mse": 2633651.8512707227,
    "decision_tree_1_mae": 1441.673763128906,
    "decision_tree_1_r2": -0.017641327350223474,
    "random_tree_2_mse": 2615127.96479843,
    "random_tree_2_mae": 1413.0207466277145,
    "random_tree_2_r2": -0.041190665099616774,
    "mean_correlation_features_target": -0.01647476851940155,
    "stdev_correlation_features_target": 0.30798956751823425,
    "min_correlation_features_target": -0.4254433512687683,
    "q1_correlation_features_target": -0.2423791103065014,
    "median_correlation_features_target": -0.0058713555335998535,
    "q3_correlation_features_target": 0.22003298625349998,
    "max_correlation_features_target": 0.3712869882583618
}