{
    "nb_instances": 177147,
    "log_nb_instances": 12.084735175349207,
    "nb_features": 10,
    "dataset_dimensionality": 17714.7,
    "log_dataset_dimensionality": 9.78215008235516,
    "dataset_ratio": 5.645029269476762e-05,
    "nb_missing_vals": 0,
    "ratio_features_with_missing_vals": 0.0,
    "ratio_instances_with_missing_vals": 0.0,
    "nb_numeric_features": 10,
    "nb_categorical_features": 0,
    "ratio_numeric_categorical_features": 0.0,
    "ratio_categorical_numeric_features": 0.0,
    "mean__target": 0.0013402615441009402,
    "stdev__target": 4.395526885986328,
    "min__target": -13.379032135009766,
    "q1__target": -2.981319546699524,
    "median__target": 0.014305000193417072,
    "q3__target": 3.0028804540634155,
    "max__target": 13.27936840057373,
    "mean_mean_numeric_features": 0.0015264159301295877,
    "stdev_mean_numeric_features": 0.006016758270561695,
    "min_mean_numeric_features": -0.011803756467998028,
    "q1_mean_numeric_features": -0.0011713436106219888,
    "median_mean_numeric_features": 0.002997510600835085,
    "q3_mean_numeric_features": 0.004971859394572675,
    "max_mean_numeric_features": 0.010945712216198444,
    "mean_stdev_numeric_features": 0.8347694277763367,
    "stdev_stdev_numeric_features": 0.05508597940206528,
    "min_stdev_numeric_features": 0.8137089610099792,
    "q1_stdev_numeric_features": 0.8161078691482544,
    "median_stdev_numeric_features": 0.8169050812721252,
    "q3_stdev_numeric_features": 0.8175269812345505,
    "max_stdev_numeric_features": 0.9999886751174927,
    "mean_var_numeric_features": 0.6998745203018188,
    "stdev_var_numeric_features": 0.10005317628383636,
    "min_var_numeric_features": 0.6621223092079163,
    "q1_var_numeric_features": 0.6660320907831192,
    "median_var_numeric_features": 0.6673338711261749,
    "q3_var_numeric_features": 0.6683503836393356,
    "max_var_numeric_features": 0.9999772906303406,
    "mean_min_numeric_features": -1.0,
    "stdev_min_numeric_features": 0.0,
    "min_min_numeric_features": -1.0,
    "q1_min_numeric_features": -1.0,
    "median_min_numeric_features": -1.0,
    "q3_min_numeric_features": -1.0,
    "max_min_numeric_features": -1.0,
    "mean_median_numeric_features": 0.10000000149011612,
    "stdev_median_numeric_features": 0.29999998211860657,
    "min_median_numeric_features": 0.0,
    "q1_median_numeric_features": 0.0,
    "median_median_numeric_features": 0.0,
    "q3_median_numeric_features": 0.0,
    "max_median_numeric_features": 1.0,
    "mean_max_numeric_features": 1.0,
    "stdev_max_numeric_features": 0.0,
    "min_max_numeric_features": 1.0,
    "q1_max_numeric_features": 1.0,
    "median_max_numeric_features": 1.0,
    "q3_max_numeric_features": 1.0,
    "max_max_numeric_features": 1.0,
    "pca_1": 0.14308366690999189,
    "pca_2": 0.09708784466698632,
    "pca_3": 0.09622586477489888,
    "mean_cov_numeric_features": 0.6369250416755676,
    "stdev_cov_numeric_features": 0.8135955333709717,
    "min_cov_numeric_features": -0.030843976885080338,
    "q1_cov_numeric_features": 0.0808610743843019,
    "median_cov_numeric_features": 0.4267454296350479,
    "q3_cov_numeric_features": 0.8261915445327759,
    "max_cov_numeric_features": 2.8652548789978027,
    "mean_entropy_categorical_features": NaN,
    "stdev_entropy_categorical_features": NaN,
    "min_entropy_categorical_features": NaN,
    "median_entropy_categorical_features": NaN,
    "max_entropy_categorical_features": NaN,
    "knn_5_mse": 3.5122549285465343,
    "knn_5_mae": 1.464691310571144,
    "knn_5_r2": 0.8182074994873165,
    "decision_tree_3_mse": 4.958464491891225,
    "decision_tree_3_mae": 1.7677027629659425,
    "decision_tree_3_r2": 0.7433521039922732,
    "decision_tree_1_mse": 11.111344934156227,
    "decision_tree_1_mae": 2.7360281810431784,
    "decision_tree_1_r2": 0.4248962491080879,
    "random_tree_2_mse": 7.540559833393864,
    "random_tree_2_mae": 2.153281469496448,
    "random_tree_2_r2": 0.6096999755732118,
    "mean_correlation_features_target": 0.16285748779773712,
    "stdev_correlation_features_target": 0.1874661147594452,
    "min_correlation_features_target": -0.008596866391599178,
    "q1_correlation_features_target": 0.02256115316413343,
    "median_correlation_features_target": 0.1187952347099781,
    "q3_correlation_features_target": 0.23003361746668816,
    "max_correlation_features_target": 0.6518625617027283
}