{
    "nb_instances": 17496,
    "log_nb_instances": 9.769727562356604,
    "nb_features": 9,
    "dataset_dimensionality": 1944.0,
    "log_dataset_dimensionality": 7.572502985020384,
    "dataset_ratio": 0.00051440329218107,
    "nb_missing_vals": 0,
    "ratio_features_with_missing_vals": 0.0,
    "ratio_instances_with_missing_vals": 0.0,
    "nb_numeric_features": 6,
    "nb_categorical_features": 3,
    "ratio_numeric_categorical_features": 2.0,
    "ratio_categorical_numeric_features": 0.5,
    "mean__target": 21.991703033447266,
    "stdev__target": 15.794541358947754,
    "min__target": -4.399571895599365,
    "q1__target": 7.65708315372467,
    "median__target": 22.812270164489746,
    "q3__target": 32.538604736328125,
    "max__target": 74.55542755126953,
    "mean_mean_numeric_features": 15.956686973571777,
    "stdev_mean_numeric_features": 21.5684871673584,
    "min_mean_numeric_features": 0.2228190004825592,
    "q1_mean_numeric_features": 2.255740314722061,
    "median_mean_numeric_features": 8.347636699676514,
    "q3_mean_numeric_features": 13.975093841552734,
    "max_mean_numeric_features": 62.746009826660156,
    "mean_stdev_numeric_features": 3.714340925216675,
    "stdev_stdev_numeric_features": 3.3615987300872803,
    "min_stdev_numeric_features": 0.10983601957559586,
    "q1_stdev_numeric_features": 0.546267993748188,
    "median_stdev_numeric_features": 3.1293075680732727,
    "q3_stdev_numeric_features": 6.772486925125122,
    "max_stdev_numeric_features": 8.245460510253906,
    "mean_var_numeric_features": 25.0966739654541,
    "stdev_var_numeric_features": 27.180667877197266,
    "min_var_numeric_features": 0.01206395123153925,
    "q1_var_numeric_features": 0.32203100994229317,
    "median_var_numeric_features": 15.160273373126984,
    "q3_var_numeric_features": 46.45297861099243,
    "max_var_numeric_features": 67.98761749267578,
    "mean_min_numeric_features": 6.2692389488220215,
    "stdev_min_numeric_features": 14.44361400604248,
    "min_min_numeric_features": -4.862782001495361,
    "q1_min_numeric_features": 0.1958762500435114,
    "median_min_numeric_features": 1.0615650117397308,
    "q3_min_numeric_features": 1.9773387908935547,
    "max_min_numeric_features": 38.1651725769043,
    "mean_median_numeric_features": 15.430648803710938,
    "stdev_median_numeric_features": 21.478300094604492,
    "min_median_numeric_features": 0.21126049757003784,
    "q1_median_numeric_features": 2.1427043974399567,
    "median_median_numeric_features": 7.563761949539185,
    "q3_median_numeric_features": 12.876953125,
    "max_median_numeric_features": 62.26140213012695,
    "mean_max_numeric_features": 30.582489013671875,
    "stdev_max_numeric_features": 31.9161376953125,
    "min_max_numeric_features": 0.7252950072288513,
    "q1_max_numeric_features": 4.4912989139556885,
    "median_max_numeric_features": 22.41889238357544,
    "q3_max_numeric_features": 41.16687488555908,
    "max_max_numeric_features": 92.0002212524414,
    "pca_1": 0.45190374514312187,
    "pca_2": 0.3454895414625948,
    "pca_3": 0.1969591580784049,
    "mean_cov_numeric_features": -6.99738883972168,
    "stdev_cov_numeric_features": 8.686936378479004,
    "min_cov_numeric_features": -19.561872482299805,
    "q1_cov_numeric_features": -14.727011620998383,
    "median_cov_numeric_features": -1.629060447216034,
    "q3_cov_numeric_features": -0.5594673529267311,
    "max_cov_numeric_features": 0.1315862387418747,
    "mean_entropy_categorical_features": 0.545862078666687,
    "stdev_entropy_categorical_features": 0.06390372663736343,
    "min_entropy_categorical_features": 0.49839919805526733,
    "median_entropy_categorical_features": 0.5029903650283813,
    "max_entropy_categorical_features": 0.6361967325210571,
    "knn_5_mse": 203.08393068889967,
    "knn_5_mae": 11.356706113694559,
    "knn_5_r2": 0.18580628395295257,
    "decision_tree_3_mse": 140.64505086273095,
    "decision_tree_3_mae": 9.298641323645128,
    "decision_tree_3_r2": 0.4359840018963391,
    "decision_tree_1_mse": 147.94894037569821,
    "decision_tree_1_mae": 9.644788123767507,
    "decision_tree_1_r2": 0.4068037193984785,
    "random_tree_2_mse": 143.6080245939252,
    "random_tree_2_mae": 9.418857733564575,
    "random_tree_2_r2": 0.42423957328544953,
    "mean_correlation_features_target": -0.07469222694635391,
    "stdev_correlation_features_target": 0.08907736092805862,
    "min_correlation_features_target": -0.17166373133659363,
    "q1_correlation_features_target": -0.15070755407214165,
    "median_correlation_features_target": -0.08737532701343298,
    "q3_correlation_features_target": -0.026170635130256414,
    "max_correlation_features_target": 0.07584837079048157
}