{
    "nb_instances": 59049,
    "log_nb_instances": 10.986122886681096,
    "nb_features": 9,
    "dataset_dimensionality": 6561.0,
    "log_dataset_dimensionality": 8.788898309344878,
    "dataset_ratio": 0.00015241579027587258,
    "nb_missing_vals": 0,
    "ratio_features_with_missing_vals": 0.0,
    "ratio_instances_with_missing_vals": 0.0,
    "nb_numeric_features": 9,
    "nb_categorical_features": 0,
    "ratio_numeric_categorical_features": 0.0,
    "ratio_categorical_numeric_features": 0.0,
    "mean__target": 46.988895416259766,
    "stdev__target": 6.536645889282227,
    "min__target": 31.752548217773438,
    "q1__target": 41.927345275878906,
    "median__target": 46.675193786621094,
    "q3__target": 51.892333984375,
    "max__target": 63.35783004760742,
    "mean_mean_numeric_features": 40.97140884399414,
    "stdev_mean_numeric_features": 16.347103118896484,
    "min_mean_numeric_features": 18.681779861450195,
    "q1_mean_numeric_features": 24.1190242767334,
    "median_mean_numeric_features": 43.844905853271484,
    "q3_mean_numeric_features": 45.303977966308594,
    "max_mean_numeric_features": 70.51815032958984,
    "mean_stdev_numeric_features": 7.1294379234313965,
    "stdev_stdev_numeric_features": 3.7863388061523438,
    "min_stdev_numeric_features": 2.7443292140960693,
    "q1_stdev_numeric_features": 4.312284469604492,
    "median_stdev_numeric_features": 5.584664344787598,
    "q3_stdev_numeric_features": 10.724584579467773,
    "max_stdev_numeric_features": 14.130302429199219,
    "mean_var_numeric_features": 65.16524505615234,
    "stdev_var_numeric_features": 63.24810791015625,
    "min_var_numeric_features": 7.531342506408691,
    "q1_var_numeric_features": 18.595794677734375,
    "median_var_numeric_features": 31.188474655151367,
    "q3_var_numeric_features": 115.01670837402344,
    "max_var_numeric_features": 199.6654510498047,
    "mean_min_numeric_features": 22.622852325439453,
    "stdev_min_numeric_features": 14.080880165100098,
    "min_min_numeric_features": 11.558268547058105,
    "q1_min_numeric_features": 12.451772689819336,
    "median_min_numeric_features": 14.859214782714844,
    "q3_min_numeric_features": 27.19985008239746,
    "max_min_numeric_features": 56.92585372924805,
    "mean_median_numeric_features": 41.311256408691406,
    "stdev_median_numeric_features": 15.826910972595215,
    "min_median_numeric_features": 19.28632926940918,
    "q1_median_numeric_features": 25.594215393066406,
    "median_median_numeric_features": 44.046329498291016,
    "q3_median_numeric_features": 47.01927947998047,
    "max_median_numeric_features": 68.52114868164062,
    "mean_max_numeric_features": 59.38985061645508,
    "stdev_max_numeric_features": 25.738378524780273,
    "min_max_numeric_features": 24.858104705810547,
    "q1_max_numeric_features": 36.3390007019043,
    "median_max_numeric_features": 62.836917877197266,
    "q3_max_numeric_features": 66.86184692382812,
    "max_max_numeric_features": 107.55968475341797,
    "pca_1": 0.5927838715373925,
    "pca_2": 0.1304087277985426,
    "pca_3": 0.10690067025301682,
    "mean_cov_numeric_features": 0.26573455333709717,
    "stdev_cov_numeric_features": 17.063268661499023,
    "min_cov_numeric_features": -18.30291175842285,
    "q1_cov_numeric_features": -13.886651992797852,
    "median_cov_numeric_features": 2.8989107608795166,
    "q3_cov_numeric_features": 4.907293319702148,
    "max_cov_numeric_features": 40.922428131103516,
    "mean_entropy_categorical_features": NaN,
    "stdev_entropy_categorical_features": NaN,
    "min_entropy_categorical_features": NaN,
    "median_entropy_categorical_features": NaN,
    "max_entropy_categorical_features": NaN,
    "knn_5_mse": 9.8248870201314,
    "knn_5_mae": 2.2217902128513156,
    "knn_5_r2": 0.7700017617642054,
    "decision_tree_3_mse": 17.083144745515238,
    "decision_tree_3_mae": 3.121620444710185,
    "decision_tree_3_r2": 0.6001589284974849,
    "decision_tree_1_mse": 26.000907931198714,
    "decision_tree_1_mae": 4.246305644560623,
    "decision_tree_1_r2": 0.3914384985160802,
    "random_tree_2_mse": 27.38500451952644,
    "random_tree_2_mae": 4.170987898414397,
    "random_tree_2_r2": 0.35903544984203695,
    "mean_correlation_features_target": 0.00018798146629706025,
    "stdev_correlation_features_target": 0.3213350176811218,
    "min_correlation_features_target": -0.4664185345172882,
    "q1_correlation_features_target": -0.19815731048583984,
    "median_correlation_features_target": 0.06560958921909332,
    "q3_correlation_features_target": 0.17409087717533112,
    "max_correlation_features_target": 0.5837438106536865
}