{
    "nb_instances": 116640,
    "log_nb_instances": 11.666847547242485,
    "nb_features": 9,
    "dataset_dimensionality": 12960.0,
    "log_dataset_dimensionality": 9.469622969906265,
    "dataset_ratio": 7.716049382716049e-05,
    "nb_missing_vals": 0,
    "ratio_features_with_missing_vals": 0.0,
    "ratio_instances_with_missing_vals": 0.0,
    "nb_numeric_features": 1,
    "nb_categorical_features": 8,
    "ratio_numeric_categorical_features": 0.125,
    "ratio_categorical_numeric_features": 8.0,
    "mean__target": 24.69291114807129,
    "stdev__target": 10.348394393920898,
    "min__target": -8.52624225616455,
    "q1__target": 18.911564350128174,
    "median__target": 25.133376121520996,
    "q3__target": 30.0,
    "max__target": 62.008262634277344,
    "mean_mean_numeric_features": 50.8870735168457,
    "stdev_mean_numeric_features": 0.0,
    "min_mean_numeric_features": 50.8870735168457,
    "q1_mean_numeric_features": 50.8870735168457,
    "median_mean_numeric_features": 50.8870735168457,
    "q3_mean_numeric_features": 50.8870735168457,
    "max_mean_numeric_features": 50.8870735168457,
    "mean_stdev_numeric_features": 9.674236297607422,
    "stdev_stdev_numeric_features": 0.0,
    "min_stdev_numeric_features": 9.674236297607422,
    "q1_stdev_numeric_features": 9.674236297607422,
    "median_stdev_numeric_features": 9.674236297607422,
    "q3_stdev_numeric_features": 9.674236297607422,
    "max_stdev_numeric_features": 9.674236297607422,
    "mean_var_numeric_features": 93.59085083007812,
    "stdev_var_numeric_features": 0.0,
    "min_var_numeric_features": 93.59085083007812,
    "q1_var_numeric_features": 93.59085083007812,
    "median_var_numeric_features": 93.59085083007812,
    "q3_var_numeric_features": 93.59085083007812,
    "max_var_numeric_features": 93.59085083007812,
    "mean_min_numeric_features": 22.707212448120117,
    "stdev_min_numeric_features": 0.0,
    "min_min_numeric_features": 22.707212448120117,
    "q1_min_numeric_features": 22.707212448120117,
    "median_min_numeric_features": 22.707212448120117,
    "q3_min_numeric_features": 22.707212448120117,
    "max_min_numeric_features": 22.707212448120117,
    "mean_median_numeric_features": 50.62482833862305,
    "stdev_median_numeric_features": 0.0,
    "min_median_numeric_features": 50.62482833862305,
    "q1_median_numeric_features": 50.62482833862305,
    "median_median_numeric_features": 50.62482833862305,
    "q3_median_numeric_features": 50.62482833862305,
    "max_median_numeric_features": 50.62482833862305,
    "mean_max_numeric_features": 75.94065856933594,
    "stdev_max_numeric_features": 0.0,
    "min_max_numeric_features": 75.94065856933594,
    "q1_max_numeric_features": 75.94065856933594,
    "median_max_numeric_features": 75.94065856933594,
    "q3_max_numeric_features": 75.94065856933594,
    "max_max_numeric_features": 75.94065856933594,
    "pca_1": 1.0,
    "mean_cov_numeric_features": -3.8061020374298096,
    "stdev_cov_numeric_features": 0.0,
    "min_cov_numeric_features": -3.8061020374298096,
    "q1_cov_numeric_features": -3.8061020374298096,
    "median_cov_numeric_features": -3.8061020374298096,
    "q3_cov_numeric_features": -3.8061020374298096,
    "max_cov_numeric_features": -3.8061020374298096,
    "mean_entropy_categorical_features": 0.987090528011322,
    "stdev_entropy_categorical_features": 0.48607391119003296,
    "min_entropy_categorical_features": 0.5519224405288696,
    "median_entropy_categorical_features": 0.7864693403244019,
    "max_entropy_categorical_features": 2.0555953979492188,
    "knn_5_mse": NaN,
    "knn_5_mae": NaN,
    "knn_5_r2": NaN,
    "decision_tree_3_mse": NaN,
    "decision_tree_3_mae": NaN,
    "decision_tree_3_r2": NaN,
    "decision_tree_1_mse": NaN,
    "decision_tree_1_mae": NaN,
    "decision_tree_1_r2": NaN,
    "random_tree_2_mse": NaN,
    "random_tree_2_mae": NaN,
    "random_tree_2_r2": NaN,
    "mean_correlation_features_target": -0.03801796957850456,
    "stdev_correlation_features_target": 0.0,
    "min_correlation_features_target": -0.03801796957850456,
    "q1_correlation_features_target": -0.03801796957850456,
    "median_correlation_features_target": -0.03801796957850456,
    "q3_correlation_features_target": -0.03801796957850456,
    "max_correlation_features_target": -0.03801796957850456
}