{
    "nb_instances": 177147,
    "log_nb_instances": 12.084735175349207,
    "nb_features": 10,
    "dataset_dimensionality": 17714.7,
    "log_dataset_dimensionality": 9.78215008235516,
    "dataset_ratio": 5.645029269476762e-05,
    "nb_missing_vals": 0,
    "ratio_features_with_missing_vals": 0.0,
    "ratio_instances_with_missing_vals": 0.0,
    "nb_numeric_features": 10,
    "nb_categorical_features": 0,
    "ratio_numeric_categorical_features": 0.0,
    "ratio_categorical_numeric_features": 0.0,
    "mean__target": -0.3456822633743286,
    "stdev__target": 4.470639705657959,
    "min__target": -13.844379425048828,
    "q1__target": -3.2647910118103027,
    "median__target": -0.5607399940490723,
    "q3__target": 2.40239155292511,
    "max__target": 15.219289779663086,
    "mean_mean_numeric_features": -0.00880906917154789,
    "stdev_mean_numeric_features": 0.06420730799436569,
    "min_mean_numeric_features": -0.10912970453500748,
    "q1_mean_numeric_features": -0.059577642008662224,
    "median_mean_numeric_features": -0.016153250820934772,
    "q3_mean_numeric_features": 0.044986650347709656,
    "max_mean_numeric_features": 0.09021320939064026,
    "mean_stdev_numeric_features": 0.8366500735282898,
    "stdev_stdev_numeric_features": 0.05650441348552704,
    "min_stdev_numeric_features": 0.7761130332946777,
    "q1_stdev_numeric_features": 0.8130492120981216,
    "median_stdev_numeric_features": 0.8234696984291077,
    "q3_stdev_numeric_features": 0.8377626091241837,
    "max_stdev_numeric_features": 0.9970640540122986,
    "mean_var_numeric_features": 0.7031762003898621,
    "stdev_var_numeric_features": 0.10139598697423935,
    "min_var_numeric_features": 0.6023514270782471,
    "q1_var_numeric_features": 0.6610630750656128,
    "median_var_numeric_features": 0.6781027019023895,
    "q3_var_numeric_features": 0.7018468528985977,
    "max_var_numeric_features": 0.9941366910934448,
    "mean_min_numeric_features": -1.0,
    "stdev_min_numeric_features": 0.0,
    "min_min_numeric_features": -1.0,
    "q1_min_numeric_features": -1.0,
    "median_min_numeric_features": -1.0,
    "q3_min_numeric_features": -1.0,
    "max_min_numeric_features": -1.0,
    "mean_median_numeric_features": 0.10000000149011612,
    "stdev_median_numeric_features": 0.29999998211860657,
    "min_median_numeric_features": 0.0,
    "q1_median_numeric_features": 0.0,
    "median_median_numeric_features": 0.0,
    "q3_median_numeric_features": 0.0,
    "max_median_numeric_features": 1.0,
    "mean_max_numeric_features": 1.0,
    "stdev_max_numeric_features": 0.0,
    "min_max_numeric_features": 1.0,
    "q1_max_numeric_features": 1.0,
    "median_max_numeric_features": 1.0,
    "q3_max_numeric_features": 1.0,
    "max_max_numeric_features": 1.0,
    "pca_1": 0.1654269607345062,
    "pca_2": 0.1012114426602264,
    "pca_3": 0.10086524152222937,
    "mean_cov_numeric_features": 0.17350254952907562,
    "stdev_cov_numeric_features": 1.0820324420928955,
    "min_cov_numeric_features": -2.812979221343994,
    "q1_cov_numeric_features": 0.02243088325485587,
    "median_cov_numeric_features": 0.4669731855392456,
    "q3_cov_numeric_features": 0.6233893781900406,
    "max_cov_numeric_features": 1.4265360832214355,
    "mean_entropy_categorical_features": NaN,
    "stdev_entropy_categorical_features": NaN,
    "min_entropy_categorical_features": NaN,
    "median_entropy_categorical_features": NaN,
    "max_entropy_categorical_features": NaN,
    "knn_5_mse": 9.01326656303845,
    "knn_5_mae": 2.196253656474309,
    "knn_5_r2": 0.5490304820264729,
    "decision_tree_3_mse": 8.844290808352907,
    "decision_tree_3_mae": 2.2011752934699826,
    "decision_tree_3_r2": 0.5574729051532217,
    "decision_tree_1_mse": 12.027460151697488,
    "decision_tree_1_mae": 2.7696361542093157,
    "decision_tree_1_r2": 0.3982099762278141,
    "random_tree_2_mse": 10.736381145020605,
    "random_tree_2_mae": 2.605565700695845,
    "random_tree_2_r2": 0.4628176504067353,
    "mean_correlation_features_target": 0.06328415125608444,
    "stdev_correlation_features_target": 0.26099953055381775,
    "min_correlation_features_target": -0.6310627460479736,
    "q1_correlation_features_target": 0.005950428050709888,
    "median_correlation_features_target": 0.12801603972911835,
    "q3_correlation_features_target": 0.17205297946929932,
    "max_correlation_features_target": 0.41113731265068054
}