{
    "nb_instances": 531441,
    "log_nb_instances": 13.183347464017316,
    "nb_features": 11,
    "dataset_dimensionality": 48312.818181818184,
    "log_dataset_dimensionality": 10.785452191218946,
    "dataset_ratio": 2.0698440654748128e-05,
    "nb_missing_vals": 0,
    "ratio_features_with_missing_vals": 0.0,
    "ratio_instances_with_missing_vals": 0.0,
    "nb_numeric_features": 11,
    "nb_categorical_features": 0,
    "ratio_numeric_categorical_features": 0.0,
    "ratio_categorical_numeric_features": 0.0,
    "mean__target": 5.817667484283447,
    "stdev__target": 0.8740940093994141,
    "min__target": 2.5479960441589355,
    "q1__target": 5.0,
    "median__target": 6.0,
    "q3__target": 6.0,
    "max__target": 8.591155052185059,
    "mean_mean_numeric_features": 16.12407112121582,
    "stdev_mean_numeric_features": 33.2739143371582,
    "min_mean_numeric_features": 0.056257180869579315,
    "q1_mean_numeric_features": 0.4303431361913681,
    "median_mean_numeric_features": 3.2202746868133545,
    "q3_mean_numeric_features": 8.870844602584839,
    "max_mean_numeric_features": 117.8423843383789,
    "mean_stdev_numeric_features": 7.277844429016113,
    "stdev_stdev_numeric_features": 15.690598487854004,
    "min_stdev_numeric_features": 0.002939334139227867,
    "q1_stdev_numeric_features": 0.1452334225177765,
    "median_stdev_numeric_features": 0.16368013620376587,
    "q3_stdev_numeric_features": 3.055899202823639,
    "max_stdev_numeric_features": 54.28329849243164,
    "mean_var_numeric_features": 299.16192626953125,
    "stdev_var_numeric_features": 842.0721435546875,
    "min_var_numeric_features": 8.639685802336317e-06,
    "q1_var_numeric_features": 0.021094828844070435,
    "median_var_numeric_features": 0.02679118700325489,
    "q3_var_numeric_features": 12.424481928348541,
    "max_var_numeric_features": 2946.676513671875,
    "mean_min_numeric_features": -2.679725170135498,
    "stdev_min_numeric_features": 11.573039054870605,
    "min_min_numeric_features": -37.8465690612793,
    "q1_min_numeric_features": -0.3786420077085495,
    "median_min_numeric_features": 0.020356999710202217,
    "q3_min_numeric_features": 1.8596199750900269,
    "max_min_numeric_features": 8.017126083374023,
    "mean_median_numeric_features": 15.8687744140625,
    "stdev_median_numeric_features": 33.77151870727539,
    "min_median_numeric_features": 0.04651299864053726,
    "q1_median_numeric_features": 0.40414199233055115,
    "median_median_numeric_features": 3.2063469886779785,
    "q3_median_numeric_features": 8.64364242553711,
    "max_median_numeric_features": 119.59693908691406,
    "mean_max_numeric_features": 43.89718246459961,
    "stdev_max_numeric_features": 87.04713439941406,
    "min_max_numeric_features": 0.33243998885154724,
    "q1_max_numeric_features": 1.0918054580688477,
    "median_max_numeric_features": 3.873605966567993,
    "q3_max_numeric_features": 22.202333450317383,
    "max_max_numeric_features": 300.09783935546875,
    "pca_1": 0.9268526777848114,
    "pca_2": 0.06534162750523728,
    "pca_3": 0.00688598186343904,
    "mean_cov_numeric_features": -0.2539539635181427,
    "stdev_cov_numeric_features": 0.9223766922950745,
    "min_cov_numeric_features": -3.133928060531616,
    "q1_cov_numeric_features": -0.06100057065486908,
    "median_cov_numeric_features": -0.0008089556358754635,
    "q3_cov_numeric_features": 0.009091542102396488,
    "max_cov_numeric_features": 0.3744087517261505,
    "mean_entropy_categorical_features": NaN,
    "stdev_entropy_categorical_features": NaN,
    "min_entropy_categorical_features": NaN,
    "median_entropy_categorical_features": NaN,
    "max_entropy_categorical_features": NaN,
    "knn_5_mse": 0.7580308502471752,
    "knn_5_mae": 0.6772741712702015,
    "knn_5_r2": 0.007853673507109638,
    "decision_tree_3_mse": 0.6310645592697923,
    "decision_tree_3_mae": 0.6213063773003136,
    "decision_tree_3_r2": 0.17403667270946419,
    "decision_tree_1_mse": 0.6796404502823898,
    "decision_tree_1_mae": 0.663907561253468,
    "decision_tree_1_r2": 0.11045999516217347,
    "random_tree_2_mse": 0.6658462321887012,
    "random_tree_2_mae": 0.6464629186084887,
    "random_tree_2_r2": 0.128523031042577,
    "mean_correlation_features_target": -0.020083153620362282,
    "stdev_correlation_features_target": 0.15382252633571625,
    "min_correlation_features_target": -0.2270183265209198,
    "q1_correlation_features_target": -0.09042616933584213,
    "median_correlation_features_target": -0.04274722561240196,
    "q3_correlation_features_target": 0.043444737792015076,
    "max_correlation_features_target": 0.36231598258018494
}