{
    "nb_instances": 78732,
    "log_nb_instances": 11.273804959132878,
    "nb_features": 10,
    "dataset_dimensionality": 7873.2,
    "log_dataset_dimensionality": 8.971219866138831,
    "dataset_ratio": 0.00012701315856322715,
    "nb_missing_vals": 0,
    "ratio_features_with_missing_vals": 0.0,
    "ratio_instances_with_missing_vals": 0.0,
    "nb_numeric_features": 7,
    "nb_categorical_features": 3,
    "ratio_numeric_categorical_features": 2.3333333333333335,
    "ratio_categorical_numeric_features": 0.42857142857142855,
    "mean__target": -8.832910537719727,
    "stdev__target": 10.392006874084473,
    "min__target": -42.450294494628906,
    "q1__target": -15.837146520614624,
    "median__target": -5.076624631881714,
    "q3__target": -0.1257142499089241,
    "max__target": 3.765446901321411,
    "mean_mean_numeric_features": 195.91207885742188,
    "stdev_mean_numeric_features": 383.8709411621094,
    "min_mean_numeric_features": -12.492755889892578,
    "q1_mean_numeric_features": -7.741225957870483,
    "median_mean_numeric_features": -0.00783096719533205,
    "q3_mean_numeric_features": 149.60496934014373,
    "max_mean_numeric_features": 1100.1575927734375,
    "mean_stdev_numeric_features": 27.376628875732422,
    "stdev_stdev_numeric_features": 40.44835662841797,
    "min_stdev_numeric_features": 0.5794344544410706,
    "q1_stdev_numeric_features": 2.167843282222748,
    "median_stdev_numeric_features": 3.032790422439575,
    "q3_stdev_numeric_features": 34.41235113143921,
    "max_stdev_numeric_features": 114.86378479003906,
    "mean_var_numeric_features": 2385.549072265625,
    "stdev_var_numeric_features": 4560.71240234375,
    "min_var_numeric_features": 0.33574429154396057,
    "q1_var_numeric_features": 5.229268670082092,
    "median_var_numeric_features": 9.197818756103516,
    "q3_var_numeric_features": 1742.5821533203125,
    "max_var_numeric_features": 13193.6884765625,
    "mean_min_numeric_features": 133.43544006347656,
    "stdev_min_numeric_features": 343.7383728027344,
    "min_min_numeric_features": -41.907100677490234,
    "q1_min_numeric_features": -13.22702169418335,
    "median_min_numeric_features": -6.3192009925842285,
    "q3_min_numeric_features": 17.47170341014862,
    "max_min_numeric_features": 973.7850341796875,
    "mean_median_numeric_features": 195.85618591308594,
    "stdev_median_numeric_features": 383.83062744140625,
    "min_median_numeric_features": -12.491689682006836,
    "q1_median_numeric_features": -7.603286981582642,
    "median_median_numeric_features": -0.023754000663757324,
    "q3_median_numeric_features": 149.26553438976407,
    "max_median_numeric_features": 1100.1842041015625,
    "mean_max_numeric_features": 257.9327087402344,
    "stdev_max_numeric_features": 439.5903015136719,
    "min_max_numeric_features": -9.383003234863281,
    "q1_max_numeric_features": 2.753026068210602,
    "median_max_numeric_features": 6.1047282218933105,
    "q3_max_numeric_features": 289.42941331863403,
    "max_max_numeric_features": 1224.4425048828125,
    "pca_1": 0.7900981736105359,
    "pca_2": 0.2017424322704824,
    "pca_3": 0.007172639637455249,
    "mean_cov_numeric_features": 14.00834846496582,
    "stdev_cov_numeric_features": 24.246919631958008,
    "min_cov_numeric_features": -2.0617029666900635,
    "q1_cov_numeric_features": 1.4463946521282196,
    "median_cov_numeric_features": 4.227169513702393,
    "q3_cov_numeric_features": 10.34709095954895,
    "max_cov_numeric_features": 72.30599975585938,
    "mean_entropy_categorical_features": 0.7050967812538147,
    "stdev_entropy_categorical_features": 0.14871573448181152,
    "min_entropy_categorical_features": 0.5916414856910706,
    "median_entropy_categorical_features": 0.6084606051445007,
    "max_entropy_categorical_features": 0.9151883125305176,
    "knn_5_mse": NaN,
    "knn_5_mae": NaN,
    "knn_5_r2": NaN,
    "decision_tree_3_mse": NaN,
    "decision_tree_3_mae": NaN,
    "decision_tree_3_r2": NaN,
    "decision_tree_1_mse": NaN,
    "decision_tree_1_mae": NaN,
    "decision_tree_1_r2": NaN,
    "random_tree_2_mse": NaN,
    "random_tree_2_mae": NaN,
    "random_tree_2_r2": NaN,
    "mean_correlation_features_target": 0.24410898983478546,
    "stdev_correlation_features_target": 0.2261405736207962,
    "min_correlation_features_target": -0.0034180597867816687,
    "q1_correlation_features_target": 0.030214034137316048,
    "median_correlation_features_target": 0.23946259915828705,
    "q3_correlation_features_target": 0.3835003525018692,
    "max_correlation_features_target": 0.6452896595001221
}