{
    "nb_instances": 144,
    "log_nb_instances": 4.969813299576001,
    "nb_features": 76,
    "dataset_dimensionality": 1.894736842105263,
    "log_dataset_dimensionality": 0.6390799592896695,
    "dataset_ratio": 0.5277777777777778,
    "nb_missing_vals": 0,
    "ratio_features_with_missing_vals": 0.0,
    "ratio_instances_with_missing_vals": 0.0,
    "nb_numeric_features": 72,
    "nb_categorical_features": 4,
    "ratio_numeric_categorical_features": 18.0,
    "ratio_categorical_numeric_features": 0.05555555555555555,
    "mean__target": 0.3333333432674408,
    "stdev__target": 0.471404492855072,
    "min__target": 0.0,
    "q1__target": 0.0,
    "median__target": 0.0,
    "q3__target": 1.0,
    "max__target": 1.0,
    "mean_mean_numeric_features": 0.6703234314918518,
    "stdev_mean_numeric_features": 5.250849723815918,
    "min_mean_numeric_features": -0.32171812653541565,
    "q1_mean_numeric_features": -0.060361179523169994,
    "median_mean_numeric_features": -0.03133702091872692,
    "q3_mean_numeric_features": -0.011098407907411456,
    "max_mean_numeric_features": 44.30555725097656,
    "mean_stdev_numeric_features": 0.34254735708236694,
    "stdev_stdev_numeric_features": 0.7436496019363403,
    "min_stdev_numeric_features": 0.12702645361423492,
    "q1_stdev_numeric_features": 0.16564898565411568,
    "median_stdev_numeric_features": 0.19843697547912598,
    "q3_stdev_numeric_features": 0.2678085267543793,
    "max_stdev_numeric_features": 5.339230537414551,
    "mean_var_numeric_features": 0.670353353023529,
    "stdev_var_numeric_features": 3.7958498001098633,
    "min_var_numeric_features": 0.016135718673467636,
    "q1_var_numeric_features": 0.02744076494127512,
    "median_var_numeric_features": 0.03937865234911442,
    "q3_var_numeric_features": 0.0717214085161686,
    "max_var_numeric_features": 28.507381439208984,
    "mean_min_numeric_features": -0.22831733524799347,
    "stdev_min_numeric_features": 3.124483823776245,
    "min_min_numeric_features": -2.0,
    "q1_min_numeric_features": -0.6743210107088089,
    "median_min_numeric_features": -0.5236584842205048,
    "q3_min_numeric_features": -0.43100424110889435,
    "max_min_numeric_features": 26.0,
    "mean_median_numeric_features": 0.6653192639350891,
    "stdev_median_numeric_features": 5.32651424407959,
    "min_median_numeric_features": -0.4010784924030304,
    "q1_median_numeric_features": -0.07712324894964695,
    "median_median_numeric_features": -0.03549700044095516,
    "q3_median_numeric_features": -0.005981250084005296,
    "max_median_numeric_features": 45.0,
    "mean_max_numeric_features": 1.5800652503967285,
    "stdev_max_numeric_features": 6.424851894378662,
    "min_max_numeric_features": 0.3205359876155853,
    "q1_max_numeric_features": 0.4626924991607666,
    "median_max_numeric_features": 0.5588429868221283,
    "q3_max_numeric_features": 0.7158132344484329,
    "max_max_numeric_features": 53.0,
    "pca_1": 0.606320385833184,
    "pca_2": 0.31849100743457653,
    "pca_3": 0.020121835033963892,
    "mean_cov_numeric_features": -0.013019349426031113,
    "stdev_cov_numeric_features": 0.12556202709674835,
    "min_cov_numeric_features": -0.9595880508422852,
    "q1_cov_numeric_features": -0.0028767914045602083,
    "median_cov_numeric_features": 0.006529882317408919,
    "q3_cov_numeric_features": 0.014484938001260161,
    "max_cov_numeric_features": 0.04274015501141548,
    "mean_entropy_categorical_features": 0.7110528945922852,
    "stdev_entropy_categorical_features": 0.23195402324199677,
    "min_entropy_categorical_features": 0.4825775623321533,
    "median_entropy_categorical_features": 0.6350680589675903,
    "max_entropy_categorical_features": 1.091497778892517,
    "knn_5_mse": NaN,
    "knn_5_mae": NaN,
    "knn_5_r2": NaN,
    "decision_tree_3_mse": NaN,
    "decision_tree_3_mae": NaN,
    "decision_tree_3_r2": NaN,
    "decision_tree_1_mse": NaN,
    "decision_tree_1_mae": NaN,
    "decision_tree_1_r2": NaN,
    "random_tree_2_mse": NaN,
    "random_tree_2_mae": NaN,
    "random_tree_2_r2": NaN,
    "mean_correlation_features_target": 0.05488775670528412,
    "stdev_correlation_features_target": 0.1491353064775467,
    "min_correlation_features_target": -0.5067464709281921,
    "q1_correlation_features_target": -0.03243604162707925,
    "median_correlation_features_target": 0.07194621860980988,
    "q3_correlation_features_target": 0.15739444643259048,
    "max_correlation_features_target": 0.3558488190174103
}