{
    "nb_instances": 442,
    "log_nb_instances": 6.091309882077698,
    "nb_features": 23,
    "dataset_dimensionality": 19.217391304347824,
    "log_dataset_dimensionality": 2.955815666148548,
    "dataset_ratio": 0.05203619909502263,
    "nb_missing_vals": 0,
    "ratio_features_with_missing_vals": 0.0,
    "ratio_instances_with_missing_vals": 0.0,
    "nb_numeric_features": 20,
    "nb_categorical_features": 3,
    "ratio_numeric_categorical_features": 6.666666666666667,
    "ratio_categorical_numeric_features": 0.15,
    "mean__target": 4.383691787719727,
    "stdev__target": 4.383691787719727,
    "min__target": 0.0024999999441206455,
    "q1__target": 2.0,
    "median__target": 3.9166667461395264,
    "q3__target": 6.13937520980835,
    "max__target": 17.0,
    "mean_mean_numeric_features": 9.539498329162598,
    "stdev_mean_numeric_features": 9.539498329162598,
    "mean_stdev_numeric_features": 0.9006093144416809,
    "stdev_stdev_numeric_features": 0.9006093144416809,
    "mean_var_numeric_features": 4.703304767608643,
    "stdev_var_numeric_features": 4.703304767608643,
    "mean_min_numeric_features": 7.115011692047119,
    "stdev_min_numeric_features": 7.115011692047119,
    "mean_median_numeric_features": 9.529500961303711,
    "stdev_median_numeric_features": 9.529500961303711,
    "mean_max_numeric_features": 12.245975494384766,
    "stdev_max_numeric_features": 12.245975494384766,
    "mean_skew_numeric_features": 0.6334406137466431,
    "stdev_skew_numeric_features": 0.6334406137466431,
    "mean_kurtosis_numeric_features": 2.259056329727173,
    "stdev_kurtosis_numeric_features": 2.259056329727173,
    "pca_1": 0.9419809175261408,
    "pca_2": 0.014415449203241346,
    "pca_3": 0.00913533572461836,
    "mean_cov_numeric_features": -0.3132694363594055,
    "stdev_cov_numeric_features": -0.3132694363594055,
    "mean_entropy_categorical_features": NaN,
    "stdev_entropy_categorical_features": NaN,
    "decision_tree_1_mse": 7.310069230974508,
    "decision_tree_1_mae": 2.086739715618242,
    "decision_tree_1_r2": 0.19222187563547674,
    "decision_tree_2_mse": 7.7125168994663,
    "decision_tree_2_mae": 2.121097226336771,
    "decision_tree_2_r2": 0.14750000633864735,
    "random_tree_2_mse": 7.462978569768378,
    "random_tree_2_mae": 2.101416783938942,
    "random_tree_2_r2": 0.17464329951025262,
    "mean_correlation_features_target": -0.054364826530218124,
    "stdev_correlation_features_target": -0.054364826530218124,
    "min_correlation_features_target": -0.4504983425140381,
    "max_correlation_features_target": 0.11739124357700348
}