{
    "nb_instances": 8192,
    "log_nb_instances": 9.010913347279288,
    "nb_features": 8,
    "dataset_dimensionality": 1024.0,
    "log_dataset_dimensionality": 6.931471805599453,
    "dataset_ratio": 0.0009765625,
    "nb_missing_vals": 0,
    "ratio_features_with_missing_vals": 0.0,
    "ratio_instances_with_missing_vals": 0.0,
    "nb_numeric_features": 8,
    "nb_categorical_features": 0,
    "ratio_numeric_categorical_features": 0.0,
    "ratio_categorical_numeric_features": 0.0,
    "mean__target": 0.7142835259437561,
    "stdev__target": 0.2635906934738159,
    "min__target": 0.04016537964344025,
    "q1__target": 0.5235836952924728,
    "median__target": 0.708821713924408,
    "q3__target": 0.9013542681932449,
    "max__target": 1.4585206508636475,
    "mean_mean_numeric_features": 0.0024727829732000828,
    "stdev_mean_numeric_features": 0.011215007863938808,
    "min_mean_numeric_features": -0.012944916263222694,
    "q1_mean_numeric_features": -0.007848945097066462,
    "median_mean_numeric_features": 0.00455613766098395,
    "q3_mean_numeric_features": 0.008639455772936344,
    "max_mean_numeric_features": 0.02279197983443737,
    "mean_stdev_numeric_features": 0.9052814245223999,
    "stdev_stdev_numeric_features": 0.004449447616934776,
    "min_stdev_numeric_features": 0.8991856575012207,
    "q1_stdev_numeric_features": 0.9013129770755768,
    "median_stdev_numeric_features": 0.9054822325706482,
    "q3_stdev_numeric_features": 0.9075866192579269,
    "max_stdev_numeric_features": 0.9132426977157593,
    "mean_var_numeric_features": 0.8195542097091675,
    "stdev_var_numeric_features": 0.008062329143285751,
    "min_var_numeric_features": 0.8085348606109619,
    "q1_var_numeric_features": 0.8123651891946793,
    "median_var_numeric_features": 0.819898396730423,
    "q3_var_numeric_features": 0.823715016245842,
    "max_var_numeric_features": 0.8340122699737549,
    "mean_min_numeric_features": -1.5703403949737549,
    "stdev_min_numeric_features": 0.0005665449425578117,
    "min_min_numeric_features": -1.5706812143325806,
    "q1_min_numeric_features": -1.570665568113327,
    "median_min_numeric_features": -1.570627212524414,
    "q3_min_numeric_features": -1.570285052061081,
    "max_min_numeric_features": -1.5689036846160889,
    "mean_median_numeric_features": 0.0025047471281141043,
    "stdev_median_numeric_features": 0.016549432650208473,
    "min_median_numeric_features": -0.015152492560446262,
    "q1_median_numeric_features": -0.0060855072806589305,
    "median_median_numeric_features": -0.00033589766826480627,
    "q3_median_numeric_features": 0.003930552978999913,
    "max_median_numeric_features": 0.04134553298354149,
    "mean_max_numeric_features": 1.5705337524414062,
    "stdev_max_numeric_features": 0.00020423588284756988,
    "min_max_numeric_features": 1.570169448852539,
    "q1_max_numeric_features": 1.5704509317874908,
    "median_max_numeric_features": 1.5705981850624084,
    "q3_max_numeric_features": 1.570676863193512,
    "max_max_numeric_features": 1.5707528591156006,
    "pca_1": 0.13001648229465848,
    "pca_2": 0.12986339862345742,
    "pca_3": 0.12827461083069727,
    "mean_cov_numeric_features": -0.023595480248332024,
    "stdev_cov_numeric_features": 0.048441581428050995,
    "min_cov_numeric_features": -0.12426651269197464,
    "q1_cov_numeric_features": -0.0339457867667079,
    "median_cov_numeric_features": -0.026554799638688564,
    "q3_cov_numeric_features": -0.009688833262771368,
    "max_cov_numeric_features": 0.057223524898290634,
    "mean_entropy_categorical_features": NaN,
    "stdev_entropy_categorical_features": NaN,
    "min_entropy_categorical_features": NaN,
    "median_entropy_categorical_features": NaN,
    "max_entropy_categorical_features": NaN,
    "knn_5_mse": 0.014793741087908945,
    "knn_5_mae": 0.09496301568359376,
    "knn_5_r2": 0.7869446764261702,
    "decision_tree_3_mse": 0.04699886621792414,
    "decision_tree_3_mae": 0.17559244266901897,
    "decision_tree_3_r2": 0.32332201730005034,
    "decision_tree_1_mse": 0.05370811691421389,
    "decision_tree_1_mae": 0.18929250984910545,
    "decision_tree_1_r2": 0.22685790424299623,
    "random_tree_2_mse": 0.052241311649242894,
    "random_tree_2_mae": 0.18699747184055807,
    "random_tree_2_r2": 0.24788972793568237,
    "mean_correlation_features_target": -0.09915152937173843,
    "stdev_correlation_features_target": 0.20352326333522797,
    "min_correlation_features_target": -0.5233427286148071,
    "q1_correlation_features_target": -0.14133772626519203,
    "median_correlation_features_target": -0.11124543100595474,
    "q3_correlation_features_target": -0.040870776399970055,
    "max_correlation_features_target": 0.239370658993721
}