{
    "nb_instances": 8192,
    "log_nb_instances": 9.010913347279288,
    "nb_features": 8,
    "dataset_dimensionality": 1024.0,
    "log_dataset_dimensionality": 6.931471805599453,
    "dataset_ratio": 0.0009765625,
    "nb_missing_vals": 0,
    "ratio_features_with_missing_vals": 0.0,
    "ratio_instances_with_missing_vals": 0.0,
    "nb_numeric_features": 8,
    "nb_categorical_features": 0,
    "ratio_numeric_categorical_features": 0.0,
    "ratio_categorical_numeric_features": 0.0,
    "mean__target": 0.7142835259437561,
    "stdev__target": 0.7142835259437561,
    "min__target": 0.04016537964344025,
    "q1__target": 0.5235836952924728,
    "median__target": 0.708821713924408,
    "q3__target": 0.9013542681932449,
    "max__target": 1.4585206508636475,
    "mean_mean_numeric_features": 0.0024727829732000828,
    "stdev_mean_numeric_features": 0.0024727829732000828,
    "mean_stdev_numeric_features": 0.9052814245223999,
    "stdev_stdev_numeric_features": 0.9052814245223999,
    "mean_var_numeric_features": 0.8195542097091675,
    "stdev_var_numeric_features": 0.8195542097091675,
    "mean_min_numeric_features": -1.5703403949737549,
    "stdev_min_numeric_features": -1.5703403949737549,
    "mean_median_numeric_features": 0.0025047471281141043,
    "stdev_median_numeric_features": 0.0025047471281141043,
    "mean_max_numeric_features": 1.5705337524414062,
    "stdev_max_numeric_features": 1.5705337524414062,
    "mean_skew_numeric_features": -0.0024236980825662613,
    "stdev_skew_numeric_features": -0.0024236980825662613,
    "mean_kurtosis_numeric_features": -1.190842866897583,
    "stdev_kurtosis_numeric_features": -1.190842866897583,
    "pca_1": 0.13001648229465862,
    "pca_2": 0.12986339862345742,
    "pca_3": 0.12827461083069724,
    "mean_cov_numeric_features": -0.023595480248332024,
    "stdev_cov_numeric_features": -0.023595480248332024,
    "mean_entropy_categorical_features": NaN,
    "stdev_entropy_categorical_features": NaN,
    "decision_tree_1_mse": 0.05370206963821833,
    "decision_tree_1_mae": 0.18919539967788138,
    "decision_tree_1_r2": 0.22682171259942366,
    "decision_tree_2_mse": 0.0494358014265693,
    "decision_tree_2_mae": 0.1795980940191666,
    "decision_tree_2_r2": 0.2879949948499142,
    "random_tree_2_mse": 0.05102887312279537,
    "random_tree_2_mae": 0.1834778824584092,
    "random_tree_2_r2": 0.26509455945961236,
    "mean_correlation_features_target": -0.09915152937173843,
    "stdev_correlation_features_target": -0.09915152937173843,
    "min_correlation_features_target": -0.5233427286148071,
    "max_correlation_features_target": 0.239370658993721
}