{
    "nb_instances": 194,
    "log_nb_instances": 5.267858159063328,
    "nb_features": 32,
    "dataset_dimensionality": 6.0625,
    "log_dataset_dimensionality": 1.8021222562636017,
    "dataset_ratio": 0.16494845360824742,
    "nb_missing_vals": 0,
    "ratio_features_with_missing_vals": 0.0,
    "ratio_instances_with_missing_vals": 0.0,
    "nb_numeric_features": 32,
    "nb_categorical_features": 0,
    "ratio_numeric_categorical_features": 0.0,
    "ratio_categorical_numeric_features": 0.0,
    "mean__target": 46.93814468383789,
    "stdev__target": 34.43455505371094,
    "min__target": 1.0,
    "q1__target": 14.25,
    "median__target": 39.5,
    "q3__target": 73.0,
    "max__target": 125.0,
    "mean_mean_numeric_features": 87.5484390258789,
    "stdev_mean_numeric_features": 290.4057312011719,
    "min_mean_numeric_features": 0.004004437942057848,
    "q1_mean_numeric_features": 0.08978459984064102,
    "median_mean_numeric_features": 0.3434089124202728,
    "q3_mean_numeric_features": 18.299484252929688,
    "max_mean_numeric_features": 1401.7567138671875,
    "mean_stdev_numeric_features": 33.359893798828125,
    "stdev_stdev_numeric_features": 116.91949462890625,
    "min_stdev_numeric_features": 0.0019500611815601587,
    "q1_stdev_numeric_features": 0.021272634156048298,
    "median_stdev_numeric_features": 0.11979838460683823,
    "q3_stdev_numeric_features": 4.268082618713379,
    "max_stdev_numeric_features": 587.0407104492188,
    "mean_var_numeric_features": 14783.0517578125,
    "stdev_var_numeric_features": 63079.62890625,
    "min_var_numeric_features": 3.802738547165063e-06,
    "q1_var_numeric_features": 0.00045255417353473604,
    "median_var_numeric_features": 0.016442890046164393,
    "q3_var_numeric_features": 18.218034744262695,
    "max_var_numeric_features": 344616.78125,
    "mean_min_numeric_features": 34.200565338134766,
    "stdev_min_numeric_features": 106.7663803100586,
    "min_min_numeric_features": 0.0,
    "q1_min_numeric_features": 0.02306249924004078,
    "median_min_numeric_features": 0.07843999937176704,
    "q3_min_numeric_features": 10.522500038146973,
    "max_min_numeric_features": 508.1000061035156,
    "mean_median_numeric_features": 82.31167602539062,
    "stdev_median_numeric_features": 271.6017150878906,
    "min_median_numeric_features": 0.0037189999129623175,
    "q1_median_numeric_features": 0.08642374910414219,
    "median_median_numeric_features": 0.330375000834465,
    "q3_median_numeric_features": 18.098750591278076,
    "max_median_numeric_features": 1295.0,
    "mean_max_numeric_features": 221.73724365234375,
    "stdev_max_numeric_features": 768.8563232421875,
    "min_max_numeric_features": 0.012559999711811543,
    "q1_max_numeric_features": 0.18707499653100967,
    "median_max_numeric_features": 0.8608999848365784,
    "q3_max_numeric_features": 29.197499752044678,
    "max_max_numeric_features": 3903.0,
    "pca_1": 0.9645575291276122,
    "pca_2": 0.033345427132235594,
    "pca_3": 0.0018203815657667803,
    "mean_cov_numeric_features": -321.0625,
    "stdev_cov_numeric_features": 1107.553466796875,
    "min_cov_numeric_features": -5011.38720703125,
    "q1_cov_numeric_features": -36.767141342163086,
    "median_cov_numeric_features": -0.13525444269180298,
    "q3_cov_numeric_features": 0.040843237191438675,
    "max_cov_numeric_features": 0.7116562724113464,
    "mean_entropy_categorical_features": NaN,
    "stdev_entropy_categorical_features": NaN,
    "min_entropy_categorical_features": NaN,
    "median_entropy_categorical_features": NaN,
    "max_entropy_categorical_features": NaN,
    "knn_5_mse": 1133.7625637755102,
    "knn_5_mae": 27.628635204081633,
    "knn_5_r2": 0.015411161837430687,
    "decision_tree_3_mse": 1418.4940910771695,
    "decision_tree_3_mae": 31.467682261177966,
    "decision_tree_3_r2": -0.2562839904490843,
    "decision_tree_1_mse": 1210.4423573844765,
    "decision_tree_1_mae": 29.04342329302331,
    "decision_tree_1_r2": -0.02502318024373229,
    "random_tree_2_mse": 1130.2017613196624,
    "random_tree_2_mae": 28.285112380800033,
    "random_tree_2_r2": 0.03135816663319507,
    "mean_correlation_features_target": -0.07111897319555283,
    "stdev_correlation_features_target": 0.19046980142593384,
    "min_correlation_features_target": -0.3410394489765167,
    "q1_correlation_features_target": -0.23701950535178185,
    "median_correlation_features_target": -0.12970855832099915,
    "q3_correlation_features_target": 0.04312365176156163,
    "max_correlation_features_target": 0.28771814703941345
}