{
    "nb_instances": 194,
    "log_nb_instances": 5.267858159063328,
    "nb_features": 32,
    "dataset_dimensionality": 6.0625,
    "log_dataset_dimensionality": 1.8021222562636017,
    "dataset_ratio": 0.16494845360824742,
    "nb_missing_vals": 0,
    "ratio_features_with_missing_vals": 0.0,
    "ratio_instances_with_missing_vals": 0.0,
    "nb_numeric_features": 32,
    "nb_categorical_features": 0,
    "ratio_numeric_categorical_features": 0.0,
    "ratio_categorical_numeric_features": 0.0,
    "mean__target": 46.93814468383789,
    "stdev__target": 46.93814468383789,
    "min__target": 1.0,
    "q1__target": 14.25,
    "median__target": 39.5,
    "q3__target": 73.0,
    "max__target": 125.0,
    "mean_mean_numeric_features": 87.5484390258789,
    "stdev_mean_numeric_features": 87.5484390258789,
    "mean_stdev_numeric_features": 33.359893798828125,
    "stdev_stdev_numeric_features": 33.359893798828125,
    "mean_var_numeric_features": 14783.0517578125,
    "stdev_var_numeric_features": 14783.0517578125,
    "mean_min_numeric_features": 34.200565338134766,
    "stdev_min_numeric_features": 34.200565338134766,
    "mean_median_numeric_features": 82.31167602539062,
    "stdev_median_numeric_features": 82.31167602539062,
    "mean_max_numeric_features": 221.73724365234375,
    "stdev_max_numeric_features": 221.73724365234375,
    "mean_skew_numeric_features": 1.1393897533416748,
    "stdev_skew_numeric_features": 1.1393897533416748,
    "mean_kurtosis_numeric_features": 2.833453416824341,
    "stdev_kurtosis_numeric_features": 2.833453416824341,
    "pca_1": 0.9645575291276122,
    "pca_2": 0.033345427132235594,
    "pca_3": 0.0018203815657667803,
    "mean_cov_numeric_features": -321.0625,
    "stdev_cov_numeric_features": -321.0625,
    "mean_entropy_categorical_features": NaN,
    "stdev_entropy_categorical_features": NaN,
    "decision_tree_1_mse": 1105.3199611929706,
    "decision_tree_1_mae": 28.35954910109086,
    "decision_tree_1_r2": 0.06312004879455912,
    "decision_tree_2_mse": 1306.4272361448463,
    "decision_tree_2_mae": 29.633855681972996,
    "decision_tree_2_r2": -0.11868905673114816,
    "random_tree_2_mse": 1400.1956081099709,
    "random_tree_2_mae": 31.08552552419691,
    "random_tree_2_r2": -0.2116650947226703,
    "mean_correlation_features_target": -0.07111897319555283,
    "stdev_correlation_features_target": -0.07111897319555283,
    "min_correlation_features_target": -0.3410394489765167,
    "max_correlation_features_target": 0.28771814703941345
}