{
    "nb_instances": 303,
    "log_nb_instances": 5.713732805509369,
    "nb_features": 13,
    "dataset_dimensionality": 23.307692307692307,
    "log_dataset_dimensionality": 3.1487834480478325,
    "dataset_ratio": 0.0429042904290429,
    "nb_missing_vals": 6,
    "ratio_features_with_missing_vals": 0.006600660066006601,
    "ratio_instances_with_missing_vals": 0.019801980198019802,
    "nb_numeric_features": 6,
    "nb_categorical_features": 7,
    "ratio_numeric_categorical_features": 0.8571428571428571,
    "ratio_categorical_numeric_features": 1.1666666666666667,
    "mean__target": 0.9372937083244324,
    "stdev__target": 0.9372937083244324,
    "min__target": 0.0,
    "q1__target": 0.0,
    "median__target": 0.0,
    "q3__target": 2.0,
    "max__target": 4.0,
    "mean_mean_numeric_features": 45.4114990234375,
    "stdev_mean_numeric_features": 45.4114990234375,
    "mean_stdev_numeric_features": 8.27730941772461,
    "stdev_stdev_numeric_features": 8.27730941772461,
    "mean_var_numeric_features": 278.57763671875,
    "stdev_var_numeric_features": 278.57763671875,
    "mean_min_numeric_features": 24.538461685180664,
    "stdev_min_numeric_features": 24.538461685180664,
    "mean_median_numeric_features": 45.21538543701172,
    "stdev_median_numeric_features": 45.21538543701172,
    "mean_max_numeric_features": 81.86153411865234,
    "stdev_max_numeric_features": 81.86153411865234,
    "mean_skew_numeric_features": 0.15806855261325836,
    "stdev_skew_numeric_features": 0.15806855261325836,
    "mean_kurtosis_numeric_features": 0.2529884874820709,
    "stdev_kurtosis_numeric_features": 0.2529884874820709,
    "pca_1": 0.7469248364569112,
    "pca_2": 0.1503723105689303,
    "pca_3": 0.08560092430245754,
    "mean_cov_numeric_features": 0.015072816051542759,
    "stdev_cov_numeric_features": 0.015072816051542759,
    "mean_entropy_categorical_features": NaN,
    "stdev_entropy_categorical_features": NaN,
    "decision_tree_1_mse": 1.3292834688771247,
    "decision_tree_1_mae": 0.9054445787565598,
    "decision_tree_1_r2": 0.11610530823973778,
    "decision_tree_2_mse": 1.0847464448128759,
    "decision_tree_2_mae": 0.7611572699515436,
    "decision_tree_2_r2": 0.28223823280162286,
    "random_tree_2_mse": 1.1494784603706356,
    "random_tree_2_mae": 0.7979441134935993,
    "random_tree_2_r2": 0.22924419424682027,
    "mean_correlation_features_target": 0.14507830142974854,
    "stdev_correlation_features_target": 0.14507830142974854,
    "min_correlation_features_target": -0.41337087750434875,
    "max_correlation_features_target": 0.5189092755317688
}