{
    "nb_instances": 303,
    "log_nb_instances": 5.713732805509369,
    "nb_features": 13,
    "dataset_dimensionality": 23.307692307692307,
    "log_dataset_dimensionality": 3.1487834480478325,
    "dataset_ratio": 0.0429042904290429,
    "nb_missing_vals": 6,
    "ratio_features_with_missing_vals": 0.006600660066006601,
    "ratio_instances_with_missing_vals": 0.019801980198019802,
    "nb_numeric_features": 6,
    "nb_categorical_features": 7,
    "ratio_numeric_categorical_features": 0.8571428571428571,
    "ratio_categorical_numeric_features": 1.1666666666666667,
    "mean__target": 0.9372937083244324,
    "stdev__target": 1.2265067100524902,
    "min__target": 0.0,
    "q1__target": 0.0,
    "median__target": 0.0,
    "q3__target": 2.0,
    "max__target": 4.0,
    "mean_mean_numeric_features": 97.48624420166016,
    "stdev_mean_numeric_features": 88.37445068359375,
    "min_mean_numeric_features": 0.6767676472663879,
    "q1_mean_numeric_features": 14.427188575267792,
    "median_mean_numeric_features": 93.11784553527832,
    "q3_mean_numeric_features": 145.1228904724121,
    "max_mean_numeric_features": 247.3501739501953,
    "mean_stdev_numeric_features": 17.30946159362793,
    "stdev_stdev_numeric_features": 17.47386360168457,
    "min_stdev_numeric_features": 0.9389645457267761,
    "q1_stdev_numeric_features": 3.1370261013507843,
    "median_stdev_numeric_features": 13.406270980834961,
    "q3_stdev_numeric_features": 21.646873474121094,
    "max_stdev_numeric_features": 51.997581481933594,
    "mean_var_numeric_features": 604.953369140625,
    "stdev_var_numeric_features": 957.22802734375,
    "min_var_numeric_features": 0.8816543817520142,
    "q1_var_numeric_features": 21.494309902191162,
    "median_var_numeric_features": 198.7075080871582,
    "q3_var_numeric_features": 473.61576080322266,
    "max_var_numeric_features": 2703.74853515625,
    "mean_min_numeric_features": 53.33333206176758,
    "stdev_min_numeric_features": 47.48216247558594,
    "min_min_numeric_features": 0.0,
    "q1_min_numeric_features": 7.25,
    "median_min_numeric_features": 50.0,
    "q3_min_numeric_features": 88.25,
    "max_min_numeric_features": 126.0,
    "mean_median_numeric_features": 97.13333129882812,
    "stdev_median_numeric_features": 87.45030212402344,
    "min_median_numeric_features": 0.0,
    "q1_median_numeric_features": 14.600000008940697,
    "median_median_numeric_features": 93.0,
    "q3_median_numeric_features": 147.25,
    "max_median_numeric_features": 243.0,
    "mean_max_numeric_features": 175.3666534423828,
    "stdev_max_numeric_features": 191.64013671875,
    "min_max_numeric_features": 3.0,
    "q1_max_numeric_features": 23.899999856948853,
    "median_max_numeric_features": 138.5,
    "q3_max_numeric_features": 201.5,
    "max_max_numeric_features": 564.0,
    "pca_1": 0.7475938715997311,
    "pca_2": 0.14992097556856918,
    "pca_3": 0.08593497240792372,
    "mean_cov_numeric_features": -0.05659902095794678,
    "stdev_cov_numeric_features": 5.468199253082275,
    "min_cov_numeric_features": -11.91355037689209,
    "q1_cov_numeric_features": 0.6335926651954651,
    "median_cov_numeric_features": 1.6019632816314697,
    "q3_cov_numeric_features": 3.2457486391067505,
    "max_cov_numeric_features": 4.265549659729004,
    "mean_entropy_categorical_features": 0.7712910771369934,
    "stdev_entropy_categorical_features": 0.2332417219877243,
    "min_entropy_categorical_features": 0.41354861855506897,
    "median_entropy_categorical_features": 0.755195677280426,
    "max_entropy_categorical_features": 1.2044837474822998,
    "knn_5_mse": 1.4360342342342343,
    "knn_5_mae": 0.9013423423423423,
    "knn_5_r2": 0.04443727156631855,
    "decision_tree_3_mse": 1.236379238093185,
    "decision_tree_3_mae": 0.7793338455391705,
    "decision_tree_3_r2": 0.16500313600576685,
    "decision_tree_1_mse": 1.2321155069927463,
    "decision_tree_1_mae": 0.8605949057389111,
    "decision_tree_1_r2": 0.17855831168797445,
    "random_tree_2_mse": 1.0856528702470234,
    "random_tree_2_mae": 0.7431825703384367,
    "random_tree_2_r2": 0.2830660293692704,
    "mean_correlation_features_target": 0.17503750324249268,
    "stdev_correlation_features_target": 0.315025269985199,
    "min_correlation_features_target": -0.4206387996673584,
    "q1_correlation_features_target": 0.08974123187363148,
    "median_correlation_features_target": 0.1908881738781929,
    "q3_correlation_features_target": 0.43163465708494186,
    "max_correlation_features_target": 0.5211784243583679
}