{
    "nb_instances": 159,
    "log_nb_instances": 5.0689042022202315,
    "nb_features": 15,
    "dataset_dimensionality": 10.6,
    "log_dataset_dimensionality": 2.3608540011180215,
    "dataset_ratio": 0.09433962264150944,
    "nb_missing_vals": 0,
    "ratio_features_with_missing_vals": 0.0,
    "ratio_instances_with_missing_vals": 0.0,
    "nb_numeric_features": 14,
    "nb_categorical_features": 1,
    "ratio_numeric_categorical_features": 14.0,
    "ratio_categorical_numeric_features": 0.07142857142857142,
    "mean__target": 11445.7294921875,
    "stdev__target": 11445.7294921875,
    "min__target": 5118.0,
    "q1__target": 7372.0,
    "median__target": 9233.0,
    "q3__target": 14719.5,
    "max__target": 35056.0,
    "mean_mean_numeric_features": 558.6928100585938,
    "stdev_mean_numeric_features": 558.6928100585938,
    "mean_stdev_numeric_features": 72.24234008789062,
    "stdev_stdev_numeric_features": 72.24234008789062,
    "mean_var_numeric_features": 30173.439453125,
    "stdev_var_numeric_features": 30173.439453125,
    "mean_min_numeric_features": 413.0006408691406,
    "stdev_min_numeric_features": 413.0006408691406,
    "mean_median_numeric_features": 554.4893188476562,
    "stdev_median_numeric_features": 554.4893188476562,
    "mean_max_numeric_features": 797.9873657226562,
    "stdev_max_numeric_features": 797.9873657226562,
    "mean_skew_numeric_features": 0.6273958683013916,
    "stdev_skew_numeric_features": 0.6273958683013916,
    "mean_kurtosis_numeric_features": 0.9540921449661255,
    "stdev_kurtosis_numeric_features": 0.9540921449661255,
    "pca_1": 0.6282690454301538,
    "pca_2": 0.36797124158325045,
    "pca_3": 0.002625392735001993,
    "mean_cov_numeric_features": 162038.546875,
    "stdev_cov_numeric_features": 162038.546875,
    "mean_entropy_categorical_features": NaN,
    "stdev_entropy_categorical_features": NaN,
    "decision_tree_1_mse": 13976808.603958832,
    "decision_tree_1_mae": 2457.72855009783,
    "decision_tree_1_r2": 0.5775086687889618,
    "decision_tree_2_mse": 7599730.570051905,
    "decision_tree_2_mae": 1754.1170152227862,
    "decision_tree_2_r2": 0.7916429034723624,
    "random_tree_2_mse": 9741636.312862283,
    "random_tree_2_mae": 2160.407024031194,
    "random_tree_2_r2": 0.6977134629016273,
    "mean_correlation_features_target": 0.29587939381599426,
    "stdev_correlation_features_target": 0.29587939381599426,
    "min_correlation_features_target": -0.7200900912284851,
    "max_correlation_features_target": 0.8936390280723572
}