{
    "nb_instances": 398,
    "log_nb_instances": 5.986452005284438,
    "nb_features": 7,
    "dataset_dimensionality": 56.857142857142854,
    "log_dataset_dimensionality": 4.040541856229124,
    "dataset_ratio": 0.017587939698492462,
    "nb_missing_vals": 6,
    "ratio_features_with_missing_vals": 0.002512562814070352,
    "ratio_instances_with_missing_vals": 0.01507537688442211,
    "nb_numeric_features": 4,
    "nb_categorical_features": 3,
    "ratio_numeric_categorical_features": 1.3333333333333333,
    "ratio_categorical_numeric_features": 0.75,
    "mean__target": 23.514572143554688,
    "stdev__target": 7.806159019470215,
    "min__target": 9.0,
    "q1__target": 17.5,
    "median__target": 23.0,
    "q3__target": 29.0,
    "max__target": 46.599998474121094,
    "mean_mean_numeric_features": 823.001708984375,
    "stdev_mean_numeric_features": 1245.5552978515625,
    "min_mean_numeric_features": 15.541326522827148,
    "q1_mean_numeric_features": 82.23737478256226,
    "median_mean_numeric_features": 149.44068908691406,
    "q3_mean_numeric_features": 890.2050476074219,
    "max_mean_numeric_features": 2977.584228515625,
    "mean_stdev_numeric_features": 248.8241424560547,
    "stdev_stdev_numeric_features": 348.66546630859375,
    "min_stdev_numeric_features": 2.758864164352417,
    "q1_stdev_numeric_features": 29.558087050914764,
    "median_stdev_numeric_features": 71.56758308410645,
    "q3_stdev_numeric_features": 290.83365058898926,
    "max_stdev_numeric_features": 849.402587890625,
    "mean_var_numeric_features": 183481.0625,
    "stdev_var_numeric_features": 310644.9375,
    "min_var_numeric_features": 7.611331462860107,
    "q1_var_numeric_features": 1113.07983481884,
    "median_var_numeric_features": 6215.96826171875,
    "q3_var_numeric_features": 188583.947265625,
    "max_var_numeric_features": 721484.6875,
    "mean_min_numeric_features": 433.75,
    "stdev_min_numeric_features": 681.1785278320312,
    "min_min_numeric_features": 8.0,
    "q1_min_numeric_features": 36.5,
    "median_min_numeric_features": 57.0,
    "q3_min_numeric_features": 454.25,
    "max_min_numeric_features": 1613.0,
    "mean_median_numeric_features": 765.875,
    "stdev_median_numeric_features": 1177.40576171875,
    "min_median_numeric_features": 15.5,
    "q1_median_numeric_features": 74.0,
    "median_median_numeric_features": 122.25,
    "q3_median_numeric_features": 814.125,
    "max_median_numeric_features": 2803.5,
    "mean_max_numeric_features": 1462.449951171875,
    "stdev_max_numeric_features": 2128.67919921875,
    "min_max_numeric_features": 24.799999237060547,
    "q1_max_numeric_features": 178.69999980926514,
    "median_max_numeric_features": 342.5,
    "q3_max_numeric_features": 1626.25,
    "max_max_numeric_features": 5140.0,
    "pca_1": 0.9975794956528407,
    "pca_2": 0.002061292440006499,
    "pca_3": 0.00035525645863144996,
    "mean_cov_numeric_features": -1599.9420166015625,
    "stdev_cov_numeric_features": 2274.31787109375,
    "min_cov_numeric_features": -5517.44091796875,
    "q1_cov_numeric_features": -1872.5491333007812,
    "median_cov_numeric_features": -445.72156524658203,
    "q3_cov_numeric_features": -173.11456537246704,
    "max_cov_numeric_features": 9.115514755249023,
    "mean_entropy_categorical_features": 1.5284942388534546,
    "stdev_entropy_categorical_features": 0.7312285900115967,
    "min_entropy_categorical_features": 0.920442521572113,
    "median_entropy_categorical_features": 1.1081253290176392,
    "max_entropy_categorical_features": 2.556914806365967,
    "knn_5_mse": 18.69116530612245,
    "knn_5_mae": 3.192551020408163,
    "knn_5_r2": 0.6894592172908878,
    "decision_tree_3_mse": 14.231735719948974,
    "decision_tree_3_mae": 2.8014595838008955,
    "decision_tree_3_r2": 0.7638911614454338,
    "decision_tree_1_mse": 28.78198968893483,
    "decision_tree_1_mae": 4.155927356230543,
    "decision_tree_1_r2": 0.5143021317241396,
    "random_tree_2_mse": 20.4815750247764,
    "random_tree_2_mae": 3.449876013171795,
    "random_tree_2_r2": 0.6604748773427642,
    "mean_correlation_features_target": -0.4981173574924469,
    "stdev_correlation_features_target": 0.5323371887207031,
    "min_correlation_features_target": -0.8322442173957825,
    "q1_correlation_features_target": -0.8119062781333923,
    "median_correlation_features_target": -0.7917768657207489,
    "q3_correlation_features_target": -0.47798793762922287,
    "max_correlation_features_target": 0.42332854866981506
}