{
    "nb_instances": 398,
    "log_nb_instances": 5.986452005284438,
    "nb_features": 7,
    "dataset_dimensionality": 56.857142857142854,
    "log_dataset_dimensionality": 4.040541856229124,
    "dataset_ratio": 0.017587939698492462,
    "nb_missing_vals": 6,
    "ratio_features_with_missing_vals": 0.002512562814070352,
    "ratio_instances_with_missing_vals": 0.01507537688442211,
    "nb_numeric_features": 4,
    "nb_categorical_features": 3,
    "ratio_numeric_categorical_features": 1.3333333333333333,
    "ratio_categorical_numeric_features": 0.75,
    "mean__target": 23.514572143554688,
    "stdev__target": 23.514572143554688,
    "min__target": 9.0,
    "q1__target": 17.5,
    "median__target": 23.0,
    "q3__target": 29.0,
    "max__target": 46.599998474121094,
    "mean_mean_numeric_features": 471.3610534667969,
    "stdev_mean_numeric_features": 471.3610534667969,
    "mean_stdev_numeric_features": 142.93109130859375,
    "stdev_stdev_numeric_features": 142.93109130859375,
    "mean_var_numeric_features": 104848.4296875,
    "stdev_var_numeric_features": 104848.4296875,
    "mean_min_numeric_features": 247.85714721679688,
    "stdev_min_numeric_features": 247.85714721679688,
    "mean_median_numeric_features": 438.6428527832031,
    "stdev_median_numeric_features": 438.6428527832031,
    "mean_max_numeric_features": 838.2571411132812,
    "stdev_max_numeric_features": 838.2571411132812,
    "mean_skew_numeric_features": 0.5942689776420593,
    "stdev_skew_numeric_features": 0.5942689776420593,
    "mean_kurtosis_numeric_features": -0.21604789793491364,
    "stdev_kurtosis_numeric_features": -0.21604789793491364,
    "pca_1": 0.9975615796414988,
    "pca_2": 0.002062552792805074,
    "pca_3": 0.0003559466378493076,
    "mean_cov_numeric_features": -911.2410278320312,
    "stdev_cov_numeric_features": -911.2410278320312,
    "mean_entropy_categorical_features": NaN,
    "stdev_entropy_categorical_features": NaN,
    "decision_tree_1_mse": 26.7265464650038,
    "decision_tree_1_mae": 4.021824639978913,
    "decision_tree_1_r2": 0.559340008693225,
    "decision_tree_2_mse": 20.013559311507073,
    "decision_tree_2_mae": 3.2996260827792794,
    "decision_tree_2_r2": 0.6658805571285562,
    "random_tree_2_mse": 26.329237330026924,
    "random_tree_2_mae": 3.849289018224164,
    "random_tree_2_r2": 0.5633620699765296,
    "mean_correlation_features_target": -0.09731746464967728,
    "stdev_correlation_features_target": -0.09731746464967728,
    "min_correlation_features_target": -0.8322442173957825,
    "max_correlation_features_target": 0.5805409550666809
}