{
    "nb_instances": 9517,
    "log_nb_instances": 9.160834952072344,
    "nb_features": 6,
    "dataset_dimensionality": 1586.1666666666667,
    "log_dataset_dimensionality": 7.369075482844289,
    "dataset_ratio": 0.0006304507723021961,
    "nb_missing_vals": 0,
    "ratio_features_with_missing_vals": 0.0,
    "ratio_instances_with_missing_vals": 0.0,
    "nb_numeric_features": 6,
    "nb_categorical_features": 0,
    "ratio_numeric_categorical_features": 0.0,
    "ratio_categorical_numeric_features": 0.0,
    "mean__target": -0.0001334454136667773,
    "stdev__target": -0.0001334454136667773,
    "min__target": -0.014000000432133675,
    "q1__target": -0.0020000000949949026,
    "median__target": 0.0010000000474974513,
    "q3__target": 0.0010000000474974513,
    "max__target": 0.013000000268220901,
    "mean_mean_numeric_features": -2.0988478660583496,
    "stdev_mean_numeric_features": -2.0988478660583496,
    "mean_stdev_numeric_features": 5.102081298828125,
    "stdev_stdev_numeric_features": 5.102081298828125,
    "mean_var_numeric_features": 112.36993408203125,
    "stdev_var_numeric_features": 112.36993408203125,
    "mean_min_numeric_features": -19.31744956970215,
    "stdev_min_numeric_features": -19.31744956970215,
    "mean_median_numeric_features": -1.8163166046142578,
    "stdev_median_numeric_features": -1.8163166046142578,
    "mean_max_numeric_features": 17.647899627685547,
    "stdev_max_numeric_features": 17.647899627685547,
    "mean_skew_numeric_features": -0.015906017273664474,
    "stdev_skew_numeric_features": -0.015906017273664474,
    "mean_kurtosis_numeric_features": 0.5782380104064941,
    "stdev_kurtosis_numeric_features": 0.5782380104064941,
    "pca_1": 0.964265145171799,
    "pca_2": 0.035701986071009904,
    "pca_3": 3.24208995814061e-05,
    "mean_cov_numeric_features": 0.00020282919285818934,
    "stdev_cov_numeric_features": 0.00020282919285818934,
    "mean_entropy_categorical_features": NaN,
    "stdev_entropy_categorical_features": NaN,
    "decision_tree_1_mse": 3.315528761043254e-06,
    "decision_tree_1_mae": 0.0013362721325284887,
    "decision_tree_1_r2": 0.41220774751591605,
    "decision_tree_2_mse": 2.7820562792503134e-06,
    "decision_tree_2_mae": 0.0012428301097055906,
    "decision_tree_2_r2": 0.5063364928619594,
    "random_tree_2_mse": 5.333701167140356e-06,
    "random_tree_2_mae": 0.0019021659769496936,
    "random_tree_2_r2": 0.05297379198813601,
    "mean_correlation_features_target": 0.20579086244106293,
    "stdev_correlation_features_target": 0.20579086244106293,
    "min_correlation_features_target": -0.14152073860168457,
    "max_correlation_features_target": 0.652301549911499
}