{
    "nb_instances": 9517,
    "log_nb_instances": 9.160834952072344,
    "nb_features": 6,
    "dataset_dimensionality": 1586.1666666666667,
    "log_dataset_dimensionality": 7.369075482844289,
    "dataset_ratio": 0.0006304507723021961,
    "nb_missing_vals": 0,
    "ratio_features_with_missing_vals": 0.0,
    "ratio_instances_with_missing_vals": 0.0,
    "nb_numeric_features": 6,
    "nb_categorical_features": 0,
    "ratio_numeric_categorical_features": 0.0,
    "ratio_categorical_numeric_features": 0.0,
    "mean__target": -0.0001334454136667773,
    "stdev__target": 0.002374219009652734,
    "min__target": -0.014000000432133675,
    "q1__target": -0.0020000000949949026,
    "median__target": 0.0010000000474974513,
    "q3__target": 0.0010000000474974513,
    "max__target": 0.013000000268220901,
    "mean_mean_numeric_features": -2.0988478660583496,
    "stdev_mean_numeric_features": 4.565245628356934,
    "min_mean_numeric_features": -12.30429744720459,
    "q1_mean_numeric_features": -0.217508138899575,
    "median_mean_numeric_features": -0.0002926342422142625,
    "q3_mean_numeric_features": -1.5062520105857402e-05,
    "max_mean_numeric_features": 0.0016319218557327986,
    "mean_stdev_numeric_features": 5.102081298828125,
    "stdev_stdev_numeric_features": 9.291862487792969,
    "min_stdev_numeric_features": 0.0052945902571082115,
    "q1_stdev_numeric_features": 0.00853745883796364,
    "median_stdev_numeric_features": 0.09638702217489481,
    "q3_stdev_numeric_features": 3.7282697074115276,
    "max_stdev_numeric_features": 25.496265411376953,
    "mean_var_numeric_features": 112.36993408203125,
    "stdev_var_numeric_features": 240.6233673095703,
    "min_var_numeric_features": 2.8032685804646462e-05,
    "q1_var_numeric_features": 9.103607681026915e-05,
    "median_var_numeric_features": 0.015766034368425608,
    "q3_var_numeric_features": 18.104170356877148,
    "max_var_numeric_features": 650.0595703125,
    "mean_min_numeric_features": -19.31744956970215,
    "stdev_min_numeric_features": 36.48438262939453,
    "min_min_numeric_features": -100.0,
    "q1_min_numeric_features": -11.450000002980232,
    "median_min_numeric_features": -0.4255000054836273,
    "q3_min_numeric_features": -0.03524999925866723,
    "max_min_numeric_features": -0.02370000071823597,
    "mean_median_numeric_features": -1.8163166046142578,
    "stdev_median_numeric_features": 3.6745965480804443,
    "min_median_numeric_features": -10.0,
    "q1_median_numeric_features": -0.6749999821186066,
    "median_median_numeric_features": 0.0,
    "q3_median_numeric_features": 7.499999810534064e-05,
    "max_median_numeric_features": 0.0020000000949949026,
    "mean_max_numeric_features": 17.647899627685547,
    "stdev_max_numeric_features": 32.8121223449707,
    "min_max_numeric_features": 0.018400000408291817,
    "q1_max_numeric_features": 0.027249999344348907,
    "median_max_numeric_features": 0.3744999933987856,
    "q3_max_numeric_features": 11.500000283122063,
    "max_max_numeric_features": 90.0,
    "pca_1": 0.9642651451717993,
    "pca_2": 0.03570198607100994,
    "pca_3": 3.242089958140608e-05,
    "mean_cov_numeric_features": 0.00020282919285818934,
    "stdev_cov_numeric_features": 0.004122565500438213,
    "min_cov_numeric_features": -0.006653684191405773,
    "q1_cov_numeric_features": -3.818750428763451e-06,
    "median_cov_numeric_features": 1.3150973359188356e-06,
    "q3_cov_numeric_features": 0.0001996775723966948,
    "max_cov_numeric_features": 0.007607760839164257,
    "mean_entropy_categorical_features": NaN,
    "stdev_entropy_categorical_features": NaN,
    "min_entropy_categorical_features": NaN,
    "median_entropy_categorical_features": NaN,
    "max_entropy_categorical_features": NaN,
    "knn_5_mse": 2.7378631919350342e-06,
    "knn_5_mae": 0.0012400771191200316,
    "knn_5_r2": 0.5137522295272168,
    "decision_tree_3_mse": 2.4693541105856583e-06,
    "decision_tree_3_mae": 0.001184622032759673,
    "decision_tree_3_r2": 0.5620772218076638,
    "decision_tree_1_mse": 3.311398755120578e-06,
    "decision_tree_1_mae": 0.0013343977290316772,
    "decision_tree_1_r2": 0.4123166921281237,
    "random_tree_2_mse": 3.727955734946758e-06,
    "random_tree_2_mae": 0.0014459697838839723,
    "random_tree_2_r2": 0.33860832195066143,
    "mean_correlation_features_target": 0.20579086244106293,
    "stdev_correlation_features_target": 0.32361647486686707,
    "min_correlation_features_target": -0.14152073860168457,
    "q1_correlation_features_target": -0.06910665240138769,
    "median_correlation_features_target": 0.10066870041191578,
    "q3_correlation_features_target": 0.5114111937582493,
    "max_correlation_features_target": 0.652301549911499
}