{
    "nb_instances": 418,
    "log_nb_instances": 6.035481432524756,
    "nb_features": 18,
    "dataset_dimensionality": 23.22222222222222,
    "log_dataset_dimensionality": 3.1451096746285914,
    "dataset_ratio": 0.0430622009569378,
    "nb_missing_vals": 1239,
    "ratio_features_with_missing_vals": 0.03110047846889952,
    "ratio_instances_with_missing_vals": 0.3397129186602871,
    "nb_numeric_features": 10,
    "nb_categorical_features": 8,
    "ratio_numeric_categorical_features": 1.25,
    "ratio_categorical_numeric_features": 0.8,
    "mean__target": 1917.7823486328125,
    "stdev__target": 1103.350830078125,
    "min__target": 41.0,
    "q1__target": 1092.75,
    "median__target": 1730.0,
    "q3__target": 2613.5,
    "max__target": 4795.0,
    "mean_mean_numeric_features": 304.6895446777344,
    "stdev_mean_numeric_features": 575.174560546875,
    "min_mean_numeric_features": 3.333695650100708,
    "q1_mean_numeric_features": 20.501545190811157,
    "median_mean_numeric_features": 112.44367599487305,
    "q3_mean_numeric_features": 227.57336235046387,
    "max_mean_numeric_features": 1996.611572265625,
    "mean_stdev_numeric_features": 267.02020263671875,
    "stdev_stdev_numeric_features": 619.7943115234375,
    "min_stdev_numeric_features": 0.4047885835170746,
    "q1_stdev_numeric_features": 6.081575512886047,
    "median_stdev_numeric_features": 61.000356674194336,
    "q3_stdev_numeric_features": 91.91383171081543,
    "max_stdev_numeric_features": 2115.477783203125,
    "mean_var_numeric_features": 455444.8125,
    "stdev_var_numeric_features": 1340027.5,
    "min_var_numeric_features": 0.16385379433631897,
    "q1_var_numeric_features": 43.56121587753296,
    "median_var_numeric_features": 3739.3653564453125,
    "q3_var_numeric_features": 8452.581176757812,
    "max_var_numeric_features": 4475246.5,
    "mean_min_numeric_features": 57.39179229736328,
    "stdev_min_numeric_features": 84.565185546875,
    "min_min_numeric_features": 0.30000001192092896,
    "q1_min_numeric_features": 5.25,
    "median_min_numeric_features": 27.32894992828369,
    "q3_min_numeric_features": 54.75,
    "max_min_numeric_features": 289.0,
    "mean_median_numeric_features": 220.83798217773438,
    "stdev_median_numeric_features": 366.0328369140625,
    "min_median_numeric_features": 1.399999976158142,
    "q1_median_numeric_features": 20.377450466156006,
    "median_median_numeric_features": 91.0,
    "q3_median_numeric_features": 221.90625,
    "max_median_numeric_features": 1277.5,
    "mean_max_numeric_features": 1797.158935546875,
    "stdev_max_numeric_features": 4052.84619140625,
    "min_max_numeric_features": 4.400000095367432,
    "q1_max_numeric_features": 40.60984992980957,
    "median_max_numeric_features": 510.125,
    "q3_max_numeric_features": 595.5,
    "max_max_numeric_features": 13862.400390625,
    "pca_1": 0.9830447980638567,
    "pca_2": 0.012053594079323158,
    "pca_3": 0.0020451141772500005,
    "mean_cov_numeric_features": 16326.9716796875,
    "stdev_cov_numeric_features": 78000.5859375,
    "min_cov_numeric_features": -35711.44921875,
    "q1_cov_numeric_features": -12015.774658203125,
    "median_cov_numeric_features": -1939.3037109375,
    "q3_cov_numeric_features": 99.71162796020508,
    "max_cov_numeric_features": 245776.03125,
    "mean_entropy_categorical_features": 0.6267508268356323,
    "stdev_entropy_categorical_features": 0.2633124589920044,
    "min_entropy_categorical_features": 0.2506295144557953,
    "median_entropy_categorical_features": 0.6379525661468506,
    "max_entropy_categorical_features": 1.1993097066879272,
    "knn_5_mse": 1284401.9471014494,
    "knn_5_mae": 904.609420289855,
    "knn_5_r2": -0.05636612903692434,
    "decision_tree_3_mse": 1117142.7724142154,
    "decision_tree_3_mae": 809.9192730506562,
    "decision_tree_3_r2": 0.07075172340000827,
    "decision_tree_1_mse": 997092.6137616786,
    "decision_tree_1_mae": 809.4922498373022,
    "decision_tree_1_r2": 0.1724926769243815,
    "random_tree_2_mse": 1095912.3125763175,
    "random_tree_2_mae": 843.6144601817336,
    "random_tree_2_r2": 0.09747313112259287,
    "mean_correlation_features_target": -0.08894746005535126,
    "stdev_correlation_features_target": 0.23524105548858643,
    "min_correlation_features_target": -0.43025240302085876,
    "q1_correlation_features_target": -0.184259332716465,
    "median_correlation_features_target": -0.13997836410999298,
    "q3_correlation_features_target": 0.046230340376496315,
    "max_correlation_features_target": 0.40187764167785645
}