{
    "nb_instances": 418,
    "log_nb_instances": 6.035481432524756,
    "nb_features": 18,
    "dataset_dimensionality": 23.22222222222222,
    "log_dataset_dimensionality": 3.1451096746285914,
    "dataset_ratio": 0.0430622009569378,
    "nb_missing_vals": 1239,
    "ratio_features_with_missing_vals": 0.03110047846889952,
    "ratio_instances_with_missing_vals": 0.3397129186602871,
    "nb_numeric_features": 10,
    "nb_categorical_features": 8,
    "ratio_numeric_categorical_features": 1.25,
    "ratio_categorical_numeric_features": 0.8,
    "mean__target": 1917.7823486328125,
    "stdev__target": 1917.7823486328125,
    "min__target": 41.0,
    "q1__target": 1092.75,
    "median__target": 1730.0,
    "q3__target": 2613.5,
    "max__target": 4795.0,
    "mean_mean_numeric_features": 169.5688934326172,
    "stdev_mean_numeric_features": 169.5688934326172,
    "mean_stdev_numeric_features": 148.55421447753906,
    "stdev_stdev_numeric_features": 148.55421447753906,
    "mean_var_numeric_features": 253025.0,
    "stdev_var_numeric_features": 253025.0,
    "mean_min_numeric_features": 31.884328842163086,
    "stdev_min_numeric_features": 31.884328842163086,
    "mean_median_numeric_features": 123.02110290527344,
    "stdev_median_numeric_features": 123.02110290527344,
    "mean_max_numeric_features": 999.0327758789062,
    "stdev_max_numeric_features": 999.0327758789062,
    "mean_skew_numeric_features": 0.8686145544052124,
    "stdev_skew_numeric_features": 0.8686145544052124,
    "mean_kurtosis_numeric_features": 4.0569329261779785,
    "stdev_kurtosis_numeric_features": 4.0569329261779785,
    "pca_1": 0.983044371100711,
    "pca_2": 0.012053590750792776,
    "pca_3": 0.0020451498842090775,
    "mean_cov_numeric_features": 9123.56640625,
    "stdev_cov_numeric_features": 9123.56640625,
    "mean_entropy_categorical_features": NaN,
    "stdev_entropy_categorical_features": NaN,
    "decision_tree_1_mse": 979684.1451352874,
    "decision_tree_1_mae": 793.5873290860249,
    "decision_tree_1_r2": 0.19363072993060526,
    "decision_tree_2_mse": 986610.3428351198,
    "decision_tree_2_mae": 793.1061215287057,
    "decision_tree_2_r2": 0.19832861700978738,
    "random_tree_2_mse": 1177656.1635088944,
    "random_tree_2_mae": 883.4337619509517,
    "random_tree_2_r2": 0.024258542001554695,
    "mean_correlation_features_target": 0.04308187961578369,
    "stdev_correlation_features_target": 0.04308187961578369,
    "min_correlation_features_target": -0.43025240302085876,
    "max_correlation_features_target": 0.40187764167785645
}