{
    "nb_instances": 15000,
    "log_nb_instances": 9.615805480084347,
    "nb_features": 48,
    "dataset_dimensionality": 312.5,
    "log_dataset_dimensionality": 5.744604469176457,
    "dataset_ratio": 0.0032,
    "nb_missing_vals": 0,
    "ratio_features_with_missing_vals": 0.0,
    "ratio_instances_with_missing_vals": 0.0,
    "nb_numeric_features": 48,
    "nb_categorical_features": 0,
    "ratio_numeric_categorical_features": 0.0,
    "ratio_categorical_numeric_features": 0.0,
    "mean__target": 28.94533348083496,
    "stdev__target": 28.94533348083496,
    "min__target": 0.0,
    "q1__target": 0.0,
    "median__target": 0.0,
    "q3__target": 70.0,
    "max__target": 100.0,
    "mean_mean_numeric_features": 19.432525634765625,
    "stdev_mean_numeric_features": 19.432525634765625,
    "mean_stdev_numeric_features": 6.5202317237854,
    "stdev_stdev_numeric_features": 6.5202317237854,
    "mean_var_numeric_features": 110.57965087890625,
    "stdev_var_numeric_features": 110.57965087890625,
    "mean_min_numeric_features": 15.4375,
    "stdev_min_numeric_features": 15.4375,
    "mean_median_numeric_features": 16.97916603088379,
    "stdev_median_numeric_features": 16.97916603088379,
    "mean_max_numeric_features": 73.52083587646484,
    "stdev_max_numeric_features": 73.52083587646484,
    "mean_skew_numeric_features": 2.589191198348999,
    "stdev_skew_numeric_features": 2.589191198348999,
    "mean_kurtosis_numeric_features": 18.89735984802246,
    "stdev_kurtosis_numeric_features": 18.89735984802246,
    "pca_1": 0.3190492965346047,
    "pca_2": 0.12117765704318882,
    "pca_3": 0.09931932910594185,
    "mean_cov_numeric_features": -36.135475158691406,
    "stdev_cov_numeric_features": -36.135475158691406,
    "mean_entropy_categorical_features": NaN,
    "stdev_entropy_categorical_features": NaN,
    "decision_tree_1_mse": 1432.908146237074,
    "decision_tree_1_mae": 31.64213911858118,
    "decision_tree_1_r2": 0.17673018009711644,
    "decision_tree_2_mse": 820.2502760734317,
    "decision_tree_2_mae": 19.631826009351112,
    "decision_tree_2_r2": 0.528577362608997,
    "random_tree_2_mse": 1392.2059494815112,
    "random_tree_2_mae": 29.84923323788002,
    "random_tree_2_r2": 0.19989206388678812,
    "mean_correlation_features_target": -0.12209963798522949,
    "stdev_correlation_features_target": -0.12209963798522949,
    "min_correlation_features_target": -0.3917977809906006,
    "max_correlation_features_target": 0.016520630568265915
}