{
    "nb_instances": 189,
    "log_nb_instances": 5.241747015059643,
    "nb_features": 9,
    "dataset_dimensionality": 21.0,
    "log_dataset_dimensionality": 3.044522437723423,
    "dataset_ratio": 0.047619047619047616,
    "nb_missing_vals": 0,
    "ratio_features_with_missing_vals": 0.0,
    "ratio_instances_with_missing_vals": 0.0,
    "nb_numeric_features": 2,
    "nb_categorical_features": 7,
    "ratio_numeric_categorical_features": 0.2857142857142857,
    "ratio_categorical_numeric_features": 3.5,
    "mean__target": 2944.656005859375,
    "stdev__target": 727.0912475585938,
    "min__target": 709.0,
    "q1__target": 2414.0,
    "median__target": 2977.0,
    "q3__target": 3475.0,
    "max__target": 4990.0,
    "mean_mean_numeric_features": 76.52645874023438,
    "stdev_mean_numeric_features": 53.28836441040039,
    "min_mean_numeric_features": 23.238094329833984,
    "q1_mean_numeric_features": 49.88227558135986,
    "median_mean_numeric_features": 76.52645683288574,
    "q3_mean_numeric_features": 103.17063808441162,
    "max_mean_numeric_features": 129.8148193359375,
    "mean_stdev_numeric_features": 17.939029693603516,
    "stdev_stdev_numeric_features": 12.640351295471191,
    "min_stdev_numeric_features": 5.298677921295166,
    "q1_stdev_numeric_features": 11.618853449821472,
    "median_stdev_numeric_features": 17.93902897834778,
    "q3_stdev_numeric_features": 24.259204506874084,
    "max_stdev_numeric_features": 30.57938003540039,
    "mean_var_numeric_features": 481.5872497558594,
    "stdev_var_numeric_features": 453.5112609863281,
    "min_var_numeric_features": 28.07598876953125,
    "q1_var_numeric_features": 254.8316192626953,
    "median_var_numeric_features": 481.5872497558594,
    "q3_var_numeric_features": 708.3428802490234,
    "max_var_numeric_features": 935.0985107421875,
    "mean_min_numeric_features": 47.0,
    "stdev_min_numeric_features": 33.0,
    "min_min_numeric_features": 14.0,
    "q1_min_numeric_features": 30.5,
    "median_min_numeric_features": 47.0,
    "q3_min_numeric_features": 63.5,
    "max_min_numeric_features": 80.0,
    "mean_median_numeric_features": 72.0,
    "stdev_median_numeric_features": 49.0,
    "min_median_numeric_features": 23.0,
    "q1_median_numeric_features": 47.5,
    "median_median_numeric_features": 72.0,
    "q3_median_numeric_features": 96.5,
    "max_median_numeric_features": 121.0,
    "mean_max_numeric_features": 147.5,
    "stdev_max_numeric_features": 102.5,
    "min_max_numeric_features": 45.0,
    "q1_max_numeric_features": 96.25,
    "median_max_numeric_features": 147.5,
    "q3_max_numeric_features": 198.75,
    "max_max_numeric_features": 250.0,
    "pca_1": 0.9718240306292523,
    "pca_2": 0.02817596937074764,
    "mean_cov_numeric_features": 2244.46923828125,
    "stdev_cov_numeric_features": 1897.3284912109375,
    "min_cov_numeric_features": 347.1408386230469,
    "q1_cov_numeric_features": 1295.8050918579102,
    "median_cov_numeric_features": 2244.4693450927734,
    "q3_cov_numeric_features": 3193.1335983276367,
    "max_cov_numeric_features": 4141.7978515625,
    "mean_entropy_categorical_features": 0.6669303774833679,
    "stdev_entropy_categorical_features": 0.30683085322380066,
    "min_entropy_categorical_features": 0.23646986484527588,
    "median_entropy_categorical_features": 0.6208254098892212,
    "max_entropy_categorical_features": 1.206421971321106,
    "knn_5_mse": 613573.2074335106,
    "knn_5_mae": 603.3411569148936,
    "knn_5_r2": -0.21449648032340385,
    "decision_tree_3_mse": 208349.29627756774,
    "decision_tree_3_mae": 356.65706734300136,
    "decision_tree_3_r2": 0.5992177355361938,
    "decision_tree_1_mse": 216059.2331732852,
    "decision_tree_1_mae": 377.37338190602986,
    "decision_tree_1_r2": 0.5454885118868646,
    "random_tree_2_mse": 224613.98275170432,
    "random_tree_2_mae": 381.12967321400606,
    "random_tree_2_r2": 0.5510084830668561,
    "mean_correlation_features_target": 0.1378275454044342,
    "stdev_correlation_features_target": 0.04796115681529045,
    "min_correlation_features_target": 0.08986639231443405,
    "q1_correlation_features_target": 0.11384697072207928,
    "median_correlation_features_target": 0.1378275491297245,
    "q3_correlation_features_target": 0.16180812753736973,
    "max_correlation_features_target": 0.18578870594501495
}