{
    "nb_instances": 303,
    "log_nb_instances": 5.713732805509369,
    "nb_features": 13,
    "dataset_dimensionality": 23.307692307692307,
    "log_dataset_dimensionality": 3.1487834480478325,
    "dataset_ratio": 0.0429042904290429,
    "nb_missing_vals": 6,
    "ratio_features_with_missing_vals": 0.006600660066006601,
    "ratio_instances_with_missing_vals": 0.019801980198019802,
    "nb_numeric_features": 6,
    "nb_categorical_features": 7,
    "ratio_numeric_categorical_features": 0.8571428571428571,
    "ratio_categorical_numeric_features": 1.1666666666666667,
    "mean__target": 246.6930694580078,
    "stdev__target": 246.6930694580078,
    "min__target": 126.0,
    "q1__target": 211.0,
    "median__target": 241.0,
    "q3__target": 275.0,
    "max__target": 564.0,
    "mean_mean_numeric_features": 26.476593017578125,
    "stdev_mean_numeric_features": 26.476593017578125,
    "mean_stdev_numeric_features": 4.378721714019775,
    "stdev_stdev_numeric_features": 4.378721714019775,
    "mean_var_numeric_features": 71.37579345703125,
    "stdev_var_numeric_features": 71.37579345703125,
    "mean_min_numeric_features": 14.84615421295166,
    "stdev_min_numeric_features": 14.84615421295166,
    "mean_median_numeric_features": 26.599998474121094,
    "stdev_median_numeric_features": 26.599998474121094,
    "mean_max_numeric_features": 38.78461456298828,
    "stdev_max_numeric_features": 38.78461456298828,
    "mean_skew_numeric_features": 0.15153689682483673,
    "stdev_skew_numeric_features": 0.15153689682483673,
    "mean_kurtosis_numeric_features": -0.10415654629468918,
    "stdev_kurtosis_numeric_features": -0.10415654629468918,
    "pca_1": 0.5876202194983097,
    "pca_2": 0.3420468955375899,
    "pca_3": 0.06464069740500954,
    "mean_cov_numeric_features": 17.436662673950195,
    "stdev_cov_numeric_features": 17.436662673950195,
    "mean_entropy_categorical_features": NaN,
    "stdev_entropy_categorical_features": NaN,
    "decision_tree_1_mse": 2756.6411172823764,
    "decision_tree_1_mae": 40.73274105916603,
    "decision_tree_1_r2": -0.035848393135436335,
    "decision_tree_2_mse": 2654.843315096519,
    "decision_tree_2_mae": 39.724256452598496,
    "decision_tree_2_r2": 0.005886471856397374,
    "random_tree_2_mse": 2698.796641738776,
    "random_tree_2_mae": 39.08549059373723,
    "random_tree_2_r2": -0.01754118788081188,
    "mean_correlation_features_target": 0.02672668546438217,
    "stdev_correlation_features_target": 0.02672668546438217,
    "min_correlation_features_target": -0.1959073543548584,
    "max_correlation_features_target": 0.20337660610675812
}