{
    "nb_instances": 186,
    "log_nb_instances": 5.225746673713202,
    "nb_features": 60,
    "dataset_dimensionality": 3.1,
    "log_dataset_dimensionality": 1.1314021114911006,
    "dataset_ratio": 0.3225806451612903,
    "nb_missing_vals": 0,
    "ratio_features_with_missing_vals": 0.0,
    "ratio_instances_with_missing_vals": 0.0,
    "nb_numeric_features": 60,
    "nb_categorical_features": 0,
    "ratio_numeric_categorical_features": 0.0,
    "ratio_categorical_numeric_features": 0.0,
    "mean__target": 0.6518709063529968,
    "stdev__target": 0.15729808807373047,
    "min__target": 0.10000000149011612,
    "q1__target": 0.596750020980835,
    "median__target": 0.6869999766349792,
    "q3__target": 0.7649999856948853,
    "max__target": 0.8999999761581421,
    "mean_mean_numeric_features": 0.20417563617229462,
    "stdev_mean_numeric_features": 0.10128572583198547,
    "min_mean_numeric_features": 0.0,
    "q1_mean_numeric_features": 0.12150537967681885,
    "median_mean_numeric_features": 0.17309946566820145,
    "q3_mean_numeric_features": 0.27874328941106796,
    "max_mean_numeric_features": 0.4215053617954254,
    "mean_stdev_numeric_features": 0.17984738945960999,
    "stdev_stdev_numeric_features": 0.07824201136827469,
    "min_stdev_numeric_features": 0.0,
    "q1_stdev_numeric_features": 0.1297394186258316,
    "median_stdev_numeric_features": 0.1744653284549713,
    "q3_stdev_numeric_features": 0.2264140099287033,
    "max_stdev_numeric_features": 0.37658894062042236,
    "mean_var_numeric_features": 0.038466889411211014,
    "stdev_var_numeric_features": 0.0317460261285305,
    "min_var_numeric_features": 0.0,
    "q1_var_numeric_features": 0.016832316294312477,
    "median_var_numeric_features": 0.03049477469176054,
    "q3_var_numeric_features": 0.051269980147480965,
    "max_var_numeric_features": 0.14181923866271973,
    "mean_min_numeric_features": 0.09666667133569717,
    "stdev_min_numeric_features": 0.017950547859072685,
    "min_min_numeric_features": 0.0,
    "q1_min_numeric_features": 0.10000000149011612,
    "median_min_numeric_features": 0.10000000149011612,
    "q3_min_numeric_features": 0.10000000149011612,
    "max_min_numeric_features": 0.10000000149011612,
    "mean_median_numeric_features": 0.1441500335931778,
    "stdev_median_numeric_features": 0.11524363607168198,
    "min_median_numeric_features": 0.0,
    "q1_median_numeric_features": 0.10000000149011612,
    "median_median_numeric_features": 0.10000000149011612,
    "q3_median_numeric_features": 0.10000000149011612,
    "max_median_numeric_features": 0.5,
    "mean_max_numeric_features": 0.8700001239776611,
    "stdev_max_numeric_features": 0.1615549474954605,
    "min_max_numeric_features": 0.0,
    "q1_max_numeric_features": 0.8999999761581421,
    "median_max_numeric_features": 0.8999999761581421,
    "q3_max_numeric_features": 0.8999999761581421,
    "max_max_numeric_features": 0.8999999761581421,
    "pca_1": 0.33425903032899584,
    "pca_2": 0.1607184796294479,
    "pca_3": 0.10386476049117306,
    "mean_cov_numeric_features": 0.001862064702436328,
    "stdev_cov_numeric_features": 0.003438037820160389,
    "min_cov_numeric_features": -0.008400767110288143,
    "q1_cov_numeric_features": 0.00032055797055363655,
    "median_cov_numeric_features": 0.0016763382591307163,
    "q3_cov_numeric_features": 0.003457462997175753,
    "max_cov_numeric_features": 0.014131531119346619,
    "mean_entropy_categorical_features": NaN,
    "stdev_entropy_categorical_features": NaN,
    "min_entropy_categorical_features": NaN,
    "median_entropy_categorical_features": NaN,
    "max_entropy_categorical_features": NaN,
    "knn_5_mse": 0.022310333404255322,
    "knn_5_mae": 0.10656827012025903,
    "knn_5_r2": 0.10474659012922843,
    "decision_tree_3_mse": 0.022141099799981703,
    "decision_tree_3_mae": 0.10816646710381472,
    "decision_tree_3_r2": 0.03759863294013949,
    "decision_tree_1_mse": 0.025662477176217974,
    "decision_tree_1_mae": 0.12095637046892616,
    "decision_tree_1_r2": -0.06741333890116563,
    "random_tree_2_mse": 0.027897859677602187,
    "random_tree_2_mae": 0.12007064016347155,
    "random_tree_2_r2": -0.13756951135019732,
    "mean_correlation_features_target": 0.06722656637430191,
    "stdev_correlation_features_target": 0.10692571848630905,
    "min_correlation_features_target": -0.26989129185676575,
    "q1_correlation_features_target": 0.015945166582241654,
    "median_correlation_features_target": 0.06168233975768089,
    "q3_correlation_features_target": 0.14934289082884789,
    "max_correlation_features_target": 0.27982762455940247
}