{
    "nb_instances": 159,
    "log_nb_instances": 5.0689042022202315,
    "nb_features": 15,
    "dataset_dimensionality": 10.6,
    "log_dataset_dimensionality": 2.3608540011180215,
    "dataset_ratio": 0.09433962264150944,
    "nb_missing_vals": 0,
    "ratio_features_with_missing_vals": 0.0,
    "ratio_instances_with_missing_vals": 0.0,
    "nb_numeric_features": 15,
    "nb_categorical_features": 0,
    "ratio_numeric_categorical_features": 0.0,
    "ratio_categorical_numeric_features": 0.0,
    "mean__target": 11445.7294921875,
    "stdev__target": 11445.7294921875,
    "min__target": 5118.0,
    "q1__target": 7372.0,
    "median__target": 9233.0,
    "q3__target": 14719.5,
    "max__target": 35056.0,
    "mean_mean_numeric_features": 558.4928588867188,
    "stdev_mean_numeric_features": 558.4928588867188,
    "mean_stdev_numeric_features": 72.24234008789062,
    "stdev_stdev_numeric_features": 72.24234008789062,
    "mean_var_numeric_features": 30173.439453125,
    "stdev_var_numeric_features": 30173.439453125,
    "mean_min_numeric_features": 412.8006591796875,
    "stdev_min_numeric_features": 412.8006591796875,
    "mean_median_numeric_features": 554.289306640625,
    "stdev_median_numeric_features": 554.289306640625,
    "mean_max_numeric_features": 797.787353515625,
    "stdev_max_numeric_features": 797.787353515625,
    "mean_skew_numeric_features": 0.6273958683013916,
    "stdev_skew_numeric_features": 0.6273958683013916,
    "mean_kurtosis_numeric_features": 0.9540921449661255,
    "stdev_kurtosis_numeric_features": 0.9540921449661255,
    "pca_1": 0.6282690454301543,
    "pca_2": 0.3679712415832501,
    "pca_3": 0.0026253927350019875,
    "mean_cov_numeric_features": 162038.546875,
    "stdev_cov_numeric_features": 162038.546875,
    "mean_entropy_categorical_features": NaN,
    "stdev_entropy_categorical_features": NaN,
    "decision_tree_1_mse": 14365262.963616716,
    "decision_tree_1_mae": 2499.1436624973876,
    "decision_tree_1_r2": 0.5688374830819831,
    "decision_tree_2_mse": 6608768.517708446,
    "decision_tree_2_mae": 1728.640598849755,
    "decision_tree_2_r2": 0.8120734787233972,
    "random_tree_2_mse": 11563135.867428621,
    "random_tree_2_mae": 2386.371734898822,
    "random_tree_2_r2": 0.6119073061644548,
    "mean_correlation_features_target": 0.29587939381599426,
    "stdev_correlation_features_target": 0.29587939381599426,
    "min_correlation_features_target": -0.7200900912284851,
    "max_correlation_features_target": 0.8936390280723572
}