{
    "nb_instances": 2178,
    "log_nb_instances": 7.686162303492906,
    "nb_features": 3,
    "dataset_dimensionality": 726.0,
    "log_dataset_dimensionality": 6.587550014824796,
    "dataset_ratio": 0.0013774104683195593,
    "nb_missing_vals": 0,
    "ratio_features_with_missing_vals": 0.0,
    "ratio_instances_with_missing_vals": 0.0,
    "nb_numeric_features": 3,
    "nb_categorical_features": 0,
    "ratio_numeric_categorical_features": 0.0,
    "ratio_categorical_numeric_features": 0.0,
    "mean__target": 5.977181434631348,
    "stdev__target": 0.18938282132148743,
    "min__target": 5.800000190734863,
    "q1__target": 5.800000190734863,
    "median__target": 5.900000095367432,
    "q3__target": 6.099999904632568,
    "max__target": 6.900000095367432,
    "mean_mean_numeric_features": 45.7455940246582,
    "stdev_mean_numeric_features": 27.871475219726562,
    "min_mean_numeric_features": 7.961997032165527,
    "q1_mean_numeric_features": 31.438415050506592,
    "median_mean_numeric_features": 54.914833068847656,
    "q3_mean_numeric_features": 64.63739776611328,
    "max_mean_numeric_features": 74.3599624633789,
    "mean_stdev_numeric_features": 88.6296615600586,
    "stdev_stdev_numeric_features": 41.08340072631836,
    "min_stdev_numeric_features": 30.545581817626953,
    "q1_stdev_numeric_features": 73.50668907165527,
    "median_stdev_numeric_features": 116.4677963256836,
    "q3_stdev_numeric_features": 117.67168807983398,
    "max_stdev_numeric_features": 118.87557983398438,
    "mean_var_numeric_features": 9543.0615234375,
    "stdev_var_numeric_features": 6092.603515625,
    "min_var_numeric_features": 933.0326538085938,
    "q1_var_numeric_features": 7248.890350341797,
    "median_var_numeric_features": 13564.748046875,
    "q3_var_numeric_features": 13848.07568359375,
    "max_var_numeric_features": 14131.4033203125,
    "mean_min_numeric_features": -82.1500015258789,
    "stdev_min_numeric_features": 74.29817199707031,
    "min_min_numeric_features": -179.9600067138672,
    "q1_min_numeric_features": -123.22500228881836,
    "median_min_numeric_features": -66.48999786376953,
    "q3_min_numeric_features": -33.244998931884766,
    "max_min_numeric_features": 0.0,
    "mean_median_numeric_features": 53.77000045776367,
    "stdev_median_numeric_features": 50.8455696105957,
    "min_median_numeric_features": 0.20999999344348907,
    "q1_median_numeric_features": 19.604999996721745,
    "median_median_numeric_features": 39.0,
    "q3_median_numeric_features": 80.54999923706055,
    "max_median_numeric_features": 122.0999984741211,
    "mean_max_numeric_features": 304.7166748046875,
    "stdev_max_numeric_features": 251.85093688964844,
    "min_max_numeric_features": 78.1500015258789,
    "q1_max_numeric_features": 129.07500076293945,
    "median_max_numeric_features": 180.0,
    "q3_max_numeric_features": 418.0,
    "max_max_numeric_features": 656.0,
    "pca_1": 0.49698882350493284,
    "pca_2": 0.4716155271321717,
    "pca_3": 0.03139564936289553,
    "mean_cov_numeric_features": -0.0890597477555275,
    "stdev_cov_numeric_features": 0.36347058415412903,
    "min_cov_numeric_features": -0.45124974846839905,
    "q1_cov_numeric_features": -0.337547205388546,
    "median_cov_numeric_features": -0.22384466230869293,
    "q3_cov_numeric_features": 0.09203524142503738,
    "max_cov_numeric_features": 0.4079151451587677,
    "mean_entropy_categorical_features": NaN,
    "stdev_entropy_categorical_features": NaN,
    "min_entropy_categorical_features": NaN,
    "median_entropy_categorical_features": NaN,
    "max_entropy_categorical_features": NaN,
    "knn_5_mse": 0.04156707737452778,
    "knn_5_mae": 0.15796945831084727,
    "knn_5_r2": -0.16235962295031447,
    "decision_tree_3_mse": 0.03569087564455874,
    "decision_tree_3_mae": 0.14854821208364294,
    "decision_tree_3_r2": 0.0042720923256174825,
    "decision_tree_1_mse": 0.03530647491942131,
    "decision_tree_1_mae": 0.14871378474282726,
    "decision_tree_1_r2": 0.015174633565208595,
    "random_tree_2_mse": 0.03600312885494568,
    "random_tree_2_mae": 0.148961241414738,
    "random_tree_2_r2": -0.006506151700460067,
    "mean_correlation_features_target": 0.013437725603580475,
    "stdev_correlation_features_target": 0.04054982215166092,
    "min_correlation_features_target": -0.020039359107613564,
    "q1_correlation_features_target": -0.015092744491994381,
    "median_correlation_features_target": -0.010146129876375198,
    "q3_correlation_features_target": 0.03017626889050007,
    "max_correlation_features_target": 0.07049866765737534
}