{
    "nb_instances": 108,
    "log_nb_instances": 4.68213122712422,
    "nb_features": 5,
    "dataset_dimensionality": 21.6,
    "log_dataset_dimensionality": 3.0726933146901194,
    "dataset_ratio": 0.046296296296296294,
    "nb_missing_vals": 0,
    "ratio_features_with_missing_vals": 0.0,
    "ratio_instances_with_missing_vals": 0.0,
    "nb_numeric_features": 3,
    "nb_categorical_features": 2,
    "ratio_numeric_categorical_features": 1.5,
    "ratio_categorical_numeric_features": 0.6666666666666666,
    "mean__target": 1.2325924634933472,
    "stdev__target": 1.0721805095672607,
    "min__target": 0.0,
    "q1__target": 0.512499988079071,
    "median__target": 0.9099999964237213,
    "q3__target": 1.6749999821186066,
    "max__target": 6.0,
    "mean_mean_numeric_features": 1.6337963342666626,
    "stdev_mean_numeric_features": 0.41438010334968567,
    "min_mean_numeric_features": 1.202129602432251,
    "q1_mean_numeric_features": 1.3542592525482178,
    "median_mean_numeric_features": 1.5063889026641846,
    "q3_mean_numeric_features": 1.8496296405792236,
    "max_mean_numeric_features": 2.1928703784942627,
    "mean_stdev_numeric_features": 1.3188039064407349,
    "stdev_stdev_numeric_features": 0.3129282295703888,
    "min_stdev_numeric_features": 0.8917828798294067,
    "q1_stdev_numeric_features": 1.1617349982261658,
    "median_stdev_numeric_features": 1.4316871166229248,
    "q3_stdev_numeric_features": 1.5323144793510437,
    "max_stdev_numeric_features": 1.6329418420791626,
    "mean_var_numeric_features": 1.8371678590774536,
    "stdev_var_numeric_features": 0.7785690426826477,
    "min_var_numeric_features": 0.7952767014503479,
    "q1_var_numeric_features": 1.4225023090839386,
    "median_var_numeric_features": 2.0497279167175293,
    "q3_var_numeric_features": 2.3581135272979736,
    "max_var_numeric_features": 2.666499137878418,
    "mean_min_numeric_features": 0.019999999552965164,
    "stdev_min_numeric_features": 0.0163299310952425,
    "min_min_numeric_features": 0.0,
    "q1_min_numeric_features": 0.009999999776482582,
    "median_min_numeric_features": 0.019999999552965164,
    "q3_min_numeric_features": 0.029999999329447746,
    "max_min_numeric_features": 0.03999999910593033,
    "mean_median_numeric_features": 1.398333191871643,
    "stdev_median_numeric_features": 0.38404279947280884,
    "min_median_numeric_features": 0.9950000047683716,
    "q1_median_numeric_features": 1.1399999856948853,
    "median_median_numeric_features": 1.284999966621399,
    "q3_median_numeric_features": 1.5999999642372131,
    "max_median_numeric_features": 1.9149999618530273,
    "mean_max_numeric_features": 7.093333721160889,
    "stdev_max_numeric_features": 2.2668824195861816,
    "min_max_numeric_features": 4.019999980926514,
    "q1_max_numeric_features": 5.930000066757202,
    "median_max_numeric_features": 7.840000152587891,
    "q3_max_numeric_features": 8.630000114440918,
    "max_max_numeric_features": 9.420000076293945,
    "pca_1": 0.8701852895826102,
    "pca_2": 0.07245955567679344,
    "pca_3": 0.057355154740596395,
    "mean_cov_numeric_features": 1.1376421451568604,
    "stdev_cov_numeric_features": 0.22198085486888885,
    "min_cov_numeric_features": 0.823900043964386,
    "q1_cov_numeric_features": 1.0545248687267303,
    "median_cov_numeric_features": 1.2851496934890747,
    "q3_cov_numeric_features": 1.2945131659507751,
    "max_cov_numeric_features": 1.3038766384124756,
    "mean_entropy_categorical_features": 1.0360102653503418,
    "stdev_entropy_categorical_features": 0.3428630232810974,
    "min_entropy_categorical_features": 0.6931471824645996,
    "median_entropy_categorical_features": 1.036010205745697,
    "max_entropy_categorical_features": 1.3788732290267944,
    "knn_5_mse": NaN,
    "knn_5_mae": NaN,
    "knn_5_r2": NaN,
    "decision_tree_3_mse": NaN,
    "decision_tree_3_mae": NaN,
    "decision_tree_3_r2": NaN,
    "decision_tree_1_mse": NaN,
    "decision_tree_1_mae": NaN,
    "decision_tree_1_r2": NaN,
    "random_tree_2_mse": NaN,
    "random_tree_2_mae": NaN,
    "random_tree_2_r2": NaN,
    "mean_correlation_features_target": 0.8107627034187317,
    "stdev_correlation_features_target": 0.05013275519013405,
    "min_correlation_features_target": 0.7412724494934082,
    "q1_correlation_features_target": 0.7873018682003021,
    "median_correlation_features_target": 0.833331286907196,
    "q3_correlation_features_target": 0.8455078303813934,
    "max_correlation_features_target": 0.8576843738555908
}