{
    "nb_instances": 40768,
    "log_nb_instances": 10.615652738931836,
    "nb_features": 10,
    "dataset_dimensionality": 4076.8,
    "log_dataset_dimensionality": 8.313067645937789,
    "dataset_ratio": 0.0002452904238618524,
    "nb_missing_vals": 0,
    "ratio_features_with_missing_vals": 0.0,
    "ratio_instances_with_missing_vals": 0.0,
    "nb_numeric_features": 10,
    "nb_categorical_features": 0,
    "ratio_numeric_categorical_features": 0.0,
    "ratio_categorical_numeric_features": 0.0,
    "mean__target": 0.009558488614857197,
    "stdev__target": 4.392557144165039,
    "min__target": -12.694299697875977,
    "q1__target": -3.1763224601745605,
    "median__target": 0.02114815078675747,
    "q3__target": 3.213844954967499,
    "max__target": 12.20259952545166,
    "mean_mean_numeric_features": 0.002006475580856204,
    "stdev_mean_numeric_features": 0.003714409889653325,
    "min_mean_numeric_features": -0.005617150571197271,
    "q1_mean_numeric_features": 0.00035567111990530975,
    "median_mean_numeric_features": 0.002048175025265664,
    "q3_mean_numeric_features": 0.004709576140157878,
    "max_mean_numeric_features": 0.00809458363801241,
    "mean_stdev_numeric_features": 0.8349423408508301,
    "stdev_stdev_numeric_features": 0.05502299219369888,
    "min_stdev_numeric_features": 0.8145371675491333,
    "q1_stdev_numeric_features": 0.8159347474575043,
    "median_stdev_numeric_features": 0.8168226182460785,
    "q3_stdev_numeric_features": 0.8175771683454514,
    "max_stdev_numeric_features": 0.9999794960021973,
    "mean_var_numeric_features": 0.7001563310623169,
    "stdev_var_numeric_features": 0.09994981437921524,
    "min_var_numeric_features": 0.6634708046913147,
    "q1_var_numeric_features": 0.6657497584819794,
    "median_var_numeric_features": 0.6671991646289825,
    "q3_var_numeric_features": 0.6684324145317078,
    "max_var_numeric_features": 0.9999589920043945,
    "mean_min_numeric_features": -1.0,
    "stdev_min_numeric_features": 0.0,
    "min_min_numeric_features": -1.0,
    "q1_min_numeric_features": -1.0,
    "median_min_numeric_features": -1.0,
    "q3_min_numeric_features": -1.0,
    "max_min_numeric_features": -1.0,
    "mean_median_numeric_features": 0.10000000149011612,
    "stdev_median_numeric_features": 0.29999998211860657,
    "min_median_numeric_features": 0.0,
    "q1_median_numeric_features": 0.0,
    "median_median_numeric_features": 0.0,
    "q3_median_numeric_features": 0.0,
    "max_median_numeric_features": 1.0,
    "mean_max_numeric_features": 1.0,
    "stdev_max_numeric_features": 0.0,
    "min_max_numeric_features": 1.0,
    "q1_max_numeric_features": 1.0,
    "median_max_numeric_features": 1.0,
    "q3_max_numeric_features": 1.0,
    "max_max_numeric_features": 1.0,
    "pca_1": 0.14285081993286483,
    "pca_2": 0.09717561964563395,
    "pca_3": 0.0965147364578594,
    "mean_cov_numeric_features": 0.7013251781463623,
    "stdev_cov_numeric_features": 0.8426786065101624,
    "min_cov_numeric_features": -0.03071928210556507,
    "q1_cov_numeric_features": 0.09872017172165215,
    "median_cov_numeric_features": 0.5141827166080475,
    "q3_cov_numeric_features": 0.9198184460401535,
    "max_cov_numeric_features": 2.972614049911499,
    "mean_entropy_categorical_features": NaN,
    "stdev_entropy_categorical_features": NaN,
    "min_entropy_categorical_features": NaN,
    "median_entropy_categorical_features": NaN,
    "max_entropy_categorical_features": NaN,
    "knn_5_mse": 1.5111067858784797,
    "knn_5_mae": 0.9798218979317601,
    "knn_5_r2": 0.9216718278613772,
    "decision_tree_3_mse": 3.7219906697225333,
    "decision_tree_3_mae": 1.5742377697839578,
    "decision_tree_3_r2": 0.8070063823255208,
    "decision_tree_1_mse": 10.459127295696748,
    "decision_tree_1_mae": 2.6690962609420037,
    "decision_tree_1_r2": 0.4578608188412341,
    "random_tree_2_mse": 5.8994658535836075,
    "random_tree_2_mae": 1.9785903557101756,
    "random_tree_2_r2": 0.6942234708118374,
    "mean_correlation_features_target": 0.1803242266178131,
    "stdev_correlation_features_target": 0.19500188529491425,
    "min_correlation_features_target": -0.00856093317270279,
    "q1_correlation_features_target": 0.02755752333905548,
    "median_correlation_features_target": 0.14330239593982697,
    "q3_correlation_features_target": 0.25607261434197426,
    "max_correlation_features_target": 0.6767444610595703
}