{
    "nb_instances": 16599,
    "log_nb_instances": 9.71709773156622,
    "nb_features": 18,
    "dataset_dimensionality": 922.1666666666666,
    "log_dataset_dimensionality": 6.8267259736700545,
    "dataset_ratio": 0.0010844026748599313,
    "nb_missing_vals": 0,
    "ratio_features_with_missing_vals": 0.0,
    "ratio_instances_with_missing_vals": 0.0,
    "nb_numeric_features": 18,
    "nb_categorical_features": 0,
    "ratio_numeric_categorical_features": 0.0,
    "ratio_categorical_numeric_features": 0.0,
    "mean__target": 0.021624978631734848,
    "stdev__target": 0.021624978631734848,
    "min__target": 0.012000000104308128,
    "q1__target": 0.017999999225139618,
    "median__target": 0.019999999552965164,
    "q3__target": 0.023000000044703484,
    "max__target": 0.07800000160932541,
    "mean_mean_numeric_features": -1.9945263862609863,
    "stdev_mean_numeric_features": -1.9945263862609863,
    "mean_stdev_numeric_features": 17.780380249023438,
    "stdev_stdev_numeric_features": 17.780380249023438,
    "mean_var_numeric_features": 4324.2138671875,
    "stdev_var_numeric_features": 4324.2138671875,
    "mean_min_numeric_features": -65.79014587402344,
    "stdev_min_numeric_features": -65.79014587402344,
    "mean_median_numeric_features": -2.9974722862243652,
    "stdev_median_numeric_features": -2.9974722862243652,
    "mean_max_numeric_features": 62.34653854370117,
    "stdev_max_numeric_features": 62.34653854370117,
    "mean_skew_numeric_features": 9.73824691772461,
    "stdev_skew_numeric_features": 9.73824691772461,
    "mean_kurtosis_numeric_features": 1005.2162475585938,
    "stdev_kurtosis_numeric_features": 1005.2162475585938,
    "pca_1": 0.9900628356031516,
    "pca_2": 0.008627270951717917,
    "pca_3": 0.0010719113571053742,
    "mean_cov_numeric_features": 0.012249667197465897,
    "stdev_cov_numeric_features": 0.012249667197465897,
    "mean_entropy_categorical_features": NaN,
    "stdev_entropy_categorical_features": NaN,
    "decision_tree_1_mse": 3.268680323944809e-05,
    "decision_tree_1_mae": 0.0038043490736230116,
    "decision_tree_1_r2": 0.27526325442693683,
    "decision_tree_2_mse": 2.741933669262258e-05,
    "decision_tree_2_mae": 0.0034676029849581877,
    "decision_tree_2_r2": 0.39217182286730723,
    "random_tree_2_mse": 2.832487418814011e-05,
    "random_tree_2_mae": 0.003543984464555844,
    "random_tree_2_r2": 0.3724136809278745,
    "mean_correlation_features_target": -0.17369911074638367,
    "stdev_correlation_features_target": -0.17369911074638367,
    "min_correlation_features_target": -0.6264705061912537,
    "max_correlation_features_target": 0.3019562065601349
}