{
    "nb_instances": 22784,
    "log_nb_instances": 10.033813814211703,
    "nb_features": 8,
    "dataset_dimensionality": 2848.0,
    "log_dataset_dimensionality": 7.954372272531867,
    "dataset_ratio": 0.00035112359550561797,
    "nb_missing_vals": 0,
    "ratio_features_with_missing_vals": 0.0,
    "ratio_instances_with_missing_vals": 0.0,
    "nb_numeric_features": 8,
    "nb_categorical_features": 0,
    "ratio_numeric_categorical_features": 0.0,
    "ratio_categorical_numeric_features": 0.0,
    "mean__target": 50074.4375,
    "stdev__target": 52842.31640625,
    "min__target": 0.0,
    "q1__target": 21000.0,
    "median__target": 33200.0,
    "q3__target": 56100.0,
    "max__target": 500001.0,
    "mean_mean_numeric_features": 367.9718322753906,
    "stdev_mean_numeric_features": 970.5744018554688,
    "min_mean_numeric_features": 0.010329851880669594,
    "q1_mean_numeric_features": 0.14299773517996073,
    "median_mean_numeric_features": 0.48782335221767426,
    "q3_mean_numeric_features": 2.0315980911254883,
    "max_mean_numeric_features": 2935.86572265625,
    "mean_stdev_numeric_features": 3118.93017578125,
    "stdev_stdev_numeric_features": 8251.32421875,
    "min_stdev_numeric_features": 0.04210519418120384,
    "q1_stdev_numeric_features": 0.08053191564977169,
    "median_stdev_numeric_features": 0.1393992155790329,
    "q3_stdev_numeric_features": 0.43840349465608597,
    "max_stdev_numeric_features": 24949.880859375,
    "mean_var_numeric_features": 77812064.0,
    "stdev_var_numeric_features": 205871360.0,
    "min_var_numeric_features": 0.001772847375832498,
    "q1_var_numeric_features": 0.006621371547225863,
    "median_var_numeric_features": 0.0194323118776083,
    "q3_var_numeric_features": 0.2263832725584507,
    "max_var_numeric_features": 622496512.0,
    "mean_min_numeric_features": 0.16419723629951477,
    "stdev_min_numeric_features": 0.32505980134010315,
    "min_min_numeric_features": 0.0,
    "q1_min_numeric_features": 0.0,
    "median_min_numeric_features": 0.0,
    "q3_min_numeric_features": 0.11833227798342705,
    "max_min_numeric_features": 1.0,
    "mean_median_numeric_features": 64.22608947753906,
    "stdev_median_numeric_features": 166.98524475097656,
    "min_median_numeric_features": 0.0023614501114934683,
    "q1_median_numeric_features": 0.11150410398840904,
    "median_median_numeric_features": 0.4916919767856598,
    "q3_median_numeric_features": 2.025297626852989,
    "max_median_numeric_features": 506.0,
    "mean_max_numeric_features": 352427.125,
    "stdev_max_numeric_features": 932428.5625,
    "min_max_numeric_features": 0.8944444060325623,
    "q1_max_numeric_features": 1.0,
    "median_max_numeric_features": 1.0,
    "q3_max_numeric_features": 3.25,
    "max_max_numeric_features": 2819401.0,
    "pca_1": 0.9999999988160224,
    "pca_2": 9.27924855274059e-10,
    "pca_3": 1.7791100264400176e-10,
    "mean_cov_numeric_features": 11592704.0,
    "stdev_cov_numeric_features": 30664194.0,
    "min_cov_numeric_features": -2622.718994140625,
    "q1_cov_numeric_features": 352.6949462890625,
    "median_cov_numeric_features": 987.6007080078125,
    "q3_cov_numeric_features": 5747.636932373047,
    "max_cov_numeric_features": 92722536.0,
    "mean_entropy_categorical_features": NaN,
    "stdev_entropy_categorical_features": NaN,
    "min_entropy_categorical_features": NaN,
    "median_entropy_categorical_features": NaN,
    "max_entropy_categorical_features": NaN,
    "knn_5_mse": 2409194283.540513,
    "knn_5_mae": 26624.09464536517,
    "knn_5_r2": 0.13738765012222115,
    "decision_tree_3_mse": 1460321988.5136476,
    "decision_tree_3_mae": 22116.660736790553,
    "decision_tree_3_r2": 0.4758206715296688,
    "decision_tree_1_mse": 2095620216.2285864,
    "decision_tree_1_mae": 26842.10967833933,
    "decision_tree_1_r2": 0.24898498768390062,
    "random_tree_2_mse": 2570221719.6665306,
    "random_tree_2_mae": 30719.181044977857,
    "random_tree_2_r2": 0.07871526342115534,
    "mean_correlation_features_target": 0.17183910310268402,
    "stdev_correlation_features_target": 0.2039574682712555,
    "min_correlation_features_target": -0.14964894950389862,
    "q1_correlation_features_target": 0.03144307620823383,
    "median_correlation_features_target": 0.18596021085977554,
    "q3_correlation_features_target": 0.34094272553920746,
    "max_correlation_features_target": 0.4501268267631531
}