{
    "nb_instances": 950,
    "log_nb_instances": 6.856461984594587,
    "nb_features": 9,
    "dataset_dimensionality": 105.55555555555556,
    "log_dataset_dimensionality": 4.6592374072583675,
    "dataset_ratio": 0.009473684210526316,
    "nb_missing_vals": 0,
    "ratio_features_with_missing_vals": 0.0,
    "ratio_instances_with_missing_vals": 0.0,
    "nb_numeric_features": 9,
    "nb_categorical_features": 0,
    "ratio_numeric_categorical_features": 0.0,
    "ratio_categorical_numeric_features": 0.0,
    "mean__target": 46.99407958984375,
    "stdev__target": 46.99407958984375,
    "min__target": 34.0,
    "q1__target": 41.375,
    "median__target": 46.6875,
    "q3__target": 52.125,
    "max__target": 62.0,
    "mean_mean_numeric_features": 41.01183319091797,
    "stdev_mean_numeric_features": 41.01183319091797,
    "mean_stdev_numeric_features": 7.146451473236084,
    "stdev_stdev_numeric_features": 7.146451473236084,
    "mean_var_numeric_features": 65.78922271728516,
    "stdev_var_numeric_features": 65.78922271728516,
    "mean_min_numeric_features": 25.70488739013672,
    "stdev_min_numeric_features": 25.70488739013672,
    "mean_median_numeric_features": 41.63022232055664,
    "stdev_median_numeric_features": 41.63022232055664,
    "mean_max_numeric_features": 56.20833206176758,
    "stdev_max_numeric_features": 56.20833206176758,
    "mean_skew_numeric_features": -0.018763704225420952,
    "stdev_skew_numeric_features": -0.018763704225420952,
    "mean_kurtosis_numeric_features": -0.7783487439155579,
    "stdev_kurtosis_numeric_features": -0.7783487439155579,
    "pca_1": 0.6846525706489792,
    "pca_2": 0.14819454529937032,
    "pca_3": 0.0862044449316882,
    "mean_cov_numeric_features": 0.08247460424900055,
    "stdev_cov_numeric_features": 0.08247460424900055,
    "mean_entropy_categorical_features": NaN,
    "stdev_entropy_categorical_features": NaN,
    "decision_tree_1_mse": 16.387466141038484,
    "decision_tree_1_mae": 3.3500683532425777,
    "decision_tree_1_r2": 0.6159383191605486,
    "decision_tree_2_mse": 7.5941436930455115,
    "decision_tree_2_mae": 2.095566792087954,
    "decision_tree_2_r2": 0.8220198415249703,
    "random_tree_2_mse": 17.685388616817875,
    "random_tree_2_mae": 3.40752623841104,
    "random_tree_2_r2": 0.583529296882909,
    "mean_correlation_features_target": -0.001557817100547254,
    "stdev_correlation_features_target": -0.001557817100547254,
    "min_correlation_features_target": -0.6705681085586548,
    "max_correlation_features_target": 0.7111480236053467
}