{
    "nb_instances": 8192,
    "log_nb_instances": 9.010913347279288,
    "nb_features": 8,
    "dataset_dimensionality": 1024.0,
    "log_dataset_dimensionality": 6.931471805599453,
    "dataset_ratio": 0.0009765625,
    "nb_missing_vals": 0,
    "ratio_features_with_missing_vals": 0.0,
    "ratio_instances_with_missing_vals": 0.0,
    "nb_numeric_features": 8,
    "nb_categorical_features": 0,
    "ratio_numeric_categorical_features": 0.0,
    "ratio_categorical_numeric_features": 0.0,
    "mean__target": 1.1620471477508545,
    "stdev__target": 1.1620471477508545,
    "min__target": -12.415322303771973,
    "q1__target": -3.1837127208709717,
    "median__target": 1.1151220798492432,
    "q3__target": 6.3196040391922,
    "max__target": 11.876190185546875,
    "mean_mean_numeric_features": 0.00265716016292572,
    "stdev_mean_numeric_features": 0.00265716016292572,
    "mean_stdev_numeric_features": 0.901609480381012,
    "stdev_stdev_numeric_features": 0.901609480381012,
    "mean_var_numeric_features": 0.9161039590835571,
    "stdev_var_numeric_features": 0.9161039590835571,
    "mean_min_numeric_features": -1.563333511352539,
    "stdev_min_numeric_features": -1.563333511352539,
    "mean_median_numeric_features": 0.0068164998665452,
    "stdev_median_numeric_features": 0.0068164998665452,
    "mean_max_numeric_features": 1.5632989406585693,
    "stdev_max_numeric_features": 1.5632989406585693,
    "mean_skew_numeric_features": -0.005740317516028881,
    "stdev_skew_numeric_features": -0.005740317516028881,
    "mean_kurtosis_numeric_features": -1.194591999053955,
    "stdev_kurtosis_numeric_features": -1.194591999053955,
    "pca_1": 0.1648701363637749,
    "pca_2": 0.1641347283063709,
    "pca_3": 0.16257580021787374,
    "mean_cov_numeric_features": 0.6386539340019226,
    "stdev_cov_numeric_features": 0.6386539340019226,
    "mean_entropy_categorical_features": NaN,
    "stdev_entropy_categorical_features": NaN,
    "decision_tree_1_mse": 23.21072463505903,
    "decision_tree_1_mae": 4.1090822374628555,
    "decision_tree_1_r2": 0.2649946966987565,
    "decision_tree_2_mse": 17.713793960545836,
    "decision_tree_2_mae": 3.407457287693977,
    "decision_tree_2_r2": 0.4393351168175768,
    "random_tree_2_mse": 22.63178833282973,
    "random_tree_2_mae": 4.067637722769256,
    "random_tree_2_r2": 0.28388349616613606,
    "mean_correlation_features_target": 0.103647880256176,
    "stdev_correlation_features_target": 0.103647880256176,
    "min_correlation_features_target": -0.016459733247756958,
    "max_correlation_features_target": 0.5168566703796387
}