{
    "nb_instances": 8192,
    "log_nb_instances": 9.010913347279288,
    "nb_features": 8,
    "dataset_dimensionality": 1024.0,
    "log_dataset_dimensionality": 6.931471805599453,
    "dataset_ratio": 0.0009765625,
    "nb_missing_vals": 0,
    "ratio_features_with_missing_vals": 0.0,
    "ratio_instances_with_missing_vals": 0.0,
    "nb_numeric_features": 8,
    "nb_categorical_features": 0,
    "ratio_numeric_categorical_features": 0.0,
    "ratio_categorical_numeric_features": 0.0,
    "mean__target": 1.1620471477508545,
    "stdev__target": 5.6219892501831055,
    "min__target": -12.415322303771973,
    "q1__target": -3.1837127208709717,
    "median__target": 1.1151220202445984,
    "q3__target": 6.3196040391922,
    "max__target": 11.876190185546875,
    "mean_mean_numeric_features": 0.00265716016292572,
    "stdev_mean_numeric_features": 0.009871192276477814,
    "min_mean_numeric_features": -0.014780120924115181,
    "q1_mean_numeric_features": -0.0014074762002564967,
    "median_mean_numeric_features": 0.002685614745132625,
    "q3_mean_numeric_features": 0.00808167620562017,
    "max_mean_numeric_features": 0.017952334135770798,
    "mean_stdev_numeric_features": 0.901609480381012,
    "stdev_stdev_numeric_features": 0.32125425338745117,
    "min_stdev_numeric_features": 0.34369146823883057,
    "q1_stdev_numeric_features": 0.8992551639676094,
    "median_stdev_numeric_features": 1.0849274396896362,
    "q3_stdev_numeric_features": 1.0893426835536957,
    "max_stdev_numeric_features": 1.0903451442718506,
    "mean_var_numeric_features": 0.9161039590835571,
    "stdev_var_numeric_features": 0.4601430892944336,
    "min_var_numeric_features": 0.11812382936477661,
    "q1_var_numeric_features": 0.9104308933019638,
    "median_var_numeric_features": 1.1770681142807007,
    "q3_var_numeric_features": 1.1866675317287445,
    "max_var_numeric_features": 1.1888524293899536,
    "mean_min_numeric_features": -1.563333511352539,
    "stdev_min_numeric_features": 0.5562193393707275,
    "min_min_numeric_features": -1.8847850561141968,
    "q1_min_numeric_features": -1.8846562504768372,
    "median_min_numeric_features": -1.8845034837722778,
    "q3_min_numeric_features": -1.5627347826957703,
    "max_min_numeric_features": -0.5998719930648804,
    "mean_median_numeric_features": 0.0068164998665452,
    "stdev_median_numeric_features": 0.018150506541132927,
    "min_median_numeric_features": -0.03189000114798546,
    "q1_median_numeric_features": 0.0015686249826103449,
    "median_median_numeric_features": 0.011758249951526523,
    "q3_median_numeric_features": 0.019278124906122684,
    "max_median_numeric_features": 0.026529500260949135,
    "mean_max_numeric_features": 1.5632989406585693,
    "stdev_max_numeric_features": 0.5561994910240173,
    "min_max_numeric_features": 0.5999119877815247,
    "q1_max_numeric_features": 1.5624682754278183,
    "median_max_numeric_features": 1.8844059705734253,
    "q3_max_numeric_features": 1.884739249944687,
    "max_max_numeric_features": 1.884922981262207,
    "pca_1": 0.16487013636377448,
    "pca_2": 0.16413472830637027,
    "pca_3": 0.16257580021787335,
    "mean_cov_numeric_features": 0.6386539340019226,
    "stdev_cov_numeric_features": 1.1619807481765747,
    "min_cov_numeric_features": -0.10026371479034424,
    "q1_cov_numeric_features": -0.01746742590330541,
    "median_cov_numeric_features": 0.013490677112713456,
    "q3_cov_numeric_features": 0.5452892426401377,
    "max_cov_numeric_features": 3.165337324142456,
    "mean_entropy_categorical_features": NaN,
    "stdev_entropy_categorical_features": NaN,
    "min_entropy_categorical_features": NaN,
    "median_entropy_categorical_features": NaN,
    "max_entropy_categorical_features": NaN,
    "knn_5_mse": 13.55755298588463,
    "knn_5_mae": 2.857022763964844,
    "knn_5_r2": 0.5709421549786121,
    "decision_tree_3_mse": 15.710327898840125,
    "decision_tree_3_mae": 3.146894910067649,
    "decision_tree_3_r2": 0.5021357734787879,
    "decision_tree_1_mse": 23.20525930917713,
    "decision_tree_1_mae": 4.107196930310623,
    "decision_tree_1_r2": 0.26524932387914024,
    "random_tree_2_mse": 23.59188378563497,
    "random_tree_2_mae": 4.091722993818972,
    "random_tree_2_r2": 0.2531586635140332,
    "mean_correlation_features_target": 0.103647880256176,
    "stdev_correlation_features_target": 0.19042986631393433,
    "min_correlation_features_target": -0.016459733247756958,
    "q1_correlation_features_target": -0.005712447571568191,
    "median_correlation_features_target": 0.0008431703317910433,
    "q3_correlation_features_target": 0.08941992907784879,
    "max_correlation_features_target": 0.5168566703796387
}