{
    "nb_instances": 8192,
    "log_nb_instances": 9.010913347279288,
    "nb_features": 12,
    "dataset_dimensionality": 682.6666666666666,
    "log_dataset_dimensionality": 6.5260066974912885,
    "dataset_ratio": 0.00146484375,
    "nb_missing_vals": 0,
    "ratio_features_with_missing_vals": 0.0,
    "ratio_instances_with_missing_vals": 0.0,
    "nb_numeric_features": 12,
    "nb_categorical_features": 0,
    "ratio_numeric_categorical_features": 0.0,
    "ratio_categorical_numeric_features": 0.0,
    "mean__target": 83.9688720703125,
    "stdev__target": 83.9688720703125,
    "min__target": 0.0,
    "q1__target": 81.0,
    "median__target": 89.0,
    "q3__target": 94.0,
    "max__target": 99.0,
    "mean_mean_numeric_features": 135460.4375,
    "stdev_mean_numeric_features": 135460.4375,
    "mean_stdev_numeric_features": 67245.75,
    "stdev_stdev_numeric_features": 67245.75,
    "mean_var_numeric_features": 21272739840.0,
    "stdev_var_numeric_features": 21272739840.0,
    "mean_min_numeric_features": 163.0,
    "stdev_min_numeric_features": 163.0,
    "mean_median_numeric_features": 121967.875,
    "stdev_median_numeric_features": 121967.875,
    "mean_max_numeric_features": 551006.3125,
    "stdev_max_numeric_features": 551006.3125,
    "mean_skew_numeric_features": 5.074305057525635,
    "stdev_skew_numeric_features": 5.074305057525635,
    "mean_kurtosis_numeric_features": 77.06929779052734,
    "stdev_kurtosis_numeric_features": 77.06929779052734,
    "pca_1": 0.7196975192843826,
    "pca_2": 0.228934629150283,
    "pca_3": 0.051343116172240494,
    "mean_cov_numeric_features": 255770.390625,
    "stdev_cov_numeric_features": 255770.390625,
    "mean_entropy_categorical_features": NaN,
    "stdev_entropy_categorical_features": NaN,
    "decision_tree_1_mse": 77.33414255609807,
    "decision_tree_1_mae": 6.68692047741301,
    "decision_tree_1_r2": 0.7711111470893152,
    "decision_tree_2_mse": 40.472104587831765,
    "decision_tree_2_mae": 4.8637533213984865,
    "decision_tree_2_r2": 0.8799484564039393,
    "random_tree_2_mse": 61.87703111653457,
    "random_tree_2_mae": 6.11764875779836,
    "random_tree_2_r2": 0.8166847693695796,
    "mean_correlation_features_target": -0.17758361995220184,
    "stdev_correlation_features_target": -0.17758361995220184,
    "min_correlation_features_target": -0.6296624541282654,
    "max_correlation_features_target": 0.6785262227058411
}