{
    "nb_instances": 200,
    "log_nb_instances": 5.298317366548036,
    "nb_features": 10,
    "dataset_dimensionality": 20.0,
    "log_dataset_dimensionality": 2.995732273553991,
    "dataset_ratio": 0.05,
    "nb_missing_vals": 0,
    "ratio_features_with_missing_vals": 0.0,
    "ratio_instances_with_missing_vals": 0.0,
    "nb_numeric_features": 10,
    "nb_categorical_features": 0,
    "ratio_numeric_categorical_features": 0.0,
    "ratio_categorical_numeric_features": 0.0,
    "mean__target": -0.33730003237724304,
    "stdev__target": 4.463504314422607,
    "min__target": -10.8100004196167,
    "q1__target": -3.2300000190734863,
    "median__target": -0.5649999976158142,
    "q3__target": 2.5000000596046448,
    "max__target": 12.09000015258789,
    "mean_mean_numeric_features": -0.01100000087171793,
    "stdev_mean_numeric_features": 0.07017122209072113,
    "min_mean_numeric_features": -0.11500000208616257,
    "q1_mean_numeric_features": -0.05874999798834324,
    "median_mean_numeric_features": -0.019999999552965164,
    "q3_mean_numeric_features": 0.04749999986961484,
    "max_mean_numeric_features": 0.10499999672174454,
    "mean_stdev_numeric_features": 0.8392019271850586,
    "stdev_stdev_numeric_features": 0.05685563385486603,
    "min_stdev_numeric_features": 0.7778174877166748,
    "q1_stdev_numeric_features": 0.8148695677518845,
    "median_stdev_numeric_features": 0.8268043100833893,
    "q3_stdev_numeric_features": 0.8404825627803802,
    "max_stdev_numeric_features": 1.0000503063201904,
    "mean_var_numeric_features": 0.707492470741272,
    "stdev_var_numeric_features": 0.10227154195308685,
    "min_var_numeric_features": 0.6050000190734863,
    "q1_var_numeric_features": 0.6640138179063797,
    "median_var_numeric_features": 0.6836055219173431,
    "q3_var_numeric_features": 0.7064133286476135,
    "max_var_numeric_features": 1.0001004934310913,
    "mean_min_numeric_features": -1.0,
    "stdev_min_numeric_features": 0.0,
    "min_min_numeric_features": -1.0,
    "q1_min_numeric_features": -1.0,
    "median_min_numeric_features": -1.0,
    "q3_min_numeric_features": -1.0,
    "max_min_numeric_features": -1.0,
    "mean_median_numeric_features": 0.10000000149011612,
    "stdev_median_numeric_features": 0.29999998211860657,
    "min_median_numeric_features": 0.0,
    "q1_median_numeric_features": 0.0,
    "median_median_numeric_features": 0.0,
    "q3_median_numeric_features": 0.0,
    "max_median_numeric_features": 1.0,
    "mean_max_numeric_features": 1.0,
    "stdev_max_numeric_features": 0.0,
    "min_max_numeric_features": 1.0,
    "q1_max_numeric_features": 1.0,
    "median_max_numeric_features": 1.0,
    "q3_max_numeric_features": 1.0,
    "max_max_numeric_features": 1.0,
    "pca_1": 0.16293083039352266,
    "pca_2": 0.12546706603151495,
    "pca_3": 0.11448567957192092,
    "mean_cov_numeric_features": 0.25324589014053345,
    "stdev_cov_numeric_features": 1.2214277982711792,
    "min_cov_numeric_features": -3.0619990825653076,
    "q1_cov_numeric_features": 0.03040427155792713,
    "median_cov_numeric_features": 0.5439738780260086,
    "q3_cov_numeric_features": 0.8437716066837311,
    "max_cov_numeric_features": 1.6088457107543945,
    "mean_entropy_categorical_features": NaN,
    "stdev_entropy_categorical_features": NaN,
    "min_entropy_categorical_features": NaN,
    "median_entropy_categorical_features": NaN,
    "max_entropy_categorical_features": NaN,
    "knn_5_mse": 5.9087527,
    "knn_5_mae": 1.8775899999999999,
    "knn_5_r2": 0.7007054065531398,
    "decision_tree_3_mse": 5.087546309822004,
    "decision_tree_3_mae": 1.7831727322993698,
    "decision_tree_3_r2": 0.7289243166726727,
    "decision_tree_1_mse": 10.712500623987978,
    "decision_tree_1_mae": 2.628657588944263,
    "decision_tree_1_r2": 0.44757825290237296,
    "random_tree_2_mse": 8.054429926216962,
    "random_tree_2_mae": 2.293950836675935,
    "random_tree_2_r2": 0.5833611919658772,
    "mean_correlation_features_target": 0.0864190012216568,
    "stdev_correlation_features_target": 0.29580438137054443,
    "min_correlation_features_target": -0.6842563152313232,
    "q1_correlation_features_target": 0.008150787209160626,
    "median_correlation_features_target": 0.14842017367482185,
    "q3_correlation_features_target": 0.23180429637432098,
    "max_correlation_features_target": 0.46224507689476013
}