{
    "nb_instances": 209,
    "log_nb_instances": 5.342334251964811,
    "nb_features": 6,
    "dataset_dimensionality": 34.833333333333336,
    "log_dataset_dimensionality": 3.550574782736756,
    "dataset_ratio": 0.028708133971291867,
    "nb_missing_vals": 0,
    "ratio_features_with_missing_vals": 0.0,
    "ratio_instances_with_missing_vals": 0.0,
    "nb_numeric_features": 6,
    "nb_categorical_features": 0,
    "ratio_numeric_categorical_features": 0.0,
    "ratio_categorical_numeric_features": 0.0,
    "mean__target": 105.62200927734375,
    "stdev__target": 160.44549560546875,
    "min__target": 6.0,
    "q1__target": 27.0,
    "median__target": 50.0,
    "q3__target": 113.0,
    "max__target": 1150.0,
    "mean_mean_numeric_features": 2486.021484375,
    "stdev_mean_numeric_features": 4288.26416015625,
    "min_mean_numeric_features": 4.698564529418945,
    "q1_mean_numeric_features": 20.002392292022705,
    "median_mean_numeric_features": 114.51435470581055,
    "q3_mean_numeric_features": 2201.9414596557617,
    "max_mean_numeric_features": 11796.1533203125,
    "mean_stdev_numeric_features": 2656.502197265625,
    "stdev_stdev_numeric_features": 4287.2880859375,
    "min_stdev_numeric_features": 6.8162736892700195,
    "q1_stdev_numeric_features": 29.65516948699951,
    "median_stdev_numeric_features": 150.44583129882812,
    "q3_stdev_numeric_features": 2974.1227416992188,
    "max_stdev_numeric_features": 11726.564453125,
    "mean_var_numeric_features": 25437846.0,
    "stdev_var_numeric_features": 50420696.0,
    "min_var_numeric_features": 46.461585998535156,
    "q1_var_numeric_features": 919.5686492919922,
    "median_var_numeric_features": 34693.74102783203,
    "q3_var_numeric_features": 11300417.947265625,
    "max_var_numeric_features": 137512320.0,
    "mean_min_numeric_features": 24.16666603088379,
    "stdev_min_numeric_features": 28.800561904907227,
    "min_min_numeric_features": 0.0,
    "q1_min_numeric_features": 0.0,
    "median_min_numeric_features": 8.5,
    "q3_min_numeric_features": 52.25,
    "max_min_numeric_features": 64.0,
    "mean_median_numeric_features": 1688.0,
    "stdev_median_numeric_features": 2913.078857421875,
    "min_median_numeric_features": 2.0,
    "q1_median_numeric_features": 8.0,
    "median_median_numeric_features": 59.0,
    "q3_median_numeric_features": 1527.5,
    "max_median_numeric_features": 8000.0,
    "mean_max_numeric_features": 16330.6669921875,
    "stdev_max_numeric_features": 24228.7890625,
    "min_max_numeric_features": 52.0,
    "q1_max_numeric_features": 196.0,
    "median_max_numeric_features": 878.0,
    "q3_max_numeric_features": 24375.0,
    "max_max_numeric_features": 64000.0,
    "pca_1": 0.9602836665848461,
    "pca_2": 0.039328144215849604,
    "pca_3": 0.00037786008991121345,
    "mean_cov_numeric_features": 353031.15625,
    "stdev_cov_numeric_features": 598255.75,
    "min_cov_numeric_features": -12854.6533203125,
    "q1_cov_numeric_features": 1133.2605285644531,
    "median_cov_numeric_features": 3430.2054443359375,
    "q3_cov_numeric_features": 373003.6619873047,
    "max_cov_numeric_features": 1627618.875,
    "mean_entropy_categorical_features": NaN,
    "stdev_entropy_categorical_features": NaN,
    "min_entropy_categorical_features": NaN,
    "median_entropy_categorical_features": NaN,
    "max_entropy_categorical_features": NaN,
    "knn_5_mse": 6331.188403483308,
    "knn_5_mae": 36.41074020319303,
    "knn_5_r2": 0.6978043295361189,
    "decision_tree_3_mse": 10325.659490071987,
    "decision_tree_3_mae": 47.666858818971974,
    "decision_tree_3_r2": 0.62671544568028,
    "decision_tree_1_mse": 16751.22549685495,
    "decision_tree_1_mae": 73.21697457673949,
    "decision_tree_1_r2": 0.22702549478250825,
    "random_tree_2_mse": 5217.9881921608885,
    "random_tree_2_mae": 49.149842224000935,
    "random_tree_2_r2": 0.7367551372234612,
    "mean_correlation_features_target": 0.5379316806793213,
    "stdev_correlation_features_target": 0.38963964581489563,
    "min_correlation_features_target": -0.30709946155548096,
    "q1_correlation_features_target": 0.6061327904462814,
    "median_correlation_features_target": 0.6357723474502563,
    "q3_correlation_features_target": 0.7618588656187057,
    "max_correlation_features_target": 0.8630041480064392
}