{
    "nb_instances": 89640,
    "log_nb_instances": 11.403556927914863,
    "nb_features": 4,
    "dataset_dimensionality": 22410.0,
    "log_dataset_dimensionality": 10.017262566794972,
    "dataset_ratio": 4.462293618920125e-05,
    "nb_missing_vals": 0,
    "ratio_features_with_missing_vals": 0.0,
    "ratio_instances_with_missing_vals": 0.0,
    "nb_numeric_features": 4,
    "nb_categorical_features": 0,
    "ratio_numeric_categorical_features": 0.0,
    "ratio_categorical_numeric_features": 0.0,
    "mean__target": 0.022545738145709038,
    "stdev__target": 0.022545738145709038,
    "min__target": 0.0,
    "q1__target": 0.0,
    "median__target": 0.0,
    "q3__target": 0.0,
    "max__target": 1.0,
    "mean_mean_numeric_features": 626.4751586914062,
    "stdev_mean_numeric_features": 626.4751586914062,
    "mean_stdev_numeric_features": 384.9095153808594,
    "stdev_stdev_numeric_features": 384.9095153808594,
    "mean_var_numeric_features": 432922.4375,
    "stdev_var_numeric_features": 432922.4375,
    "mean_min_numeric_features": 42.5,
    "stdev_min_numeric_features": 42.5,
    "mean_median_numeric_features": 605.0,
    "stdev_median_numeric_features": 605.0,
    "mean_max_numeric_features": 1459.982421875,
    "stdev_max_numeric_features": 1459.982421875,
    "mean_skew_numeric_features": 5.652841091156006,
    "stdev_skew_numeric_features": 5.652841091156006,
    "mean_kurtosis_numeric_features": 159.0510711669922,
    "stdev_kurtosis_numeric_features": 159.0510711669922,
    "pca_1": 0.9667945874123631,
    "pca_2": 0.03318621229678975,
    "pca_3": 1.9200290845766283e-05,
    "mean_cov_numeric_features": -3.7565033435821533,
    "stdev_cov_numeric_features": -3.7565033435821533,
    "mean_entropy_categorical_features": NaN,
    "stdev_entropy_categorical_features": NaN,
    "decision_tree_1_mse": 0.019397927626453256,
    "decision_tree_1_mae": 0.038793187363433256,
    "decision_tree_1_r2": 0.11972373142986562,
    "decision_tree_2_mse": 0.017717976059540258,
    "decision_tree_2_mae": 0.03538417245894724,
    "decision_tree_2_r2": 0.1958077854858577,
    "random_tree_2_mse": 0.020817506973335034,
    "random_tree_2_mae": 0.0416333720068891,
    "random_tree_2_r2": 0.05531985576100962,
    "mean_correlation_features_target": -0.0003619920462369919,
    "stdev_correlation_features_target": -0.0003619920462369919,
    "min_correlation_features_target": -0.10078290849924088,
    "max_correlation_features_target": 0.12163174152374268
}