{
    "nb_instances": 10081,
    "log_nb_instances": 9.218407743053941,
    "nb_features": 6,
    "dataset_dimensionality": 1680.1666666666667,
    "log_dataset_dimensionality": 7.4266482738258865,
    "dataset_ratio": 0.0005951790496974506,
    "nb_missing_vals": 0,
    "ratio_features_with_missing_vals": 0.0,
    "ratio_instances_with_missing_vals": 0.0,
    "nb_numeric_features": 6,
    "nb_categorical_features": 0,
    "ratio_numeric_categorical_features": 0.0,
    "ratio_categorical_numeric_features": 0.0,
    "mean__target": 0.08070755749940872,
    "stdev__target": 0.0529852956533432,
    "min__target": 0.0,
    "q1__target": 0.05774100124835968,
    "median__target": 0.07344300299882889,
    "q3__target": 0.08955000340938568,
    "max__target": 1.0,
    "mean_mean_numeric_features": 0.4893965423107147,
    "stdev_mean_numeric_features": 0.15141312777996063,
    "min_mean_numeric_features": 0.1705949753522873,
    "q1_mean_numeric_features": 0.4751410037279129,
    "median_mean_numeric_features": 0.5622980892658234,
    "q3_mean_numeric_features": 0.58610600233078,
    "max_mean_numeric_features": 0.6010574102401733,
    "mean_stdev_numeric_features": 0.1811208575963974,
    "stdev_stdev_numeric_features": 0.06221919134259224,
    "min_stdev_numeric_features": 0.05687091499567032,
    "q1_stdev_numeric_features": 0.16465924307703972,
    "median_stdev_numeric_features": 0.20414477586746216,
    "q3_stdev_numeric_features": 0.2220928631722927,
    "max_stdev_numeric_features": 0.24199160933494568,
    "mean_var_numeric_features": 0.036675985902547836,
    "stdev_var_numeric_features": 0.01854081265628338,
    "min_var_numeric_features": 0.0032343012280762196,
    "q1_var_numeric_features": 0.02760105626657605,
    "median_var_numeric_features": 0.04167654737830162,
    "q3_var_numeric_features": 0.04941865149885416,
    "max_var_numeric_features": 0.05855993926525116,
    "mean_min_numeric_features": 0.0,
    "stdev_min_numeric_features": 0.0,
    "min_min_numeric_features": 0.0,
    "q1_min_numeric_features": 0.0,
    "median_min_numeric_features": 0.0,
    "q3_min_numeric_features": 0.0,
    "max_min_numeric_features": 0.0,
    "mean_median_numeric_features": 0.5282827019691467,
    "stdev_median_numeric_features": 0.18552981317043304,
    "min_median_numeric_features": 0.16650700569152832,
    "q1_median_numeric_features": 0.47459349781274796,
    "median_median_numeric_features": 0.5679570138454437,
    "q3_median_numeric_features": 0.6679370254278183,
    "max_median_numeric_features": 0.7225390076637268,
    "mean_max_numeric_features": 1.0,
    "stdev_max_numeric_features": 0.0,
    "min_max_numeric_features": 1.0,
    "q1_max_numeric_features": 1.0,
    "median_max_numeric_features": 1.0,
    "q3_max_numeric_features": 1.0,
    "max_max_numeric_features": 1.0,
    "pca_1": 0.5495184162561202,
    "pca_2": 0.29816892740215917,
    "pca_3": 0.10068278078331112,
    "mean_cov_numeric_features": -0.00029096388607285917,
    "stdev_cov_numeric_features": 0.000818232714664191,
    "min_cov_numeric_features": -0.0017750097904354334,
    "q1_cov_numeric_features": -0.0005665084026986733,
    "median_cov_numeric_features": -0.00029733988776570186,
    "q3_cov_numeric_features": 0.0003887183738697786,
    "max_cov_numeric_features": 0.0006627331022173166,
    "mean_entropy_categorical_features": NaN,
    "stdev_entropy_categorical_features": NaN,
    "min_entropy_categorical_features": NaN,
    "median_entropy_categorical_features": NaN,
    "max_entropy_categorical_features": NaN,
    "knn_5_mse": 0.0005178880131875849,
    "knn_5_mae": 0.00993234569298842,
    "knn_5_r2": 0.8164772981236603,
    "decision_tree_3_mse": 0.0008543978517058326,
    "decision_tree_3_mae": 0.016393951538957806,
    "decision_tree_3_r2": 0.6996573486773459,
    "decision_tree_1_mse": 0.0014784836124920502,
    "decision_tree_1_mae": 0.022198131064934373,
    "decision_tree_1_r2": 0.4712292352299652,
    "random_tree_2_mse": 0.0013765135195128583,
    "random_tree_2_mae": 0.01930284264389053,
    "random_tree_2_r2": 0.5134970224205457,
    "mean_correlation_features_target": -0.09216437488794327,
    "stdev_correlation_features_target": 0.22712355852127075,
    "min_correlation_features_target": -0.5890248417854309,
    "q1_correlation_features_target": -0.04464261420071125,
    "median_correlation_features_target": -0.02574674878269434,
    "q3_correlation_features_target": 0.035664273891597986,
    "max_correlation_features_target": 0.08233867585659027
}