{
    "nb_instances": 2394,
    "log_nb_instances": 7.780720886117918,
    "nb_features": 7,
    "dataset_dimensionality": 342.0,
    "log_dataset_dimensionality": 5.834810737062605,
    "dataset_ratio": 0.0029239766081871343,
    "nb_missing_vals": 0,
    "ratio_features_with_missing_vals": 0.0,
    "ratio_instances_with_missing_vals": 0.0,
    "nb_numeric_features": 7,
    "nb_categorical_features": 0,
    "ratio_numeric_categorical_features": 0.0,
    "ratio_categorical_numeric_features": 0.0,
    "mean__target": 0.26778778433799744,
    "stdev__target": 0.15891008079051971,
    "min__target": 0.0,
    "q1__target": 0.1691877730190754,
    "median__target": 0.24685650318861008,
    "q3__target": 0.3180612251162529,
    "max__target": 1.0,
    "mean_mean_numeric_features": 0.5506256818771362,
    "stdev_mean_numeric_features": 0.12999652326107025,
    "min_mean_numeric_features": 0.28389403223991394,
    "q1_mean_numeric_features": 0.512672021985054,
    "median_mean_numeric_features": 0.5984667539596558,
    "q3_mean_numeric_features": 0.6394138932228088,
    "max_mean_numeric_features": 0.6678470969200134,
    "mean_stdev_numeric_features": 0.13758157193660736,
    "stdev_stdev_numeric_features": 0.043803825974464417,
    "min_stdev_numeric_features": 0.057689517736434937,
    "q1_stdev_numeric_features": 0.11509840190410614,
    "median_stdev_numeric_features": 0.13823655247688293,
    "q3_stdev_numeric_features": 0.16918349266052246,
    "max_stdev_numeric_features": 0.19858111441135406,
    "mean_var_numeric_features": 0.020847463980317116,
    "stdev_var_numeric_features": 0.011382997035980225,
    "min_var_numeric_features": 0.0033280805218964815,
    "q1_var_numeric_features": 0.013390577398240566,
    "median_var_numeric_features": 0.019109345972537994,
    "q3_var_numeric_features": 0.028639597818255424,
    "max_var_numeric_features": 0.03943445906043053,
    "mean_min_numeric_features": 0.0,
    "stdev_min_numeric_features": 0.0,
    "min_min_numeric_features": 0.0,
    "q1_min_numeric_features": 0.0,
    "median_min_numeric_features": 0.0,
    "q3_min_numeric_features": 0.0,
    "max_min_numeric_features": 0.0,
    "mean_median_numeric_features": 0.5559507608413696,
    "stdev_median_numeric_features": 0.14981019496917725,
    "min_median_numeric_features": 0.26399528980255127,
    "q1_median_numeric_features": 0.49862347543239594,
    "median_median_numeric_features": 0.6242690682411194,
    "q3_median_numeric_features": 0.6557501256465912,
    "max_median_numeric_features": 0.6946439743041992,
    "mean_max_numeric_features": 1.0,
    "stdev_max_numeric_features": 0.0,
    "min_max_numeric_features": 1.0,
    "q1_max_numeric_features": 1.0,
    "median_max_numeric_features": 1.0,
    "q3_max_numeric_features": 1.0,
    "max_max_numeric_features": 1.0,
    "pca_1": 0.5247301433795316,
    "pca_2": 0.231417323329094,
    "pca_3": 0.12939148377935994,
    "mean_cov_numeric_features": -0.0017866340931504965,
    "stdev_cov_numeric_features": 0.0033190802205353975,
    "min_cov_numeric_features": -0.007830344140529633,
    "q1_cov_numeric_features": -0.003089740697760135,
    "median_cov_numeric_features": -0.0017040165839716792,
    "q3_cov_numeric_features": -3.703119000419974e-05,
    "max_cov_numeric_features": 0.0032814659643918276,
    "mean_entropy_categorical_features": NaN,
    "stdev_entropy_categorical_features": NaN,
    "min_entropy_categorical_features": NaN,
    "median_entropy_categorical_features": NaN,
    "max_entropy_categorical_features": NaN,
    "knn_5_mse": 0.006610656749465333,
    "knn_5_mae": 0.049037684436079365,
    "knn_5_r2": 0.7328421099703812,
    "decision_tree_3_mse": 0.0192986266266263,
    "decision_tree_3_mae": 0.09514277406783397,
    "decision_tree_3_r2": 0.23495146434727776,
    "decision_tree_1_mse": 0.024070755425850465,
    "decision_tree_1_mae": 0.10797146885533207,
    "decision_tree_1_r2": 0.04427530581668848,
    "random_tree_2_mse": 0.02330227639850451,
    "random_tree_2_mae": 0.10463429468165174,
    "random_tree_2_r2": 0.07545946438243023,
    "mean_correlation_features_target": -0.07995833456516266,
    "stdev_correlation_features_target": 0.1407182216644287,
    "min_correlation_features_target": -0.2480851262807846,
    "q1_correlation_features_target": -0.2105724811553955,
    "median_correlation_features_target": -0.06492961943149567,
    "q3_correlation_features_target": 0.01255108043551445,
    "max_correlation_features_target": 0.1493491679430008
}