{
    "nb_instances": 6497,
    "log_nb_instances": 8.77909581088053,
    "nb_features": 11,
    "dataset_dimensionality": 590.6363636363636,
    "log_dataset_dimensionality": 6.381200538082161,
    "dataset_ratio": 0.0016930891180544866,
    "nb_missing_vals": 0,
    "ratio_features_with_missing_vals": 0.0,
    "ratio_instances_with_missing_vals": 0.0,
    "nb_numeric_features": 11,
    "nb_categorical_features": 0,
    "ratio_numeric_categorical_features": 0.0,
    "ratio_categorical_numeric_features": 0.0,
    "mean__target": 5.818377494812012,
    "stdev__target": 5.818377494812012,
    "min__target": 3.0,
    "q1__target": 5.0,
    "median__target": 6.0,
    "q3__target": 6.0,
    "max__target": 9.0,
    "mean_mean_numeric_features": 15.898096084594727,
    "stdev_mean_numeric_features": 15.898096084594727,
    "mean_stdev_numeric_features": 7.470525741577148,
    "stdev_stdev_numeric_features": 7.470525741577148,
    "mean_var_numeric_features": 321.4180908203125,
    "stdev_var_numeric_features": 321.4180908203125,
    "mean_min_numeric_features": 2.128737449645996,
    "stdev_min_numeric_features": 2.128737449645996,
    "mean_median_numeric_features": 15.69653606414795,
    "stdev_median_numeric_features": 15.69653606414795,
    "mean_max_numeric_features": 76.04545593261719,
    "stdev_max_numeric_features": 76.04545593261719,
    "mean_skew_numeric_features": 1.3634241819381714,
    "stdev_skew_numeric_features": 1.3634241819381714,
    "mean_kurtosis_numeric_features": 8.015583038330078,
    "stdev_kurtosis_numeric_features": 8.015583038330078,
    "pca_1": 0.9537582521264033,
    "pca_2": 0.04062775474915482,
    "pca_3": 0.004826250965739236,
    "mean_cov_numeric_features": -0.08975791186094284,
    "stdev_cov_numeric_features": -0.08975791186094284,
    "mean_entropy_categorical_features": NaN,
    "stdev_entropy_categorical_features": NaN,
    "decision_tree_1_mse": 0.6448639037451287,
    "decision_tree_1_mae": 0.6630759040252976,
    "decision_tree_1_r2": 0.1531826168100638,
    "decision_tree_2_mse": 0.5936735177849022,
    "decision_tree_2_mae": 0.6031407343385238,
    "decision_tree_2_r2": 0.22118886865775497,
    "random_tree_2_mse": 0.723635046396074,
    "random_tree_2_mae": 0.6408891450487838,
    "random_tree_2_r2": 0.05057409704703977,
    "mean_correlation_features_target": -0.025820689275860786,
    "stdev_correlation_features_target": -0.025820689275860786,
    "min_correlation_features_target": -0.30585789680480957,
    "max_correlation_features_target": 0.4443185329437256
}