{
    "nb_instances": 6435,
    "log_nb_instances": 8.769507120030227,
    "nb_features": 36,
    "dataset_dimensionality": 178.75,
    "log_dataset_dimensionality": 5.185988181574117,
    "dataset_ratio": 0.005594405594405594,
    "nb_missing_vals": 0,
    "ratio_features_with_missing_vals": 0.0,
    "ratio_instances_with_missing_vals": 0.0,
    "nb_numeric_features": 36,
    "nb_categorical_features": 0,
    "ratio_numeric_categorical_features": 0.0,
    "ratio_categorical_numeric_features": 0.0,
    "mean__target": 3.668686866760254,
    "stdev__target": 3.668686866760254,
    "min__target": 1.0,
    "q1__target": 2.0,
    "median__target": 3.0,
    "q3__target": 5.0,
    "max__target": 7.0,
    "mean_mean_numeric_features": 83.47183227539062,
    "stdev_mean_numeric_features": 83.47183227539062,
    "mean_stdev_numeric_features": 18.01306915283203,
    "stdev_stdev_numeric_features": 18.01306915283203,
    "mean_var_numeric_features": 336.0729064941406,
    "stdev_var_numeric_features": 336.0729064941406,
    "mean_min_numeric_features": 36.5,
    "stdev_min_numeric_features": 36.5,
    "mean_median_numeric_features": 83.5,
    "stdev_median_numeric_features": 83.5,
    "mean_max_numeric_features": 134.0833282470703,
    "stdev_max_numeric_features": 134.0833282470703,
    "mean_skew_numeric_features": 0.03985496982932091,
    "stdev_skew_numeric_features": 0.03985496982932091,
    "mean_kurtosis_numeric_features": -0.15398922562599182,
    "stdev_kurtosis_numeric_features": -0.15398922562599182,
    "pca_1": 0.4758751823886801,
    "pca_2": 0.3886138887758534,
    "pca_3": 0.03336535905799021,
    "mean_cov_numeric_features": -14.33004379272461,
    "stdev_cov_numeric_features": -14.33004379272461,
    "mean_entropy_categorical_features": NaN,
    "stdev_entropy_categorical_features": NaN,
    "decision_tree_1_mse": 2.385126556077389,
    "decision_tree_1_mae": 1.2574439911136754,
    "decision_tree_1_r2": 0.5128057798109158,
    "decision_tree_2_mse": 1.786856721992617,
    "decision_tree_2_mae": 0.978983749610384,
    "decision_tree_2_r2": 0.6351437649849037,
    "random_tree_2_mse": 2.1927299508077667,
    "random_tree_2_mae": 1.1598391337975595,
    "random_tree_2_r2": 0.5524960973447022,
    "mean_correlation_features_target": -0.3419944643974304,
    "stdev_correlation_features_target": -0.3419944643974304,
    "min_correlation_features_target": -0.7047991156578064,
    "max_correlation_features_target": 0.14470379054546356
}