{
    "nb_instances": 13750,
    "log_nb_instances": 9.528794103094718,
    "nb_features": 40,
    "dataset_dimensionality": 343.75,
    "log_dataset_dimensionality": 5.839914648980781,
    "dataset_ratio": 0.002909090909090909,
    "nb_missing_vals": 0,
    "ratio_features_with_missing_vals": 0.0,
    "ratio_instances_with_missing_vals": 0.0,
    "nb_numeric_features": 40,
    "nb_categorical_features": 0,
    "ratio_numeric_categorical_features": 0.0,
    "ratio_categorical_numeric_features": 0.0,
    "mean__target": -0.0008718690369278193,
    "stdev__target": -0.0008718690369278193,
    "min__target": -0.003599999938160181,
    "q1__target": -0.0010999999940395355,
    "median__target": -0.0007999999797903001,
    "q3__target": -0.0006000000284984708,
    "max__target": 0.0,
    "mean_mean_numeric_features": -0.8504005670547485,
    "stdev_mean_numeric_features": -0.8504005670547485,
    "mean_stdev_numeric_features": 7.591279029846191,
    "stdev_stdev_numeric_features": 7.591279029846191,
    "mean_var_numeric_features": 1712.5615234375,
    "stdev_var_numeric_features": 1712.5615234375,
    "mean_min_numeric_features": -29.324298858642578,
    "stdev_min_numeric_features": -29.324298858642578,
    "mean_median_numeric_features": -1.1077749729156494,
    "stdev_median_numeric_features": -1.1077749729156494,
    "mean_max_numeric_features": 28.49747657775879,
    "stdev_max_numeric_features": 28.49747657775879,
    "mean_skew_numeric_features": -4.557908058166504,
    "stdev_skew_numeric_features": -4.557908058166504,
    "mean_kurtosis_numeric_features": 916.8636474609375,
    "stdev_kurtosis_numeric_features": 916.8636474609375,
    "pca_1": 0.9884688123512864,
    "pca_2": 0.010047821771138554,
    "pca_3": 0.0012024151351014694,
    "mean_cov_numeric_features": -0.00014320711488835514,
    "stdev_cov_numeric_features": -0.00014320711488835514,
    "mean_entropy_categorical_features": NaN,
    "stdev_entropy_categorical_features": NaN,
    "decision_tree_1_mse": 1.0878245855632343e-07,
    "decision_tree_1_mae": 0.00024606062231403807,
    "decision_tree_1_r2": 0.3453980149881609,
    "decision_tree_2_mse": 8.764154407120765e-08,
    "decision_tree_2_mae": 0.00022484558687529404,
    "decision_tree_2_r2": 0.4727093736970348,
    "random_tree_2_mse": 1.0360839351416457e-07,
    "random_tree_2_mae": 0.0002540032006140838,
    "random_tree_2_r2": 0.37679442768670063,
    "mean_correlation_features_target": -0.2618926465511322,
    "stdev_correlation_features_target": -0.2618926465511322,
    "min_correlation_features_target": -0.6392696499824524,
    "max_correlation_features_target": 0.7030229568481445
}