{
    "nb_instances": 9822,
    "log_nb_instances": 9.19238004659919,
    "nb_features": 85,
    "dataset_dimensionality": 115.55294117647058,
    "log_dataset_dimensionality": 4.749728790108874,
    "dataset_ratio": 0.008654041946650377,
    "nb_missing_vals": 0,
    "ratio_features_with_missing_vals": 0.0,
    "ratio_instances_with_missing_vals": 0.0,
    "nb_numeric_features": 85,
    "nb_categorical_features": 0,
    "ratio_numeric_categorical_features": 0.0,
    "ratio_categorical_numeric_features": 0.0,
    "mean__target": 0.05966198444366455,
    "stdev__target": 0.2368595153093338,
    "min__target": 0.0,
    "q1__target": 0.0,
    "median__target": 0.0,
    "q3__target": 0.0,
    "max__target": 1.0,
    "mean_mean_numeric_features": 1.7514944076538086,
    "stdev_mean_numeric_features": 3.0169713497161865,
    "min_mean_numeric_features": 0.000916310294996947,
    "q1_mean_numeric_features": 0.023315006867051125,
    "median_mean_numeric_features": 0.7006719708442688,
    "q3_mean_numeric_features": 2.739462375640869,
    "max_mean_numeric_features": 24.253206253051758,
    "mean_stdev_numeric_features": 1.1553739309310913,
    "stdev_stdev_numeric_features": 1.5216083526611328,
    "min_stdev_numeric_features": 0.030258286744356155,
    "q1_stdev_numeric_features": 0.22362153232097626,
    "median_stdev_numeric_features": 0.8885180354118347,
    "q3_stdev_numeric_features": 1.7233773469924927,
    "max_stdev_numeric_features": 12.918057441711426,
    "mean_var_numeric_features": 3.6501803398132324,
    "stdev_var_numeric_features": 17.941328048706055,
    "min_var_numeric_features": 0.0009155638981610537,
    "q1_var_numeric_features": 0.05000659078359604,
    "median_var_numeric_features": 0.7894642949104309,
    "q3_var_numeric_features": 2.970029592514038,
    "max_var_numeric_features": 166.87620544433594,
    "mean_min_numeric_features": 0.07058823853731155,
    "stdev_min_numeric_features": 0.2561357915401459,
    "min_min_numeric_features": 0.0,
    "q1_min_numeric_features": 0.0,
    "median_min_numeric_features": 0.0,
    "q3_min_numeric_features": 0.0,
    "max_min_numeric_features": 1.0,
    "mean_median_numeric_features": 1.7882353067398071,
    "stdev_median_numeric_features": 3.6140060424804688,
    "min_median_numeric_features": 0.0,
    "q1_median_numeric_features": 0.0,
    "median_median_numeric_features": 0.0,
    "q3_median_numeric_features": 3.0,
    "max_median_numeric_features": 30.0,
    "mean_max_numeric_features": 7.199999809265137,
    "stdev_max_numeric_features": 4.593601703643799,
    "min_max_numeric_features": 1.0,
    "q1_max_numeric_features": 5.0,
    "median_max_numeric_features": 8.0,
    "q3_max_numeric_features": 9.0,
    "max_max_numeric_features": 41.0,
    "pca_1": 0.5948129708363197,
    "pca_2": 0.09624872665346564,
    "pca_3": 0.03896910365886042,
    "mean_cov_numeric_features": 0.0006313862977549434,
    "stdev_cov_numeric_features": 0.02918349578976631,
    "min_cov_numeric_features": -0.1858649104833603,
    "q1_cov_numeric_features": -0.0016517408657819033,
    "median_cov_numeric_features": 0.00025079341139644384,
    "q3_cov_numeric_features": 0.008547958917915821,
    "max_cov_numeric_features": 0.09485137462615967,
    "mean_entropy_categorical_features": NaN,
    "stdev_entropy_categorical_features": NaN,
    "min_entropy_categorical_features": NaN,
    "median_entropy_categorical_features": NaN,
    "max_entropy_categorical_features": NaN,
    "knn_5_mse": 0.06215047897994521,
    "knn_5_mae": 0.10496861255033602,
    "knn_5_r2": -0.11104110100869102,
    "decision_tree_3_mse": 0.05343738074614049,
    "decision_tree_3_mae": 0.10589428399995462,
    "decision_tree_3_r2": 0.04674576449354395,
    "decision_tree_1_mse": 0.05465690547246746,
    "decision_tree_1_mae": 0.10930513584021652,
    "decision_tree_1_r2": 0.02557570106153728,
    "random_tree_2_mse": 0.05452892688657561,
    "random_tree_2_mae": 0.10871893284853425,
    "random_tree_2_r2": 0.0275833924602866,
    "mean_correlation_features_target": 0.012588545680046082,
    "stdev_correlation_features_target": 0.04968754202127457,
    "min_correlation_features_target": -0.0848352387547493,
    "q1_correlation_features_target": -0.016949431970715523,
    "median_correlation_features_target": 0.006226458121091127,
    "q3_correlation_features_target": 0.04659267142415047,
    "max_correlation_features_target": 0.13705338537693024
}