{
    "nb_instances": 360,
    "log_nb_instances": 5.886104031450156,
    "nb_features": 90,
    "dataset_dimensionality": 4.0,
    "log_dataset_dimensionality": 1.3862943611198906,
    "dataset_ratio": 0.25,
    "nb_missing_vals": 0,
    "ratio_features_with_missing_vals": 0.0,
    "ratio_instances_with_missing_vals": 0.0,
    "nb_numeric_features": 90,
    "nb_categorical_features": 0,
    "ratio_numeric_categorical_features": 0.0,
    "ratio_categorical_numeric_features": 0.0,
    "mean__target": 8.0,
    "stdev__target": 8.0,
    "min__target": 1.0,
    "q1__target": 4.0,
    "median__target": 8.0,
    "q3__target": 12.0,
    "max__target": 15.0,
    "mean_mean_numeric_features": 0.511780321598053,
    "stdev_mean_numeric_features": 0.511780321598053,
    "mean_stdev_numeric_features": 0.176030233502388,
    "stdev_stdev_numeric_features": 0.176030233502388,
    "mean_var_numeric_features": 0.03139188885688782,
    "stdev_var_numeric_features": 0.03139188885688782,
    "mean_min_numeric_features": 0.08797552436590195,
    "stdev_min_numeric_features": 0.08797552436590195,
    "mean_median_numeric_features": 0.5162713527679443,
    "stdev_median_numeric_features": 0.5162713527679443,
    "mean_max_numeric_features": 0.8938315510749817,
    "stdev_max_numeric_features": 0.8938315510749817,
    "mean_skew_numeric_features": -0.1873815953731537,
    "stdev_skew_numeric_features": -0.1873815953731537,
    "mean_kurtosis_numeric_features": -0.7081788778305054,
    "stdev_kurtosis_numeric_features": -0.7081788778305054,
    "pca_1": 0.25096891494722573,
    "pca_2": 0.22059426021834433,
    "pca_3": 0.18093573650159137,
    "mean_cov_numeric_features": 0.042718902230262756,
    "stdev_cov_numeric_features": 0.042718902230262756,
    "mean_entropy_categorical_features": NaN,
    "stdev_entropy_categorical_features": NaN,
    "decision_tree_1_mse": 17.484792755778876,
    "decision_tree_1_mae": 3.4569094693163844,
    "decision_tree_1_r2": 0.06584474793663278,
    "decision_tree_2_mse": 14.685338740956094,
    "decision_tree_2_mae": 2.968017689760953,
    "decision_tree_2_r2": 0.20735730582297396,
    "random_tree_2_mse": 15.026224176514855,
    "random_tree_2_mae": 2.977856644927954,
    "random_tree_2_r2": 0.1903225639609584,
    "mean_correlation_features_target": 0.05809691920876503,
    "stdev_correlation_features_target": 0.05809691920876503,
    "min_correlation_features_target": -0.27579089999198914,
    "max_correlation_features_target": 0.37985655665397644
}