{
    "nb_instances": 2536,
    "log_nb_instances": 7.8383433155571165,
    "nb_features": 72,
    "dataset_dimensionality": 35.22222222222222,
    "log_dataset_dimensionality": 3.561677196541061,
    "dataset_ratio": 0.028391167192429023,
    "nb_missing_vals": 0,
    "ratio_features_with_missing_vals": 0.0,
    "ratio_instances_with_missing_vals": 0.0,
    "nb_numeric_features": 0,
    "nb_categorical_features": 72,
    "ratio_numeric_categorical_features": 0.0,
    "ratio_categorical_numeric_features": 0.0,
    "mean__target": 0.02878548949956894,
    "stdev__target": 0.02878548949956894,
    "min__target": 0.0,
    "q1__target": 0.0,
    "median__target": 0.0,
    "q3__target": 0.0,
    "max__target": 1.0,
    "mean_mean_numeric_features": 147.8806915283203,
    "stdev_mean_numeric_features": 147.8806915283203,
    "mean_stdev_numeric_features": 82.25489807128906,
    "stdev_stdev_numeric_features": 82.25489807128906,
    "mean_var_numeric_features": 19277.302734375,
    "stdev_var_numeric_features": 19277.302734375,
    "mean_min_numeric_features": 0.0,
    "stdev_min_numeric_features": 0.0,
    "mean_median_numeric_features": 150.8125,
    "stdev_median_numeric_features": 150.8125,
    "mean_max_numeric_features": 314.3888854980469,
    "stdev_max_numeric_features": 314.3888854980469,
    "mean_skew_numeric_features": 0.11570551991462708,
    "stdev_skew_numeric_features": 0.11570551991462708,
    "mean_kurtosis_numeric_features": -0.24993674457073212,
    "stdev_kurtosis_numeric_features": -0.24993674457073212,
    "pca_1": 0.27299139173051057,
    "pca_2": 0.19476741962365351,
    "pca_3": 0.127657513260865,
    "mean_cov_numeric_features": -0.21391047537326813,
    "stdev_cov_numeric_features": -0.21391047537326813,
    "mean_entropy_categorical_features": NaN,
    "stdev_entropy_categorical_features": NaN,
    "decision_tree_1_mse": 0.027457662213610835,
    "decision_tree_1_mae": 0.05441074320600924,
    "decision_tree_1_r2": 0.016817411372342633,
    "decision_tree_2_mse": 0.026818487151437344,
    "decision_tree_2_mae": 0.05052481097945428,
    "decision_tree_2_r2": 0.024613466182779903,
    "random_tree_2_mse": 0.026507713816174963,
    "random_tree_2_mae": 0.052446394276543795,
    "random_tree_2_r2": 0.04888261649689171,
    "mean_correlation_features_target": -0.006442457437515259,
    "stdev_correlation_features_target": -0.006442457437515259,
    "min_correlation_features_target": -0.13192269206047058,
    "max_correlation_features_target": 0.14655889570713043
}