{
    "nb_instances": 8192,
    "log_nb_instances": 9.010913347279288,
    "nb_features": 32,
    "dataset_dimensionality": 256.0,
    "log_dataset_dimensionality": 5.545177444479562,
    "dataset_ratio": 0.00390625,
    "nb_missing_vals": 0,
    "ratio_features_with_missing_vals": 0.0,
    "ratio_instances_with_missing_vals": 0.0,
    "nb_numeric_features": 32,
    "nb_categorical_features": 0,
    "ratio_numeric_categorical_features": 0.0,
    "ratio_categorical_numeric_features": 0.0,
    "mean__target": 0.0004371812683530152,
    "stdev__target": 0.0004371812683530152,
    "min__target": -0.08666100353002548,
    "q1__target": -0.018028249964118004,
    "median__target": 0.0002620000159367919,
    "q3__target": 0.01862974977120757,
    "max__target": 0.0898049995303154,
    "mean_mean_numeric_features": 0.6606090068817139,
    "stdev_mean_numeric_features": 0.6606090068817139,
    "mean_stdev_numeric_features": 7.586923122406006,
    "stdev_stdev_numeric_features": 7.586923122406006,
    "mean_var_numeric_features": 294.4555969238281,
    "stdev_var_numeric_features": 294.4555969238281,
    "mean_min_numeric_features": -12.481346130371094,
    "stdev_min_numeric_features": -12.481346130371094,
    "mean_median_numeric_features": 0.69090336561203,
    "stdev_median_numeric_features": 0.69090336561203,
    "mean_max_numeric_features": 13.771668434143066,
    "stdev_max_numeric_features": 13.771668434143066,
    "mean_skew_numeric_features": -0.0026872989255934954,
    "stdev_skew_numeric_features": -0.0026872989255934954,
    "mean_kurtosis_numeric_features": -1.196848750114441,
    "stdev_kurtosis_numeric_features": -1.196848750114441,
    "pca_1": 0.20461593668641564,
    "pca_2": 0.20298470470544877,
    "pca_3": 0.19862308113181187,
    "mean_cov_numeric_features": -0.019282523542642593,
    "stdev_cov_numeric_features": -0.019282523542642593,
    "mean_entropy_categorical_features": NaN,
    "stdev_entropy_categorical_features": NaN,
    "decision_tree_1_mse": 0.0007688011915704628,
    "decision_tree_1_mae": 0.022154175233843876,
    "decision_tree_1_r2": 0.15967626541388238,
    "decision_tree_2_mse": 0.0006274396542141256,
    "decision_tree_2_mae": 0.019794849977794012,
    "decision_tree_2_r2": 0.31422414691262945,
    "random_tree_2_mse": 0.0007291410898478033,
    "random_tree_2_mae": 0.021574945122252703,
    "random_tree_2_r2": 0.20346524386953946,
    "mean_correlation_features_target": -0.015765707939863205,
    "stdev_correlation_features_target": -0.015765707939863205,
    "min_correlation_features_target": -0.4686770439147949,
    "max_correlation_features_target": 0.01585935428738594
}