{
    "nb_instances": 1994,
    "log_nb_instances": 7.597897950521784,
    "nb_features": 127,
    "dataset_dimensionality": 15.700787401574804,
    "log_dataset_dimensionality": 2.7537108640631924,
    "dataset_ratio": 0.06369107321965897,
    "nb_missing_vals": 39202,
    "ratio_features_with_missing_vals": 0.012537612838515547,
    "ratio_instances_with_missing_vals": 0.9383149448345035,
    "nb_numeric_features": 126,
    "nb_categorical_features": 0,
    "ratio_numeric_categorical_features": 0.0,
    "ratio_categorical_numeric_features": 0.0,
    "mean__target": 0.23797892034053802,
    "stdev__target": 0.23797892034053802,
    "min__target": 0.0,
    "q1__target": 0.07000000029802322,
    "median__target": 0.15000000596046448,
    "q3__target": 0.33000001311302185,
    "max__target": 1.0,
    "mean_mean_numeric_features": 369.08795166015625,
    "stdev_mean_numeric_features": 369.08795166015625,
    "mean_stdev_numeric_features": 202.10186767578125,
    "stdev_stdev_numeric_features": 202.10186767578125,
    "mean_var_numeric_features": 4886040.0,
    "stdev_var_numeric_features": 4886040.0,
    "mean_min_numeric_features": 8.106929779052734,
    "stdev_min_numeric_features": 8.106929779052734,
    "mean_median_numeric_features": 383.96600341796875,
    "stdev_median_numeric_features": 383.96600341796875,
    "mean_max_numeric_features": 766.9615478515625,
    "stdev_max_numeric_features": 766.9615478515625,
    "mean_skew_numeric_features": 0.9360687136650085,
    "stdev_skew_numeric_features": 0.9360687136650085,
    "mean_kurtosis_numeric_features": 4.0029497146606445,
    "stdev_kurtosis_numeric_features": 4.0029497146606445,
    "pca_1": 0.9999260063784803,
    "pca_2": 5.893089440097952e-05,
    "pca_3": 1.4828883685334659e-05,
    "mean_cov_numeric_features": -9.369891166687012,
    "stdev_cov_numeric_features": -9.369891166687012,
    "mean_entropy_categorical_features": NaN,
    "stdev_entropy_categorical_features": NaN,
    "decision_tree_1_mse": 0.04431973704454155,
    "decision_tree_1_mae": 0.17231922873350553,
    "decision_tree_1_r2": 0.33222701316372993,
    "decision_tree_2_mse": 0.029457503402710375,
    "decision_tree_2_mae": 0.12993888777418025,
    "decision_tree_2_r2": 0.5896282247256444,
    "random_tree_2_mse": 0.029067691514379386,
    "random_tree_2_mae": 0.1334634216700271,
    "random_tree_2_r2": 0.5841844870073846,
    "mean_correlation_features_target": 0.0792374387383461,
    "stdev_correlation_features_target": 0.0792374387383461,
    "min_correlation_features_target": -0.8589118719100952,
    "max_correlation_features_target": 0.8332505226135254
}