{
    "nb_instances": 40768,
    "log_nb_instances": 10.615652738931836,
    "nb_features": 10,
    "dataset_dimensionality": 4076.8,
    "log_dataset_dimensionality": 8.313067645937789,
    "dataset_ratio": 0.0002452904238618524,
    "nb_missing_vals": 0,
    "ratio_features_with_missing_vals": 0.0,
    "ratio_instances_with_missing_vals": 0.0,
    "nb_numeric_features": 7,
    "nb_categorical_features": 3,
    "ratio_numeric_categorical_features": 2.3333333333333335,
    "ratio_categorical_numeric_features": 0.42857142857142855,
    "mean__target": -8.856154441833496,
    "stdev__target": -8.856154441833496,
    "min__target": -41.822200775146484,
    "q1__target": -16.469075679779053,
    "median__target": -5.020515441894531,
    "q3__target": 0.062009574845433235,
    "max__target": 2.4997799396514893,
    "mean_mean_numeric_features": 137.26217651367188,
    "stdev_mean_numeric_features": 137.26217651367188,
    "mean_stdev_numeric_features": 19.364978790283203,
    "stdev_stdev_numeric_features": 19.364978790283203,
    "mean_var_numeric_features": 1679.4769287109375,
    "stdev_var_numeric_features": 1679.4769287109375,
    "mean_min_numeric_features": 103.41590881347656,
    "stdev_min_numeric_features": 103.41590881347656,
    "mean_median_numeric_features": 137.2763671875,
    "stdev_median_numeric_features": 137.2763671875,
    "mean_max_numeric_features": 171.48789978027344,
    "stdev_max_numeric_features": 171.48789978027344,
    "mean_skew_numeric_features": 0.36957117915153503,
    "stdev_skew_numeric_features": 0.36957117915153503,
    "mean_kurtosis_numeric_features": -0.9711582064628601,
    "stdev_kurtosis_numeric_features": -0.9711582064628601,
    "pca_1": 0.791191755559716,
    "pca_2": 0.20061636537583002,
    "pca_3": 0.007238808856946048,
    "mean_cov_numeric_features": 10.511048316955566,
    "stdev_cov_numeric_features": 10.511048316955566,
    "mean_entropy_categorical_features": NaN,
    "stdev_entropy_categorical_features": NaN,
    "decision_tree_1_mse": 64.24004661648172,
    "decision_tree_1_mae": 6.19051404390112,
    "decision_tree_1_r2": 0.4081364580789966,
    "decision_tree_2_mse": 21.078508584872992,
    "decision_tree_2_mae": 3.5339333054381035,
    "decision_tree_2_r2": 0.8057799502165581,
    "random_tree_2_mse": 54.163578625660236,
    "random_tree_2_mae": 5.268790981292698,
    "random_tree_2_r2": 0.5011155378002574,
    "mean_correlation_features_target": 0.24766965210437775,
    "stdev_correlation_features_target": 0.24766965210437775,
    "min_correlation_features_target": -0.0052173202857375145,
    "max_correlation_features_target": 0.7371766567230225
}