{
    "nb_instances": 40768,
    "log_nb_instances": 10.615652738931836,
    "nb_features": 10,
    "dataset_dimensionality": 4076.8,
    "log_dataset_dimensionality": 8.313067645937789,
    "dataset_ratio": 0.0002452904238618524,
    "nb_missing_vals": 0,
    "ratio_features_with_missing_vals": 0.0,
    "ratio_instances_with_missing_vals": 0.0,
    "nb_numeric_features": 7,
    "nb_categorical_features": 3,
    "ratio_numeric_categorical_features": 2.3333333333333335,
    "ratio_categorical_numeric_features": 0.42857142857142855,
    "mean__target": -8.856154441833496,
    "stdev__target": 10.419984817504883,
    "min__target": -41.822200775146484,
    "q1__target": -16.469075679779053,
    "median__target": -5.020515203475952,
    "q3__target": 0.062009574845433235,
    "max__target": 2.4997799396514893,
    "mean_mean_numeric_features": 195.93714904785156,
    "stdev_mean_numeric_features": 383.9068298339844,
    "min_mean_numeric_features": -12.497746467590332,
    "q1_mean_numeric_features": -7.71769380569458,
    "median_mean_numeric_features": -0.003479216480627656,
    "q3_mean_numeric_features": 149.61283565312624,
    "max_mean_numeric_features": 1100.27099609375,
    "mean_stdev_numeric_features": 27.437454223632812,
    "stdev_stdev_numeric_features": 40.57477951049805,
    "min_stdev_numeric_features": 0.5769760012626648,
    "q1_stdev_numeric_features": 2.168211042881012,
    "median_stdev_numeric_features": 3.023416042327881,
    "q3_stdev_numeric_features": 34.42616319656372,
    "max_stdev_numeric_features": 115.27304077148438,
    "mean_var_numeric_features": 2399.126708984375,
    "stdev_var_numeric_features": 4592.5859375,
    "min_var_numeric_features": 0.3329012989997864,
    "q1_var_numeric_features": 5.22567343711853,
    "median_var_numeric_features": 9.141044616699219,
    "q3_var_numeric_features": 1743.0438079833984,
    "max_var_numeric_features": 13287.873046875,
    "mean_min_numeric_features": 147.7370147705078,
    "stdev_min_numeric_features": 350.28985595703125,
    "min_min_numeric_features": -37.35150146484375,
    "q1_min_numeric_features": -11.249784708023071,
    "median_min_numeric_features": -4.999889850616455,
    "q3_min_numeric_features": 49.505027055740356,
    "max_min_numeric_features": 1000.0,
    "mean_median_numeric_features": 196.10910034179688,
    "stdev_median_numeric_features": 384.11212158203125,
    "min_median_numeric_features": -12.489299774169922,
    "q1_median_numeric_features": -7.4707350730896,
    "median_median_numeric_features": -0.02642514929175377,
    "q3_median_numeric_features": 149.610434952192,
    "max_median_numeric_features": 1101.0,
    "mean_max_numeric_features": 244.41128540039062,
    "stdev_max_numeric_features": 426.30096435546875,
    "min_max_numeric_features": -10.000399589538574,
    "q1_max_numeric_features": 1.7498190104961395,
    "median_max_numeric_features": 4.999569892883301,
    "q3_max_numeric_features": 256.1901001930237,
    "max_max_numeric_features": 1200.0,
    "pca_1": 0.791233392494709,
    "pca_2": 0.20062691956865378,
    "pca_3": 0.00723915768781323,
    "mean_cov_numeric_features": 14.638162612915039,
    "stdev_cov_numeric_features": 28.59716796875,
    "min_cov_numeric_features": -4.969082832336426,
    "q1_cov_numeric_features": -0.4810905456542969,
    "median_cov_numeric_features": 2.179091691970825,
    "q3_cov_numeric_features": 11.604341745376587,
    "max_cov_numeric_features": 83.01062774658203,
    "mean_entropy_categorical_features": 0.6943308711051941,
    "stdev_entropy_categorical_features": 0.15748246014118195,
    "min_entropy_categorical_features": 0.5594059824943542,
    "median_entropy_categorical_features": 0.6083411574363708,
    "max_entropy_categorical_features": 0.9152453541755676,
    "knn_5_mse": NaN,
    "knn_5_mae": NaN,
    "knn_5_r2": NaN,
    "decision_tree_3_mse": NaN,
    "decision_tree_3_mae": NaN,
    "decision_tree_3_r2": NaN,
    "decision_tree_1_mse": NaN,
    "decision_tree_1_mae": NaN,
    "decision_tree_1_r2": NaN,
    "random_tree_2_mse": NaN,
    "random_tree_2_mae": NaN,
    "random_tree_2_r2": NaN,
    "mean_correlation_features_target": 0.27570462226867676,
    "stdev_correlation_features_target": 0.25523093342781067,
    "min_correlation_features_target": -0.004136909730732441,
    "q1_correlation_features_target": 0.04322000895626843,
    "median_correlation_features_target": 0.26140567660331726,
    "q3_correlation_features_target": 0.42452339828014374,
    "max_correlation_features_target": 0.7371766567230225
}