{
    "nb_instances": 4450,
    "log_nb_instances": 8.400659375160286,
    "nb_features": 202,
    "dataset_dimensionality": 22.02970297029703,
    "log_dataset_dimensionality": 3.092391677759081,
    "dataset_ratio": 0.045393258426966294,
    "nb_missing_vals": 0,
    "ratio_features_with_missing_vals": 0.0,
    "ratio_instances_with_missing_vals": 0.0,
    "nb_numeric_features": 202,
    "nb_categorical_features": 0,
    "ratio_numeric_categorical_features": 0.0,
    "ratio_categorical_numeric_features": 0.0,
    "mean__target": 0.3997083306312561,
    "stdev__target": 0.16937343776226044,
    "min__target": 0.0,
    "q1__target": 0.27344799041748047,
    "median__target": 0.38969600200653076,
    "q3__target": 0.5161827355623245,
    "max__target": 1.0,
    "mean_mean_numeric_features": 0.26541784405708313,
    "stdev_mean_numeric_features": 0.21130792796611786,
    "min_mean_numeric_features": 0.002528583165258169,
    "q1_mean_numeric_features": 0.10014431923627853,
    "median_mean_numeric_features": 0.22352884709835052,
    "q3_mean_numeric_features": 0.3613090440630913,
    "max_mean_numeric_features": 0.9452029466629028,
    "mean_stdev_numeric_features": 0.10965964198112488,
    "stdev_stdev_numeric_features": 0.04521162807941437,
    "min_stdev_numeric_features": 0.015740064904093742,
    "q1_stdev_numeric_features": 0.08940535597503185,
    "median_stdev_numeric_features": 0.11514714732766151,
    "q3_stdev_numeric_features": 0.1387563720345497,
    "max_stdev_numeric_features": 0.414899080991745,
    "mean_var_numeric_features": 0.014069329015910625,
    "stdev_var_numeric_features": 0.01357216015458107,
    "min_var_numeric_features": 0.0002477496745996177,
    "q1_var_numeric_features": 0.007993348641321063,
    "median_var_numeric_features": 0.013258866034448147,
    "q3_var_numeric_features": 0.019253334496170282,
    "max_var_numeric_features": 0.17214123904705048,
    "mean_min_numeric_features": 0.0,
    "stdev_min_numeric_features": 0.0,
    "min_min_numeric_features": 0.0,
    "q1_min_numeric_features": 0.0,
    "median_min_numeric_features": 0.0,
    "q3_min_numeric_features": 0.0,
    "max_min_numeric_features": 0.0,
    "mean_median_numeric_features": 0.24985121190547943,
    "stdev_median_numeric_features": 0.22216369211673737,
    "min_median_numeric_features": 0.0,
    "q1_median_numeric_features": 0.07300650142133236,
    "median_median_numeric_features": 0.20389650017023087,
    "q3_median_numeric_features": 0.34973588585853577,
    "max_median_numeric_features": 0.9465824961662292,
    "mean_max_numeric_features": 1.0,
    "stdev_max_numeric_features": 0.0,
    "min_max_numeric_features": 1.0,
    "q1_max_numeric_features": 1.0,
    "median_max_numeric_features": 1.0,
    "q3_max_numeric_features": 1.0,
    "max_max_numeric_features": 1.0,
    "pca_1": 0.3568892740473404,
    "pca_2": 0.14515024386492406,
    "pca_3": 0.08823245550065074,
    "mean_cov_numeric_features": 0.0016111481236293912,
    "stdev_cov_numeric_features": 0.00328476307913661,
    "min_cov_numeric_features": -0.0077836052514612675,
    "q1_cov_numeric_features": 6.581931120308582e-05,
    "median_cov_numeric_features": 0.0015370829496532679,
    "q3_cov_numeric_features": 0.003945579985156655,
    "max_cov_numeric_features": 0.012341175228357315,
    "mean_entropy_categorical_features": NaN,
    "stdev_entropy_categorical_features": NaN,
    "min_entropy_categorical_features": NaN,
    "median_entropy_categorical_features": NaN,
    "max_entropy_categorical_features": NaN,
    "knn_5_mse": 0.017289612347589047,
    "knn_5_mae": 0.10105111314149488,
    "knn_5_r2": 0.39682091618219834,
    "decision_tree_3_mse": 0.021126741114915686,
    "decision_tree_3_mae": 0.11628174024068454,
    "decision_tree_3_r2": 0.2623567849135545,
    "decision_tree_1_mse": 0.024608807675005888,
    "decision_tree_1_mae": 0.12710414247886442,
    "decision_tree_1_r2": 0.14148622157346724,
    "random_tree_2_mse": 0.02423630379831629,
    "random_tree_2_mae": 0.12595482367516242,
    "random_tree_2_r2": 0.15468344333055803,
    "mean_correlation_features_target": 0.0840742215514183,
    "stdev_correlation_features_target": 0.14821894466876984,
    "min_correlation_features_target": -0.30665016174316406,
    "q1_correlation_features_target": 0.010592758189886808,
    "median_correlation_features_target": 0.10532918199896812,
    "q3_correlation_features_target": 0.17693233862519264,
    "max_correlation_features_target": 0.4128255844116211
}