{
    "nb_instances": 158,
    "log_nb_instances": 5.062595033026967,
    "nb_features": 10,
    "dataset_dimensionality": 15.8,
    "log_dataset_dimensionality": 2.760009940032921,
    "dataset_ratio": 0.06329113924050633,
    "nb_missing_vals": 0,
    "ratio_features_with_missing_vals": 0.0,
    "ratio_instances_with_missing_vals": 0.0,
    "nb_numeric_features": 9,
    "nb_categorical_features": 1,
    "ratio_numeric_categorical_features": 9.0,
    "ratio_categorical_numeric_features": 0.1111111111111111,
    "mean__target": 5.375733852386475,
    "stdev__target": 1.1413809061050415,
    "min__target": 2.8389999866485596,
    "q1__target": 4.526000142097473,
    "median__target": 5.232499837875366,
    "q3__target": 6.243750095367432,
    "max__target": 7.586999893188477,
    "mean_mean_numeric_features": 9.43525505065918,
    "stdev_mean_numeric_features": 24.776308059692383,
    "min_mean_numeric_features": 0.0478847473859787,
    "q1_mean_numeric_features": 0.2372955083847046,
    "median_mean_numeric_features": 0.6302593946456909,
    "q3_mean_numeric_features": 0.9910459518432617,
    "max_mean_numeric_features": 79.49366760253906,
    "mean_stdev_numeric_features": 5.293893814086914,
    "stdev_stdev_numeric_features": 14.305755615234375,
    "min_stdev_numeric_features": 0.01714617945253849,
    "q1_stdev_numeric_features": 0.12668493390083313,
    "median_stdev_numeric_features": 0.24707776308059692,
    "q3_stdev_numeric_features": 0.4031207859516144,
    "max_stdev_numeric_features": 45.754364013671875,
    "mean_var_numeric_features": 232.67990112304688,
    "stdev_var_numeric_features": 657.8856811523438,
    "min_var_numeric_features": 0.00029399144113995135,
    "q1_var_numeric_features": 0.01604907214641571,
    "median_var_numeric_features": 0.061047423630952835,
    "q3_var_numeric_features": 0.1625063568353653,
    "max_var_numeric_features": 2093.461669921875,
    "mean_min_numeric_features": 0.14967332780361176,
    "stdev_min_numeric_features": 0.31740042567253113,
    "min_min_numeric_features": 0.0,
    "q1_min_numeric_features": 0.0,
    "median_min_numeric_features": 0.0,
    "q3_min_numeric_features": 0.018479999154806137,
    "max_min_numeric_features": 1.0,
    "mean_median_numeric_features": 9.448297500610352,
    "stdev_median_numeric_features": 24.774160385131836,
    "min_median_numeric_features": 0.04394000023603439,
    "q1_median_numeric_features": 0.21613000333309174,
    "median_median_numeric_features": 0.6967049837112427,
    "q3_median_numeric_features": 1.0295100212097168,
    "max_median_numeric_features": 79.5,
    "mean_max_numeric_features": 18.652721405029297,
    "stdev_max_numeric_features": 49.275794982910156,
    "min_max_numeric_features": 0.13693000376224518,
    "q1_max_numeric_features": 0.669730007648468,
    "median_max_numeric_features": 1.02524995803833,
    "q3_max_numeric_features": 1.6904200315475464,
    "max_max_numeric_features": 158.0,
    "pca_1": 0.9998130529625228,
    "pca_2": 0.00013239361212533465,
    "pca_3": 2.13409568519408e-05,
    "mean_cov_numeric_features": -5.6297807693481445,
    "stdev_cov_numeric_features": 16.386194229125977,
    "min_cov_numeric_features": -51.97561264038086,
    "q1_cov_numeric_features": 0.026156200096011162,
    "median_cov_numeric_features": 0.09804181754589081,
    "q3_cov_numeric_features": 0.2309691160917282,
    "max_cov_numeric_features": 0.360476016998291,
    "mean_entropy_categorical_features": 1.9994378089904785,
    "stdev_entropy_categorical_features": 0.0,
    "min_entropy_categorical_features": 1.9994378089904785,
    "median_entropy_categorical_features": 1.9994378089904785,
    "max_entropy_categorical_features": 1.9994378089904785,
    "knn_5_mse": NaN,
    "knn_5_mae": NaN,
    "knn_5_r2": NaN,
    "decision_tree_3_mse": NaN,
    "decision_tree_3_mae": NaN,
    "decision_tree_3_r2": NaN,
    "decision_tree_1_mse": NaN,
    "decision_tree_1_mae": NaN,
    "decision_tree_1_r2": NaN,
    "random_tree_2_mse": NaN,
    "random_tree_2_mae": NaN,
    "random_tree_2_r2": NaN,
    "mean_correlation_features_target": 0.3056236207485199,
    "stdev_correlation_features_target": 0.5427164435386658,
    "min_correlation_features_target": -0.9921053051948547,
    "q1_correlation_features_target": 0.18031851947307587,
    "median_correlation_features_target": 0.530473530292511,
    "q3_correlation_features_target": 0.7241995930671692,
    "max_correlation_features_target": 0.7809655070304871
}