{
    "nb_instances": 2225,
    "log_nb_instances": 7.707512194600341,
    "nb_features": 6,
    "dataset_dimensionality": 370.8333333333333,
    "log_dataset_dimensionality": 5.915752725372285,
    "dataset_ratio": 0.002696629213483146,
    "nb_missing_vals": 0,
    "ratio_features_with_missing_vals": 0.0,
    "ratio_instances_with_missing_vals": 0.0,
    "nb_numeric_features": 5,
    "nb_categorical_features": 1,
    "ratio_numeric_categorical_features": 5.0,
    "ratio_categorical_numeric_features": 0.2,
    "mean__target": 340.1422424316406,
    "stdev__target": 17.000062942504883,
    "min__target": 313.0,
    "q1__target": 324.79998779296875,
    "median__target": 338.29998779296875,
    "q3__target": 354.79998779296875,
    "max__target": 373.8999938964844,
    "mean_mean_numeric_features": 401.6273193359375,
    "stdev_mean_numeric_features": 789.2154541015625,
    "min_mean_numeric_features": 0.0,
    "q1_mean_numeric_features": 5.8161797523498535,
    "median_mean_numeric_features": 6.568988800048828,
    "q3_mean_numeric_features": 15.725393295288086,
    "max_mean_numeric_features": 1980.026123046875,
    "mean_stdev_numeric_features": 5.225090026855469,
    "stdev_stdev_numeric_features": 4.708153247833252,
    "min_stdev_numeric_features": 0.0,
    "q1_stdev_numeric_features": 1.381698489189148,
    "median_stdev_numeric_features": 3.451596260070801,
    "q3_stdev_numeric_features": 8.79664421081543,
    "max_stdev_numeric_features": 12.495512008666992,
    "mean_var_numeric_features": 49.46826934814453,
    "stdev_var_numeric_features": 60.459659576416016,
    "min_var_numeric_features": 0.0,
    "q1_var_numeric_features": 1.9090906381607056,
    "median_var_numeric_features": 11.9135160446167,
    "q3_var_numeric_features": 77.38094329833984,
    "max_var_numeric_features": 156.13780212402344,
    "mean_min_numeric_features": 392.20001220703125,
    "stdev_min_numeric_features": 782.900146484375,
    "min_min_numeric_features": 0.0,
    "q1_min_numeric_features": 1.0,
    "median_min_numeric_features": 1.0,
    "q3_min_numeric_features": 1.0,
    "max_min_numeric_features": 1958.0,
    "mean_median_numeric_features": 401.79998779296875,
    "stdev_median_numeric_features": 789.1165161132812,
    "min_median_numeric_features": 0.0,
    "q1_median_numeric_features": 6.0,
    "median_median_numeric_features": 7.0,
    "q3_median_numeric_features": 16.0,
    "max_median_numeric_features": 1980.0,
    "mean_max_numeric_features": 410.20001220703125,
    "stdev_max_numeric_features": 795.466552734375,
    "min_max_numeric_features": 0.0,
    "q1_max_numeric_features": 7.0,
    "median_max_numeric_features": 12.0,
    "q3_max_numeric_features": 31.0,
    "max_max_numeric_features": 2001.0,
    "pca_1": 0.6315192920757198,
    "pca_2": 0.3128580802671645,
    "pca_3": 0.04823171908082916,
    "mean_cov_numeric_features": 42.020652770996094,
    "stdev_cov_numeric_features": 84.01754760742188,
    "min_cov_numeric_features": -4.13335657119751,
    "q1_cov_numeric_features": 0.0,
    "median_cov_numeric_features": 0.07761377096176147,
    "q3_cov_numeric_features": 4.185647010803223,
    "max_cov_numeric_features": 209.97335815429688,
    "mean_entropy_categorical_features": 0.0,
    "stdev_entropy_categorical_features": 0.0,
    "min_entropy_categorical_features": 0.0,
    "median_entropy_categorical_features": 0.0,
    "max_entropy_categorical_features": 0.0,
    "knn_5_mse": NaN,
    "knn_5_mae": NaN,
    "knn_5_r2": NaN,
    "decision_tree_3_mse": NaN,
    "decision_tree_3_mae": NaN,
    "decision_tree_3_r2": NaN,
    "decision_tree_1_mse": NaN,
    "decision_tree_1_mae": NaN,
    "decision_tree_1_r2": NaN,
    "random_tree_2_mse": NaN,
    "random_tree_2_mae": NaN,
    "random_tree_2_r2": NaN,
    "mean_correlation_features_target": 0.2741219699382782,
    "stdev_correlation_features_target": 0.4221210479736328,
    "min_correlation_features_target": -0.07042627781629562,
    "q1_correlation_features_target": -0.017217403452377766,
    "median_correlation_features_target": 0.08933759469073266,
    "q3_correlation_features_target": 0.3806769885122776,
    "max_correlation_features_target": 0.988239049911499
}