{
    "nb_instances": 1307,
    "log_nb_instances": 7.175489713624222,
    "nb_features": 7,
    "dataset_dimensionality": 186.71428571428572,
    "log_dataset_dimensionality": 5.229579564568908,
    "dataset_ratio": 0.005355776587605203,
    "nb_missing_vals": 0,
    "ratio_features_with_missing_vals": 0.0,
    "ratio_instances_with_missing_vals": 0.0,
    "nb_numeric_features": 7,
    "nb_categorical_features": 0,
    "ratio_numeric_categorical_features": 0.0,
    "ratio_categorical_numeric_features": 0.0,
    "mean__target": 33.209590911865234,
    "stdev__target": 51.728965759277344,
    "min__target": 0.0,
    "q1__target": 7.8958001136779785,
    "median__target": 14.45419979095459,
    "q3__target": 31.274999618530273,
    "max__target": 512.3292236328125,
    "mean_mean_numeric_features": 4.96597146987915,
    "stdev_mean_numeric_features": 10.02894401550293,
    "min_mean_numeric_features": 0.2601377069950104,
    "q1_mean_numeric_features": 0.37031368911266327,
    "median_mean_numeric_features": 0.49961745738983154,
    "q3_mean_numeric_features": 1.8947972655296326,
    "max_mean_numeric_features": 29.471820831298828,
    "mean_stdev_numeric_features": 2.4798715114593506,
    "stdev_stdev_numeric_features": 4.25120735168457,
    "min_stdev_numeric_features": 0.43887749314308167,
    "q1_stdev_numeric_features": 0.6466627568006516,
    "median_stdev_numeric_features": 0.8369423747062683,
    "q3_stdev_numeric_features": 0.9541820585727692,
    "max_stdev_numeric_features": 12.881591796875,
    "mean_var_numeric_features": 24.222532272338867,
    "stdev_var_numeric_features": 57.85475158691406,
    "min_var_numeric_features": 0.19261345267295837,
    "q1_var_numeric_features": 0.4463842362165451,
    "median_var_numeric_features": 0.7004725337028503,
    "q3_var_numeric_features": 0.9182233810424805,
    "max_var_numeric_features": 165.93540954589844,
    "mean_min_numeric_features": 0.167142853140831,
    "stdev_min_numeric_features": 0.34503477811813354,
    "min_min_numeric_features": 0.0,
    "q1_min_numeric_features": 0.0,
    "median_min_numeric_features": 0.0,
    "q3_min_numeric_features": 0.08500000089406967,
    "max_min_numeric_features": 1.0,
    "mean_median_numeric_features": 4.714285850524902,
    "stdev_median_numeric_features": 9.572494506835938,
    "min_median_numeric_features": 0.0,
    "q1_median_numeric_features": 0.0,
    "median_median_numeric_features": 0.0,
    "q3_median_numeric_features": 2.5,
    "max_median_numeric_features": 28.0,
    "mean_max_numeric_features": 14.857142448425293,
    "stdev_max_numeric_features": 26.765804290771484,
    "min_max_numeric_features": 1.0,
    "q1_max_numeric_features": 1.5,
    "median_max_numeric_features": 3.0,
    "q3_max_numeric_features": 8.5,
    "max_max_numeric_features": 80.0,
    "pca_1": 0.9795487483264161,
    "pca_2": 0.007407300653002814,
    "pca_3": 0.004558063628762586,
    "mean_cov_numeric_features": 15.796034812927246,
    "stdev_cov_numeric_features": 43.09690856933594,
    "min_cov_numeric_features": -24.163726806640625,
    "q1_cov_numeric_features": -3.0895729064941406,
    "median_cov_numeric_features": 4.562833786010742,
    "q3_cov_numeric_features": 9.330051898956299,
    "max_cov_numeric_features": 117.69216918945312,
    "mean_entropy_categorical_features": NaN,
    "stdev_entropy_categorical_features": NaN,
    "min_entropy_categorical_features": NaN,
    "median_entropy_categorical_features": NaN,
    "max_entropy_categorical_features": NaN,
    "knn_5_mse": 1804.943136347955,
    "knn_5_mae": 18.15207672417028,
    "knn_5_r2": 0.31757926736685027,
    "decision_tree_3_mse": 1356.8784557062033,
    "decision_tree_3_mae": 15.508679499805314,
    "decision_tree_3_r2": 0.4934301056968913,
    "decision_tree_1_mse": 1720.7052561992969,
    "decision_tree_1_mae": 20.340645708083734,
    "decision_tree_1_r2": 0.3580491272342329,
    "random_tree_2_mse": 1708.8605016198144,
    "random_tree_2_mae": 18.799378433673407,
    "random_tree_2_r2": 0.35401038069476587,
    "mean_correlation_features_target": 0.017017660662531853,
    "stdev_correlation_features_target": 0.2768611013889313,
    "min_correlation_features_target": -0.5579153895378113,
    "q1_correlation_features_target": -0.039035551249980927,
    "median_correlation_features_target": 0.17194156348705292,
    "q3_correlation_features_target": 0.1803731918334961,
    "max_correlation_features_target": 0.22242216765880585
}