{
    "nb_instances": 442,
    "log_nb_instances": 6.091309882077698,
    "nb_features": 10,
    "dataset_dimensionality": 44.2,
    "log_dataset_dimensionality": 3.7887247890836524,
    "dataset_ratio": 0.02262443438914027,
    "nb_missing_vals": 0,
    "ratio_features_with_missing_vals": 0.0,
    "ratio_instances_with_missing_vals": 0.0,
    "nb_numeric_features": 10,
    "nb_categorical_features": 0,
    "ratio_numeric_categorical_features": 0.0,
    "ratio_categorical_numeric_features": 0.0,
    "mean__target": 152.13348388671875,
    "stdev__target": 77.00574493408203,
    "min__target": 25.0,
    "q1__target": 87.0,
    "median__target": 140.5,
    "q3__target": 211.5,
    "max__target": 346.0,
    "mean_mean_numeric_features": -1.668722668726752e-16,
    "stdev_mean_numeric_features": 3.427884898116418e-16,
    "min_mean_numeric_features": -8.045349220103879e-16,
    "q1_mean_numeric_features": -3.7817118683571184e-16,
    "median_mean_numeric_features": -2.1482068112565056e-16,
    "q3_mean_numeric_features": 1.301670569416431e-16,
    "max_mean_numeric_features": 3.7773016060287817e-16,
    "mean_stdev_numeric_features": 0.0476190485060215,
    "stdev_stdev_numeric_features": 0.0,
    "min_stdev_numeric_features": 0.0476190485060215,
    "q1_stdev_numeric_features": 0.0476190485060215,
    "median_stdev_numeric_features": 0.0476190485060215,
    "q3_stdev_numeric_features": 0.0476190485060215,
    "max_stdev_numeric_features": 0.0476190485060215,
    "mean_var_numeric_features": 0.002267573494464159,
    "stdev_var_numeric_features": 2.3283064365386963e-10,
    "min_var_numeric_features": 0.0022675737272948027,
    "q1_var_numeric_features": 0.0022675737272948027,
    "median_var_numeric_features": 0.0022675737272948027,
    "q3_var_numeric_features": 0.0022675737272948027,
    "max_var_numeric_features": 0.0022675737272948027,
    "mean_min_numeric_features": -0.10395020246505737,
    "stdev_min_numeric_features": 0.02615336887538433,
    "min_min_numeric_features": -0.1377672255039215,
    "q1_min_numeric_features": -0.12347630225121975,
    "median_min_numeric_features": -0.10981261730194092,
    "q3_min_numeric_features": -0.09328323416411877,
    "max_min_numeric_features": -0.044641636312007904,
    "mean_median_numeric_features": -0.007255494594573975,
    "stdev_median_numeric_features": 0.012918688356876373,
    "min_median_numeric_features": -0.044641636312007904,
    "q1_median_numeric_features": -0.006356003461405635,
    "median_median_numeric_features": -0.004069965332746506,
    "q3_median_numeric_features": -0.002108791144564748,
    "max_median_numeric_features": 0.005383060313761234,
    "mean_max_numeric_features": 0.14523322880268097,
    "stdev_max_numeric_features": 0.04124286398291588,
    "min_max_numeric_features": 0.050680119544267654,
    "q1_max_numeric_features": 0.13243290409445763,
    "median_max_numeric_features": 0.1447627693414688,
    "q3_max_numeric_features": 0.17852310091257095,
    "max_max_numeric_features": 0.19878798723220825,
    "pca_1": 0.40242141756787336,
    "pca_2": 0.14923182352144218,
    "pca_3": 0.12059623115276014,
    "mean_cov_numeric_features": 0.9651278257369995,
    "stdev_cov_numeric_features": 1.0171934366226196,
    "min_cov_numeric_features": -1.44930899143219,
    "q1_cov_numeric_features": 0.6516648828983307,
    "median_cov_numeric_features": 1.091244101524353,
    "q3_cov_numeric_features": 1.610605388879776,
    "max_cov_numeric_features": 2.152914524078369,
    "mean_entropy_categorical_features": NaN,
    "stdev_entropy_categorical_features": NaN,
    "min_entropy_categorical_features": NaN,
    "median_entropy_categorical_features": NaN,
    "max_entropy_categorical_features": NaN,
    "knn_5_mse": 3760.0089852579854,
    "knn_5_mae": 48.2415601965602,
    "knn_5_r2": 0.3503836272445072,
    "decision_tree_3_mse": 3884.7626199911283,
    "decision_tree_3_mae": 48.911916537069374,
    "decision_tree_3_r2": 0.3349264179933845,
    "decision_tree_1_mse": 4596.469848071937,
    "decision_tree_1_mae": 55.82874643601289,
    "decision_tree_1_r2": 0.21096271919561374,
    "random_tree_2_mse": 4834.841761543283,
    "random_tree_2_mae": 57.06106952874054,
    "random_tree_2_r2": 0.1752900928839836,
    "mean_correlation_features_target": 0.26289913058280945,
    "stdev_correlation_features_target": 0.2770817279815674,
    "min_correlation_features_target": -0.3947892487049103,
    "q1_correlation_features_target": 0.17751237377524376,
    "median_correlation_features_target": 0.29725298285484314,
    "q3_correlation_features_target": 0.43872611224651337,
    "max_correlation_features_target": 0.5864501595497131
}