{
    "nb_instances": 166821,
    "log_nb_instances": 12.02467666026271,
    "nb_features": 9,
    "dataset_dimensionality": 18535.666666666668,
    "log_dataset_dimensionality": 9.82745208292649,
    "dataset_ratio": 5.395004226086644e-05,
    "nb_missing_vals": 0,
    "ratio_features_with_missing_vals": 0.0,
    "ratio_instances_with_missing_vals": 0.0,
    "nb_numeric_features": 5,
    "nb_categorical_features": 4,
    "ratio_numeric_categorical_features": 1.25,
    "ratio_categorical_numeric_features": 0.8,
    "mean__target": 11658.11328125,
    "stdev__target": 5082.27294921875,
    "min__target": 185.0,
    "q1__target": 7869.0,
    "median__target": 11756.0,
    "q3__target": 15626.0,
    "max__target": 23959.0,
    "mean_mean_numeric_features": 6.177921295166016,
    "stdev_mean_numeric_features": 4.28478479385376,
    "min_mean_numeric_features": 0.40283897519111633,
    "q1_mean_numeric_features": 2.7427661418914795,
    "median_mean_numeric_features": 6.896871566772461,
    "q3_mean_numeric_features": 8.178886413574219,
    "max_mean_numeric_features": 12.668243408203125,
    "mean_stdev_numeric_features": 3.6355175971984863,
    "stdev_stdev_numeric_features": 2.0069820880889893,
    "min_stdev_numeric_features": 0.49047034978866577,
    "q1_stdev_numeric_features": 2.5739693641662598,
    "median_stdev_numeric_features": 4.125337600708008,
    "q3_stdev_numeric_features": 4.500288009643555,
    "max_stdev_numeric_features": 6.487521648406982,
    "mean_var_numeric_features": 17.244962692260742,
    "stdev_var_numeric_features": 14.340132713317871,
    "min_var_numeric_features": 0.24056117236614227,
    "q1_var_numeric_features": 6.6253180503845215,
    "median_var_numeric_features": 17.018409729003906,
    "q3_var_numeric_features": 20.252593994140625,
    "max_var_numeric_features": 42.08793640136719,
    "mean_min_numeric_features": 1.2000000476837158,
    "stdev_min_numeric_features": 1.1661903858184814,
    "min_min_numeric_features": 0.0,
    "q1_min_numeric_features": 0.0,
    "median_min_numeric_features": 1.0,
    "q3_min_numeric_features": 2.0,
    "max_min_numeric_features": 3.0,
    "mean_median_numeric_features": 5.599999904632568,
    "stdev_median_numeric_features": 5.003998279571533,
    "min_median_numeric_features": 0.0,
    "q1_median_numeric_features": 1.0,
    "median_median_numeric_features": 6.0,
    "q3_median_numeric_features": 7.0,
    "max_median_numeric_features": 14.0,
    "mean_max_numeric_features": 14.0,
    "stdev_max_numeric_features": 6.723094463348389,
    "min_max_numeric_features": 1.0,
    "q1_max_numeric_features": 15.0,
    "median_max_numeric_features": 16.0,
    "q3_max_numeric_features": 18.0,
    "max_max_numeric_features": 20.0,
    "pca_1": 0.4882060932933439,
    "pca_2": 0.35223437563302357,
    "pca_3": 0.10695383165669844,
    "mean_cov_numeric_features": -1665.4593505859375,
    "stdev_cov_numeric_features": 2293.3583984375,
    "min_cov_numeric_features": -5187.6298828125,
    "q1_cov_numeric_features": -3515.63427734375,
    "median_cov_numeric_features": -461.37542724609375,
    "q3_cov_numeric_features": 11.475064277648926,
    "max_cov_numeric_features": 825.8670654296875,
    "mean_entropy_categorical_features": 1.1902295351028442,
    "stdev_entropy_categorical_features": 0.4306146502494812,
    "min_entropy_categorical_features": 0.5336029529571533,
    "median_entropy_categorical_features": 1.3105336427688599,
    "max_entropy_categorical_features": 1.6062475442886353,
    "knn_5_mse": NaN,
    "knn_5_mae": NaN,
    "knn_5_r2": NaN,
    "decision_tree_3_mse": NaN,
    "decision_tree_3_mae": NaN,
    "decision_tree_3_r2": NaN,
    "decision_tree_1_mse": NaN,
    "decision_tree_1_mae": NaN,
    "decision_tree_1_r2": NaN,
    "random_tree_2_mse": NaN,
    "random_tree_2_mae": NaN,
    "random_tree_2_r2": NaN,
    "mean_correlation_features_target": -0.10852454602718353,
    "stdev_correlation_features_target": 0.156926691532135,
    "min_correlation_features_target": -0.39655765891075134,
    "q1_correlation_features_target": -0.15371069312095642,
    "median_correlation_features_target": -0.022005725651979446,
    "q3_correlation_features_target": 0.0046034459955990314,
    "max_correlation_features_target": 0.025047942996025085
}