{
    "nb_instances": 8885,
    "log_nb_instances": 9.092119740588751,
    "nb_features": 251,
    "dataset_dimensionality": 35.398406374501995,
    "log_dataset_dimensionality": 3.566666801456968,
    "dataset_ratio": 0.028249859313449633,
    "nb_missing_vals": 0,
    "ratio_features_with_missing_vals": 0.0,
    "ratio_instances_with_missing_vals": 0.0,
    "nb_numeric_features": 251,
    "nb_categorical_features": 0,
    "ratio_numeric_categorical_features": 0.0,
    "ratio_categorical_numeric_features": 0.0,
    "mean__target": 0.9194262027740479,
    "stdev__target": 0.029751114547252655,
    "min__target": 0.0,
    "q1__target": 0.9036129713058472,
    "median__target": 0.912555992603302,
    "q3__target": 0.9266489744186401,
    "max__target": 1.0,
    "mean_mean_numeric_features": 0.035381101071834564,
    "stdev_mean_numeric_features": 0.12299805879592896,
    "min_mean_numeric_features": 0.0,
    "q1_mean_numeric_features": 0.000562746194191277,
    "median_mean_numeric_features": 0.005374226253479719,
    "q3_mean_numeric_features": 0.020014997571706772,
    "max_mean_numeric_features": 0.9985849261283875,
    "mean_stdev_numeric_features": 0.04732296243309975,
    "stdev_stdev_numeric_features": 0.03615625202655792,
    "min_stdev_numeric_features": 0.0,
    "q1_stdev_numeric_features": 0.01919474359601736,
    "median_stdev_numeric_features": 0.04569561779499054,
    "q3_stdev_numeric_features": 0.07232358679175377,
    "max_stdev_numeric_features": 0.25698649883270264,
    "mean_var_numeric_features": 0.003546737367287278,
    "stdev_var_numeric_features": 0.0055295987986028194,
    "min_var_numeric_features": 0.0,
    "q1_var_numeric_features": 0.00036846207513008267,
    "median_var_numeric_features": 0.0020880894735455513,
    "q3_var_numeric_features": 0.005231234710663557,
    "max_var_numeric_features": 0.06604205816984177,
    "mean_min_numeric_features": 0.0,
    "stdev_min_numeric_features": 0.0,
    "min_min_numeric_features": 0.0,
    "q1_min_numeric_features": 0.0,
    "median_min_numeric_features": 0.0,
    "q3_min_numeric_features": 0.0,
    "max_min_numeric_features": 0.0,
    "mean_median_numeric_features": 0.025581343099474907,
    "stdev_median_numeric_features": 0.12473326921463013,
    "min_median_numeric_features": 0.0,
    "q1_median_numeric_features": 0.0,
    "median_median_numeric_features": 0.0,
    "q3_median_numeric_features": 0.0,
    "max_median_numeric_features": 0.99959397315979,
    "mean_max_numeric_features": 0.8446215391159058,
    "stdev_max_numeric_features": 0.36226511001586914,
    "min_max_numeric_features": 0.0,
    "q1_max_numeric_features": 1.0,
    "median_max_numeric_features": 1.0,
    "q3_max_numeric_features": 1.0,
    "max_max_numeric_features": 1.0,
    "pca_1": 0.15138598099780362,
    "pca_2": 0.06836179394008877,
    "pca_3": 0.05037147351794245,
    "mean_cov_numeric_features": 1.5421552234329283e-05,
    "stdev_cov_numeric_features": 0.00010342971654608846,
    "min_cov_numeric_features": -0.00016845948994159698,
    "q1_cov_numeric_features": -1.3950303582532797e-05,
    "median_cov_numeric_features": 0.0,
    "q3_cov_numeric_features": 1.323676633546711e-05,
    "max_cov_numeric_features": 0.0008845780394040048,
    "mean_entropy_categorical_features": NaN,
    "stdev_entropy_categorical_features": NaN,
    "min_entropy_categorical_features": NaN,
    "median_entropy_categorical_features": NaN,
    "max_entropy_categorical_features": NaN,
    "knn_5_mse": 0.0009134107850667639,
    "knn_5_mae": 0.020752966668969912,
    "knn_5_r2": -0.03475790831643061,
    "decision_tree_3_mse": 0.0008571542863723685,
    "decision_tree_3_mae": 0.01987179826593028,
    "decision_tree_3_r2": 0.03139229258965201,
    "decision_tree_1_mse": 0.0008676924669766798,
    "decision_tree_1_mae": 0.019974075134713904,
    "decision_tree_1_r2": 0.020486316932270404,
    "random_tree_2_mse": 0.000865090135048703,
    "random_tree_2_mae": 0.020008925619874014,
    "random_tree_2_r2": 0.02221102491690874,
    "mean_correlation_features_target": 0.00611229008063674,
    "stdev_correlation_features_target": 0.03406795486807823,
    "min_correlation_features_target": -0.05497043579816818,
    "q1_correlation_features_target": -0.013493363047018647,
    "median_correlation_features_target": 0.0003028784121852368,
    "q3_correlation_features_target": 0.016963372007012367,
    "max_correlation_features_target": 0.14833658933639526
}