{
    "nb_instances": 2108,
    "log_nb_instances": 7.653494909661253,
    "nb_features": 26,
    "dataset_dimensionality": 81.07692307692308,
    "log_dataset_dimensionality": 4.395398371639771,
    "dataset_ratio": 0.012333965844402278,
    "nb_missing_vals": 0,
    "ratio_features_with_missing_vals": 0.0,
    "ratio_instances_with_missing_vals": 0.0,
    "nb_numeric_features": 23,
    "nb_categorical_features": 2,
    "ratio_numeric_categorical_features": 11.5,
    "ratio_categorical_numeric_features": 0.08695652173913043,
    "mean__target": 1164.927734375,
    "stdev__target": 1582.1868896484375,
    "min__target": 0.0,
    "q1__target": 1.2650000154972076,
    "median__target": 65.92000198364258,
    "q3__target": 3600.0,
    "max__target": 3600.0,
    "mean_mean_numeric_features": 3.9363770484924316,
    "stdev_mean_numeric_features": 6.799948692321777,
    "min_mean_numeric_features": 0.06597881019115448,
    "q1_mean_numeric_features": 0.47739194333553314,
    "median_mean_numeric_features": 0.8505986332893372,
    "q3_mean_numeric_features": 4.024658679962158,
    "max_mean_numeric_features": 30.203035354614258,
    "mean_stdev_numeric_features": 1.729110598564148,
    "stdev_stdev_numeric_features": 3.0910298824310303,
    "min_stdev_numeric_features": 0.0,
    "q1_stdev_numeric_features": 0.12517744302749634,
    "median_stdev_numeric_features": 0.4784413278102875,
    "q3_stdev_numeric_features": 1.7432807087898254,
    "max_stdev_numeric_features": 13.800894737243652,
    "mean_var_numeric_features": 12.544290542602539,
    "stdev_var_numeric_features": 39.278202056884766,
    "min_var_numeric_features": 0.0,
    "q1_var_numeric_features": 0.01586137479171157,
    "median_var_numeric_features": 0.22890610992908478,
    "q3_var_numeric_features": 3.079465866088867,
    "max_var_numeric_features": 190.46469116210938,
    "mean_min_numeric_features": 1.4111515283584595,
    "stdev_min_numeric_features": 2.074808359146118,
    "min_min_numeric_features": 0.0,
    "q1_min_numeric_features": 0.10714299976825714,
    "median_min_numeric_features": 0.5833330154418945,
    "q3_min_numeric_features": 1.0,
    "max_min_numeric_features": 8.0,
    "mean_median_numeric_features": 3.7919580936431885,
    "stdev_median_numeric_features": 6.540746688842773,
    "min_median_numeric_features": 0.0,
    "q1_median_numeric_features": 0.4608994871377945,
    "median_median_numeric_features": 0.875,
    "q3_median_numeric_features": 4.030380010604858,
    "max_median_numeric_features": 29.0,
    "mean_max_numeric_features": 8.948512077331543,
    "stdev_max_numeric_features": 15.912467956542969,
    "min_max_numeric_features": 0.4000000059604645,
    "q1_max_numeric_features": 0.8280574977397919,
    "median_max_numeric_features": 1.0,
    "q3_max_numeric_features": 9.75404977798462,
    "max_max_numeric_features": 72.0,
    "pca_1": 0.7900354334194116,
    "pca_2": 0.16512933316418488,
    "pca_3": 0.028270556657755158,
    "mean_cov_numeric_features": 615.1448974609375,
    "stdev_cov_numeric_features": 1583.6788330078125,
    "min_cov_numeric_features": -149.5052032470703,
    "q1_cov_numeric_features": -6.1887829303741455,
    "median_cov_numeric_features": 17.492473602294922,
    "q3_cov_numeric_features": 403.8509979248047,
    "max_cov_numeric_features": 7503.62451171875,
    "mean_entropy_categorical_features": 1.0781604051589966,
    "stdev_entropy_categorical_features": 0.30813392996788025,
    "min_entropy_categorical_features": 0.7700265049934387,
    "median_entropy_categorical_features": 1.078160434961319,
    "max_entropy_categorical_features": 1.3862943649291992,
    "knn_5_mse": NaN,
    "knn_5_mae": NaN,
    "knn_5_r2": NaN,
    "decision_tree_3_mse": NaN,
    "decision_tree_3_mae": NaN,
    "decision_tree_3_r2": NaN,
    "decision_tree_1_mse": NaN,
    "decision_tree_1_mae": NaN,
    "decision_tree_1_r2": NaN,
    "random_tree_2_mse": NaN,
    "random_tree_2_mae": NaN,
    "random_tree_2_r2": NaN,
    "mean_correlation_features_target": 0.07571399956941605,
    "stdev_correlation_features_target": 0.13826584815979004,
    "min_correlation_features_target": -0.1889125406742096,
    "q1_correlation_features_target": -0.03991795517504215,
    "median_correlation_features_target": 0.09634272009134293,
    "q3_correlation_features_target": 0.1568298079073429,
    "max_correlation_features_target": 0.3435603678226471
}