{
    "nb_instances": 1090,
    "log_nb_instances": 6.993932975223189,
    "nb_features": 147,
    "dataset_dimensionality": 7.414965986394558,
    "log_dataset_dimensionality": 2.003500388444453,
    "dataset_ratio": 0.13486238532110092,
    "nb_missing_vals": 0,
    "ratio_features_with_missing_vals": 0.0,
    "ratio_instances_with_missing_vals": 0.0,
    "nb_numeric_features": 144,
    "nb_categorical_features": 2,
    "ratio_numeric_categorical_features": 72.0,
    "ratio_categorical_numeric_features": 0.013888888888888888,
    "mean__target": 14843.41796875,
    "stdev__target": 28630.62890625,
    "min__target": 1.0091090202331543,
    "q1__target": 39.337124824523926,
    "median__target": 187.61904907226562,
    "q3__target": 2392.1668090820312,
    "max__target": 73296.1484375,
    "mean_mean_numeric_features": 2861018624.0,
    "stdev_mean_numeric_features": 31652489216.0,
    "min_mean_numeric_features": -5406917.5,
    "q1_mean_numeric_features": -76.5262098312378,
    "median_mean_numeric_features": 1.2887818813323975,
    "q3_mean_numeric_features": 6725.62158203125,
    "max_mean_numeric_features": 380429041664.0,
    "mean_stdev_numeric_features": 40659636224.0,
    "stdev_stdev_numeric_features": 464943120384.0,
    "min_stdev_numeric_features": 0.0,
    "q1_stdev_numeric_features": 34.6132698059082,
    "median_stdev_numeric_features": 168.40657806396484,
    "q3_stdev_numeric_features": 77297.958984375,
    "max_stdev_numeric_features": 5597133012992.0,
    "mean_var_numeric_features": 2.1782531494665263e+23,
    "stdev_var_numeric_features": Infinity,
    "min_var_numeric_features": 0.0,
    "q1_var_numeric_features": 1198.0784912109375,
    "median_var_numeric_features": 28361.2255859375,
    "q3_var_numeric_features": 5981168512.0,
    "max_var_numeric_features": 3.1327897934510102e+25,
    "mean_min_numeric_features": -18431084.0,
    "stdev_min_numeric_features": 121778688.0,
    "min_min_numeric_features": -887164992.0,
    "q1_min_numeric_features": -512.0,
    "median_min_numeric_features": -512.0,
    "q3_min_numeric_features": -512.0,
    "max_min_numeric_features": 100.0,
    "mean_median_numeric_features": 437.0832214355469,
    "stdev_median_numeric_features": 3602.909423828125,
    "min_median_numeric_features": -512.0,
    "q1_median_numeric_features": 0.0,
    "median_median_numeric_features": 0.014382352121174335,
    "q3_median_numeric_features": 1.0,
    "max_median_numeric_features": 34604.0,
    "mean_max_numeric_features": 594858213376.0,
    "stdev_max_numeric_features": 6875792801792.0,
    "min_max_numeric_features": -512.0,
    "q1_max_numeric_features": 0.9997782558202744,
    "median_max_numeric_features": 1027.0,
    "q3_max_numeric_features": 662774.25,
    "max_max_numeric_features": 82793396699136.0,
    "pca_1": 0.9987584137464898,
    "pca_2": 0.001211093084844178,
    "pca_3": 1.9093296210969237e-05,
    "mean_cov_numeric_features": 78082060845056.0,
    "stdev_cov_numeric_features": 928536294588416.0,
    "min_cov_numeric_features": -10743681384448.0,
    "q1_cov_numeric_features": -1187883.53125,
    "median_cov_numeric_features": -32661.43359375,
    "q3_cov_numeric_features": 634.849609375,
    "max_cov_numeric_features": 1.118155543937024e+16,
    "mean_entropy_categorical_features": 1.0549201965332031,
    "stdev_entropy_categorical_features": 0.5545177459716797,
    "min_entropy_categorical_features": 0.5004024505615234,
    "median_entropy_categorical_features": 1.0549201965332031,
    "max_entropy_categorical_features": 1.6094379425048828,
    "knn_5_mse": NaN,
    "knn_5_mae": NaN,
    "knn_5_r2": NaN,
    "decision_tree_3_mse": NaN,
    "decision_tree_3_mae": NaN,
    "decision_tree_3_r2": NaN,
    "decision_tree_1_mse": NaN,
    "decision_tree_1_mae": NaN,
    "decision_tree_1_r2": NaN,
    "random_tree_2_mse": NaN,
    "random_tree_2_mae": NaN,
    "random_tree_2_r2": NaN,
    "mean_correlation_features_target": -0.012007346376776695,
    "stdev_correlation_features_target": 0.03945353254675865,
    "min_correlation_features_target": -0.10312897711992264,
    "q1_correlation_features_target": -0.03403755836188793,
    "median_correlation_features_target": -0.028603889048099518,
    "q3_correlation_features_target": 0.009681610390543938,
    "max_correlation_features_target": 0.10429690033197403
}