{
    "nb_instances": 1090,
    "log_nb_instances": 6.993932975223189,
    "nb_features": 144,
    "dataset_dimensionality": 7.569444444444445,
    "log_dataset_dimensionality": 2.0241196756471886,
    "dataset_ratio": 0.13211009174311927,
    "nb_missing_vals": 0,
    "ratio_features_with_missing_vals": 0.0,
    "ratio_instances_with_missing_vals": 0.0,
    "nb_numeric_features": 143,
    "nb_categorical_features": 1,
    "ratio_numeric_categorical_features": 143.0,
    "ratio_categorical_numeric_features": 0.006993006993006993,
    "mean__target": 14843.41796875,
    "stdev__target": 28630.62890625,
    "min__target": 1.0091090202331543,
    "q1__target": 39.337124824523926,
    "median__target": 187.61904907226562,
    "q3__target": 2392.1668090820312,
    "max__target": 73296.1484375,
    "mean_mean_numeric_features": 2881025792.0,
    "stdev_mean_numeric_features": 31762061312.0,
    "min_mean_numeric_features": -5406917.5,
    "q1_mean_numeric_features": -91.95374488830566,
    "median_mean_numeric_features": 1.577563762664795,
    "q3_mean_numeric_features": 7761.802734375,
    "max_mean_numeric_features": 380429041664.0,
    "mean_stdev_numeric_features": 40943972352.0,
    "stdev_stdev_numeric_features": 466553503744.0,
    "min_stdev_numeric_features": 0.0,
    "q1_stdev_numeric_features": 34.61445617675781,
    "median_stdev_numeric_features": 169.07672119140625,
    "q3_stdev_numeric_features": 78734.86328125,
    "max_stdev_numeric_features": 5597133012992.0,
    "mean_var_numeric_features": 2.193485584414189e+23,
    "stdev_var_numeric_features": Infinity,
    "min_var_numeric_features": 0.0,
    "q1_var_numeric_features": 1198.1605834960938,
    "median_var_numeric_features": 28586.9375,
    "q3_var_numeric_features": 6207437568.0,
    "max_var_numeric_features": 3.1327897934510102e+25,
    "mean_min_numeric_features": -18559974.0,
    "stdev_min_numeric_features": 122193944.0,
    "min_min_numeric_features": -887164992.0,
    "q1_min_numeric_features": -512.0,
    "median_min_numeric_features": -512.0,
    "q3_min_numeric_features": -512.0,
    "max_min_numeric_features": 100.0,
    "mean_median_numeric_features": 440.1326904296875,
    "stdev_median_numeric_features": 3615.2998046875,
    "min_median_numeric_features": -512.0,
    "q1_median_numeric_features": 0.0,
    "median_median_numeric_features": 0.008764704689383507,
    "q3_median_numeric_features": 0.9973207414150238,
    "max_median_numeric_features": 34604.0,
    "mean_max_numeric_features": 599017979904.0,
    "stdev_max_numeric_features": 6899612254208.0,
    "min_max_numeric_features": -512.0,
    "q1_max_numeric_features": 0.9995565116405487,
    "median_max_numeric_features": 1053.0,
    "q3_max_numeric_features": 701382.5,
    "max_max_numeric_features": 82793396699136.0,
    "pca_1": 0.9987584137464899,
    "pca_2": 0.001211093084844177,
    "pca_3": 1.9093296210969332e-05,
    "mean_cov_numeric_features": 78628083728384.0,
    "stdev_cov_numeric_features": 931754231726080.0,
    "min_cov_numeric_features": -10743681384448.0,
    "q1_cov_numeric_features": -1191445.6875,
    "median_cov_numeric_features": -32771.2578125,
    "q3_cov_numeric_features": 1269.69921875,
    "max_cov_numeric_features": 1.118155543937024e+16,
    "mean_entropy_categorical_features": 1.6094379425048828,
    "stdev_entropy_categorical_features": 0.0,
    "min_entropy_categorical_features": 1.6094379425048828,
    "median_entropy_categorical_features": 1.6094379425048828,
    "max_entropy_categorical_features": 1.6094379425048828,
    "knn_5_mse": NaN,
    "knn_5_mae": NaN,
    "knn_5_r2": NaN,
    "decision_tree_3_mse": NaN,
    "decision_tree_3_mae": NaN,
    "decision_tree_3_r2": NaN,
    "decision_tree_1_mse": NaN,
    "decision_tree_1_mae": NaN,
    "decision_tree_1_r2": NaN,
    "random_tree_2_mse": NaN,
    "random_tree_2_mae": NaN,
    "random_tree_2_r2": NaN,
    "mean_correlation_features_target": -0.012007346376776695,
    "stdev_correlation_features_target": 0.03945353254675865,
    "min_correlation_features_target": -0.10312897711992264,
    "q1_correlation_features_target": -0.03403755836188793,
    "median_correlation_features_target": -0.028603889048099518,
    "q3_correlation_features_target": 0.009681610390543938,
    "max_correlation_features_target": 0.10429690033197403
}