{
    "nb_instances": 583,
    "log_nb_instances": 6.368187186350492,
    "nb_features": 10,
    "dataset_dimensionality": 58.3,
    "log_dataset_dimensionality": 4.065602093356446,
    "dataset_ratio": 0.017152658662092625,
    "nb_missing_vals": 0,
    "ratio_features_with_missing_vals": 0.0,
    "ratio_instances_with_missing_vals": 0.0,
    "nb_numeric_features": 10,
    "nb_categorical_features": 0,
    "ratio_numeric_categorical_features": 0.0,
    "ratio_categorical_numeric_features": 0.0,
    "mean__target": 1.2864494323730469,
    "stdev__target": 0.4521019458770752,
    "min__target": 1.0,
    "q1__target": 1.0,
    "median__target": 1.0,
    "q3__target": 2.0,
    "max__target": 2.0,
    "mean_mean_numeric_features": 54.206031799316406,
    "stdev_mean_numeric_features": 87.01460266113281,
    "min_mean_numeric_features": 0.7564322352409363,
    "q1_mean_numeric_features": 1.9000428915023804,
    "median_mean_numeric_features": 4.890994906425476,
    "q3_mean_numeric_features": 71.72170066833496,
    "max_mean_numeric_features": 290.5763244628906,
    "mean_stdev_numeric_features": 74.23137664794922,
    "stdev_stdev_numeric_features": 110.02301788330078,
    "min_stdev_numeric_features": 0.31849196553230286,
    "q1_stdev_numeric_features": 0.8680019825696945,
    "median_stdev_numeric_features": 4.5090097188949585,
    "q3_stdev_numeric_features": 141.01272916793823,
    "max_stdev_numeric_features": 288.91851806640625,
    "mean_var_numeric_features": 17615.36328125,
    "stdev_var_numeric_features": 29086.794921875,
    "min_var_numeric_features": 0.10143712908029556,
    "q1_var_numeric_features": 0.7691888511180878,
    "median_var_numeric_features": 23.222908973693848,
    "q3_var_numeric_features": 25078.174156188965,
    "max_var_numeric_features": 83473.9140625,
    "mean_min_numeric_features": 9.140000343322754,
    "stdev_min_numeric_features": 18.32474708557129,
    "min_min_numeric_features": 0.0,
    "q1_min_numeric_features": 0.32500001043081284,
    "median_min_numeric_features": 1.800000011920929,
    "q3_min_numeric_features": 8.5,
    "max_min_numeric_features": 63.0,
    "mean_median_numeric_features": 34.29470443725586,
    "stdev_median_numeric_features": 60.47552490234375,
    "min_median_numeric_features": 0.30000001192092896,
    "q1_median_numeric_features": 1.0,
    "median_median_numeric_features": 4.849999904632568,
    "q3_median_numeric_features": 40.25,
    "max_median_numeric_features": 208.0,
    "mean_max_numeric_features": 924.2599487304688,
    "stdev_max_numeric_features": 1556.2396240234375,
    "min_max_numeric_features": 1.0,
    "q1_max_numeric_features": 6.525000095367432,
    "median_max_numeric_features": 47.35000038146973,
    "q3_max_numeric_features": 1522.5,
    "max_max_numeric_features": 4929.0,
    "pca_1": 0.6267811806485287,
    "pca_2": 0.3166070798040536,
    "pca_3": 0.05490397911903586,
    "mean_cov_numeric_features": -5.554311275482178,
    "stdev_cov_numeric_features": 8.26344108581543,
    "min_cov_numeric_features": -20.32172966003418,
    "q1_cov_numeric_features": -10.379336088895798,
    "median_cov_numeric_features": -0.4657038152217865,
    "q3_cov_numeric_features": 0.008890647906810045,
    "max_cov_numeric_features": 0.058093875646591187,
    "mean_entropy_categorical_features": NaN,
    "stdev_entropy_categorical_features": NaN,
    "min_entropy_categorical_features": NaN,
    "median_entropy_categorical_features": NaN,
    "max_entropy_categorical_features": NaN,
    "knn_5_mse": 0.2186537553141238,
    "knn_5_mae": 0.35683042040623525,
    "knn_5_r2": -0.0781847273098994,
    "decision_tree_3_mse": 0.20019566136795688,
    "decision_tree_3_mae": 0.3589328305204848,
    "decision_tree_3_r2": 0.008261712267830928,
    "decision_tree_1_mse": 0.1995074560809779,
    "decision_tree_1_mae": 0.3799733205576824,
    "decision_tree_1_r2": 0.023391241321568806,
    "random_tree_2_mse": 0.18966905567018894,
    "random_tree_2_mae": 0.3833004456368517,
    "random_tree_2_r2": 0.07028625200212774,
    "mean_correlation_features_target": -0.08275207877159119,
    "stdev_correlation_features_target": 0.1427556574344635,
    "min_correlation_features_target": -0.24604633450508118,
    "q1_correlation_features_target": -0.17950324714183807,
    "median_correlation_features_target": -0.1446421891450882,
    "q3_correlation_features_target": 0.005652198567986488,
    "max_correlation_features_target": 0.1623191237449646
}