{
    "nb_instances": 1994,
    "log_nb_instances": 7.597897950521784,
    "nb_features": 126,
    "dataset_dimensionality": 15.825396825396826,
    "log_dataset_dimensionality": 2.7616160435703057,
    "dataset_ratio": 0.06318956870611836,
    "nb_missing_vals": 0,
    "ratio_features_with_missing_vals": 0.0,
    "ratio_instances_with_missing_vals": 0.0,
    "nb_numeric_features": 126,
    "nb_categorical_features": 0,
    "ratio_numeric_categorical_features": 0.0,
    "ratio_categorical_numeric_features": 0.0,
    "mean__target": 28.683549880981445,
    "stdev__target": 16.39344024658203,
    "min__target": 1.0,
    "q1__target": 12.0,
    "median__target": 34.0,
    "q3__target": 42.0,
    "max__target": 56.0,
    "mean_mean_numeric_features": 150.73129272460938,
    "stdev_mean_numeric_features": 1679.197021484375,
    "min_mean_numeric_features": 0.011143430136144161,
    "q1_mean_numeric_features": 0.14500125125050545,
    "median_mean_numeric_features": 0.32128384709358215,
    "q3_mean_numeric_features": 0.4691988527774811,
    "max_mean_numeric_features": 18924.708984375,
    "mean_stdev_numeric_features": 222.2989959716797,
    "stdev_stdev_numeric_features": 2475.3779296875,
    "min_stdev_numeric_features": 0.05541577935218811,
    "q1_stdev_numeric_features": 0.1667693443596363,
    "median_stdev_numeric_features": 0.19449693709611893,
    "q3_stdev_numeric_features": 0.21964985504746437,
    "max_stdev_numeric_features": 27897.732421875,
    "mean_var_numeric_features": 6176911.0,
    "stdev_var_numeric_features": 69059296.0,
    "min_var_numeric_features": 0.0030709088314324617,
    "q1_var_numeric_features": 0.027812225744128227,
    "median_var_numeric_features": 0.03782928176224232,
    "q3_var_numeric_features": 0.04824606981128454,
    "max_var_numeric_features": 778283392.0,
    "mean_min_numeric_features": 0.007936508394777775,
    "stdev_min_numeric_features": 0.08873286098241806,
    "min_min_numeric_features": 0.0,
    "q1_min_numeric_features": 0.0,
    "median_min_numeric_features": 0.0,
    "q3_min_numeric_features": 0.0,
    "max_min_numeric_features": 1.0,
    "mean_median_numeric_features": 0.3098015785217285,
    "stdev_median_numeric_features": 0.4802815914154053,
    "min_median_numeric_features": 0.0,
    "q1_median_numeric_features": 0.029999999329447746,
    "median_median_numeric_features": 0.2750000059604645,
    "q3_median_numeric_features": 0.4649999961256981,
    "max_median_numeric_features": 5.0,
    "mean_max_numeric_features": 758.4920654296875,
    "stdev_max_numeric_features": 8393.498046875,
    "min_max_numeric_features": 1.0,
    "q1_max_numeric_features": 1.0,
    "median_max_numeric_features": 1.0,
    "q3_max_numeric_features": 1.0,
    "max_max_numeric_features": 94597.0,
    "pca_1": 0.9999915470475788,
    "pca_2": 8.436572323391333e-06,
    "pca_3": 1.0614589289332752e-08,
    "mean_cov_numeric_features": 823.19091796875,
    "stdev_cov_numeric_features": 9175.0048828125,
    "min_cov_numeric_features": -1.3868125677108765,
    "q1_cov_numeric_features": -0.4209805950522423,
    "median_cov_numeric_features": -0.16059810668230057,
    "q3_cov_numeric_features": 0.05304384883493185,
    "max_cov_numeric_features": 103402.2890625,
    "mean_entropy_categorical_features": NaN,
    "stdev_entropy_categorical_features": NaN,
    "min_entropy_categorical_features": NaN,
    "median_entropy_categorical_features": NaN,
    "max_entropy_categorical_features": NaN,
    "knn_5_mse": 202.79931887872132,
    "knn_5_mae": 10.840889811752017,
    "knn_5_r2": 0.24485971957218747,
    "decision_tree_3_mse": 183.5798476688841,
    "decision_tree_3_mae": 10.592247775170765,
    "decision_tree_3_r2": 0.3140571579121898,
    "decision_tree_1_mse": 232.59093902821783,
    "decision_tree_1_mae": 13.334802763878532,
    "decision_tree_1_r2": 0.13434701776215524,
    "random_tree_2_mse": 228.070351860727,
    "random_tree_2_mae": 12.541758704593153,
    "random_tree_2_r2": 0.15067684945508697,
    "mean_correlation_features_target": -0.06443090736865997,
    "stdev_correlation_features_target": 0.14284366369247437,
    "min_correlation_features_target": -0.36746010184288025,
    "q1_correlation_features_target": -0.1336721032857895,
    "median_correlation_features_target": -0.06251256912946701,
    "q3_correlation_features_target": 0.016417323611676693,
    "max_correlation_features_target": 0.34061145782470703
}