{
    "nb_instances": 21613,
    "log_nb_instances": 9.981050264483919,
    "nb_features": 19,
    "dataset_dimensionality": 1137.5263157894738,
    "log_dataset_dimensionality": 7.036611285317478,
    "dataset_ratio": 0.0008791005413408597,
    "nb_missing_vals": 0,
    "ratio_features_with_missing_vals": 0.0,
    "ratio_instances_with_missing_vals": 0.0,
    "nb_numeric_features": 17,
    "nb_categorical_features": 1,
    "ratio_numeric_categorical_features": 17.0,
    "ratio_categorical_numeric_features": 0.058823529411764705,
    "mean__target": 540088.125,
    "stdev__target": 367118.6875,
    "min__target": 75000.0,
    "q1__target": 321950.0,
    "median__target": 450000.0,
    "q3__target": 645000.0,
    "max__target": 7700000.0,
    "mean_mean_numeric_features": 2118.87158203125,
    "stdev_mean_numeric_features": 4408.51708984375,
    "min_mean_numeric_features": -122.21389770507812,
    "q1_mean_numeric_features": 2.1147572994232178,
    "median_mean_numeric_features": 47.56005096435547,
    "q3_mean_numeric_features": 1971.005126953125,
    "max_mean_numeric_features": 15106.9677734375,
    "mean_stdev_numeric_features": 4237.37890625,
    "stdev_stdev_numeric_features": 11267.5810546875,
    "min_stdev_numeric_features": 0.08651719987392426,
    "q1_stdev_numeric_features": 0.6507430672645569,
    "median_stdev_numeric_features": 1.1754587888717651,
    "q3_stdev_numeric_features": 685.3912963867188,
    "max_stdev_numeric_features": 41420.51171875,
    "mean_var_numeric_features": 144913776.0,
    "stdev_var_numeric_features": 429930496.0,
    "min_var_numeric_features": 0.007485225331038237,
    "q1_var_numeric_features": 0.4234665036201477,
    "median_var_numeric_features": 1.38170325756073,
    "q3_var_numeric_features": 469761.25,
    "max_var_numeric_features": 1715658752.0,
    "mean_min_numeric_features": 233.9786376953125,
    "stdev_min_numeric_features": 467.669921875,
    "min_min_numeric_features": -122.51899719238281,
    "q1_min_numeric_features": 0.0,
    "median_min_numeric_features": 1.0,
    "q3_min_numeric_features": 290.0,
    "max_min_numeric_features": 1900.0,
    "mean_median_numeric_features": 1321.4759521484375,
    "stdev_median_numeric_features": 2422.88671875,
    "min_median_numeric_features": -122.2300033569336,
    "q1_median_numeric_features": 0.0,
    "median_median_numeric_features": 3.0,
    "q3_median_numeric_features": 1840.0,
    "max_median_numeric_features": 7620.0,
    "mean_max_numeric_features": 150621.359375,
    "stdev_max_numeric_features": 427072.25,
    "min_max_numeric_features": -121.31500244140625,
    "q1_max_numeric_features": 5.0,
    "median_max_numeric_features": 47.7775993347168,
    "q3_max_numeric_features": 6210.0,
    "max_max_numeric_features": 1651359.0,
    "pca_1": 0.8837188608514374,
    "pca_2": 0.11535517046744925,
    "pca_3": 0.000684069249979817,
    "mean_cov_numeric_features": 166505200.0,
    "stdev_cov_numeric_features": 358544928.0,
    "min_cov_numeric_features": 1118.1180419921875,
    "q1_cov_numeric_features": 50908.00390625,
    "median_cov_numeric_features": 288026.5,
    "q3_cov_numeric_features": 147296432.0,
    "max_cov_numeric_features": 1363436544.0,
    "mean_entropy_categorical_features": 4.139135360717773,
    "stdev_entropy_categorical_features": 0.0,
    "min_entropy_categorical_features": 4.139135360717773,
    "median_entropy_categorical_features": 4.139135360717773,
    "max_entropy_categorical_features": 4.139135360717773,
    "knn_5_mse": NaN,
    "knn_5_mae": NaN,
    "knn_5_r2": NaN,
    "decision_tree_3_mse": NaN,
    "decision_tree_3_mae": NaN,
    "decision_tree_3_r2": NaN,
    "decision_tree_1_mse": NaN,
    "decision_tree_1_mae": NaN,
    "decision_tree_1_r2": NaN,
    "random_tree_2_mse": NaN,
    "random_tree_2_mae": NaN,
    "random_tree_2_r2": NaN,
    "mean_correlation_features_target": 0.3150423467159271,
    "stdev_correlation_features_target": 0.22500288486480713,
    "min_correlation_features_target": 0.021626241505146027,
    "q1_correlation_features_target": 0.08966086059808731,
    "median_correlation_features_target": 0.3070034682750702,
    "q3_correlation_features_target": 0.5251374840736389,
    "max_correlation_features_target": 0.7020350694656372
}