{
    "nb_instances": 163065,
    "log_nb_instances": 12.00190417330621,
    "nb_features": 11,
    "dataset_dimensionality": 14824.09090909091,
    "log_dataset_dimensionality": 9.60400890050784,
    "dataset_ratio": 6.745776224205072e-05,
    "nb_missing_vals": 0,
    "ratio_features_with_missing_vals": 0.0,
    "ratio_instances_with_missing_vals": 0.0,
    "nb_numeric_features": 5,
    "nb_categorical_features": 2,
    "ratio_numeric_categorical_features": 2.5,
    "ratio_categorical_numeric_features": 0.4,
    "mean__target": 9707.4775390625,
    "stdev__target": 7664.619140625,
    "min__target": 2673.0,
    "q1__target": 5234.5,
    "median__target": 7214.10009765625,
    "q3__target": 11286.400390625,
    "max__target": 156158.1875,
    "mean_mean_numeric_features": 69635.84375,
    "stdev_mean_numeric_features": 94600.3046875,
    "min_mean_numeric_features": 42.776302337646484,
    "q1_mean_numeric_features": 8494.4951171875,
    "median_mean_numeric_features": 36133.95703125,
    "q3_mean_numeric_features": 47938.12109375,
    "max_mean_numeric_features": 255569.859375,
    "mean_stdev_numeric_features": 44368.7890625,
    "stdev_stdev_numeric_features": 55113.47265625,
    "min_stdev_numeric_features": 51.104042053222656,
    "q1_stdev_numeric_features": 7309.46728515625,
    "median_stdev_numeric_features": 27854.322265625,
    "q3_stdev_numeric_features": 35065.3671875,
    "max_stdev_numeric_features": 151563.671875,
    "mean_var_numeric_features": 5006083584.0,
    "stdev_var_numeric_features": 8994489344.0,
    "min_var_numeric_features": 2611.623046875,
    "q1_var_numeric_features": 53428312.0,
    "median_var_numeric_features": 775863296.0,
    "q3_var_numeric_features": 1229579904.0,
    "max_var_numeric_features": 22971545600.0,
    "mean_min_numeric_features": 2932.06201171875,
    "stdev_min_numeric_features": 3618.98974609375,
    "min_min_numeric_features": 11.0,
    "q1_min_numeric_features": 1040.0,
    "median_min_numeric_features": 1148.9090576171875,
    "q3_min_numeric_features": 2459.39990234375,
    "max_min_numeric_features": 10001.0,
    "mean_median_numeric_features": 65149.45703125,
    "stdev_median_numeric_features": 93722.7890625,
    "min_median_numeric_features": 27.0,
    "q1_median_numeric_features": 6158.46533203125,
    "median_median_numeric_features": 25245.82421875,
    "q3_median_numeric_features": 44309.0,
    "max_median_numeric_features": 250007.0,
    "mean_max_numeric_features": 371406.9375,
    "stdev_max_numeric_features": 362335.65625,
    "min_max_numeric_features": 3383.0,
    "q1_max_numeric_features": 99835.0,
    "median_max_numeric_features": 154620.8125,
    "q3_max_numeric_features": 670077.0,
    "max_max_numeric_features": 929118.9375,
    "pca_1": 0.9192376046050345,
    "pca_2": 0.05081900393194319,
    "pca_3": 0.029111746740093356,
    "mean_cov_numeric_features": 44561852.0,
    "stdev_cov_numeric_features": 87897264.0,
    "min_cov_numeric_features": -46536148.0,
    "q1_cov_numeric_features": -6274.96728515625,
    "median_cov_numeric_features": 5870211.5,
    "q3_cov_numeric_features": 55428464.0,
    "max_cov_numeric_features": 208053008.0,
    "mean_entropy_categorical_features": 4.026293754577637,
    "stdev_entropy_categorical_features": 0.49670279026031494,
    "min_entropy_categorical_features": 3.5295908451080322,
    "median_entropy_categorical_features": 4.026293635368347,
    "max_entropy_categorical_features": 4.522996425628662,
    "knn_5_mse": NaN,
    "knn_5_mae": NaN,
    "knn_5_r2": NaN,
    "decision_tree_3_mse": NaN,
    "decision_tree_3_mae": NaN,
    "decision_tree_3_r2": NaN,
    "decision_tree_1_mse": NaN,
    "decision_tree_1_mae": NaN,
    "decision_tree_1_r2": NaN,
    "random_tree_2_mse": NaN,
    "random_tree_2_mae": NaN,
    "random_tree_2_r2": NaN,
    "mean_correlation_features_target": 0.346978098154068,
    "stdev_correlation_features_target": 0.44243302941322327,
    "min_correlation_features_target": -0.040059302002191544,
    "q1_correlation_features_target": -0.016020065173506737,
    "median_correlation_features_target": 0.027495982125401497,
    "q3_correlation_features_target": 0.7741118669509888,
    "max_correlation_features_target": 0.9893620014190674
}