{
    "nb_instances": 284807,
    "log_nb_instances": 12.559567036869593,
    "nb_features": 30,
    "dataset_dimensionality": 9493.566666666668,
    "log_dataset_dimensionality": 9.158369655207437,
    "dataset_ratio": 0.00010533448967195329,
    "nb_missing_vals": 0,
    "ratio_features_with_missing_vals": 0.0,
    "ratio_instances_with_missing_vals": 0.0,
    "nb_numeric_features": 30,
    "nb_categorical_features": 0,
    "ratio_numeric_categorical_features": 0.0,
    "ratio_categorical_numeric_features": 0.0,
    "mean__target": 0.0017274856800213456,
    "stdev__target": 0.04152711480855942,
    "min__target": 0.0,
    "q1__target": 0.0,
    "median__target": 0.0,
    "q3__target": 0.0,
    "max__target": 1.0,
    "mean_mean_numeric_features": 3163.406982421875,
    "stdev_mean_numeric_features": 17019.0703125,
    "min_mean_numeric_features": -8.769071216776017e-15,
    "q1_mean_numeric_features": -1.7467830083016667e-16,
    "median_mean_numeric_features": 8.5048206541551985e-16,
    "q3_mean_numeric_features": 1.7512464153299987e-15,
    "max_mean_numeric_features": 94813.859375,
    "mean_stdev_numeric_features": 1592.186767578125,
    "stdev_stdev_numeric_features": 8522.7822265625,
    "min_stdev_numeric_features": 0.3300832509994507,
    "q1_stdev_numeric_features": 0.7436242699623108,
    "median_stdev_numeric_features": 0.976934939622879,
    "q3_stdev_numeric_features": 1.3084767162799835,
    "max_stdev_numeric_features": 47488.14453125,
    "mean_var_numeric_features": 75172880.0,
    "stdev_var_numeric_features": 404806720.0,
    "min_var_numeric_features": 0.10895495861768723,
    "q1_var_numeric_features": 0.5532254874706268,
    "median_var_numeric_features": 0.9547381699085236,
    "q3_var_numeric_features": 1.7138097882270813,
    "max_var_numeric_features": 2255123968.0,
    "mean_min_numeric_features": -26.18749237060547,
    "stdev_min_numeric_features": 26.379980087280273,
    "min_min_numeric_features": -113.7433090209961,
    "q1_min_numeric_features": -41.37552833557129,
    "median_min_numeric_features": -17.056899070739746,
    "q3_min_numeric_features": -6.147292613983154,
    "max_min_numeric_features": 0.0,
    "mean_median_numeric_features": 2823.7978515625,
    "stdev_median_numeric_features": 15202.5439453125,
    "min_median_numeric_features": -0.2741870880126953,
    "q1_median_numeric_features": -0.031930556520819664,
    "median_median_numeric_features": 0.00525838288012892,
    "q3_median_numeric_features": 0.046297674998641014,
    "max_median_numeric_features": 84692.0,
    "mean_max_numeric_features": 6636.20947265625,
    "stdev_max_numeric_features": 31196.13671875,
    "min_max_numeric_features": 2.454930067062378,
    "q1_max_numeric_features": 8.105729460716248,
    "median_max_numeric_features": 16.235168933868408,
    "q3_max_numeric_features": 30.50985813140869,
    "max_max_numeric_features": 172792.0,
    "pca_1": 0.9999722492777529,
    "pca_2": 2.7738219235281257e-05,
    "pca_3": 1.6425170725014244e-09,
    "mean_cov_numeric_features": -0.8105013966560364,
    "stdev_cov_numeric_features": 4.3620405197143555,
    "min_cov_numeric_features": -24.300716400146484,
    "q1_cov_numeric_features": -0.007970556383952498,
    "median_cov_numeric_features": -0.00017107268649851903,
    "q3_cov_numeric_features": 0.0005560506178881042,
    "max_cov_numeric_features": 0.05849580839276314,
    "mean_entropy_categorical_features": NaN,
    "stdev_entropy_categorical_features": NaN,
    "min_entropy_categorical_features": NaN,
    "median_entropy_categorical_features": NaN,
    "max_entropy_categorical_features": NaN,
    "knn_5_mse": 0.001647010321712312,
    "knn_5_mae": 0.0021972777677759766,
    "knn_5_r2": 0.044552919996710155,
    "decision_tree_3_mse": 0.000652258279843282,
    "decision_tree_3_mae": 0.0012303015359436682,
    "decision_tree_3_r2": 0.6210475006668845,
    "decision_tree_1_mse": 0.0008281089413803255,
    "decision_tree_1_mae": 0.0016472011286419864,
    "decision_tree_1_r2": 0.5202522184235479,
    "random_tree_2_mse": 0.0008731844122878858,
    "random_tree_2_mae": 0.0017248485561808234,
    "random_tree_2_r2": 0.4901604616176415,
    "mean_correlation_features_target": -0.054245732724666595,
    "stdev_correlation_features_target": 0.12019121646881104,
    "min_correlation_features_target": -0.32648107409477234,
    "q1_correlation_features_target": -0.10895076207816601,
    "median_correlation_features_target": -0.004396590404212475,
    "q3_correlation_features_target": 0.015568806789815426,
    "max_correlation_features_target": 0.15487565100193024
}