{
    "nb_instances": 756,
    "log_nb_instances": 6.628041376179533,
    "nb_features": 753,
    "dataset_dimensionality": 1.00398406374502,
    "log_dataset_dimensionality": 0.003976148379639417,
    "dataset_ratio": 0.996031746031746,
    "nb_missing_vals": 0,
    "ratio_features_with_missing_vals": 0.0,
    "ratio_instances_with_missing_vals": 0.0,
    "nb_numeric_features": 753,
    "nb_categorical_features": 0,
    "ratio_numeric_categorical_features": 0.0,
    "ratio_categorical_numeric_features": 0.0,
    "mean__target": 0.7460317611694336,
    "stdev__target": 0.4352796673774719,
    "min__target": 0.0,
    "q1__target": 0.0,
    "median__target": 1.0,
    "q3__target": 1.0,
    "max__target": 1.0,
    "mean_mean_numeric_features": -23668440.0,
    "stdev_mean_numeric_features": 374869120.0,
    "min_mean_numeric_features": -9029633024.0,
    "q1_mean_numeric_features": -1.6018550471513283e-21,
    "median_mean_numeric_features": 0.019751153886318207,
    "q3_mean_numeric_features": 1.2305034399032593,
    "max_mean_numeric_features": 12099556.0,
    "mean_stdev_numeric_features": 15074130.0,
    "stdev_stdev_numeric_features": 236966448.0,
    "min_stdev_numeric_features": 5.7338261747293555e-21,
    "q1_stdev_numeric_features": 0.011752678081393242,
    "median_stdev_numeric_features": 0.18340672552585602,
    "q3_stdev_numeric_features": 36.13368606567383,
    "max_stdev_numeric_features": 5703424000.0,
    "mean_var_numeric_features": 5.638033204733542e+16,
    "stdev_var_numeric_features": Infinity,
    "min_var_numeric_features": 3.287726456998886e-41,
    "q1_var_numeric_features": 0.00013812544057145715,
    "median_var_numeric_features": 0.03363803029060364,
    "q3_var_numeric_features": 1305.6434326171875,
    "max_var_numeric_features": 3.2529044910683193e+19,
    "mean_min_numeric_features": -164729232.0,
    "stdev_min_numeric_features": 2579951616.0,
    "min_min_numeric_features": -62062235648.0,
    "q1_min_numeric_features": -0.21353000402450562,
    "median_min_numeric_features": 9.719999525259482e-07,
    "q3_min_numeric_features": 0.013145999982953072,
    "max_min_numeric_features": 2213588.75,
    "mean_median_numeric_features": -20550504.0,
    "stdev_median_numeric_features": 325772832.0,
    "min_median_numeric_features": -7849142272.0,
    "q1_median_numeric_features": 0.0,
    "median_median_numeric_features": 0.0047413501888513565,
    "q3_median_numeric_features": 0.753030002117157,
    "max_median_numeric_features": 10662959.0,
    "mean_max_numeric_features": -3417489.75,
    "stdev_max_numeric_features": 58362468.0,
    "min_max_numeric_features": -1399384320.0,
    "q1_max_numeric_features": 0.011137000285089016,
    "median_max_numeric_features": 0.6273000240325928,
    "q3_max_numeric_features": 25.415599822998047,
    "max_max_numeric_features": 74325480.0,
    "pca_1": 0.9999843007494836,
    "pca_2": 1.1191452267344635e-05,
    "pca_3": 3.5134808116942683e-06,
    "mean_cov_numeric_features": 1908802.0,
    "stdev_cov_numeric_features": 30183942.0,
    "min_cov_numeric_features": -915751.375,
    "q1_cov_numeric_features": -0.013330599293112755,
    "median_cov_numeric_features": -5.188110776543908e-07,
    "q3_cov_numeric_features": 0.00448730168864131,
    "max_cov_numeric_features": 726500160.0,
    "mean_entropy_categorical_features": NaN,
    "stdev_entropy_categorical_features": NaN,
    "min_entropy_categorical_features": NaN,
    "median_entropy_categorical_features": NaN,
    "max_entropy_categorical_features": NaN,
    "knn_5_mse": 0.20962962962962967,
    "knn_5_mae": 0.335978835978836,
    "knn_5_r2": -0.10807175637864397,
    "decision_tree_3_mse": 0.16436330491505674,
    "decision_tree_3_mae": 0.2584248294486911,
    "decision_tree_3_r2": 0.13084726333769706,
    "decision_tree_1_mse": 0.16500511340701468,
    "decision_tree_1_mae": 0.31974457440343573,
    "decision_tree_1_r2": 0.12487804247036594,
    "random_tree_2_mse": 0.15511906646959422,
    "random_tree_2_mae": 0.29647428848002066,
    "random_tree_2_r2": 0.17912683646158406,
    "mean_correlation_features_target": -0.026832783594727516,
    "stdev_correlation_features_target": 0.16770173609256744,
    "min_correlation_features_target": -0.39302879571914673,
    "q1_correlation_features_target": -0.14521463215351105,
    "median_correlation_features_target": -0.009686844423413277,
    "q3_correlation_features_target": 0.0677025318145752,
    "max_correlation_features_target": 0.39869531989097595
}