{
    "nb_instances": 10738,
    "log_nb_instances": 9.281544130982514,
    "nb_features": 14,
    "dataset_dimensionality": 767.0,
    "log_dataset_dimensionality": 6.642486801367256,
    "dataset_ratio": 0.001303780964797914,
    "nb_missing_vals": 0,
    "ratio_features_with_missing_vals": 0.0,
    "ratio_instances_with_missing_vals": 0.0,
    "nb_numeric_features": 14,
    "nb_categorical_features": 0,
    "ratio_numeric_categorical_features": 0.0,
    "ratio_categorical_numeric_features": 0.0,
    "mean__target": 8.344291687011719,
    "stdev__target": 6.470401763916016,
    "min__target": 3.0,
    "q1__target": 4.0,
    "median__target": 6.0,
    "q3__target": 9.0,
    "max__target": 85.0,
    "mean_mean_numeric_features": 0.6544791460037231,
    "stdev_mean_numeric_features": 0.3403485417366028,
    "min_mean_numeric_features": 0.10245726257562637,
    "q1_mean_numeric_features": 0.4725892096757889,
    "median_mean_numeric_features": 0.5465713441371918,
    "q3_mean_numeric_features": 0.8427642583847046,
    "max_mean_numeric_features": 1.5658409595489502,
    "mean_stdev_numeric_features": 0.3714301288127899,
    "stdev_stdev_numeric_features": 0.34213170409202576,
    "min_stdev_numeric_features": 0.18592405319213867,
    "q1_stdev_numeric_features": 0.22579371184110641,
    "median_stdev_numeric_features": 0.262323334813118,
    "q3_stdev_numeric_features": 0.3257077559828758,
    "max_stdev_numeric_features": 1.5780565738677979,
    "mean_var_numeric_features": 0.25501447916030884,
    "stdev_var_numeric_features": 0.6216868162155151,
    "min_var_numeric_features": 0.034567754715681076,
    "q1_var_numeric_features": 0.05098311975598335,
    "median_var_numeric_features": 0.06884552165865898,
    "q3_var_numeric_features": 0.10652586445212364,
    "max_var_numeric_features": 2.490262746810913,
    "mean_min_numeric_features": 0.0,
    "stdev_min_numeric_features": 0.0,
    "min_min_numeric_features": 0.0,
    "q1_min_numeric_features": 0.0,
    "median_min_numeric_features": 0.0,
    "q3_min_numeric_features": 0.0,
    "max_min_numeric_features": 0.0,
    "mean_median_numeric_features": 0.6354669332504272,
    "stdev_median_numeric_features": 0.3536352217197418,
    "min_median_numeric_features": 0.0,
    "q1_median_numeric_features": 0.4789416864514351,
    "median_median_numeric_features": 0.5227272808551788,
    "q3_median_numeric_features": 1.0,
    "max_median_numeric_features": 1.0,
    "mean_max_numeric_features": 4.285714149475098,
    "stdev_max_numeric_features": 11.846811294555664,
    "min_max_numeric_features": 1.0,
    "q1_max_numeric_features": 1.0,
    "median_max_numeric_features": 1.0,
    "q3_max_numeric_features": 1.0,
    "max_max_numeric_features": 47.0,
    "pca_1": 0.6983699514991903,
    "pca_2": 0.07042149319271682,
    "pca_3": 0.04322990570645247,
    "mean_cov_numeric_features": 0.5086673498153687,
    "stdev_cov_numeric_features": 1.9491037130355835,
    "min_cov_numeric_features": -0.3231089115142822,
    "q1_cov_numeric_features": -0.06761200912296772,
    "median_cov_numeric_features": 0.015246989903971553,
    "q3_cov_numeric_features": 0.04742958024144173,
    "max_cov_numeric_features": 7.5265984535217285,
    "mean_entropy_categorical_features": NaN,
    "stdev_entropy_categorical_features": NaN,
    "min_entropy_categorical_features": NaN,
    "median_entropy_categorical_features": NaN,
    "max_entropy_categorical_features": NaN,
    "knn_5_mse": 18.736072076197452,
    "knn_5_mae": 2.6479077754373113,
    "knn_5_r2": 0.5525392612636523,
    "decision_tree_3_mse": 17.493552924343483,
    "decision_tree_3_mae": 2.5068680948311597,
    "decision_tree_3_r2": 0.5824079603870347,
    "decision_tree_1_mse": 25.275758912758093,
    "decision_tree_1_mae": 3.271477700655011,
    "decision_tree_1_r2": 0.3963044743854396,
    "random_tree_2_mse": 40.2087310535841,
    "random_tree_2_mae": 4.1737148928847905,
    "random_tree_2_r2": 0.038144746380906536,
    "mean_correlation_features_target": 0.03422016277909279,
    "stdev_correlation_features_target": 0.20495398342609406,
    "min_correlation_features_target": -0.19526256620883942,
    "q1_correlation_features_target": -0.041995628736913204,
    "median_correlation_features_target": 0.005120112560689449,
    "q3_correlation_features_target": 0.030329052358865738,
    "max_correlation_features_target": 0.7370970845222473
}