{
    "nb_instances": 8885,
    "log_nb_instances": 9.092119740588751,
    "nb_features": 266,
    "dataset_dimensionality": 33.402255639097746,
    "log_dataset_dimensionality": 3.508623431807053,
    "dataset_ratio": 0.029938097917839055,
    "nb_missing_vals": 0,
    "ratio_features_with_missing_vals": 0.0,
    "ratio_instances_with_missing_vals": 0.0,
    "nb_numeric_features": 266,
    "nb_categorical_features": 0,
    "ratio_numeric_categorical_features": 0.0,
    "ratio_categorical_numeric_features": 0.0,
    "mean__target": 0.9194262027740479,
    "stdev__target": 0.029751114547252655,
    "min__target": 0.0,
    "q1__target": 0.9036129713058472,
    "median__target": 0.912555992603302,
    "q3__target": 0.9266489744186401,
    "max__target": 1.0,
    "mean_mean_numeric_features": 0.20066547393798828,
    "stdev_mean_numeric_features": 0.20962558686733246,
    "min_mean_numeric_features": 0.0,
    "q1_mean_numeric_features": 0.026893097441643476,
    "median_mean_numeric_features": 0.15555769205093384,
    "q3_mean_numeric_features": 0.2641277238726616,
    "max_mean_numeric_features": 0.8840005397796631,
    "mean_stdev_numeric_features": 0.07779435813426971,
    "stdev_stdev_numeric_features": 0.03923267871141434,
    "min_stdev_numeric_features": 0.0,
    "q1_stdev_numeric_features": 0.04754337854683399,
    "median_stdev_numeric_features": 0.0854584388434887,
    "q3_stdev_numeric_features": 0.10958921164274216,
    "max_stdev_numeric_features": 0.16548864543437958,
    "mean_var_numeric_features": 0.007591166067868471,
    "stdev_var_numeric_features": 0.00582875357940793,
    "min_var_numeric_features": 0.0,
    "q1_var_numeric_features": 0.002260373206809163,
    "median_var_numeric_features": 0.007306618383154273,
    "q3_var_numeric_features": 0.012009809026494622,
    "max_var_numeric_features": 0.027386493980884552,
    "mean_min_numeric_features": 0.0,
    "stdev_min_numeric_features": 0.0,
    "min_min_numeric_features": 0.0,
    "q1_min_numeric_features": 0.0,
    "median_min_numeric_features": 0.0,
    "q3_min_numeric_features": 0.0,
    "max_min_numeric_features": 0.0,
    "mean_median_numeric_features": 0.1914093792438507,
    "stdev_median_numeric_features": 0.2157210111618042,
    "min_median_numeric_features": 0.0,
    "q1_median_numeric_features": 0.014113500248640776,
    "median_median_numeric_features": 0.1339609995484352,
    "q3_median_numeric_features": 0.2456120066344738,
    "max_median_numeric_features": 0.8889999985694885,
    "mean_max_numeric_features": 0.981203019618988,
    "stdev_max_numeric_features": 0.13580745458602905,
    "min_max_numeric_features": 0.0,
    "q1_max_numeric_features": 1.0,
    "median_max_numeric_features": 1.0,
    "q3_max_numeric_features": 1.0,
    "max_max_numeric_features": 1.0,
    "pca_1": 0.5813746672332973,
    "pca_2": 0.1329658413799212,
    "pca_3": 0.07827684271580441,
    "mean_cov_numeric_features": 0.00011547681788215414,
    "stdev_cov_numeric_features": 0.00019533270096872002,
    "min_cov_numeric_features": -0.0005123867304064333,
    "q1_cov_numeric_features": 2.769615718989371e-07,
    "median_cov_numeric_features": 8.545285163563676e-05,
    "q3_cov_numeric_features": 0.0002691505796974525,
    "max_cov_numeric_features": 0.00043480785097926855,
    "mean_entropy_categorical_features": NaN,
    "stdev_entropy_categorical_features": NaN,
    "min_entropy_categorical_features": NaN,
    "median_entropy_categorical_features": NaN,
    "max_entropy_categorical_features": NaN,
    "knn_5_mse": 0.0009675393722063163,
    "knn_5_mae": 0.021255522978009193,
    "knn_5_r2": -0.10277375623258944,
    "decision_tree_3_mse": 0.0008595272864846085,
    "decision_tree_3_mae": 0.01992225254102925,
    "decision_tree_3_r2": 0.028790707859528614,
    "decision_tree_1_mse": 0.0008687286984287125,
    "decision_tree_1_mae": 0.01992293399268452,
    "decision_tree_1_r2": 0.018506091473991293,
    "random_tree_2_mse": 0.0008713237523470902,
    "random_tree_2_mae": 0.02002429465759259,
    "random_tree_2_r2": 0.015208440669356948,
    "mean_correlation_features_target": 0.04267546534538269,
    "stdev_correlation_features_target": 0.06337516754865646,
    "min_correlation_features_target": -0.1252674013376236,
    "q1_correlation_features_target": 0.003950581420212984,
    "median_correlation_features_target": 0.053714580833911896,
    "q3_correlation_features_target": 0.09541572630405426,
    "max_correlation_features_target": 0.13768406212329865
}