{
    "nb_instances": 394299,
    "log_nb_instances": 12.884864783722508,
    "nb_features": 9,
    "dataset_dimensionality": 43811.0,
    "log_dataset_dimensionality": 10.687640206386288,
    "dataset_ratio": 2.2825317842550957e-05,
    "nb_missing_vals": 0,
    "ratio_features_with_missing_vals": 0.0,
    "ratio_instances_with_missing_vals": 0.0,
    "nb_numeric_features": 3,
    "nb_categorical_features": 5,
    "ratio_numeric_categorical_features": 0.6,
    "ratio_categorical_numeric_features": 1.6666666666666667,
    "mean__target": 14.907099723815918,
    "stdev__target": 11.734366416931152,
    "min__target": -4.165999889373779,
    "q1__target": 7.699999809265137,
    "median__target": 11.899999618530273,
    "q3__target": 18.600000381469727,
    "max__target": 651.2999877929688,
    "mean_mean_numeric_features": 22.15997886657715,
    "stdev_mean_numeric_features": 16.391447067260742,
    "min_mean_numeric_features": 9.664257049560547,
    "q1_mean_numeric_features": 10.58158016204834,
    "median_mean_numeric_features": 11.498903274536133,
    "q3_mean_numeric_features": 28.407837867736816,
    "max_mean_numeric_features": 45.3167724609375,
    "mean_stdev_numeric_features": 19.683467864990234,
    "stdev_stdev_numeric_features": 16.342329025268555,
    "min_stdev_numeric_features": 6.937696933746338,
    "q1_stdev_numeric_features": 8.148872137069702,
    "median_stdev_numeric_features": 9.360047340393066,
    "q3_stdev_numeric_features": 26.056353092193604,
    "max_stdev_numeric_features": 42.75265884399414,
    "mean_var_numeric_features": 654.5106201171875,
    "stdev_var_numeric_features": 829.7901611328125,
    "min_var_numeric_features": 48.13163757324219,
    "q1_var_numeric_features": 67.87106323242188,
    "median_var_numeric_features": 87.61048889160156,
    "q3_var_numeric_features": 957.7001419067383,
    "max_var_numeric_features": 1827.789794921875,
    "mean_min_numeric_features": -0.2666667401790619,
    "stdev_min_numeric_features": 3.5975301265716553,
    "min_min_numeric_features": -4.800000190734863,
    "q1_min_numeric_features": -2.4000000953674316,
    "median_min_numeric_features": 0.0,
    "q3_min_numeric_features": 2.0,
    "max_min_numeric_features": 4.0,
    "mean_median_numeric_features": 17.69999885559082,
    "stdev_median_numeric_features": 12.336125373840332,
    "min_median_numeric_features": 7.099999904632568,
    "q1_median_numeric_features": 9.049999952316284,
    "median_median_numeric_features": 11.0,
    "q3_median_numeric_features": 23.0,
    "max_median_numeric_features": 35.0,
    "mean_max_numeric_features": 251.6666717529297,
    "stdev_max_numeric_features": 183.39817810058594,
    "min_max_numeric_features": 23.0,
    "q1_max_numeric_features": 141.5,
    "median_max_numeric_features": 260.0,
    "q3_max_numeric_features": 366.0,
    "max_max_numeric_features": 472.0,
    "pca_1": 0.9309284213850899,
    "pca_2": 0.04464383002782847,
    "pca_3": 0.024427748587081584,
    "mean_cov_numeric_features": 21.342071533203125,
    "stdev_cov_numeric_features": 54.330841064453125,
    "min_cov_numeric_features": -35.308773040771484,
    "q1_cov_numeric_features": -15.297136306762695,
    "median_cov_numeric_features": 4.714500427246094,
    "q3_cov_numeric_features": 49.66749572753906,
    "max_cov_numeric_features": 94.62049102783203,
    "mean_entropy_categorical_features": 2.5550930500030518,
    "stdev_entropy_categorical_features": 0.9756019711494446,
    "min_entropy_categorical_features": 1.1504101753234863,
    "median_entropy_categorical_features": 2.4830238819122314,
    "max_entropy_categorical_features": 3.9399566650390625,
    "knn_5_mse": NaN,
    "knn_5_mae": NaN,
    "knn_5_r2": NaN,
    "decision_tree_3_mse": NaN,
    "decision_tree_3_mae": NaN,
    "decision_tree_3_r2": NaN,
    "decision_tree_1_mse": NaN,
    "decision_tree_1_mae": NaN,
    "decision_tree_1_r2": NaN,
    "random_tree_2_mse": NaN,
    "random_tree_2_mae": NaN,
    "random_tree_2_r2": NaN,
    "mean_correlation_features_target": 0.2830042243003845,
    "stdev_correlation_features_target": 0.412386029958725,
    "min_correlation_features_target": -0.07038161903619766,
    "q1_correlation_features_target": -0.0062353722751140594,
    "median_correlation_features_target": 0.05791087448596954,
    "q3_correlation_features_target": 0.4596971347928047,
    "max_correlation_features_target": 0.8614833950996399
}