{
    "nb_instances": 581835,
    "log_nb_instances": 13.273942181363752,
    "nb_features": 14,
    "dataset_dimensionality": 41559.642857142855,
    "log_dataset_dimensionality": 10.634884851748494,
    "dataset_ratio": 2.4061804463464728e-05,
    "nb_missing_vals": 0,
    "ratio_features_with_missing_vals": 0.0,
    "ratio_instances_with_missing_vals": 0.0,
    "nb_numeric_features": 3,
    "nb_categorical_features": 9,
    "ratio_numeric_categorical_features": 0.3333333333333333,
    "ratio_categorical_numeric_features": 3.0,
    "mean__target": 2.3747501373291016,
    "stdev__target": 2.713709831237793,
    "min__target": -10.5600004196167,
    "q1__target": 1.0499999523162842,
    "median__target": 1.9600000381469727,
    "q3__target": 3.0,
    "max__target": 250.6999969482422,
    "mean_mean_numeric_features": 6.038033962249756,
    "stdev_mean_numeric_features": 7.495141983032227,
    "min_mean_numeric_features": 0.13654522597789764,
    "q1_mean_numeric_features": 0.7500165924429893,
    "median_mean_numeric_features": 1.363487958908081,
    "q3_mean_numeric_features": 8.988778471946716,
    "max_mean_numeric_features": 16.61406898498535,
    "mean_stdev_numeric_features": 4.838272571563721,
    "stdev_stdev_numeric_features": 5.393927097320557,
    "min_stdev_numeric_features": 1.00341796875,
    "q1_stdev_numeric_features": 1.0242092609405518,
    "median_stdev_numeric_features": 1.0450005531311035,
    "q3_stdev_numeric_features": 6.755700349807739,
    "max_stdev_numeric_features": 12.466400146484375,
    "mean_var_numeric_features": 52.50333786010742,
    "stdev_var_numeric_features": 72.76680755615234,
    "min_var_numeric_features": 1.0068475008010864,
    "q1_var_numeric_features": 1.0494368076324463,
    "median_var_numeric_features": 1.0920261144638062,
    "q3_var_numeric_features": 78.2515794634819,
    "max_var_numeric_features": 155.4111328125,
    "mean_min_numeric_features": -21.1200008392334,
    "stdev_min_numeric_features": 29.868188858032227,
    "min_min_numeric_features": -63.36000061035156,
    "q1_min_numeric_features": -31.68000030517578,
    "median_min_numeric_features": 0.0,
    "q3_min_numeric_features": 0.0,
    "max_min_numeric_features": 0.0,
    "mean_median_numeric_features": 4.62666654586792,
    "stdev_median_numeric_features": 5.850250244140625,
    "min_median_numeric_features": 0.0,
    "q1_median_numeric_features": 0.5,
    "median_median_numeric_features": 1.0,
    "q3_median_numeric_features": 6.940000057220459,
    "max_median_numeric_features": 12.880000114440918,
    "mean_max_numeric_features": 273.1266784667969,
    "stdev_max_numeric_features": 312.71697998046875,
    "min_max_numeric_features": 9.0,
    "q1_max_numeric_features": 53.5,
    "median_max_numeric_features": 98.0,
    "q3_max_numeric_features": 405.19000244140625,
    "max_max_numeric_features": 712.3800048828125,
    "pca_1": 0.9876127798427279,
    "pca_2": 0.006933388328445195,
    "pca_3": 0.00545383182882695,
    "mean_cov_numeric_features": 7.662338733673096,
    "stdev_cov_numeric_features": 10.371994972229004,
    "min_cov_numeric_features": 0.01573222503066063,
    "q1_cov_numeric_features": 0.3304826896637678,
    "median_cov_numeric_features": 0.645233154296875,
    "q3_cov_numeric_features": 11.485642433166504,
    "max_cov_numeric_features": 22.326051712036133,
    "mean_entropy_categorical_features": 1.1749274730682373,
    "stdev_entropy_categorical_features": 1.7230949401855469,
    "min_entropy_categorical_features": 0.010411432012915611,
    "median_entropy_categorical_features": 0.11784160137176514,
    "max_entropy_categorical_features": 4.770816802978516,
    "knn_5_mse": NaN,
    "knn_5_mae": NaN,
    "knn_5_r2": NaN,
    "decision_tree_3_mse": NaN,
    "decision_tree_3_mae": NaN,
    "decision_tree_3_r2": NaN,
    "decision_tree_1_mse": NaN,
    "decision_tree_1_mae": NaN,
    "decision_tree_1_r2": NaN,
    "random_tree_2_mse": NaN,
    "random_tree_2_mae": NaN,
    "random_tree_2_r2": NaN,
    "mean_correlation_features_target": 0.30081650614738464,
    "stdev_correlation_features_target": 0.27094537019729614,
    "min_correlation_features_target": 0.00554765947163105,
    "q1_correlation_features_target": 0.12125273142009974,
    "median_correlation_features_target": 0.23695780336856842,
    "q3_correlation_features_target": 0.4484509006142616,
    "max_correlation_features_target": 0.6599439978599548
}