{
    "nb_instances": 53940,
    "log_nb_instances": 10.895627596693721,
    "nb_features": 9,
    "dataset_dimensionality": 5993.333333333333,
    "log_dataset_dimensionality": 8.698403019357501,
    "dataset_ratio": 0.0001668520578420467,
    "nb_missing_vals": 0,
    "ratio_features_with_missing_vals": 0.0,
    "ratio_instances_with_missing_vals": 0.0,
    "nb_numeric_features": 6,
    "nb_categorical_features": 3,
    "ratio_numeric_categorical_features": 2.0,
    "ratio_categorical_numeric_features": 0.5,
    "mean__target": 3932.7998046875,
    "stdev__target": 3989.40283203125,
    "min__target": 326.0,
    "q1__target": 950.0,
    "median__target": 2401.0,
    "q3__target": 5324.25,
    "max__target": 18823.0,
    "mean_mean_numeric_features": 22.501489639282227,
    "stdev_mean_numeric_features": 26.316360473632812,
    "min_mean_numeric_features": 0.7979397773742676,
    "q1_mean_numeric_features": 4.0868396162986755,
    "median_mean_numeric_features": 5.732841730117798,
    "q3_mean_numeric_features": 44.526519417762756,
    "max_mean_numeric_features": 61.74940490722656,
    "mean_stdev_numeric_features": 1.18511962890625,
    "stdev_stdev_numeric_features": 0.5632965564727783,
    "min_stdev_numeric_features": 0.47401124238967896,
    "q1_stdev_numeric_features": 0.8097143173217773,
    "median_stdev_numeric_features": 1.1319476962089539,
    "q3_stdev_numeric_features": 1.3599996864795685,
    "max_stdev_numeric_features": 2.2344906330108643,
    "mean_var_numeric_features": 1.7218114137649536,
    "stdev_var_numeric_features": 1.5778502225875854,
    "min_var_numeric_features": 0.2246866524219513,
    "q1_var_numeric_features": 0.6880949437618256,
    "median_var_numeric_features": 1.2814093828201294,
    "q3_var_numeric_features": 1.8654208481311798,
    "max_var_numeric_features": 4.992948055267334,
    "mean_min_numeric_features": 14.366665840148926,
    "stdev_min_numeric_features": 20.2469482421875,
    "min_min_numeric_features": 0.0,
    "q1_min_numeric_features": 0.0,
    "median_min_numeric_features": 0.10000000149011612,
    "q3_min_numeric_features": 32.30000000074506,
    "max_min_numeric_features": 43.0,
    "mean_median_numeric_features": 22.406667709350586,
    "stdev_median_numeric_features": 26.24859619140625,
    "min_median_numeric_features": 0.699999988079071,
    "q1_median_numeric_features": 4.072499930858612,
    "median_median_numeric_features": 5.704999923706055,
    "q3_median_numeric_features": 44.17750000953674,
    "max_median_numeric_features": 61.79999923706055,
    "mean_max_numeric_features": 46.741668701171875,
    "stdev_max_numeric_features": 33.61100387573242,
    "min_max_numeric_features": 5.010000228881836,
    "q1_max_numeric_features": 16.00499963760376,
    "median_max_numeric_features": 45.35000038146973,
    "q3_max_numeric_features": 73.97500038146973,
    "max_max_numeric_features": 95.0,
    "pca_1": 0.5321813140244833,
    "pca_2": 0.29217432438112245,
    "pca_3": 0.16939023709083695,
    "mean_cov_numeric_features": 2190.205810546875,
    "stdev_cov_numeric_features": 1451.314697265625,
    "min_cov_numeric_features": -60.85371398925781,
    "q1_cov_numeric_features": 1285.679931640625,
    "median_cov_numeric_features": 2083.739013671875,
    "q3_cov_numeric_features": 3563.6312255859375,
    "max_cov_numeric_features": 3958.021484375,
    "mean_entropy_categorical_features": 1.6981239318847656,
    "stdev_entropy_categorical_features": 0.23011642694473267,
    "min_entropy_categorical_features": 1.3732463121414185,
    "median_entropy_categorical_features": 1.8440943956375122,
    "max_entropy_categorical_features": 1.8770313262939453,
    "knn_5_mse": NaN,
    "knn_5_mae": NaN,
    "knn_5_r2": NaN,
    "decision_tree_3_mse": NaN,
    "decision_tree_3_mae": NaN,
    "decision_tree_3_r2": NaN,
    "decision_tree_1_mse": NaN,
    "decision_tree_1_mae": NaN,
    "decision_tree_1_r2": NaN,
    "random_tree_2_mse": NaN,
    "random_tree_2_mae": NaN,
    "random_tree_2_r2": NaN,
    "mean_correlation_features_target": 0.6081972122192383,
    "stdev_correlation_features_target": 0.39138925075531006,
    "min_correlation_features_target": -0.010647404938936234,
    "q1_correlation_features_target": 0.31066279113292694,
    "median_correlation_features_target": 0.8633351624011993,
    "q3_correlation_features_target": 0.8796816021203995,
    "max_correlation_features_target": 0.9215912818908691
}