{
    "nb_instances": 195,
    "log_nb_instances": 5.272999558563747,
    "nb_features": 32,
    "dataset_dimensionality": 6.09375,
    "log_dataset_dimensionality": 1.8072636557640203,
    "dataset_ratio": 0.1641025641025641,
    "nb_missing_vals": 0,
    "ratio_features_with_missing_vals": 0.0,
    "ratio_instances_with_missing_vals": 0.0,
    "nb_numeric_features": 32,
    "nb_categorical_features": 0,
    "ratio_numeric_categorical_features": 0.0,
    "ratio_categorical_numeric_features": 0.0,
    "mean__target": 0.6064953804016113,
    "stdev__target": 0.6064953804016113,
    "min__target": 0.0,
    "q1__target": 0.44631651043891907,
    "median__target": 0.6603670120239258,
    "q3__target": 0.803367018699646,
    "max__target": 1.0,
    "mean_mean_numeric_features": 0.47298526763916016,
    "stdev_mean_numeric_features": 0.47298526763916016,
    "mean_stdev_numeric_features": 0.17053312063217163,
    "stdev_stdev_numeric_features": 0.17053312063217163,
    "mean_var_numeric_features": 0.029823681339621544,
    "stdev_var_numeric_features": 0.029823681339621544,
    "mean_min_numeric_features": 0.0,
    "stdev_min_numeric_features": 0.0,
    "mean_median_numeric_features": 0.47215625643730164,
    "stdev_median_numeric_features": 0.47215625643730164,
    "mean_max_numeric_features": 1.0,
    "stdev_max_numeric_features": 1.0,
    "mean_skew_numeric_features": 0.14117372035980225,
    "stdev_skew_numeric_features": 0.14117372035980225,
    "mean_kurtosis_numeric_features": 1.423520803451538,
    "stdev_kurtosis_numeric_features": 1.423520803451538,
    "pca_1": 0.0632773008581498,
    "pca_2": 0.04832100487006882,
    "pca_3": 0.04611344109678519,
    "mean_cov_numeric_features": 0.0022012642584741116,
    "stdev_cov_numeric_features": 0.0022012642584741116,
    "mean_entropy_categorical_features": NaN,
    "stdev_entropy_categorical_features": NaN,
    "decision_tree_1_mse": 0.05637713486718597,
    "decision_tree_1_mae": 0.19610875652954363,
    "decision_tree_1_r2": 0.06326392735625616,
    "decision_tree_2_mse": 0.061019154345712284,
    "decision_tree_2_mae": 0.19686103823288956,
    "decision_tree_2_r2": -0.015446881743788526,
    "random_tree_2_mse": 0.06302592167205244,
    "random_tree_2_mae": 0.20109838358737311,
    "random_tree_2_r2": -0.0870055423383744,
    "mean_correlation_features_target": 0.046650003641843796,
    "stdev_correlation_features_target": 0.046650003641843796,
    "min_correlation_features_target": -0.27544084191322327,
    "max_correlation_features_target": 0.3758009970188141
}