{
    "nb_instances": 39644,
    "log_nb_instances": 10.5876948915266,
    "nb_features": 60,
    "dataset_dimensionality": 660.7333333333333,
    "log_dataset_dimensionality": 6.493350329304499,
    "dataset_ratio": 0.0015134698819493492,
    "nb_missing_vals": 0,
    "ratio_features_with_missing_vals": 0.0,
    "ratio_instances_with_missing_vals": 0.0,
    "nb_numeric_features": 59,
    "nb_categorical_features": 1,
    "ratio_numeric_categorical_features": 59.0,
    "ratio_categorical_numeric_features": 0.01694915254237288,
    "mean__target": 3395.380126953125,
    "stdev__target": 11626.8046875,
    "min__target": 1.0,
    "q1__target": 946.0,
    "median__target": 1400.0,
    "q3__target": 2800.0,
    "max__target": 843300.0,
    "mean_mean_numeric_features": 17937.3203125,
    "stdev_mean_numeric_features": 102065.8984375,
    "min_mean_numeric_features": -0.5219437479972839,
    "q1_mean_numeric_features": 0.14993426203727722,
    "median_mean_numeric_features": 0.2879335284233093,
    "q3_mean_numeric_features": 10.641219139099121,
    "max_mean_numeric_features": 752324.0625,
    "mean_stdev_numeric_features": 8583.20703125,
    "stdev_stdev_numeric_features": 33444.71484375,
    "min_stdev_numeric_features": 0.010827791877090931,
    "q1_stdev_numeric_features": 0.23790179938077927,
    "median_stdev_numeric_features": 0.38252538442611694,
    "q3_stdev_numeric_features": 9.820725440979004,
    "max_stdev_numeric_features": 214502.125,
    "mean_var_numeric_features": 1192220160.0,
    "stdev_var_numeric_features": 6352578048.0,
    "min_var_numeric_features": 0.00011724108480848372,
    "q1_var_numeric_features": 0.05660645291209221,
    "median_var_numeric_features": 0.14632566273212433,
    "q3_var_numeric_features": 98.73064804077148,
    "max_var_numeric_features": 46011162624.0,
    "mean_min_numeric_features": 0.06112287938594818,
    "stdev_min_numeric_features": 1.134472370147705,
    "min_min_numeric_features": -1.0,
    "q1_min_numeric_features": 0.0,
    "median_min_numeric_features": 0.0,
    "q3_min_numeric_features": 0.0,
    "max_min_numeric_features": 8.0,
    "mean_median_numeric_features": 18735.642578125,
    "stdev_median_numeric_features": 112769.8359375,
    "min_median_numeric_features": -1.0,
    "q1_median_numeric_features": 0.0,
    "median_median_numeric_features": 0.11911676824092865,
    "q3_median_numeric_features": 7.5,
    "max_median_numeric_features": 843300.0,
    "mean_max_numeric_features": 97615.1328125,
    "stdev_max_numeric_features": 256661.765625,
    "min_max_numeric_features": 0.0,
    "q1_max_numeric_features": 1.0,
    "median_max_numeric_features": 1.0,
    "q3_max_numeric_features": 675.5,
    "max_max_numeric_features": 843300.0,
    "pca_1": 0.7628238831069216,
    "pca_2": 0.1638303643995091,
    "pca_3": 0.03532643447045147,
    "mean_cov_numeric_features": 2583212.5,
    "stdev_cov_numeric_features": 9987620.0,
    "min_cov_numeric_features": -850.9027709960938,
    "q1_cov_numeric_features": -23.70718288421631,
    "median_cov_numeric_features": 24.25834083557129,
    "q3_cov_numeric_features": 2474.299560546875,
    "max_cov_numeric_features": 70193736.0,
    "mean_entropy_categorical_features": 10.587695121765137,
    "stdev_entropy_categorical_features": 0.0,
    "min_entropy_categorical_features": 10.587695121765137,
    "median_entropy_categorical_features": 10.587695121765137,
    "max_entropy_categorical_features": 10.587695121765137,
    "knn_5_mse": NaN,
    "knn_5_mae": NaN,
    "knn_5_r2": NaN,
    "decision_tree_3_mse": NaN,
    "decision_tree_3_mae": NaN,
    "decision_tree_3_r2": NaN,
    "decision_tree_1_mse": NaN,
    "decision_tree_1_mae": NaN,
    "decision_tree_1_r2": NaN,
    "random_tree_2_mse": NaN,
    "random_tree_2_mae": NaN,
    "random_tree_2_r2": NaN,
    "mean_correlation_features_target": 0.010112253949046135,
    "stdev_correlation_features_target": 0.028911536559462547,
    "min_correlation_features_target": -0.05916272848844528,
    "q1_correlation_features_target": -0.0045337441843003035,
    "median_correlation_features_target": 0.005021216347813606,
    "q3_correlation_features_target": 0.02295137569308281,
    "max_correlation_features_target": 0.11041286587715149
}