{
    "nb_instances": 559,
    "log_nb_instances": 6.326149473155099,
    "nb_features": 4,
    "dataset_dimensionality": 139.75,
    "log_dataset_dimensionality": 4.939855112035208,
    "dataset_ratio": 0.007155635062611807,
    "nb_missing_vals": 0,
    "ratio_features_with_missing_vals": 0.0,
    "ratio_instances_with_missing_vals": 0.0,
    "nb_numeric_features": 3,
    "nb_categorical_features": 1,
    "ratio_numeric_categorical_features": 3.0,
    "ratio_categorical_numeric_features": 0.3333333333333333,
    "mean__target": 1.327370285987854,
    "stdev__target": 1.327370285987854,
    "min__target": 0.0,
    "q1__target": 0.0,
    "median__target": 0.0,
    "q3__target": 0.0,
    "max__target": 130.0,
    "mean_mean_numeric_features": 6781.0732421875,
    "stdev_mean_numeric_features": 6781.0732421875,
    "mean_stdev_numeric_features": 52178.26171875,
    "stdev_stdev_numeric_features": 52178.26171875,
    "mean_var_numeric_features": 10859964416.0,
    "stdev_var_numeric_features": 10859964416.0,
    "mean_min_numeric_features": 8.125,
    "stdev_min_numeric_features": 8.125,
    "mean_median_numeric_features": 169.625,
    "stdev_median_numeric_features": 169.625,
    "mean_max_numeric_features": 739424.125,
    "stdev_max_numeric_features": 739424.125,
    "mean_skew_numeric_features": 2.516857624053955,
    "stdev_skew_numeric_features": 2.516857624053955,
    "mean_kurtosis_numeric_features": 25.387575149536133,
    "stdev_kurtosis_numeric_features": 25.387575149536133,
    "pca_1": 0.9999984712260654,
    "pca_2": 1.5205829602705649e-06,
    "pca_3": 8.01177531812064e-09,
    "mean_cov_numeric_features": 176974.8125,
    "stdev_cov_numeric_features": 176974.8125,
    "mean_entropy_categorical_features": NaN,
    "stdev_entropy_categorical_features": NaN,
    "decision_tree_1_mse": 54.28202706282918,
    "decision_tree_1_mae": 1.1847756473198874,
    "decision_tree_1_r2": 0.48778510929217306,
    "decision_tree_2_mse": 45.48436031396437,
    "decision_tree_2_mae": 1.098881116840544,
    "decision_tree_2_r2": -0.5224680897000267,
    "random_tree_2_mse": 68.86253723406615,
    "random_tree_2_mae": 1.2315876765305074,
    "random_tree_2_r2": 0.03395074264285003,
    "mean_correlation_features_target": 0.025105968117713928,
    "stdev_correlation_features_target": 0.025105968117713928,
    "min_correlation_features_target": -0.18681450188159943,
    "max_correlation_features_target": 0.32980018854141235
}