{
    "nb_instances": 649,
    "log_nb_instances": 6.47543271670409,
    "nb_features": 2,
    "dataset_dimensionality": 324.5,
    "log_dataset_dimensionality": 5.782285536144145,
    "dataset_ratio": 0.0030816640986132513,
    "nb_missing_vals": 0,
    "ratio_features_with_missing_vals": 0.0,
    "ratio_instances_with_missing_vals": 0.0,
    "nb_numeric_features": 1,
    "nb_categorical_features": 1,
    "ratio_numeric_categorical_features": 1.0,
    "ratio_categorical_numeric_features": 1.0,
    "mean__target": 4.3929123878479,
    "stdev__target": 4.3929123878479,
    "min__target": 0.0,
    "q1__target": 0.0,
    "median__target": 2.0,
    "q3__target": 6.0,
    "max__target": 42.0,
    "mean_mean_numeric_features": 69.99075317382812,
    "stdev_mean_numeric_features": 69.99075317382812,
    "mean_stdev_numeric_features": 89.39952087402344,
    "stdev_stdev_numeric_features": 89.39952087402344,
    "mean_var_numeric_features": 15984.548828125,
    "stdev_var_numeric_features": 15984.548828125,
    "mean_min_numeric_features": 0.0,
    "stdev_min_numeric_features": 0.0,
    "mean_median_numeric_features": 19.0,
    "stdev_median_numeric_features": 19.0,
    "mean_max_numeric_features": 333.29998779296875,
    "stdev_max_numeric_features": 333.29998779296875,
    "mean_skew_numeric_features": 0.7410686016082764,
    "stdev_skew_numeric_features": 0.7410686016082764,
    "mean_kurtosis_numeric_features": 0.8278530240058899,
    "stdev_kurtosis_numeric_features": 0.8278530240058899,
    "pca_1": 1.0,
    "pca_2": 0.0,
    "pca_3": NaN,
    "mean_cov_numeric_features": 380.3105163574219,
    "stdev_cov_numeric_features": 380.3105163574219,
    "mean_entropy_categorical_features": NaN,
    "stdev_entropy_categorical_features": NaN,
    "decision_tree_1_mse": 23.84899038669043,
    "decision_tree_1_mae": 3.1272859265591997,
    "decision_tree_1_r2": 0.4037166241420599,
    "decision_tree_2_mse": 22.952745973198102,
    "decision_tree_2_mae": 2.8936858435986434,
    "decision_tree_2_r2": 0.411783454355222,
    "random_tree_2_mse": 30.810030041435127,
    "random_tree_2_mae": 3.831904580720591,
    "random_tree_2_r2": 0.2114613913460775,
    "mean_correlation_features_target": 0.6755136847496033,
    "stdev_correlation_features_target": 0.6755136847496033,
    "min_correlation_features_target": 0.6755136847496033,
    "max_correlation_features_target": 0.6755136847496033
}