{
    "nb_instances": 137,
    "log_nb_instances": 4.919980925828125,
    "nb_features": 7,
    "dataset_dimensionality": 19.571428571428573,
    "log_dataset_dimensionality": 2.9740707767728116,
    "dataset_ratio": 0.051094890510948905,
    "nb_missing_vals": 0,
    "ratio_features_with_missing_vals": 0.0,
    "ratio_instances_with_missing_vals": 0.0,
    "nb_numeric_features": 3,
    "nb_categorical_features": 4,
    "ratio_numeric_categorical_features": 0.75,
    "ratio_categorical_numeric_features": 1.3333333333333333,
    "mean__target": 121.62773895263672,
    "stdev__target": 157.23968505859375,
    "min__target": 1.0,
    "q1__target": 25.0,
    "median__target": 80.0,
    "q3__target": 144.0,
    "max__target": 999.0,
    "mean_mean_numeric_features": 41.883209228515625,
    "stdev_mean_numeric_features": 23.412189483642578,
    "min_mean_numeric_features": 8.773722648620605,
    "q1_mean_numeric_features": 33.54014539718628,
    "median_mean_numeric_features": 58.30656814575195,
    "q3_mean_numeric_features": 58.43795585632324,
    "max_mean_numeric_features": 58.56934356689453,
    "mean_stdev_numeric_features": 13.731120109558105,
    "stdev_stdev_numeric_features": 4.460855484008789,
    "min_stdev_numeric_features": 10.541627883911133,
    "q1_stdev_numeric_features": 10.576884746551514,
    "median_stdev_numeric_features": 10.612141609191895,
    "q3_stdev_numeric_features": 15.325866222381592,
    "max_stdev_numeric_features": 20.03959083557129,
    "mean_var_numeric_features": 208.44288635253906,
    "stdev_var_numeric_features": 136.57362365722656,
    "min_var_numeric_features": 111.12591552734375,
    "q1_var_numeric_features": 111.8717269897461,
    "median_var_numeric_features": 112.61753845214844,
    "q3_var_numeric_features": 257.1013870239258,
    "max_var_numeric_features": 401.5852355957031,
    "mean_min_numeric_features": 15.0,
    "stdev_min_numeric_features": 13.928388595581055,
    "min_min_numeric_features": 1.0,
    "q1_min_numeric_features": 5.5,
    "median_min_numeric_features": 10.0,
    "q3_min_numeric_features": 22.0,
    "max_min_numeric_features": 34.0,
    "mean_median_numeric_features": 42.33333206176758,
    "stdev_median_numeric_features": 26.411277770996094,
    "min_median_numeric_features": 5.0,
    "q1_median_numeric_features": 32.5,
    "median_median_numeric_features": 60.0,
    "q3_median_numeric_features": 61.0,
    "max_median_numeric_features": 62.0,
    "mean_max_numeric_features": 89.0,
    "stdev_max_numeric_features": 7.4833149909973145,
    "min_max_numeric_features": 81.0,
    "q1_max_numeric_features": 84.0,
    "median_max_numeric_features": 87.0,
    "q3_max_numeric_features": 93.0,
    "max_max_numeric_features": 99.0,
    "pca_1": 0.652524270924763,
    "pca_2": 0.18405280412441322,
    "pca_3": 0.16342292495082375,
    "mean_cov_numeric_features": 338.4782409667969,
    "stdev_cov_numeric_features": 614.2037963867188,
    "min_cov_numeric_features": -113.67179870605469,
    "q1_cov_numeric_features": -95.70553207397461,
    "median_cov_numeric_features": -77.73926544189453,
    "q3_cov_numeric_features": 564.553279876709,
    "max_cov_numeric_features": 1206.8458251953125,
    "mean_entropy_categorical_features": 0.723909854888916,
    "stdev_entropy_categorical_features": 0.40221548080444336,
    "min_entropy_categorical_features": 0.24235396087169647,
    "median_entropy_categorical_features": 0.6485137045383453,
    "max_entropy_categorical_features": 1.3562581539154053,
    "knn_5_mse": NaN,
    "knn_5_mae": NaN,
    "knn_5_r2": NaN,
    "decision_tree_3_mse": NaN,
    "decision_tree_3_mae": NaN,
    "decision_tree_3_r2": NaN,
    "decision_tree_1_mse": NaN,
    "decision_tree_1_mae": NaN,
    "decision_tree_1_r2": NaN,
    "random_tree_2_mse": NaN,
    "random_tree_2_mae": NaN,
    "random_tree_2_r2": NaN,
    "mean_correlation_features_target": 0.0889522135257721,
    "stdev_correlation_features_target": 0.2071274071931839,
    "min_correlation_features_target": -0.06832695007324219,
    "q1_correlation_features_target": -0.05737236700952053,
    "median_correlation_features_target": -0.046417783945798874,
    "q3_correlation_features_target": 0.1675917897373438,
    "max_correlation_features_target": 0.38160136342048645
}