{
    "nb_instances": 468,
    "log_nb_instances": 6.148468295917647,
    "nb_features": 3,
    "dataset_dimensionality": 156.0,
    "log_dataset_dimensionality": 5.049856007249537,
    "dataset_ratio": 0.00641025641025641,
    "nb_missing_vals": 0,
    "ratio_features_with_missing_vals": 0.0,
    "ratio_instances_with_missing_vals": 0.0,
    "nb_numeric_features": 2,
    "nb_categorical_features": 1,
    "ratio_numeric_categorical_features": 2.0,
    "ratio_categorical_numeric_features": 0.5,
    "mean__target": 9.099893569946289,
    "stdev__target": 9.099893569946289,
    "min__target": 0.0,
    "q1__target": 5.0,
    "median__target": 8.25,
    "q3__target": 12.0,
    "max__target": 26.0,
    "mean_mean_numeric_features": 12.5,
    "stdev_mean_numeric_features": 12.5,
    "mean_stdev_numeric_features": 7.11826753616333,
    "stdev_stdev_numeric_features": 7.11826753616333,
    "mean_var_numeric_features": 82.14775085449219,
    "stdev_var_numeric_features": 82.14775085449219,
    "mean_min_numeric_features": 0.6666666865348816,
    "stdev_min_numeric_features": 0.6666666865348816,
    "mean_median_numeric_features": 12.5,
    "stdev_median_numeric_features": 12.5,
    "mean_max_numeric_features": 24.33333396911621,
    "stdev_max_numeric_features": 24.33333396911621,
    "mean_skew_numeric_features": 0.0,
    "stdev_skew_numeric_features": 0.0,
    "mean_kurtosis_numeric_features": -1.215208888053894,
    "stdev_kurtosis_numeric_features": -1.215208888053894,
    "pca_1": 0.9725930154317659,
    "pca_2": 0.02710945442222976,
    "pca_3": 0.00029753014600431243,
    "mean_cov_numeric_features": -2.1330299377441406,
    "stdev_cov_numeric_features": -2.1330299377441406,
    "mean_entropy_categorical_features": NaN,
    "stdev_entropy_categorical_features": NaN,
    "decision_tree_1_mse": 18.028651173984823,
    "decision_tree_1_mae": 3.495735730670411,
    "decision_tree_1_r2": 0.35338062107997215,
    "decision_tree_2_mse": 16.779971809248845,
    "decision_tree_2_mae": 3.3344228713602315,
    "decision_tree_2_r2": 0.3875249188124531,
    "random_tree_2_mse": 25.23699319247519,
    "random_tree_2_mae": 3.9788417807564525,
    "random_tree_2_r2": 0.08510606582622002,
    "mean_correlation_features_target": -0.0005169808864593506,
    "stdev_correlation_features_target": -0.0005169808864593506,
    "min_correlation_features_target": -0.08850034326314926,
    "max_correlation_features_target": 0.175416499376297
}