{
    "nb_instances": 6574,
    "log_nb_instances": 8.790877754224164,
    "nb_features": 14,
    "dataset_dimensionality": 469.57142857142856,
    "log_dataset_dimensionality": 6.151820424608906,
    "dataset_ratio": 0.0021296014602981443,
    "nb_missing_vals": 0,
    "ratio_features_with_missing_vals": 0.0,
    "ratio_instances_with_missing_vals": 0.0,
    "nb_numeric_features": 14,
    "nb_categorical_features": 0,
    "ratio_numeric_categorical_features": 0.0,
    "ratio_categorical_numeric_features": 0.0,
    "mean__target": 15.599461555480957,
    "stdev__target": 15.599461555480957,
    "min__target": 0.6700000166893005,
    "q1__target": 10.710000038146973,
    "median__target": 15.0,
    "q3__target": 19.829999923706055,
    "max__target": 42.540000915527344,
    "mean_mean_numeric_features": 14.206658363342285,
    "stdev_mean_numeric_features": 14.206658363342285,
    "mean_stdev_numeric_features": 4.987560272216797,
    "stdev_stdev_numeric_features": 4.987560272216797,
    "mean_var_numeric_features": 26.464208602905273,
    "stdev_var_numeric_features": 26.464208602905273,
    "mean_min_numeric_features": 4.691428184509277,
    "stdev_min_numeric_features": 4.691428184509277,
    "mean_median_numeric_features": 13.863571166992188,
    "stdev_median_numeric_features": 13.863571166992188,
    "mean_max_numeric_features": 33.86357116699219,
    "stdev_max_numeric_features": 33.86357116699219,
    "mean_skew_numeric_features": 0.4864545464515686,
    "stdev_skew_numeric_features": 0.4864545464515686,
    "mean_kurtosis_numeric_features": -0.02986331842839718,
    "stdev_kurtosis_numeric_features": -0.02986331842839718,
    "pca_1": 0.5407552042430486,
    "pca_2": 0.20905743670417695,
    "pca_3": 0.07521775361992934,
    "mean_cov_numeric_features": 17.523107528686523,
    "stdev_cov_numeric_features": 17.523107528686523,
    "mean_entropy_categorical_features": NaN,
    "stdev_entropy_categorical_features": NaN,
    "decision_tree_1_mse": 25.298059282582845,
    "decision_tree_1_mae": 4.009890595951972,
    "decision_tree_1_r2": 0.43534452811548213,
    "decision_tree_2_mse": 18.721663894206547,
    "decision_tree_2_mae": 3.39854190114311,
    "decision_tree_2_r2": 0.5820964028824043,
    "random_tree_2_mse": 20.780973545239092,
    "random_tree_2_mae": 3.5970015104023623,
    "random_tree_2_r2": 0.5367029914592332,
    "mean_correlation_features_target": 0.5508757829666138,
    "stdev_correlation_features_target": 0.5508757829666138,
    "min_correlation_features_target": 0.00871199183166027,
    "max_correlation_features_target": 0.8064512610435486
}