{
    "nb_instances": 4052,
    "log_nb_instances": 8.306965865368573,
    "nb_features": 7,
    "dataset_dimensionality": 578.8571428571429,
    "log_dataset_dimensionality": 6.361055716313261,
    "dataset_ratio": 0.0017275419545903258,
    "nb_missing_vals": 0,
    "ratio_features_with_missing_vals": 0.0,
    "ratio_instances_with_missing_vals": 0.0,
    "nb_numeric_features": 7,
    "nb_categorical_features": 0,
    "ratio_numeric_categorical_features": 0.0,
    "ratio_categorical_numeric_features": 0.0,
    "mean__target": 2.0336990356445312,
    "stdev__target": 2.0336990356445312,
    "min__target": 0.0,
    "q1__target": 2.0799999237060547,
    "median__target": 2.299999952316284,
    "q3__target": 2.299999952316284,
    "max__target": 2.299999952316284,
    "mean_mean_numeric_features": 281.94879150390625,
    "stdev_mean_numeric_features": 281.94879150390625,
    "mean_stdev_numeric_features": 1.7577934265136719,
    "stdev_stdev_numeric_features": 1.7577934265136719,
    "mean_var_numeric_features": 14.028684616088867,
    "stdev_var_numeric_features": 14.028684616088867,
    "mean_min_numeric_features": 279.0,
    "stdev_min_numeric_features": 279.0,
    "mean_median_numeric_features": 282.0,
    "stdev_median_numeric_features": 282.0,
    "mean_max_numeric_features": 286.28570556640625,
    "stdev_max_numeric_features": 286.28570556640625,
    "mean_skew_numeric_features": 2.7479870319366455,
    "stdev_skew_numeric_features": 2.7479870319366455,
    "mean_kurtosis_numeric_features": 17.041561126708984,
    "stdev_kurtosis_numeric_features": 17.041561126708984,
    "pca_1": 0.9883345898408019,
    "pca_2": 0.004211602406574805,
    "pca_3": 0.002778664529829912,
    "mean_cov_numeric_features": -0.5071419477462769,
    "stdev_cov_numeric_features": -0.5071419477462769,
    "mean_entropy_categorical_features": NaN,
    "stdev_entropy_categorical_features": NaN,
    "decision_tree_1_mse": 0.06806683782695155,
    "decision_tree_1_mae": 0.16929799763872147,
    "decision_tree_1_r2": 0.7744727339283345,
    "decision_tree_2_mse": 0.01798826175911862,
    "decision_tree_2_mae": 0.07118239552731344,
    "decision_tree_2_r2": 0.9405394621011777,
    "random_tree_2_mse": 0.09427621189162122,
    "random_tree_2_mae": 0.20987474178357673,
    "random_tree_2_r2": 0.6877849164748473,
    "mean_correlation_features_target": -0.09189888089895248,
    "stdev_correlation_features_target": -0.09189888089895248,
    "min_correlation_features_target": -0.655180811882019,
    "max_correlation_features_target": 0.08569711446762085
}