{
    "nb_instances": 240,
    "log_nb_instances": 5.480638923341991,
    "nb_features": 124,
    "dataset_dimensionality": 1.935483870967742,
    "log_dataset_dimensionality": 0.6603573577369545,
    "dataset_ratio": 0.5166666666666667,
    "nb_missing_vals": 0,
    "ratio_features_with_missing_vals": 0.0,
    "ratio_instances_with_missing_vals": 0.0,
    "nb_numeric_features": 124,
    "nb_categorical_features": 0,
    "ratio_numeric_categorical_features": 0.0,
    "ratio_categorical_numeric_features": 0.0,
    "mean__target": 18.50208282470703,
    "stdev__target": 14.332551956176758,
    "min__target": 0.8999999761581421,
    "q1__target": 7.074999928474426,
    "median__target": 13.5,
    "q3__target": 28.32499933242798,
    "max__target": 58.5,
    "mean_mean_numeric_features": 3.233041524887085,
    "stdev_mean_numeric_features": 5.6803693771362305,
    "min_mean_numeric_features": -0.14886781573295593,
    "q1_mean_numeric_features": 2.846695303916931,
    "median_mean_numeric_features": 3.086429238319397,
    "q3_mean_numeric_features": 3.3995121121406555,
    "max_mean_numeric_features": 62.845375061035156,
    "mean_stdev_numeric_features": 0.716728150844574,
    "stdev_stdev_numeric_features": 0.9866883754730225,
    "min_stdev_numeric_features": 0.41208764910697937,
    "q1_stdev_numeric_features": 0.5132722705602646,
    "median_stdev_numeric_features": 0.5455762147903442,
    "q3_stdev_numeric_features": 0.5490847080945969,
    "max_stdev_numeric_features": 11.03780746459961,
    "mean_var_numeric_features": 1.487252950668335,
    "stdev_var_numeric_features": 10.905912399291992,
    "min_var_numeric_features": 0.16981622576713562,
    "q1_var_numeric_features": 0.2634540796279907,
    "median_var_numeric_features": 0.2976534217596054,
    "q3_var_numeric_features": 0.3014940395951271,
    "max_var_numeric_features": 121.83319091796875,
    "mean_min_numeric_features": 1.6157457828521729,
    "stdev_min_numeric_features": 3.668994188308716,
    "min_min_numeric_features": -5.751959800720215,
    "q1_min_numeric_features": 2.06457257270813,
    "median_min_numeric_features": 2.1587849855422974,
    "q3_min_numeric_features": 2.526750087738037,
    "max_min_numeric_features": 32.79999923706055,
    "mean_median_numeric_features": 3.2009694576263428,
    "stdev_median_numeric_features": 5.991783142089844,
    "min_median_numeric_features": -0.18998649716377258,
    "q1_median_numeric_features": 2.7713125348091125,
    "median_median_numeric_features": 2.9873374700546265,
    "q3_median_numeric_features": 3.3155624866485596,
    "max_median_numeric_features": 66.19999694824219,
    "mean_max_numeric_features": 5.493887901306152,
    "stdev_max_numeric_features": 6.682760715484619,
    "min_max_numeric_features": 1.4490699768066406,
    "q1_max_numeric_features": 4.3963974714279175,
    "median_max_numeric_features": 5.081564903259277,
    "q3_max_numeric_features": 5.301132559776306,
    "max_max_numeric_features": 76.5999984741211,
    "pca_1": 0.7660230383236871,
    "pca_2": 0.14445252663323183,
    "pca_3": 0.020381019295142185,
    "mean_cov_numeric_features": 0.7559828162193298,
    "stdev_cov_numeric_features": 15.094125747680664,
    "min_cov_numeric_features": -157.0714874267578,
    "q1_cov_numeric_features": 2.290484607219696,
    "median_cov_numeric_features": 3.179746389389038,
    "q3_cov_numeric_features": 3.666099190711975,
    "max_cov_numeric_features": 6.486068248748779,
    "mean_entropy_categorical_features": NaN,
    "stdev_entropy_categorical_features": NaN,
    "min_entropy_categorical_features": NaN,
    "median_entropy_categorical_features": NaN,
    "max_entropy_categorical_features": NaN,
    "knn_5_mse": 2.9853663833333326,
    "knn_5_mae": 1.2901583333333333,
    "knn_5_r2": 0.9855460814763292,
    "decision_tree_3_mse": 7.051173658801142,
    "decision_tree_3_mae": 2.121044190143551,
    "decision_tree_3_r2": 0.9645309638309304,
    "decision_tree_1_mse": 52.138293540625504,
    "decision_tree_1_mae": 5.765444550552017,
    "decision_tree_1_r2": 0.746307494332773,
    "random_tree_2_mse": 42.96068075431462,
    "random_tree_2_mae": 5.011217355294704,
    "random_tree_2_r2": 0.7839545272479275,
    "mean_correlation_features_target": 0.32027098536491394,
    "stdev_correlation_features_target": 0.29108431935310364,
    "min_correlation_features_target": -0.9907962083816528,
    "q1_correlation_features_target": 0.3580256849527359,
    "median_correlation_features_target": 0.4120614230632782,
    "q3_correlation_features_target": 0.46164970099925995,
    "max_correlation_features_target": 0.5321555733680725
}