{
    "nb_instances": 3107,
    "log_nb_instances": 8.041412909393047,
    "nb_features": 6,
    "dataset_dimensionality": 517.8333333333334,
    "log_dataset_dimensionality": 6.249653440164993,
    "dataset_ratio": 0.0019311232700354038,
    "nb_missing_vals": 0,
    "ratio_features_with_missing_vals": 0.0,
    "ratio_instances_with_missing_vals": 0.0,
    "nb_numeric_features": 6,
    "nb_categorical_features": 0,
    "ratio_numeric_categorical_features": 0.0,
    "ratio_categorical_numeric_features": 0.0,
    "mean__target": -0.5762341618537903,
    "stdev__target": 0.19802401959896088,
    "min__target": -3.0570449829101562,
    "q1__target": -0.6999407112598419,
    "median__target": -0.5658247470855713,
    "q3__target": -0.441693976521492,
    "max__target": 0.10008345544338226,
    "mean_mean_numeric_features": -8892953.0,
    "stdev_mean_numeric_features": 39557160.0,
    "min_mean_numeric_features": -91638848.0,
    "q1_mean_numeric_features": 8.808915376663208,
    "median_mean_numeric_features": 9.38866376876831,
    "q3_mean_numeric_features": 11.353014945983887,
    "max_mean_numeric_features": 38281092.0,
    "mean_stdev_numeric_features": 2719032.75,
    "stdev_stdev_numeric_features": 4296194.5,
    "min_stdev_numeric_features": 1.272298812866211,
    "q1_stdev_numeric_features": 1.334283709526062,
    "median_stdev_numeric_features": 1.3936448097229004,
    "q3_stdev_numeric_features": 3628876.477839768,
    "max_stdev_numeric_features": 11475690.0,
    "mean_var_numeric_features": 25850428784640.0,
    "stdev_var_numeric_features": 48099300999168.0,
    "min_var_numeric_features": 1.6187442541122437,
    "q1_var_numeric_features": 1.780891239643097,
    "median_var_numeric_features": 1.9425595998764038,
    "q3_var_numeric_features": 17558324379648.498,
    "max_var_numeric_features": 131691473534976.0,
    "mean_min_numeric_features": -16518803.0,
    "stdev_min_numeric_features": 49035208.0,
    "min_min_numeric_features": -124229904.0,
    "q1_min_numeric_features": 3.2610172033309937,
    "median_min_numeric_features": 4.003516912460327,
    "q3_min_numeric_features": 6.782464504241943,
    "max_min_numeric_features": 25117068.0,
    "mean_median_numeric_features": -8640767.0,
    "stdev_median_numeric_features": 39055340.0,
    "min_median_numeric_features": -90171688.0,
    "q1_median_numeric_features": 8.688886165618896,
    "median_median_numeric_features": 9.238950252532959,
    "q3_median_numeric_features": 11.204730749130249,
    "max_median_numeric_features": 38327048.0,
    "mean_max_numeric_features": -3129363.25,
    "stdev_max_numeric_features": 33904492.0,
    "min_max_numeric_features": -67609992.0,
    "q1_max_numeric_features": 14.30806565284729,
    "median_max_numeric_features": 15.22777795791626,
    "q3_max_numeric_features": 17.33560085296631,
    "max_max_numeric_features": 48833748.0,
    "pca_1": 0.8558448679759002,
    "pca_2": 0.1441551320240563,
    "pca_3": 4.3611310558824617e-14,
    "mean_cov_numeric_features": -43740.31640625,
    "stdev_cov_numeric_features": 368123.90625,
    "min_cov_numeric_features": -759763.8125,
    "q1_cov_numeric_features": -0.09754830971360207,
    "median_cov_numeric_features": -0.08931475505232811,
    "q3_cov_numeric_features": -0.07968945242464542,
    "max_cov_numeric_features": 497322.28125,
    "mean_entropy_categorical_features": NaN,
    "stdev_entropy_categorical_features": NaN,
    "min_entropy_categorical_features": NaN,
    "median_entropy_categorical_features": NaN,
    "max_entropy_categorical_features": NaN,
    "knn_5_mse": 0.019843215118425947,
    "knn_5_mae": 0.09729385993875996,
    "knn_5_r2": 0.4952900084141007,
    "decision_tree_3_mse": 0.02161235770096175,
    "decision_tree_3_mae": 0.10767069931403996,
    "decision_tree_3_r2": 0.4489063332928727,
    "decision_tree_1_mse": 0.03077537874083486,
    "decision_tree_1_mae": 0.13176118630051067,
    "decision_tree_1_r2": 0.2157325506479606,
    "random_tree_2_mse": 0.02821374249353986,
    "random_tree_2_mae": 0.12745923864816988,
    "random_tree_2_r2": 0.28148226125011455,
    "mean_correlation_features_target": -0.1918267160654068,
    "stdev_correlation_features_target": 0.3189208507537842,
    "min_correlation_features_target": -0.37636616826057434,
    "q1_correlation_features_target": -0.3382468819618225,
    "median_correlation_features_target": -0.3332419991493225,
    "q3_correlation_features_target": -0.2986815646290779,
    "max_correlation_features_target": 0.5189664363861084
}