{
    "nb_instances": 329,
    "log_nb_instances": 5.796057750765372,
    "nb_features": 8,
    "dataset_dimensionality": 41.125,
    "log_dataset_dimensionality": 3.716616209085536,
    "dataset_ratio": 0.0243161094224924,
    "nb_missing_vals": 0,
    "ratio_features_with_missing_vals": 0.0,
    "ratio_instances_with_missing_vals": 0.0,
    "nb_numeric_features": 8,
    "nb_categorical_features": 0,
    "ratio_numeric_categorical_features": 0.0,
    "ratio_categorical_numeric_features": 0.0,
    "mean__target": 5525.36474609375,
    "stdev__target": 1082.8192138671875,
    "min__target": 3045.0,
    "q1__target": 4842.0,
    "median__target": 5384.0,
    "q3__target": 6113.0,
    "max__target": 9980.0,
    "mean_mean_numeric_features": 2881.7373046875,
    "stdev_mean_numeric_features": 2367.320068359375,
    "min_mean_numeric_features": 538.7325439453125,
    "q1_mean_numeric_features": 1129.5676574707031,
    "median_mean_numeric_features": 2330.4224243164062,
    "q3_mean_numeric_features": 3415.6838989257812,
    "max_mean_numeric_features": 8346.5595703125,
    "mean_stdev_numeric_features": 1386.04638671875,
    "stdev_stdev_numeric_features": 1408.9427490234375,
    "min_stdev_numeric_features": 120.80825805664062,
    "q1_stdev_numeric_features": 348.0638656616211,
    "median_stdev_numeric_features": 905.4450988769531,
    "q3_stdev_numeric_features": 1684.7000732421875,
    "max_stdev_numeric_features": 4642.28369140625,
    "mean_var_numeric_features": 3906244.5,
    "stdev_var_numeric_features": 6897800.0,
    "min_var_numeric_features": 14594.6357421875,
    "q1_var_numeric_features": 121396.361328125,
    "median_var_numeric_features": 829348.1875,
    "q3_var_numeric_features": 3001810.4375,
    "max_var_numeric_features": 21550798.0,
    "mean_min_numeric_features": 1101.625,
    "stdev_min_numeric_features": 1632.158447265625,
    "min_min_numeric_features": 43.0,
    "q1_min_numeric_features": 91.75,
    "median_min_numeric_features": 304.0,
    "q3_min_numeric_features": 1284.0,
    "max_min_numeric_features": 5159.0,
    "mean_median_numeric_features": 2576.75,
    "stdev_median_numeric_features": 2279.167724609375,
    "min_median_numeric_features": 542.0,
    "q1_median_numeric_features": 918.5,
    "median_median_numeric_features": 1770.5,
    "q3_median_numeric_features": 3115.5,
    "max_median_numeric_features": 7877.0,
    "mean_max_numeric_features": 13606.125,
    "stdev_max_numeric_features": 17600.599609375,
    "min_max_numeric_features": 910.0,
    "q1_max_numeric_features": 3460.25,
    "median_max_numeric_features": 6325.0,
    "q3_max_numeric_features": 12378.75,
    "max_max_numeric_features": 56745.0,
    "pca_1": 0.7807689239681418,
    "pca_2": 0.1378379061722854,
    "pca_3": 0.05241427616906574,
    "mean_cov_numeric_features": 190972.3125,
    "stdev_cov_numeric_features": 220411.90625,
    "min_cov_numeric_features": -13112.115234375,
    "q1_cov_numeric_features": 66921.224609375,
    "median_cov_numeric_features": 96970.9296875,
    "q3_cov_numeric_features": 209268.984375,
    "max_cov_numeric_features": 696953.125,
    "mean_entropy_categorical_features": NaN,
    "stdev_entropy_categorical_features": NaN,
    "min_entropy_categorical_features": NaN,
    "median_entropy_categorical_features": NaN,
    "max_entropy_categorical_features": NaN,
    "knn_5_mse": 1263649.2283323538,
    "knn_5_mae": 838.7994930943286,
    "knn_5_r2": -0.07515442517312027,
    "decision_tree_3_mse": 1145948.0519087738,
    "decision_tree_3_mae": 807.152421708493,
    "decision_tree_3_r2": 0.005336252004645103,
    "decision_tree_1_mse": 1118934.6870045708,
    "decision_tree_1_mae": 798.3062801876071,
    "decision_tree_1_r2": 0.009790605964300814,
    "random_tree_2_mse": 1019310.9508663006,
    "random_tree_2_mae": 773.109317874356,
    "random_tree_2_r2": 0.1267062738586469,
    "mean_correlation_features_target": 0.11584579944610596,
    "stdev_correlation_features_target": 0.11253993958234787,
    "min_correlation_features_target": -0.10008274018764496,
    "q1_correlation_features_target": 0.06676474120467901,
    "median_correlation_features_target": 0.09768682718276978,
    "q3_correlation_features_target": 0.19514655694365501,
    "max_correlation_features_target": 0.26943278312683105
}