{
    "nb_instances": 315,
    "log_nb_instances": 5.752572638825633,
    "nb_features": 13,
    "dataset_dimensionality": 24.23076923076923,
    "log_dataset_dimensionality": 3.1876232813640963,
    "dataset_ratio": 0.04126984126984127,
    "nb_missing_vals": 0,
    "ratio_features_with_missing_vals": 0.0,
    "ratio_instances_with_missing_vals": 0.0,
    "nb_numeric_features": 10,
    "nb_categorical_features": 3,
    "ratio_numeric_categorical_features": 3.3333333333333335,
    "ratio_categorical_numeric_features": 0.3,
    "mean__target": 602.7904663085938,
    "stdev__target": 208.56362915039062,
    "min__target": 179.0,
    "q1__target": 466.0,
    "median__target": 566.0,
    "q3__target": 716.0,
    "max__target": 1727.0,
    "mean_mean_numeric_features": 541.6729736328125,
    "stdev_mean_numeric_features": 766.0482788085938,
    "min_mean_numeric_features": 3.279365062713623,
    "q1_mean_numeric_features": 32.15453767776489,
    "median_mean_numeric_features": 133.46269607543945,
    "q3_mean_numeric_features": 685.15087890625,
    "max_mean_numeric_features": 2185.603271484375,
    "mean_stdev_numeric_features": 313.05865478515625,
    "stdev_stdev_numeric_features": 453.31036376953125,
    "min_stdev_numeric_features": 5.330192565917969,
    "q1_stdev_numeric_features": 12.885966300964355,
    "median_stdev_numeric_features": 82.91052436828613,
    "q3_stdev_numeric_features": 487.7169532775879,
    "max_stdev_numeric_features": 1473.8865966796875,
    "mean_var_numeric_features": 303496.0,
    "stdev_var_numeric_features": 642980.375,
    "min_var_numeric_features": 28.410951614379883,
    "q1_var_numeric_features": 166.99932479858398,
    "median_var_numeric_features": 9283.109130859375,
    "q3_var_numeric_features": 268818.4951171875,
    "max_var_numeric_features": 2172341.5,
    "mean_min_numeric_features": 77.97311401367188,
    "stdev_min_numeric_features": 136.51629638671875,
    "min_min_numeric_features": 0.0,
    "q1_min_numeric_features": 5.924999833106995,
    "median_min_numeric_features": 17.66557025909424,
    "q3_min_numeric_features": 35.77500057220459,
    "max_min_numeric_features": 445.20001220703125,
    "mean_median_numeric_features": 468.0135192871094,
    "stdev_median_numeric_features": 663.7352905273438,
    "min_median_numeric_features": 0.30000001192092896,
    "q1_median_numeric_features": 30.551437854766846,
    "median_median_numeric_features": 106.45000076293945,
    "q3_median_numeric_features": 581.8250007629395,
    "max_median_numeric_features": 1802.0,
    "mean_max_numeric_features": 2613.00048828125,
    "stdev_max_numeric_features": 3458.61669921875,
    "min_max_numeric_features": 36.79999923706055,
    "q1_max_numeric_features": 113.0,
    "median_max_numeric_features": 568.3000030517578,
    "q3_max_numeric_features": 5350.400146484375,
    "max_max_numeric_features": 9642.0,
    "pca_1": 0.7285525644315733,
    "pca_2": 0.18271487088909374,
    "pca_3": 0.07516963844623488,
    "mean_cov_numeric_features": -2150.752197265625,
    "stdev_cov_numeric_features": 3893.11474609375,
    "min_cov_numeric_features": -10421.5712890625,
    "q1_cov_numeric_features": -3610.376678466797,
    "median_cov_numeric_features": -346.0561294555664,
    "q3_cov_numeric_features": 37.210373401641846,
    "max_cov_numeric_features": 2736.257568359375,
    "mean_entropy_categorical_features": 0.8215708136558533,
    "stdev_entropy_categorical_features": 0.3059302568435669,
    "min_entropy_categorical_features": 0.3926744759082794,
    "median_entropy_categorical_features": 0.9867650270462036,
    "max_entropy_categorical_features": 1.0852729082107544,
    "knn_5_mse": NaN,
    "knn_5_mae": NaN,
    "knn_5_r2": NaN,
    "decision_tree_3_mse": NaN,
    "decision_tree_3_mae": NaN,
    "decision_tree_3_r2": NaN,
    "decision_tree_1_mse": NaN,
    "decision_tree_1_mae": NaN,
    "decision_tree_1_r2": NaN,
    "random_tree_2_mse": NaN,
    "random_tree_2_mae": NaN,
    "random_tree_2_r2": NaN,
    "mean_correlation_features_target": -0.004171615932136774,
    "stdev_correlation_features_target": 0.08654303848743439,
    "min_correlation_features_target": -0.0909377932548523,
    "q1_correlation_features_target": -0.06835155375301838,
    "median_correlation_features_target": -0.028985064942389727,
    "q3_correlation_features_target": 0.016136907506734133,
    "max_correlation_features_target": 0.21167169511318207
}