{
    "nb_instances": 2001,
    "log_nb_instances": 7.601402334583733,
    "nb_features": 1,
    "dataset_dimensionality": 2001.0,
    "log_dataset_dimensionality": 7.601402334583733,
    "dataset_ratio": 0.0004997501249375312,
    "nb_missing_vals": 0,
    "ratio_features_with_missing_vals": 0.0,
    "ratio_instances_with_missing_vals": 0.0,
    "nb_numeric_features": 1,
    "nb_categorical_features": 0,
    "ratio_numeric_categorical_features": 0.0,
    "ratio_categorical_numeric_features": 0.0,
    "mean__target": -0.04745527729392052,
    "stdev__target": -0.04745527729392052,
    "min__target": -1.600000023841858,
    "q1__target": -0.04500000178813934,
    "median__target": 0.0,
    "q3__target": 0.019999999552965164,
    "max__target": 0.16099999845027924,
    "mean_mean_numeric_features": 2.095802068710327,
    "stdev_mean_numeric_features": 2.095802068710327,
    "mean_stdev_numeric_features": 0.17383891344070435,
    "stdev_stdev_numeric_features": 0.17383891344070435,
    "mean_var_numeric_features": 0.030219968408346176,
    "stdev_var_numeric_features": 0.030219968408346176,
    "mean_min_numeric_features": 0.5799999833106995,
    "stdev_min_numeric_features": 0.5799999833106995,
    "mean_median_numeric_features": 2.140000104904175,
    "stdev_median_numeric_features": 2.140000104904175,
    "mean_max_numeric_features": 2.359999895095825,
    "stdev_max_numeric_features": 2.359999895095825,
    "mean_skew_numeric_features": -2.9163403511047363,
    "stdev_skew_numeric_features": -2.9163403511047363,
    "mean_kurtosis_numeric_features": 16.966793060302734,
    "stdev_kurtosis_numeric_features": 16.966793060302734,
    "pca_1": 1.0,
    "pca_2": NaN,
    "pca_3": NaN,
    "mean_cov_numeric_features": 0.0212241280823946,
    "stdev_cov_numeric_features": 0.0212241280823946,
    "mean_entropy_categorical_features": NaN,
    "stdev_entropy_categorical_features": NaN,
    "decision_tree_1_mse": 0.01250242997327044,
    "decision_tree_1_mae": 0.07542237273552757,
    "decision_tree_1_r2": 0.44615614468125225,
    "decision_tree_2_mse": 0.00751492134506202,
    "decision_tree_2_mae": 0.05840506896494517,
    "decision_tree_2_r2": 0.6619977114575856,
    "random_tree_2_mse": 0.009999537385695038,
    "random_tree_2_mae": 0.07001995225680183,
    "random_tree_2_r2": 0.5366419635594684,
    "mean_correlation_features_target": 0.8048941493034363,
    "stdev_correlation_features_target": 0.8048941493034363,
    "min_correlation_features_target": 0.8048941493034363,
    "max_correlation_features_target": 0.8048941493034363
}