{
    "nb_instances": 380,
    "log_nb_instances": 5.940171252720432,
    "nb_features": 2,
    "dataset_dimensionality": 190.0,
    "log_dataset_dimensionality": 5.247024072160486,
    "dataset_ratio": 0.005263157894736842,
    "nb_missing_vals": 0,
    "ratio_features_with_missing_vals": 0.0,
    "ratio_instances_with_missing_vals": 0.0,
    "nb_numeric_features": 2,
    "nb_categorical_features": 0,
    "ratio_numeric_categorical_features": 0.0,
    "ratio_categorical_numeric_features": 0.0,
    "mean__target": 5.773684024810791,
    "stdev__target": 5.773684024810791,
    "min__target": 0.0,
    "q1__target": 3.0,
    "median__target": 6.0,
    "q3__target": 8.0,
    "max__target": 15.0,
    "mean_mean_numeric_features": 49.60789489746094,
    "stdev_mean_numeric_features": 49.60789489746094,
    "mean_stdev_numeric_features": 2.7984042167663574,
    "stdev_stdev_numeric_features": 2.7984042167663574,
    "mean_var_numeric_features": 10.72363567352295,
    "stdev_var_numeric_features": 10.72363567352295,
    "mean_min_numeric_features": 43.0,
    "stdev_min_numeric_features": 43.0,
    "mean_median_numeric_features": 50.0,
    "stdev_median_numeric_features": 50.0,
    "mean_max_numeric_features": 56.5,
    "stdev_max_numeric_features": 56.5,
    "mean_skew_numeric_features": -0.011826302856206894,
    "stdev_skew_numeric_features": -0.011826302856206894,
    "mean_kurtosis_numeric_features": -0.758810818195343,
    "stdev_kurtosis_numeric_features": -0.758810818195343,
    "pca_1": 0.9447972302960305,
    "pca_2": 0.05520276970396948,
    "pca_3": NaN,
    "mean_cov_numeric_features": 5.8279128074646,
    "stdev_cov_numeric_features": 5.8279128074646,
    "mean_entropy_categorical_features": NaN,
    "stdev_entropy_categorical_features": NaN,
    "decision_tree_1_mse": 4.775487627718885,
    "decision_tree_1_mae": 1.7827024560838065,
    "decision_tree_1_r2": 0.48714618915394314,
    "decision_tree_2_mse": 3.1504028741106733,
    "decision_tree_2_mae": 1.4360355722741653,
    "decision_tree_2_r2": 0.6611671373938758,
    "random_tree_2_mse": 4.481744576361278,
    "random_tree_2_mae": 1.7384488862495915,
    "random_tree_2_r2": 0.5213906529409073,
    "mean_correlation_features_target": 0.3846301734447479,
    "stdev_correlation_features_target": 0.3846301734447479,
    "min_correlation_features_target": -0.09797753393650055,
    "max_correlation_features_target": 0.8672378659248352
}