{
    "nb_instances": 163,
    "log_nb_instances": 5.093750200806762,
    "nb_features": 5,
    "dataset_dimensionality": 32.6,
    "log_dataset_dimensionality": 3.484312288372662,
    "dataset_ratio": 0.03067484662576687,
    "nb_missing_vals": 0,
    "ratio_features_with_missing_vals": 0.0,
    "ratio_instances_with_missing_vals": 0.0,
    "nb_numeric_features": 3,
    "nb_categorical_features": 2,
    "ratio_numeric_categorical_features": 1.5,
    "ratio_categorical_numeric_features": 0.6666666666666666,
    "mean__target": 2.509202480316162,
    "stdev__target": 2.509202480316162,
    "min__target": 0.0,
    "q1__target": 0.0,
    "median__target": 1.0,
    "q3__target": 3.0,
    "max__target": 22.0,
    "mean_mean_numeric_features": 49.464317321777344,
    "stdev_mean_numeric_features": 49.464317321777344,
    "mean_stdev_numeric_features": 47.07447052001953,
    "stdev_stdev_numeric_features": 47.07447052001953,
    "mean_var_numeric_features": 8824.236328125,
    "stdev_var_numeric_features": 8824.236328125,
    "mean_min_numeric_features": 1.558351993560791,
    "stdev_min_numeric_features": 1.558351993560791,
    "mean_median_numeric_features": 33.20868682861328,
    "stdev_median_numeric_features": 33.20868682861328,
    "mean_max_numeric_features": 216.76486206054688,
    "stdev_max_numeric_features": 216.76486206054688,
    "mean_skew_numeric_features": 0.5593447089195251,
    "stdev_skew_numeric_features": 0.5593447089195251,
    "mean_kurtosis_numeric_features": 1.4846997261047363,
    "stdev_kurtosis_numeric_features": 1.4846997261047363,
    "pca_1": 0.9930285458261523,
    "pca_2": 0.006955729659404328,
    "pca_3": 8.8908242679334e-06,
    "mean_cov_numeric_features": 65.14884948730469,
    "stdev_cov_numeric_features": 65.14884948730469,
    "mean_entropy_categorical_features": NaN,
    "stdev_entropy_categorical_features": NaN,
    "decision_tree_1_mse": 13.384232877021738,
    "decision_tree_1_mae": 2.5193200714769413,
    "decision_tree_1_r2": 0.12285653333998345,
    "decision_tree_2_mse": 12.056950816542434,
    "decision_tree_2_mae": 2.194459438191485,
    "decision_tree_2_r2": 0.20566297128616573,
    "random_tree_2_mse": 13.45750531712439,
    "random_tree_2_mae": 2.5018573868166465,
    "random_tree_2_r2": 0.12001381360257252,
    "mean_correlation_features_target": 0.2746329605579376,
    "stdev_correlation_features_target": 0.2746329605579376,
    "min_correlation_features_target": -0.1268663853406906,
    "max_correlation_features_target": 0.4394131600856781
}