{
    "nb_instances": 120,
    "log_nb_instances": 4.787491742782046,
    "nb_features": 19,
    "dataset_dimensionality": 6.315789473684211,
    "log_dataset_dimensionality": 1.8430527636156055,
    "dataset_ratio": 0.15833333333333333,
    "nb_missing_vals": 0,
    "ratio_features_with_missing_vals": 0.0,
    "ratio_instances_with_missing_vals": 0.0,
    "nb_numeric_features": 3,
    "nb_categorical_features": 16,
    "ratio_numeric_categorical_features": 0.1875,
    "ratio_categorical_numeric_features": 5.333333333333333,
    "mean__target": 4.4083333015441895,
    "stdev__target": 9.811978340148926,
    "min__target": 0.0,
    "q1__target": 0.0,
    "median__target": 0.0,
    "q3__target": 2.0,
    "max__target": 48.0,
    "mean_mean_numeric_features": 6.1972222328186035,
    "stdev_mean_numeric_features": 3.9946744441986084,
    "min_mean_numeric_features": 1.5916666984558105,
    "q1_mean_numeric_features": 3.629166603088379,
    "median_mean_numeric_features": 5.666666507720947,
    "q3_mean_numeric_features": 8.499999761581421,
    "max_mean_numeric_features": 11.333333015441895,
    "mean_stdev_numeric_features": 3.787463903427124,
    "stdev_stdev_numeric_features": 0.1923048347234726,
    "min_stdev_numeric_features": 3.6514837741851807,
    "q1_stdev_numeric_features": 3.6514837741851807,
    "median_stdev_numeric_features": 3.6514837741851807,
    "q3_stdev_numeric_features": 3.855453848838806,
    "max_stdev_numeric_features": 4.059423923492432,
    "mean_var_numeric_features": 14.38186264038086,
    "stdev_var_numeric_features": 1.4828448295593262,
    "min_var_numeric_features": 13.333333015441895,
    "q1_var_numeric_features": 13.333333015441895,
    "median_var_numeric_features": 13.333333015441895,
    "q3_var_numeric_features": 14.906127452850342,
    "max_var_numeric_features": 16.47892189025879,
    "mean_min_numeric_features": 1.0,
    "stdev_min_numeric_features": 0.8164966106414795,
    "min_min_numeric_features": 0.0,
    "q1_min_numeric_features": 0.5,
    "median_min_numeric_features": 1.0,
    "q3_min_numeric_features": 1.5,
    "max_min_numeric_features": 2.0,
    "mean_median_numeric_features": 5.666666507720947,
    "stdev_median_numeric_features": 4.921607971191406,
    "min_median_numeric_features": 0.0,
    "q1_median_numeric_features": 2.5,
    "median_median_numeric_features": 5.0,
    "q3_median_numeric_features": 8.5,
    "max_median_numeric_features": 12.0,
    "mean_max_numeric_features": 19.66666603088379,
    "stdev_max_numeric_features": 5.906681537628174,
    "min_max_numeric_features": 15.0,
    "q1_max_numeric_features": 15.5,
    "median_max_numeric_features": 16.0,
    "q3_max_numeric_features": 22.0,
    "max_max_numeric_features": 28.0,
    "pca_1": 0.5346192149770628,
    "pca_2": 0.3150347787019013,
    "pca_3": 0.15034600632103595,
    "mean_cov_numeric_features": 4.140079021453857,
    "stdev_cov_numeric_features": 15.92440414428711,
    "min_cov_numeric_features": -10.476190567016602,
    "q1_cov_numeric_features": -6.932773113250732,
    "median_cov_numeric_features": -3.3893556594848633,
    "q3_cov_numeric_features": 11.448214054107666,
    "max_cov_numeric_features": 26.285783767700195,
    "mean_entropy_categorical_features": 0.4348697066307068,
    "stdev_entropy_categorical_features": 0.028231481090188026,
    "min_entropy_categorical_features": 0.37677016854286194,
    "median_entropy_categorical_features": 0.44429001212120056,
    "max_entropy_categorical_features": 0.46313557028770447,
    "knn_5_mse": 58.92,
    "knn_5_mae": 3.1366666666666667,
    "knn_5_r2": 0.37272048807744707,
    "decision_tree_3_mse": 60.50272709139307,
    "decision_tree_3_mae": 3.080093410651149,
    "decision_tree_3_r2": 0.5307367964203769,
    "decision_tree_1_mse": 65.88402206844545,
    "decision_tree_1_mae": 3.844249446749447,
    "decision_tree_1_r2": 0.3000717337061389,
    "random_tree_2_mse": 74.80457453395826,
    "random_tree_2_mae": 4.835514086016566,
    "random_tree_2_r2": 0.279888573052714,
    "mean_correlation_features_target": 0.09059783816337585,
    "stdev_correlation_features_target": 0.4086230993270874,
    "min_correlation_features_target": -0.2911791503429413,
    "q1_correlation_features_target": -0.192692082375288,
    "median_correlation_features_target": -0.09420501440763474,
    "q3_correlation_features_target": 0.2814863361418247,
    "max_correlation_features_target": 0.6571776866912842
}