{
    "nb_instances": 500,
    "log_nb_instances": 6.214608098422191,
    "nb_features": 7,
    "dataset_dimensionality": 71.42857142857143,
    "log_dataset_dimensionality": 4.268697949366879,
    "dataset_ratio": 0.014,
    "nb_missing_vals": 0,
    "ratio_features_with_missing_vals": 0.0,
    "ratio_instances_with_missing_vals": 0.0,
    "nb_numeric_features": 7,
    "nb_categorical_features": 0,
    "ratio_numeric_categorical_features": 0.0,
    "ratio_categorical_numeric_features": 0.0,
    "mean__target": 3.2709290981292725,
    "stdev__target": 3.2709290981292725,
    "min__target": 0.693149983882904,
    "q1__target": 2.708050012588501,
    "median__target": 3.29584002494812,
    "q3__target": 3.8712000846862793,
    "max__target": 5.393630027770996,
    "mean_mean_numeric_features": 68.01844024658203,
    "stdev_mean_numeric_features": 68.01844024658203,
    "mean_stdev_numeric_features": 43.32558059692383,
    "stdev_stdev_numeric_features": 43.32558059692383,
    "mean_var_numeric_features": 6805.45556640625,
    "stdev_var_numeric_features": 6805.45556640625,
    "mean_min_numeric_features": 2.586665630340576,
    "stdev_min_numeric_features": 2.586665630340576,
    "mean_median_numeric_features": 48.3533935546875,
    "stdev_median_numeric_features": 48.3533935546875,
    "mean_max_numeric_features": 147.7360076904297,
    "stdev_max_numeric_features": 147.7360076904297,
    "mean_skew_numeric_features": 0.003931804560124874,
    "stdev_skew_numeric_features": 0.003931804560124874,
    "mean_kurtosis_numeric_features": 0.21464939415454865,
    "stdev_kurtosis_numeric_features": 0.21464939415454865,
    "pca_1": 0.844949356332475,
    "pca_2": 0.15320127653906473,
    "pca_3": 0.0010344889639318923,
    "mean_cov_numeric_features": 1.5713660717010498,
    "stdev_cov_numeric_features": 1.5713660717010498,
    "mean_entropy_categorical_features": NaN,
    "stdev_entropy_categorical_features": NaN,
    "decision_tree_1_mse": 0.6988815895937788,
    "decision_tree_1_mae": 0.66261463567472,
    "decision_tree_1_r2": 0.1035934920237564,
    "decision_tree_2_mse": 0.6336481478159516,
    "decision_tree_2_mae": 0.6224088292675394,
    "decision_tree_2_r2": 0.18952897472047275,
    "random_tree_2_mse": 0.6886823137329583,
    "random_tree_2_mae": 0.6571839403426988,
    "random_tree_2_r2": 0.10980829095662337,
    "mean_correlation_features_target": 0.06583038717508316,
    "stdev_correlation_features_target": 0.06583038717508316,
    "min_correlation_features_target": -0.14521408081054688,
    "max_correlation_features_target": 0.3556067943572998
}