{
    "nb_instances": 500,
    "log_nb_instances": 6.214608098422191,
    "nb_features": 7,
    "dataset_dimensionality": 71.42857142857143,
    "log_dataset_dimensionality": 4.268697949366879,
    "dataset_ratio": 0.014,
    "nb_missing_vals": 0,
    "ratio_features_with_missing_vals": 0.0,
    "ratio_instances_with_missing_vals": 0.0,
    "nb_numeric_features": 7,
    "nb_categorical_features": 0,
    "ratio_numeric_categorical_features": 0.0,
    "ratio_categorical_numeric_features": 0.0,
    "mean__target": 3.2709290981292725,
    "stdev__target": 0.8859211802482605,
    "min__target": 0.693149983882904,
    "q1__target": 2.708050012588501,
    "median__target": 3.29584002494812,
    "q3__target": 3.8712000846862793,
    "max__target": 5.393630027770996,
    "mean_mean_numeric_features": 68.01844024658203,
    "stdev_mean_numeric_features": 110.01448822021484,
    "min_mean_numeric_features": 0.15479999780654907,
    "q1_mean_numeric_features": 1.999099999666214,
    "median_mean_numeric_features": 7.013101577758789,
    "q3_mean_numeric_features": 76.76850175857544,
    "max_mean_numeric_features": 311.4259948730469,
    "mean_stdev_numeric_features": 43.32558059692383,
    "stdev_stdev_numeric_features": 70.20220184326172,
    "min_stdev_numeric_features": 0.9886312484741211,
    "q1_stdev_numeric_features": 1.477324664592743,
    "median_stdev_numeric_features": 6.3867573738098145,
    "q3_stdev_numeric_features": 46.18413019180298,
    "max_stdev_numeric_features": 200.5807647705078,
    "mean_var_numeric_features": 6805.45556640625,
    "stdev_var_numeric_features": 13876.6845703125,
    "min_var_numeric_features": 0.9773917198181152,
    "q1_var_numeric_features": 2.32939749956131,
    "median_var_numeric_features": 40.790672302246094,
    "q3_var_numeric_features": 3679.5587100982666,
    "max_var_numeric_features": 40232.64453125,
    "mean_min_numeric_features": 2.586665630340576,
    "stdev_min_numeric_features": 14.16103744506836,
    "min_min_numeric_features": -19.0,
    "q1_min_numeric_features": -2.3499999940395355,
    "median_min_numeric_features": 1.0,
    "q3_min_numeric_features": 4.403329968452454,
    "max_min_numeric_features": 32.0,
    "mean_median_numeric_features": 48.3533935546875,
    "stdev_median_numeric_features": 74.8204345703125,
    "min_median_numeric_features": 0.10000000149011612,
    "q1_median_numeric_features": 2.0,
    "median_median_numeric_features": 7.523749828338623,
    "q3_median_numeric_features": 57.42499923706055,
    "max_median_numeric_features": 212.0,
    "mean_max_numeric_features": 147.7360076904297,
    "stdev_max_numeric_features": 222.4171905517578,
    "min_max_numeric_features": 4.0,
    "q1_max_numeric_features": 9.126039981842041,
    "median_max_numeric_features": 21.899999618530273,
    "q3_max_numeric_features": 191.0,
    "max_max_numeric_features": 608.0,
    "pca_1": 0.844949356332475,
    "pca_2": 0.15320127653906473,
    "pca_3": 0.0010344889639318923,
    "mean_cov_numeric_features": 1.5713660717010498,
    "stdev_cov_numeric_features": 2.741969585418701,
    "min_cov_numeric_features": -0.23960421979427338,
    "q1_cov_numeric_features": 0.0997108556330204,
    "median_cov_numeric_features": 0.34501010179519653,
    "q3_cov_numeric_features": 1.2722816467285156,
    "max_cov_numeric_features": 8.150171279907227,
    "mean_entropy_categorical_features": NaN,
    "stdev_entropy_categorical_features": NaN,
    "min_entropy_categorical_features": NaN,
    "median_entropy_categorical_features": NaN,
    "max_entropy_categorical_features": NaN,
    "knn_5_mse": 0.7480226002633521,
    "knn_5_mae": 0.677704548,
    "knn_5_r2": 0.04493518764989424,
    "decision_tree_3_mse": 0.6416978683745558,
    "decision_tree_3_mae": 0.626825619296313,
    "decision_tree_3_r2": 0.17524236528955212,
    "decision_tree_1_mse": 0.7065198323226316,
    "decision_tree_1_mae": 0.6661288283011921,
    "decision_tree_1_r2": 0.06826798748120635,
    "random_tree_2_mse": 0.7046246852181837,
    "random_tree_2_mae": 0.6512875689757032,
    "random_tree_2_r2": 0.10016892283152784,
    "mean_correlation_features_target": 0.06583038717508316,
    "stdev_correlation_features_target": 0.15693293511867523,
    "min_correlation_features_target": -0.14521408081054688,
    "q1_correlation_features_target": -0.02756080962717533,
    "median_correlation_features_target": 0.04581921547651291,
    "q3_correlation_features_target": 0.12986117415130138,
    "max_correlation_features_target": 0.3556067943572998
}