{
    "nb_instances": 418,
    "log_nb_instances": 6.035481432524756,
    "nb_features": 19,
    "dataset_dimensionality": 22.0,
    "log_dataset_dimensionality": 3.091042453358316,
    "dataset_ratio": 0.045454545454545456,
    "nb_missing_vals": 1033,
    "ratio_features_with_missing_vals": 0.028708133971291867,
    "ratio_instances_with_missing_vals": 0.3397129186602871,
    "nb_numeric_features": 13,
    "nb_categorical_features": 6,
    "ratio_numeric_categorical_features": 2.1666666666666665,
    "ratio_categorical_numeric_features": 0.46153846153846156,
    "mean__target": 0.8301435112953186,
    "stdev__target": 0.8301435112953186,
    "min__target": 0.0,
    "q1__target": 0.0,
    "median__target": 0.0,
    "q3__target": 2.0,
    "max__target": 2.0,
    "mean_mean_numeric_features": 1227.9228515625,
    "stdev_mean_numeric_features": 1227.9228515625,
    "mean_stdev_numeric_features": 405.826904296875,
    "stdev_stdev_numeric_features": 405.826904296875,
    "mean_var_numeric_features": 1082792.125,
    "stdev_var_numeric_features": 1082792.125,
    "mean_min_numeric_features": 536.2442016601562,
    "stdev_min_numeric_features": 536.2442016601562,
    "mean_median_numeric_features": 1171.982666015625,
    "stdev_median_numeric_features": 1171.982666015625,
    "mean_max_numeric_features": 2706.428955078125,
    "stdev_max_numeric_features": 2706.428955078125,
    "mean_skew_numeric_features": 1.1192972660064697,
    "stdev_skew_numeric_features": 1.1192972660064697,
    "mean_kurtosis_numeric_features": 3.913912296295166,
    "stdev_kurtosis_numeric_features": 3.913912296295166,
    "pca_1": 0.7196379452499596,
    "pca_2": 0.21837144035379982,
    "pca_3": 0.05819126116288833,
    "mean_cov_numeric_features": 55.07697677612305,
    "stdev_cov_numeric_features": 55.07697677612305,
    "mean_entropy_categorical_features": NaN,
    "stdev_entropy_categorical_features": NaN,
    "decision_tree_1_mse": 0.7192413493073021,
    "decision_tree_1_mae": 0.726663232200546,
    "decision_tree_1_r2": 0.21480755331368628,
    "decision_tree_2_mse": 0.663775499389704,
    "decision_tree_2_mae": 0.6183653053872065,
    "decision_tree_2_r2": 0.27501459380768656,
    "random_tree_2_mse": 0.6958956810574649,
    "random_tree_2_mae": 0.6871320027759771,
    "random_tree_2_r2": 0.23640901228390726,
    "mean_correlation_features_target": 0.1140868291258812,
    "stdev_correlation_features_target": 0.1140868291258812,
    "min_correlation_features_target": -0.41822099685668945,
    "max_correlation_features_target": 0.4273969531059265
}