{
    "nb_instances": 3848,
    "log_nb_instances": 8.255308811785596,
    "nb_features": 4,
    "dataset_dimensionality": 962.0,
    "log_dataset_dimensionality": 6.8690144506657065,
    "dataset_ratio": 0.0010395010395010396,
    "nb_missing_vals": 0,
    "ratio_features_with_missing_vals": 0.0,
    "ratio_instances_with_missing_vals": 0.0,
    "nb_numeric_features": 4,
    "nb_categorical_features": 0,
    "ratio_numeric_categorical_features": 0.0,
    "ratio_categorical_numeric_features": 0.0,
    "mean__target": 0.00016629125457257032,
    "stdev__target": 0.00016629125457257032,
    "min__target": -12.03909969329834,
    "q1__target": -2.132449984550476,
    "median__target": -0.03044999949634075,
    "q3__target": 2.028625011444092,
    "max__target": 10.867300033569336,
    "mean_mean_numeric_features": 0.0009657938499003649,
    "stdev_mean_numeric_features": 0.0009657938499003649,
    "mean_stdev_numeric_features": 7.375709533691406,
    "stdev_stdev_numeric_features": 7.375709533691406,
    "mean_var_numeric_features": 57.67942428588867,
    "stdev_var_numeric_features": 57.67942428588867,
    "mean_min_numeric_features": -26.28139877319336,
    "stdev_min_numeric_features": -26.28139877319336,
    "mean_median_numeric_features": -0.1502625048160553,
    "stdev_median_numeric_features": -0.1502625048160553,
    "mean_max_numeric_features": 26.19637680053711,
    "stdev_max_numeric_features": 26.19637680053711,
    "mean_skew_numeric_features": -0.0016765855252742767,
    "stdev_skew_numeric_features": -0.0016765855252742767,
    "mean_kurtosis_numeric_features": -0.16955727338790894,
    "stdev_kurtosis_numeric_features": -0.16955727338790894,
    "pca_1": 0.6166502054799943,
    "pca_2": 0.25080926936394526,
    "pca_3": 0.10963517376230661,
    "mean_cov_numeric_features": -0.5402846336364746,
    "stdev_cov_numeric_features": -0.5402846336364746,
    "mean_entropy_categorical_features": NaN,
    "stdev_entropy_categorical_features": NaN,
    "decision_tree_1_mse": 7.828194537573226,
    "decision_tree_1_mae": 2.218644455222235,
    "decision_tree_1_r2": 0.20758187132215358,
    "decision_tree_2_mse": 6.703773742176702,
    "decision_tree_2_mae": 2.043524310140928,
    "decision_tree_2_r2": 0.32060629397538365,
    "random_tree_2_mse": 9.537898683742014,
    "random_tree_2_mae": 2.4317745567735334,
    "random_tree_2_r2": 0.03481635600176136,
    "mean_correlation_features_target": -0.037034772336483,
    "stdev_correlation_features_target": -0.037034772336483,
    "min_correlation_features_target": -0.5650836229324341,
    "max_correlation_features_target": 0.32739749550819397
}