{
    "nb_instances": 506,
    "log_nb_instances": 6.226536669287466,
    "nb_features": 13,
    "dataset_dimensionality": 38.92307692307692,
    "log_dataset_dimensionality": 3.6615873118259286,
    "dataset_ratio": 0.025691699604743084,
    "nb_missing_vals": 0,
    "ratio_features_with_missing_vals": 0.0,
    "ratio_instances_with_missing_vals": 0.0,
    "nb_numeric_features": 11,
    "nb_categorical_features": 2,
    "ratio_numeric_categorical_features": 5.5,
    "ratio_categorical_numeric_features": 0.18181818181818182,
    "mean__target": 22.532806396484375,
    "stdev__target": 9.188011169433594,
    "min__target": 5.0,
    "q1__target": 17.02500009536743,
    "median__target": 21.200000762939453,
    "q3__target": 25.0,
    "max__target": 50.0,
    "mean_mean_numeric_features": 81.94027709960938,
    "stdev_mean_numeric_features": 143.19131469726562,
    "min_mean_numeric_features": 0.5546950697898865,
    "q1_mean_numeric_features": 5.039838671684265,
    "median_mean_numeric_features": 11.363636016845703,
    "q3_mean_numeric_features": 43.51521587371826,
    "max_mean_numeric_features": 408.2371520996094,
    "mean_stdev_numeric_features": 30.81776237487793,
    "stdev_stdev_numeric_features": 50.28138732910156,
    "min_stdev_numeric_features": 0.1158776730298996,
    "q1_stdev_numeric_features": 2.1353278160095215,
    "median_stdev_numeric_features": 7.141061305999756,
    "q3_stdev_numeric_features": 25.73565673828125,
    "max_stdev_numeric_features": 168.537109375,
    "mean_var_numeric_features": 3477.952880859375,
    "stdev_var_numeric_features": 8225.0986328125,
    "min_var_numeric_features": 0.01342763565480709,
    "q1_var_numeric_features": 4.560502290725708,
    "median_var_numeric_features": 50.99475860595703,
    "q3_var_numeric_features": 668.1476135253906,
    "max_var_numeric_features": 28404.759765625,
    "mean_min_numeric_features": 19.099266052246094,
    "stdev_min_numeric_features": 53.207122802734375,
    "min_min_numeric_features": 0.0,
    "q1_min_numeric_features": 0.35249999165534973,
    "median_min_numeric_features": 1.1296000480651855,
    "q3_min_numeric_features": 3.230500102043152,
    "max_min_numeric_features": 187.0,
    "mean_median_numeric_features": 77.20458221435547,
    "stdev_median_numeric_features": 135.91458129882812,
    "min_median_numeric_features": 0.0,
    "q1_median_numeric_features": 1.8727249503135681,
    "median_median_numeric_features": 9.6899995803833,
    "q3_median_numeric_features": 48.27499961853027,
    "max_median_numeric_features": 391.44000244140625,
    "mean_max_numeric_features": 136.94215393066406,
    "stdev_max_numeric_features": 210.54103088378906,
    "min_max_numeric_features": 0.8709999918937683,
    "q1_max_numeric_features": 17.063250064849854,
    "median_max_numeric_features": 37.970001220703125,
    "q3_max_numeric_features": 100.0,
    "max_max_numeric_features": 711.0,
    "pca_1": 0.8057867534340387,
    "pca_2": 0.1633632259261593,
    "pca_3": 0.021390761101626934,
    "mean_cov_numeric_features": -52.496273040771484,
    "stdev_cov_numeric_features": 232.65206909179688,
    "min_cov_numeric_features": -726.2557373046875,
    "q1_cov_numeric_features": -39.583022117614746,
    "median_cov_numeric_features": -10.11065673828125,
    "q3_cov_numeric_features": 4.666837215423584,
    "max_cov_numeric_features": 279.9898376464844,
    "mean_entropy_categorical_features": 1.0741751194000244,
    "stdev_entropy_categorical_features": 0.8226885795593262,
    "min_entropy_categorical_features": 0.25148656964302063,
    "median_entropy_categorical_features": 1.0741751343011856,
    "max_entropy_categorical_features": 1.8968636989593506,
    "knn_5_mse": 41.12904606299213,
    "knn_5_mae": 4.478980439945007,
    "knn_5_r2": 0.5105661474153709,
    "decision_tree_3_mse": 21.07253824061913,
    "decision_tree_3_mae": 3.26871373281526,
    "decision_tree_3_r2": 0.7344269045335652,
    "decision_tree_1_mse": 52.216801606770474,
    "decision_tree_1_mae": 5.49268915138215,
    "decision_tree_1_r2": 0.3737428280880843,
    "random_tree_2_mse": 45.60581991058315,
    "random_tree_2_mae": 4.7141704783513525,
    "random_tree_2_r2": 0.4678166104824495,
    "mean_correlation_features_target": -0.15919050574302673,
    "stdev_correlation_features_target": 0.45119407773017883,
    "min_correlation_features_target": -0.7376627326011658,
    "q1_correlation_features_target": -0.47613054513931274,
    "median_correlation_features_target": -0.38830462098121643,
    "q3_correlation_features_target": 0.2916947677731514,
    "max_correlation_features_target": 0.6953599452972412
}