{
    "nb_instances": 506,
    "log_nb_instances": 6.226536669287466,
    "nb_features": 13,
    "dataset_dimensionality": 38.92307692307692,
    "log_dataset_dimensionality": 3.6615873118259286,
    "dataset_ratio": 0.025691699604743084,
    "nb_missing_vals": 0,
    "ratio_features_with_missing_vals": 0.0,
    "ratio_instances_with_missing_vals": 0.0,
    "nb_numeric_features": 11,
    "nb_categorical_features": 2,
    "ratio_numeric_categorical_features": 5.5,
    "ratio_categorical_numeric_features": 0.18181818181818182,
    "mean__target": 22.532806396484375,
    "stdev__target": 22.532806396484375,
    "min__target": 5.0,
    "q1__target": 17.02500009536743,
    "median__target": 21.200000762939453,
    "q3__target": 25.0,
    "max__target": 50.0,
    "mean_mean_numeric_features": 69.69603729248047,
    "stdev_mean_numeric_features": 69.69603729248047,
    "mean_stdev_numeric_features": 26.28406524658203,
    "stdev_stdev_numeric_features": 26.28406524658203,
    "mean_var_numeric_features": 2943.34765625,
    "stdev_var_numeric_features": 2943.34765625,
    "mean_min_numeric_features": 16.160917282104492,
    "stdev_min_numeric_features": 16.160917282104492,
    "mean_median_numeric_features": 65.63465118408203,
    "stdev_median_numeric_features": 65.63465118408203,
    "mean_max_numeric_features": 116.56643676757812,
    "stdev_max_numeric_features": 116.56643676757812,
    "mean_skew_numeric_features": 0.8245764374732971,
    "stdev_skew_numeric_features": 0.8245764374732971,
    "mean_kurtosis_numeric_features": 4.3144426345825195,
    "stdev_kurtosis_numeric_features": 4.3144426345825195,
    "pca_1": 0.8057563203767061,
    "pca_2": 0.16333836283586903,
    "pca_3": 0.02138761525851657,
    "mean_cov_numeric_features": -44.890785217285156,
    "stdev_cov_numeric_features": -44.890785217285156,
    "mean_entropy_categorical_features": NaN,
    "stdev_entropy_categorical_features": NaN,
    "decision_tree_1_mse": 51.59466304015454,
    "decision_tree_1_mae": 5.367884652695909,
    "decision_tree_1_r2": 0.37031787318120124,
    "decision_tree_2_mse": 28.969024988583836,
    "decision_tree_2_mae": 3.8655486838545485,
    "decision_tree_2_r2": 0.643490859088327,
    "random_tree_2_mse": 32.32509326303895,
    "random_tree_2_mae": 3.995637912539219,
    "random_tree_2_r2": 0.5992575903626189,
    "mean_correlation_features_target": -0.1435721218585968,
    "stdev_correlation_features_target": -0.1435721218585968,
    "min_correlation_features_target": -0.7376627326011658,
    "max_correlation_features_target": 0.6953599452972412
}