{
    "nb_instances": 534,
    "log_nb_instances": 6.280395838960195,
    "nb_features": 10,
    "dataset_dimensionality": 53.4,
    "log_dataset_dimensionality": 3.977810745966149,
    "dataset_ratio": 0.018726591760299626,
    "nb_missing_vals": 0,
    "ratio_features_with_missing_vals": 0.0,
    "ratio_instances_with_missing_vals": 0.0,
    "nb_numeric_features": 3,
    "nb_categorical_features": 7,
    "ratio_numeric_categorical_features": 0.42857142857142855,
    "ratio_categorical_numeric_features": 2.3333333333333335,
    "mean__target": 9.024064064025879,
    "stdev__target": 9.024064064025879,
    "min__target": 1.0,
    "q1__target": 5.25,
    "median__target": 7.78000020980835,
    "q3__target": 11.25,
    "max__target": 44.5,
    "mean_mean_numeric_features": 7.5509352684021,
    "stdev_mean_numeric_features": 7.5509352684021,
    "mean_stdev_numeric_features": 3.121264934539795,
    "stdev_stdev_numeric_features": 3.121264934539795,
    "mean_var_numeric_features": 30.160634994506836,
    "stdev_var_numeric_features": 30.160634994506836,
    "mean_min_numeric_features": 2.0,
    "stdev_min_numeric_features": 2.0,
    "mean_median_numeric_features": 7.0,
    "stdev_median_numeric_features": 7.0,
    "mean_max_numeric_features": 15.0,
    "stdev_max_numeric_features": 15.0,
    "mean_skew_numeric_features": -0.3175707459449768,
    "stdev_skew_numeric_features": -0.3175707459449768,
    "mean_kurtosis_numeric_features": 0.17239351570606232,
    "stdev_kurtosis_numeric_features": 0.17239351570606232,
    "pca_1": 0.9551152898640837,
    "pca_2": 0.03178960003987831,
    "pca_3": 0.008597645778623056,
    "mean_cov_numeric_features": 2.0553441047668457,
    "stdev_cov_numeric_features": 2.0553441047668457,
    "mean_entropy_categorical_features": NaN,
    "stdev_entropy_categorical_features": NaN,
    "decision_tree_1_mse": 22.52222036835356,
    "decision_tree_1_mae": 3.5617711584874043,
    "decision_tree_1_r2": 0.15022542428806585,
    "decision_tree_2_mse": 22.669762530342464,
    "decision_tree_2_mae": 3.464117676253353,
    "decision_tree_2_r2": 0.15116779011854745,
    "random_tree_2_mse": 24.37474175313382,
    "random_tree_2_mae": 3.71286318500051,
    "random_tree_2_r2": 0.07463828985668494,
    "mean_correlation_features_target": 0.0441884770989418,
    "stdev_correlation_features_target": 0.0441884770989418,
    "min_correlation_features_target": -0.16176606714725494,
    "max_correlation_features_target": 0.38192206621170044
}