{
    "nb_instances": 559,
    "log_nb_instances": 6.326149473155099,
    "nb_features": 4,
    "dataset_dimensionality": 139.75,
    "log_dataset_dimensionality": 4.939855112035208,
    "dataset_ratio": 0.007155635062611807,
    "nb_missing_vals": 0,
    "ratio_features_with_missing_vals": 0.0,
    "ratio_instances_with_missing_vals": 0.0,
    "nb_numeric_features": 3,
    "nb_categorical_features": 1,
    "ratio_numeric_categorical_features": 3.0,
    "ratio_categorical_numeric_features": 0.3333333333333333,
    "mean__target": 5.90876579284668,
    "stdev__target": 5.90876579284668,
    "min__target": 0.0,
    "q1__target": 0.0,
    "median__target": 0.0,
    "q3__target": 0.0,
    "max__target": 607.0,
    "mean_mean_numeric_features": 6781.0732421875,
    "stdev_mean_numeric_features": 6781.0732421875,
    "mean_stdev_numeric_features": 52178.26171875,
    "stdev_stdev_numeric_features": 52178.26171875,
    "mean_var_numeric_features": 10859964416.0,
    "stdev_var_numeric_features": 10859964416.0,
    "mean_min_numeric_features": 8.125,
    "stdev_min_numeric_features": 8.125,
    "mean_median_numeric_features": 169.625,
    "stdev_median_numeric_features": 169.625,
    "mean_max_numeric_features": 739424.125,
    "stdev_max_numeric_features": 739424.125,
    "mean_skew_numeric_features": 2.516857624053955,
    "stdev_skew_numeric_features": 2.516857624053955,
    "mean_kurtosis_numeric_features": 25.387575149536133,
    "stdev_kurtosis_numeric_features": 25.387575149536133,
    "pca_1": 0.9999984712260658,
    "pca_2": 1.5205829602706612e-06,
    "pca_3": 8.011775318120644e-09,
    "mean_cov_numeric_features": 1020193.5625,
    "stdev_cov_numeric_features": 1020193.5625,
    "mean_entropy_categorical_features": NaN,
    "stdev_entropy_categorical_features": NaN,
    "decision_tree_1_mse": 1586.7050554313105,
    "decision_tree_1_mae": 6.001955499514322,
    "decision_tree_1_r2": -2.3083548048359286,
    "decision_tree_2_mse": 996.10604393024,
    "decision_tree_2_mae": 4.03136198954161,
    "decision_tree_2_r2": -0.3318515186748736,
    "random_tree_2_mse": 2271.608360098431,
    "random_tree_2_mae": 9.049685408271305,
    "random_tree_2_r2": 0.03197217544883457,
    "mean_correlation_features_target": 0.03276216238737106,
    "stdev_correlation_features_target": 0.03276216238737106,
    "min_correlation_features_target": -0.1925690919160843,
    "max_correlation_features_target": 0.3974117636680603
}