{
    "nb_instances": 20640,
    "log_nb_instances": 9.9349862195955,
    "nb_features": 8,
    "dataset_dimensionality": 2580.0,
    "log_dataset_dimensionality": 7.855544677915663,
    "dataset_ratio": 0.0003875968992248062,
    "nb_missing_vals": 0,
    "ratio_features_with_missing_vals": 0.0,
    "ratio_instances_with_missing_vals": 0.0,
    "nb_numeric_features": 8,
    "nb_categorical_features": 0,
    "ratio_numeric_categorical_features": 0.0,
    "ratio_categorical_numeric_features": 0.0,
    "mean__target": 206855.8125,
    "stdev__target": 115392.8203125,
    "min__target": 14999.0,
    "q1__target": 119600.0,
    "median__target": 179700.0,
    "q3__target": 264725.0,
    "max__target": 500001.0,
    "mean_mean_numeric_features": 630.90625,
    "stdev_mean_numeric_features": 890.9381103515625,
    "min_mean_numeric_features": -119.5697021484375,
    "q1_mean_numeric_features": 22.44728249311447,
    "median_mean_numeric_features": 267.5857677459717,
    "q3_mean_numeric_features": 759.7926788330078,
    "max_mean_numeric_features": 2635.76318359375,
    "mean_stdev_numeric_features": 517.0349731445312,
    "stdev_stdev_numeric_features": 726.9036254882812,
    "min_stdev_numeric_features": 1.8998217582702637,
    "q1_stdev_numeric_features": 2.1028472781181335,
    "median_stdev_numeric_features": 197.45765018463135,
    "q3_stdev_numeric_features": 599.0514602661133,
    "max_stdev_numeric_features": 2181.615234375,
    "mean_var_numeric_features": 795714.0,
    "stdev_var_numeric_features": 1552603.375,
    "min_var_numeric_features": 3.6093225479125977,
    "q1_var_numeric_features": 4.425254225730896,
    "median_var_numeric_features": 73167.22156524658,
    "q3_var_numeric_features": 453704.97265625,
    "max_var_numeric_features": 4759445.0,
    "mean_min_numeric_features": -10.413762092590332,
    "stdev_min_numeric_features": 44.25840377807617,
    "min_min_numeric_features": -124.3499984741211,
    "q1_min_numeric_features": 0.8749750033020973,
    "median_min_numeric_features": 1.0,
    "q3_min_numeric_features": 2.25,
    "max_min_numeric_features": 32.540000915527344,
    "mean_median_numeric_features": 510.6631164550781,
    "stdev_median_numeric_features": 721.9802856445312,
    "min_median_numeric_features": -118.48999786376953,
    "q1_median_numeric_features": 22.633700013160706,
    "median_median_numeric_features": 221.6299991607666,
    "q3_median_numeric_features": 617.75,
    "max_median_numeric_features": 2127.0,
    "mean_max_numeric_features": 10940.455078125,
    "stdev_max_numeric_features": 15573.4775390625,
    "min_max_numeric_features": -114.30999755859375,
    "q1_max_numeric_features": 35.212525606155396,
    "median_max_numeric_features": 3067.0,
    "q3_max_numeric_features": 13754.25,
    "max_max_numeric_features": 39320.0,
    "pca_1": 0.9501183523893356,
    "pca_2": 0.04471804165538217,
    "pca_3": 0.004711824720421243,
    "mean_cov_numeric_features": 4521753.5,
    "stdev_cov_numeric_features": 11191232.0,
    "min_cov_numeric_features": -3221248.75,
    "q1_cov_numeric_features": -16853.708251953125,
    "median_cov_numeric_features": 152123.140625,
    "q3_cov_numeric_features": 2570760.0625,
    "max_cov_numeric_features": 33772892.0,
    "mean_entropy_categorical_features": NaN,
    "stdev_entropy_categorical_features": NaN,
    "min_entropy_categorical_features": NaN,
    "median_entropy_categorical_features": NaN,
    "max_entropy_categorical_features": NaN,
    "knn_5_mse": 9916151222.250977,
    "knn_5_mae": 77014.4082364341,
    "knn_5_r2": 0.25504671273565477,
    "decision_tree_3_mse": 6797539002.106046,
    "decision_tree_3_mae": 61500.472808423336,
    "decision_tree_3_r2": 0.48951160128360927,
    "decision_tree_1_mse": 9267965994.223919,
    "decision_tree_1_mae": 74717.96739183599,
    "decision_tree_1_r2": 0.3039162373835439,
    "random_tree_2_mse": 12528053586.53934,
    "random_tree_2_mae": 87596.97289730435,
    "random_tree_2_r2": 0.0586138384599956,
    "mean_correlation_features_target": 0.10368895530700684,
    "stdev_correlation_features_target": 0.2363755851984024,
    "min_correlation_features_target": -0.14416027069091797,
    "q1_correlation_features_target": -0.029978913255035877,
    "median_correlation_features_target": 0.0582182202488184,
    "q3_correlation_features_target": 0.11275583505630493,
    "max_correlation_features_target": 0.6880751848220825
}