{
    "nb_instances": 284,
    "log_nb_instances": 5.648974238161206,
    "nb_features": 9,
    "dataset_dimensionality": 31.555555555555557,
    "log_dataset_dimensionality": 3.4517496608249867,
    "dataset_ratio": 0.03169014084507042,
    "nb_missing_vals": 0,
    "ratio_features_with_missing_vals": 0.0,
    "ratio_instances_with_missing_vals": 0.0,
    "nb_numeric_features": 9,
    "nb_categorical_features": 0,
    "ratio_numeric_categorical_features": 0.0,
    "ratio_categorical_numeric_features": 0.0,
    "mean__target": 25.573944091796875,
    "stdev__target": 25.573944091796875,
    "min__target": 1.0,
    "q1__target": 13.0,
    "median__target": 25.5,
    "q3__target": 38.0,
    "max__target": 50.0,
    "mean_mean_numeric_features": 582.544921875,
    "stdev_mean_numeric_features": 582.544921875,
    "mean_stdev_numeric_features": 1080.5311279296875,
    "stdev_stdev_numeric_features": 1080.5311279296875,
    "mean_var_numeric_features": 4552298.5,
    "stdev_var_numeric_features": 4552298.5,
    "mean_min_numeric_features": 65.44444274902344,
    "stdev_min_numeric_features": 65.44444274902344,
    "mean_median_numeric_features": 320.77777099609375,
    "stdev_median_numeric_features": 320.77777099609375,
    "mean_max_numeric_features": 12798.22265625,
    "stdev_max_numeric_features": 12798.22265625,
    "mean_skew_numeric_features": 5.082528114318848,
    "stdev_skew_numeric_features": 5.082528114318848,
    "mean_kurtosis_numeric_features": 48.98623275756836,
    "stdev_kurtosis_numeric_features": 48.98623275756836,
    "pca_1": 0.9702904212076303,
    "pca_2": 0.029688599266221753,
    "pca_3": 1.4788654662563639e-05,
    "mean_cov_numeric_features": -2074.7734375,
    "stdev_cov_numeric_features": -2074.7734375,
    "mean_entropy_categorical_features": NaN,
    "stdev_entropy_categorical_features": NaN,
    "decision_tree_1_mse": 87.53032618014868,
    "decision_tree_1_mae": 7.6952960946720985,
    "decision_tree_1_r2": 0.5745332519278192,
    "decision_tree_2_mse": 57.695604924826455,
    "decision_tree_2_mae": 5.928545986423087,
    "decision_tree_2_r2": 0.7181148620715228,
    "random_tree_2_mse": 95.44757744865765,
    "random_tree_2_mae": 7.648315722373749,
    "random_tree_2_r2": 0.5337229676267401,
    "mean_correlation_features_target": -0.05418437719345093,
    "stdev_correlation_features_target": -0.05418437719345093,
    "min_correlation_features_target": -0.5518690347671509,
    "max_correlation_features_target": 0.8288324475288391
}