{
    "nb_instances": 506,
    "log_nb_instances": 6.226536669287466,
    "nb_features": 19,
    "dataset_dimensionality": 26.63157894736842,
    "log_dataset_dimensionality": 3.282097690121025,
    "dataset_ratio": 0.037549407114624504,
    "nb_missing_vals": 0,
    "ratio_features_with_missing_vals": 0.0,
    "ratio_instances_with_missing_vals": 0.0,
    "nb_numeric_features": 16,
    "nb_categorical_features": 3,
    "ratio_numeric_categorical_features": 5.333333333333333,
    "ratio_categorical_numeric_features": 0.1875,
    "mean__target": 12.653063774108887,
    "stdev__target": 7.134001731872559,
    "min__target": 1.7300000190734863,
    "q1__target": 6.949999928474426,
    "median__target": 11.360000133514404,
    "q3__target": 16.954999446868896,
    "max__target": 37.970001220703125,
    "mean_mean_numeric_features": 228.2999267578125,
    "stdev_mean_numeric_features": 650.352294921875,
    "min_mean_numeric_features": -71.05638885498047,
    "q1_mean_numeric_features": 5.6622366309165955,
    "median_mean_numeric_features": 20.492194175720215,
    "q3_mean_numeric_features": 52.792439460754395,
    "max_mean_numeric_features": 2700.355712890625,
    "mean_stdev_numeric_features": 109.87368774414062,
    "stdev_stdev_numeric_features": 330.7644348144531,
    "min_stdev_numeric_features": 0.06177718564867973,
    "q1_stdev_numeric_features": 1.7549368143081665,
    "median_stdev_numeric_features": 8.891860485076904,
    "q3_stdev_numeric_features": 27.715766429901123,
    "max_stdev_numeric_features": 1380.036865234375,
    "mean_var_numeric_features": 121477.328125,
    "stdev_var_numeric_features": 460427.53125,
    "min_var_numeric_features": 0.0038164204452186823,
    "q1_var_numeric_features": 3.4489291682839394,
    "median_var_numeric_features": 79.14946746826172,
    "q3_var_numeric_features": 768.2262420654297,
    "max_var_numeric_features": 1904501.625,
    "mean_min_numeric_features": 11.881400108337402,
    "stdev_min_numeric_features": 49.86959457397461,
    "min_min_numeric_features": -71.28949737548828,
    "q1_min_numeric_features": 0.24157999467570335,
    "median_min_numeric_features": 1.0648000240325928,
    "q3_min_numeric_features": 5.0,
    "max_min_numeric_features": 187.0,
    "mean_median_numeric_features": 267.93475341796875,
    "stdev_median_numeric_features": 815.6802978515625,
    "min_median_numeric_features": -71.05290222167969,
    "q1_median_numeric_features": 2.5400874316692352,
    "median_median_numeric_features": 20.125,
    "q3_median_numeric_features": 51.03857612609863,
    "max_median_numeric_features": 3393.5,
    "mean_max_numeric_features": 419.560302734375,
    "stdev_max_numeric_features": 1217.6505126953125,
    "min_max_numeric_features": -70.80999755859375,
    "q1_max_numeric_features": 19.531625032424927,
    "median_max_numeric_features": 50.0,
    "q3_max_numeric_features": 100.0,
    "max_max_numeric_features": 5082.0,
    "pca_1": 0.9899537771703043,
    "pca_2": 0.006121639193386947,
    "pca_3": 0.00310692352525311,
    "mean_cov_numeric_features": -291.6204528808594,
    "stdev_cov_numeric_features": 1266.5635986328125,
    "min_cov_numeric_features": -5149.05224609375,
    "q1_cov_numeric_features": -48.47989559173584,
    "median_cov_numeric_features": 0.06274220906198025,
    "q3_cov_numeric_features": 28.38469362258911,
    "max_cov_numeric_features": 654.7145385742188,
    "mean_entropy_categorical_features": 2.1013524532318115,
    "stdev_entropy_categorical_features": 1.6004365682601929,
    "min_entropy_categorical_features": 0.25148656964302063,
    "median_entropy_categorical_features": 1.8968636989593506,
    "max_entropy_categorical_features": 4.155706882476807,
    "knn_5_mse": NaN,
    "knn_5_mae": NaN,
    "knn_5_r2": NaN,
    "decision_tree_3_mse": NaN,
    "decision_tree_3_mae": NaN,
    "decision_tree_3_r2": NaN,
    "decision_tree_1_mse": NaN,
    "decision_tree_1_mae": NaN,
    "decision_tree_1_r2": NaN,
    "random_tree_2_mse": NaN,
    "random_tree_2_mae": NaN,
    "random_tree_2_r2": NaN,
    "mean_correlation_features_target": -0.01139397919178009,
    "stdev_correlation_features_target": 0.5087071657180786,
    "min_correlation_features_target": -0.740835964679718,
    "q1_correlation_features_target": -0.5033681318163872,
    "median_correlation_features_target": 0.12064457312226295,
    "q3_correlation_features_target": 0.4777144640684128,
    "max_correlation_features_target": 0.6037997007369995
}