{
    "nb_instances": 500,
    "log_nb_instances": 6.214608098422191,
    "nb_features": 7,
    "dataset_dimensionality": 71.42857142857143,
    "log_dataset_dimensionality": 4.268697949366879,
    "dataset_ratio": 0.014,
    "nb_missing_vals": 0,
    "ratio_features_with_missing_vals": 0.0,
    "ratio_instances_with_missing_vals": 0.0,
    "nb_numeric_features": 7,
    "nb_categorical_features": 0,
    "ratio_numeric_categorical_features": 0.0,
    "ratio_categorical_numeric_features": 0.0,
    "mean__target": 3.6983678340911865,
    "stdev__target": 0.7498456239700317,
    "min__target": 1.2237800359725952,
    "q1__target": 3.2138624787330627,
    "median__target": 3.848020076751709,
    "q3__target": 4.216929912567139,
    "max__target": 6.395090103149414,
    "mean_mean_numeric_features": 68.17893981933594,
    "stdev_mean_numeric_features": 109.94974517822266,
    "min_mean_numeric_features": 0.149399995803833,
    "q1_mean_numeric_features": 1.9517000019550323,
    "median_mean_numeric_features": 6.973341941833496,
    "q3_mean_numeric_features": 77.8762035369873,
    "max_mean_numeric_features": 310.4739990234375,
    "mean_stdev_numeric_features": 43.53598403930664,
    "stdev_stdev_numeric_features": 70.4097671508789,
    "min_stdev_numeric_features": 1.0652366876602173,
    "q1_stdev_numeric_features": 1.4356693029403687,
    "median_stdev_numeric_features": 6.5246357917785645,
    "q3_stdev_numeric_features": 46.65645432472229,
    "max_stdev_numeric_features": 200.97775268554688,
    "mean_var_numeric_features": 6852.91748046875,
    "stdev_var_numeric_features": 13932.4677734375,
    "min_var_numeric_features": 1.1347291469573975,
    "q1_var_numeric_features": 2.1826006174087524,
    "median_var_numeric_features": 42.57087326049805,
    "q3_var_numeric_features": 3765.1468601226807,
    "max_var_numeric_features": 40392.05859375,
    "mean_min_numeric_features": 2.203875780105591,
    "stdev_min_numeric_features": 14.077559471130371,
    "min_min_numeric_features": -18.600000381469727,
    "q1_min_numeric_features": -2.5500000417232513,
    "median_min_numeric_features": 1.0,
    "q3_min_numeric_features": 3.0635650157928467,
    "max_min_numeric_features": 32.0,
    "mean_median_numeric_features": 47.54648208618164,
    "stdev_median_numeric_features": 74.40119934082031,
    "min_median_numeric_features": 0.0,
    "q1_median_numeric_features": 1.949999988079071,
    "median_median_numeric_features": 7.425360202789307,
    "q3_median_numeric_features": 54.75,
    "max_median_numeric_features": 212.0,
    "mean_max_numeric_features": 147.8069305419922,
    "stdev_max_numeric_features": 222.58999633789062,
    "min_max_numeric_features": 4.300000190734863,
    "q1_max_numeric_features": 9.124269962310791,
    "median_max_numeric_features": 21.100000381469727,
    "q3_max_numeric_features": 191.5,
    "max_max_numeric_features": 608.0,
    "pca_1": 0.8427513383745123,
    "pca_2": 0.1554259756274,
    "pca_3": 0.0009811549385532912,
    "mean_cov_numeric_features": 1.267617106437683,
    "stdev_cov_numeric_features": 2.574957847595215,
    "min_cov_numeric_features": -0.8235378265380859,
    "q1_cov_numeric_features": -0.15055260807275772,
    "median_cov_numeric_features": 0.41784512996673584,
    "q3_cov_numeric_features": 1.1132914125919342,
    "max_cov_numeric_features": 7.353535175323486,
    "mean_entropy_categorical_features": NaN,
    "stdev_entropy_categorical_features": NaN,
    "min_entropy_categorical_features": NaN,
    "median_entropy_categorical_features": NaN,
    "max_entropy_categorical_features": NaN,
    "knn_5_mse": 0.585677182445776,
    "knn_5_mae": 0.5978995279999999,
    "knn_5_r2": -0.05262153631816857,
    "decision_tree_3_mse": 0.3594074287542359,
    "decision_tree_3_mae": 0.4602673276462681,
    "decision_tree_3_r2": 0.35835657443505414,
    "decision_tree_1_mse": 0.42023528392871856,
    "decision_tree_1_mae": 0.48965926393538284,
    "decision_tree_1_r2": 0.2528694929344588,
    "random_tree_2_mse": 0.45330045890104526,
    "random_tree_2_mae": 0.5222380057670873,
    "random_tree_2_r2": 0.18717157464092912,
    "mean_correlation_features_target": 0.07930151373147964,
    "stdev_correlation_features_target": 0.2559029757976532,
    "min_correlation_features_target": -0.3288349509239197,
    "q1_correlation_features_target": -0.08086634520441294,
    "median_correlation_features_target": 0.11324582248926163,
    "q3_correlation_features_target": 0.21019098162651062,
    "max_correlation_features_target": 0.5120503902435303
}