{
    "nb_instances": 500,
    "log_nb_instances": 6.214608098422191,
    "nb_features": 7,
    "dataset_dimensionality": 71.42857142857143,
    "log_dataset_dimensionality": 4.268697949366879,
    "dataset_ratio": 0.014,
    "nb_missing_vals": 0,
    "ratio_features_with_missing_vals": 0.0,
    "ratio_instances_with_missing_vals": 0.0,
    "nb_numeric_features": 7,
    "nb_categorical_features": 0,
    "ratio_numeric_categorical_features": 0.0,
    "ratio_categorical_numeric_features": 0.0,
    "mean__target": 3.6983678340911865,
    "stdev__target": 3.6983678340911865,
    "min__target": 1.2237800359725952,
    "q1__target": 3.2138624787330627,
    "median__target": 3.848020076751709,
    "q3__target": 4.216929912567139,
    "max__target": 6.395090103149414,
    "mean_mean_numeric_features": 68.17893981933594,
    "stdev_mean_numeric_features": 68.17893981933594,
    "mean_stdev_numeric_features": 43.53598403930664,
    "stdev_stdev_numeric_features": 43.53598403930664,
    "mean_var_numeric_features": 6852.91748046875,
    "stdev_var_numeric_features": 6852.91748046875,
    "mean_min_numeric_features": 2.203875780105591,
    "stdev_min_numeric_features": 2.203875780105591,
    "mean_median_numeric_features": 47.54648208618164,
    "stdev_median_numeric_features": 47.54648208618164,
    "mean_max_numeric_features": 147.8069305419922,
    "stdev_max_numeric_features": 147.8069305419922,
    "mean_skew_numeric_features": -0.03055875189602375,
    "stdev_skew_numeric_features": -0.03055875189602375,
    "mean_kurtosis_numeric_features": 0.12443482875823975,
    "stdev_kurtosis_numeric_features": 0.12443482875823975,
    "pca_1": 0.8427513383745123,
    "pca_2": 0.1554259756274,
    "pca_3": 0.0009811549385532912,
    "mean_cov_numeric_features": 1.267617106437683,
    "stdev_cov_numeric_features": 1.267617106437683,
    "mean_entropy_categorical_features": NaN,
    "stdev_entropy_categorical_features": NaN,
    "decision_tree_1_mse": 0.4194547644751901,
    "decision_tree_1_mae": 0.4915351932446094,
    "decision_tree_1_r2": 0.25169457854699784,
    "decision_tree_2_mse": 0.38232702930047663,
    "decision_tree_2_mae": 0.48290366775548144,
    "decision_tree_2_r2": 0.3277784902935551,
    "random_tree_2_mse": 0.4597787799746208,
    "random_tree_2_mae": 0.5291761531627152,
    "random_tree_2_r2": 0.167789800593242,
    "mean_correlation_features_target": 0.07930151373147964,
    "stdev_correlation_features_target": 0.07930151373147964,
    "min_correlation_features_target": -0.3288349509239197,
    "max_correlation_features_target": 0.5120503902435303
}