{
    "nb_instances": 625,
    "log_nb_instances": 6.437751649736401,
    "nb_features": 6,
    "dataset_dimensionality": 104.16666666666667,
    "log_dataset_dimensionality": 4.645992180508347,
    "dataset_ratio": 0.0096,
    "nb_missing_vals": 0,
    "ratio_features_with_missing_vals": 0.0,
    "ratio_instances_with_missing_vals": 0.0,
    "nb_numeric_features": 6,
    "nb_categorical_features": 0,
    "ratio_numeric_categorical_features": 0.0,
    "ratio_categorical_numeric_features": 0.0,
    "mean__target": 302.3023986816406,
    "stdev__target": 302.3023986816406,
    "min__target": 0.0,
    "q1__target": 22.0,
    "median__target": 129.0,
    "q3__target": 362.0,
    "max__target": 7000.0,
    "mean_mean_numeric_features": 338.0412292480469,
    "stdev_mean_numeric_features": 338.0412292480469,
    "mean_stdev_numeric_features": 6.060176372528076,
    "stdev_stdev_numeric_features": 6.060176372528076,
    "mean_var_numeric_features": 55.27901077270508,
    "stdev_var_numeric_features": 55.27901077270508,
    "mean_min_numeric_features": 326.2099914550781,
    "stdev_min_numeric_features": 326.2099914550781,
    "mean_median_numeric_features": 338.0291748046875,
    "stdev_median_numeric_features": 338.0291748046875,
    "mean_max_numeric_features": 354.5333251953125,
    "stdev_max_numeric_features": 354.5333251953125,
    "mean_skew_numeric_features": 0.3645676076412201,
    "stdev_skew_numeric_features": 0.3645676076412201,
    "mean_kurtosis_numeric_features": -0.14021766185760498,
    "stdev_kurtosis_numeric_features": -0.14021766185760498,
    "pca_1": 0.5233117424199603,
    "pca_2": 0.32158846810058955,
    "pca_3": 0.08114847277623337,
    "mean_cov_numeric_features": 110.97319793701172,
    "stdev_cov_numeric_features": 110.97319793701172,
    "mean_entropy_categorical_features": NaN,
    "stdev_entropy_categorical_features": NaN,
    "decision_tree_1_mse": 362727.6181822247,
    "decision_tree_1_mae": 304.50012907269434,
    "decision_tree_1_r2": -0.4515852233768912,
    "decision_tree_2_mse": 372159.3631293695,
    "decision_tree_2_mae": 286.7934225931359,
    "decision_tree_2_r2": -0.13073284106851737,
    "random_tree_2_mse": 301990.6601612677,
    "random_tree_2_mae": 275.5429820601263,
    "random_tree_2_r2": 0.04860094792520883,
    "mean_correlation_features_target": 0.008914905600249767,
    "stdev_correlation_features_target": 0.008914905600249767,
    "min_correlation_features_target": -0.24232493340969086,
    "max_correlation_features_target": 0.17536848783493042
}