{
    "nb_instances": 625,
    "log_nb_instances": 6.437751649736401,
    "nb_features": 6,
    "dataset_dimensionality": 104.16666666666667,
    "log_dataset_dimensionality": 4.645992180508347,
    "dataset_ratio": 0.0096,
    "nb_missing_vals": 0,
    "ratio_features_with_missing_vals": 0.0,
    "ratio_instances_with_missing_vals": 0.0,
    "nb_numeric_features": 6,
    "nb_categorical_features": 0,
    "ratio_numeric_categorical_features": 0.0,
    "ratio_categorical_numeric_features": 0.0,
    "mean__target": 302.3023986816406,
    "stdev__target": 560.2117919921875,
    "min__target": 0.0,
    "q1__target": 22.0,
    "median__target": 129.0,
    "q3__target": 362.0,
    "max__target": 7000.0,
    "mean_mean_numeric_features": 338.0412292480469,
    "stdev_mean_numeric_features": 729.0093994140625,
    "min_mean_numeric_features": 0.4560000002384186,
    "q1_mean_numeric_features": 4.155519902706146,
    "median_mean_numeric_features": 7.754719972610474,
    "q3_mean_numeric_features": 33.023327350616455,
    "max_mean_numeric_features": 1967.8800048828125,
    "mean_stdev_numeric_features": 6.060176372528076,
    "stdev_stdev_numeric_features": 4.307351589202881,
    "min_stdev_numeric_features": 0.31220176815986633,
    "q1_stdev_numeric_features": 3.431352198123932,
    "median_stdev_numeric_features": 4.902541399002075,
    "q3_stdev_numeric_features": 8.837950229644775,
    "max_stdev_numeric_features": 13.153061866760254,
    "mean_var_numeric_features": 55.27901077270508,
    "stdev_var_numeric_features": 62.032958984375,
    "min_var_numeric_features": 0.09746994823217392,
    "q1_var_numeric_features": 12.249034881591797,
    "median_var_numeric_features": 24.11199378967285,
    "q3_var_numeric_features": 82.56913614273071,
    "max_var_numeric_features": 173.00303649902344,
    "mean_min_numeric_features": 326.2099914550781,
    "stdev_min_numeric_features": 726.6360473632812,
    "min_min_numeric_features": -2.9000000953674316,
    "q1_min_numeric_features": 0.0,
    "median_min_numeric_features": 0.5,
    "q3_min_numeric_features": 6.369999885559082,
    "max_min_numeric_features": 1951.0,
    "mean_median_numeric_features": 338.0291748046875,
    "stdev_median_numeric_features": 729.0836181640625,
    "min_median_numeric_features": 0.375,
    "q1_median_numeric_features": 3.075000047683716,
    "median_median_numeric_features": 7.400000095367432,
    "q3_median_numeric_features": 34.375,
    "max_median_numeric_features": 1968.0,
    "mean_max_numeric_features": 354.5333251953125,
    "stdev_max_numeric_features": 729.5690307617188,
    "min_max_numeric_features": 1.0,
    "q1_max_numeric_features": 17.25,
    "median_max_numeric_features": 22.75,
    "q3_max_numeric_features": 65.89999771118164,
    "max_max_numeric_features": 1985.0,
    "pca_1": 0.5233117424199603,
    "pca_2": 0.32158846810059033,
    "pca_3": 0.08114847277623358,
    "mean_cov_numeric_features": 110.97319793701172,
    "stdev_cov_numeric_features": 221.99725341796875,
    "min_cov_numeric_features": -234.82745361328125,
    "q1_cov_numeric_features": -13.749897003173828,
    "median_cov_numeric_features": 98.20835494995117,
    "q3_cov_numeric_features": 249.9933967590332,
    "max_cov_numeric_features": 454.7308349609375,
    "mean_entropy_categorical_features": NaN,
    "stdev_entropy_categorical_features": NaN,
    "min_entropy_categorical_features": NaN,
    "median_entropy_categorical_features": NaN,
    "max_entropy_categorical_features": NaN,
    "knn_5_mse": 307115.4813049159,
    "knn_5_mae": 242.24578637922585,
    "knn_5_r2": 0.03381105173007648,
    "decision_tree_3_mse": 395563.8096994768,
    "decision_tree_3_mae": 281.8666362463059,
    "decision_tree_3_r2": -0.2163077512425121,
    "decision_tree_1_mse": 361636.2385477335,
    "decision_tree_1_mae": 300.6929503618302,
    "decision_tree_1_r2": -0.12268942032740804,
    "random_tree_2_mse": 303080.83707480074,
    "random_tree_2_mae": 277.15164607711955,
    "random_tree_2_r2": 0.045812371710147015,
    "mean_correlation_features_target": 0.008914905600249767,
    "stdev_correlation_features_target": 0.14459560811519623,
    "min_correlation_features_target": -0.24232493340969086,
    "q1_correlation_features_target": -0.057437597308307886,
    "median_correlation_features_target": 0.014825397171080112,
    "q3_correlation_features_target": 0.1329466039314866,
    "max_correlation_features_target": 0.17536848783493042
}