{
    "nb_instances": 2178,
    "log_nb_instances": 7.686162303492906,
    "nb_features": 3,
    "dataset_dimensionality": 726.0,
    "log_dataset_dimensionality": 6.587550014824796,
    "dataset_ratio": 0.0013774104683195593,
    "nb_missing_vals": 0,
    "ratio_features_with_missing_vals": 0.0,
    "ratio_instances_with_missing_vals": 0.0,
    "nb_numeric_features": 3,
    "nb_categorical_features": 0,
    "ratio_numeric_categorical_features": 0.0,
    "ratio_categorical_numeric_features": 0.0,
    "mean__target": 5.977181434631348,
    "stdev__target": 5.977181434631348,
    "min__target": 5.800000190734863,
    "q1__target": 5.800000190734863,
    "median__target": 5.900000095367432,
    "q3__target": 6.099999904632568,
    "max__target": 6.900000095367432,
    "mean_mean_numeric_features": 45.7455940246582,
    "stdev_mean_numeric_features": 45.7455940246582,
    "mean_stdev_numeric_features": 88.6296615600586,
    "stdev_stdev_numeric_features": 88.6296615600586,
    "mean_var_numeric_features": 9543.0615234375,
    "stdev_var_numeric_features": 9543.0615234375,
    "mean_min_numeric_features": -82.1500015258789,
    "stdev_min_numeric_features": -82.1500015258789,
    "mean_median_numeric_features": 53.77000045776367,
    "stdev_median_numeric_features": 53.77000045776367,
    "mean_max_numeric_features": 304.7166748046875,
    "stdev_max_numeric_features": 304.7166748046875,
    "mean_skew_numeric_features": 0.8213343620300293,
    "stdev_skew_numeric_features": 0.8213343620300293,
    "mean_kurtosis_numeric_features": 3.0577967166900635,
    "stdev_kurtosis_numeric_features": 3.0577967166900635,
    "pca_1": 0.49698882350493284,
    "pca_2": 0.4716155271321717,
    "pca_3": 0.03139564936289553,
    "mean_cov_numeric_features": -0.0890597477555275,
    "stdev_cov_numeric_features": -0.0890597477555275,
    "mean_entropy_categorical_features": NaN,
    "stdev_entropy_categorical_features": NaN,
    "decision_tree_1_mse": 0.035347605507126297,
    "decision_tree_1_mae": 0.1487733991190013,
    "decision_tree_1_r2": 0.012751440384137724,
    "decision_tree_2_mse": 0.03586919902037699,
    "decision_tree_2_mae": 0.1489783336218871,
    "decision_tree_2_r2": -0.00016643106763020166,
    "random_tree_2_mse": 0.03596487597744963,
    "random_tree_2_mae": 0.14898003075912858,
    "random_tree_2_r2": -0.006049917903251795,
    "mean_correlation_features_target": 0.013437725603580475,
    "stdev_correlation_features_target": 0.013437725603580475,
    "min_correlation_features_target": -0.020039359107613564,
    "max_correlation_features_target": 0.07049866765737534
}