{
    "nb_instances": 475,
    "log_nb_instances": 6.163314804034641,
    "nb_features": 3,
    "dataset_dimensionality": 158.33333333333334,
    "log_dataset_dimensionality": 5.064702515366531,
    "dataset_ratio": 0.00631578947368421,
    "nb_missing_vals": 0,
    "ratio_features_with_missing_vals": 0.0,
    "ratio_instances_with_missing_vals": 0.0,
    "nb_numeric_features": 1,
    "nb_categorical_features": 2,
    "ratio_numeric_categorical_features": 0.5,
    "ratio_categorical_numeric_features": 2.0,
    "mean__target": 838.9073486328125,
    "stdev__target": 838.9073486328125,
    "min__target": 0.0,
    "q1__target": 0.0,
    "median__target": 0.0,
    "q3__target": 74.5,
    "max__target": 23641.0,
    "mean_mean_numeric_features": 4.666666507720947,
    "stdev_mean_numeric_features": 4.666666507720947,
    "mean_stdev_numeric_features": 2.771469831466675,
    "stdev_stdev_numeric_features": 2.771469831466675,
    "mean_var_numeric_features": 11.357243537902832,
    "stdev_var_numeric_features": 11.357243537902832,
    "mean_min_numeric_features": 0.3333333432674408,
    "stdev_min_numeric_features": 0.3333333432674408,
    "mean_median_numeric_features": 4.666666507720947,
    "stdev_median_numeric_features": 4.666666507720947,
    "mean_max_numeric_features": 9.0,
    "stdev_max_numeric_features": 9.0,
    "mean_skew_numeric_features": 0.0,
    "stdev_skew_numeric_features": 0.0,
    "mean_kurtosis_numeric_features": -1.2696088552474976,
    "stdev_kurtosis_numeric_features": -1.2696088552474976,
    "pca_1": 0.8823529411764707,
    "pca_2": 0.05882352941176473,
    "pca_3": 0.058823529411764726,
    "mean_cov_numeric_features": 370.0485534667969,
    "stdev_cov_numeric_features": 370.0485534667969,
    "mean_entropy_categorical_features": NaN,
    "stdev_entropy_categorical_features": NaN,
    "decision_tree_1_mse": 9660098.939858299,
    "decision_tree_1_mae": 1349.2493480082176,
    "decision_tree_1_r2": 0.0350773821765378,
    "decision_tree_2_mse": 8338622.702689411,
    "decision_tree_2_mae": 1225.6632882838162,
    "decision_tree_2_r2": 0.15931482049895995,
    "random_tree_2_mse": 10137646.025882807,
    "random_tree_2_mae": 1364.3746270356962,
    "random_tree_2_r2": 0.004610546736409149,
    "mean_correlation_features_target": 0.06897509843111038,
    "stdev_correlation_features_target": 0.06897509843111038,
    "min_correlation_features_target": 0.013608635403215885,
    "max_correlation_features_target": 0.10562290251255035
}