{
    "nb_instances": 8192,
    "log_nb_instances": 9.010913347279288,
    "nb_features": 32,
    "dataset_dimensionality": 256.0,
    "log_dataset_dimensionality": 5.545177444479562,
    "dataset_ratio": 0.00390625,
    "nb_missing_vals": 0,
    "ratio_features_with_missing_vals": 0.0,
    "ratio_instances_with_missing_vals": 0.0,
    "nb_numeric_features": 32,
    "nb_categorical_features": 0,
    "ratio_numeric_categorical_features": 0.0,
    "ratio_categorical_numeric_features": 0.0,
    "mean__target": 0.08362133055925369,
    "stdev__target": 0.12179416418075562,
    "min__target": 0.0,
    "q1__target": 0.0018587499507702887,
    "median__target": 0.026573999784886837,
    "q3__target": 0.1155062485486269,
    "max__target": 0.8196650147438049,
    "mean_mean_numeric_features": 1.2014579772949219,
    "stdev_mean_numeric_features": 1.6788233518600464,
    "min_mean_numeric_features": -0.016437694430351257,
    "q1_mean_numeric_features": -0.0009791181946638972,
    "median_mean_numeric_features": 0.7371404618024826,
    "q3_mean_numeric_features": 1.247479885816574,
    "max_mean_numeric_features": 7.0029296875,
    "mean_stdev_numeric_features": 0.9675910472869873,
    "stdev_stdev_numeric_features": 0.7928932905197144,
    "min_stdev_numeric_features": 0.21080632507801056,
    "q1_stdev_numeric_features": 0.5737209618091583,
    "median_stdev_numeric_features": 0.5792735815048218,
    "q3_stdev_numeric_features": 1.0141769349575043,
    "max_stdev_numeric_features": 3.1966612339019775,
    "mean_var_numeric_features": 1.56491219997406,
    "stdev_var_numeric_features": 2.7398126125335693,
    "min_var_numeric_features": 0.04443930834531784,
    "q1_var_numeric_features": 0.32915710657835007,
    "median_var_numeric_features": 0.3355579078197479,
    "q3_var_numeric_features": 1.0286147594451904,
    "max_var_numeric_features": 10.218643188476562,
    "mean_min_numeric_features": -0.030351556837558746,
    "stdev_min_numeric_features": 1.2558122873306274,
    "min_min_numeric_features": -0.9999979734420776,
    "q1_min_numeric_features": -0.9996357411146164,
    "median_min_numeric_features": 7.949999962875154e-05,
    "q3_min_numeric_features": 0.006232499821635429,
    "max_min_numeric_features": 5.0,
    "mean_median_numeric_features": 1.0542842149734497,
    "stdev_median_numeric_features": 1.6081392765045166,
    "min_median_numeric_features": -0.014935499988496304,
    "q1_median_numeric_features": 0.0001332500032731332,
    "median_median_numeric_features": 0.5886057317256927,
    "q3_median_numeric_features": 1.2480655908584595,
    "max_median_numeric_features": 7.0,
    "mean_max_numeric_features": 6.178520202636719,
    "stdev_max_numeric_features": 8.340635299682617,
    "min_max_numeric_features": 0.4996800124645233,
    "q1_max_numeric_features": 0.9997427314519882,
    "median_max_numeric_features": 1.4998599886894226,
    "q3_max_numeric_features": 8.214168787002563,
    "max_max_numeric_features": 33.301090240478516,
    "pca_1": 0.20470235396510267,
    "pca_2": 0.19235673920053006,
    "pca_3": 0.18780364054065934,
    "mean_cov_numeric_features": 0.012087736278772354,
    "stdev_cov_numeric_features": 0.045564547181129456,
    "min_cov_numeric_features": -0.019947107881307602,
    "q1_cov_numeric_features": -0.0023200236028060317,
    "median_cov_numeric_features": -0.0007074690656736493,
    "q3_cov_numeric_features": 0.00010044853661383968,
    "max_cov_numeric_features": 0.19779975712299347,
    "mean_entropy_categorical_features": NaN,
    "stdev_entropy_categorical_features": NaN,
    "min_entropy_categorical_features": NaN,
    "median_entropy_categorical_features": NaN,
    "max_entropy_categorical_features": NaN,
    "knn_5_mse": 0.008554930528840734,
    "knn_5_mae": 0.05839574516601563,
    "knn_5_r2": 0.42305016954537306,
    "decision_tree_3_mse": 0.009741455581495872,
    "decision_tree_3_mae": 0.0680910824546183,
    "decision_tree_3_r2": 0.3433525810051995,
    "decision_tree_1_mse": 0.012021907815400981,
    "decision_tree_1_mae": 0.07910614258718163,
    "decision_tree_1_r2": 0.1894965782223553,
    "random_tree_2_mse": 0.01271457930014485,
    "random_tree_2_mae": 0.0804254969654982,
    "random_tree_2_r2": 0.14251839350910714,
    "mean_correlation_features_target": 0.016891272738575935,
    "stdev_correlation_features_target": 0.12878043949604034,
    "min_correlation_features_target": -0.13091108202934265,
    "q1_correlation_features_target": -0.023538945242762566,
    "median_correlation_features_target": -0.010007686913013458,
    "q3_correlation_features_target": 0.0018178593891207129,
    "max_correlation_features_target": 0.5230452418327332
}