{
    "nb_instances": 8192,
    "log_nb_instances": 9.010913347279288,
    "nb_features": 32,
    "dataset_dimensionality": 256.0,
    "log_dataset_dimensionality": 5.545177444479562,
    "dataset_ratio": 0.00390625,
    "nb_missing_vals": 0,
    "ratio_features_with_missing_vals": 0.0,
    "ratio_instances_with_missing_vals": 0.0,
    "nb_numeric_features": 32,
    "nb_categorical_features": 0,
    "ratio_numeric_categorical_features": 0.0,
    "ratio_categorical_numeric_features": 0.0,
    "mean__target": 0.08362133055925369,
    "stdev__target": 0.08362133055925369,
    "min__target": 0.0,
    "q1__target": 0.0018587499507702887,
    "median__target": 0.02657400071620941,
    "q3__target": 0.1155062485486269,
    "max__target": 0.8196650147438049,
    "mean_mean_numeric_features": 1.2014579772949219,
    "stdev_mean_numeric_features": 1.2014579772949219,
    "mean_stdev_numeric_features": 0.9675910472869873,
    "stdev_stdev_numeric_features": 0.9675910472869873,
    "mean_var_numeric_features": 1.56491219997406,
    "stdev_var_numeric_features": 1.56491219997406,
    "mean_min_numeric_features": -0.030351556837558746,
    "stdev_min_numeric_features": -0.030351556837558746,
    "mean_median_numeric_features": 1.0542842149734497,
    "stdev_median_numeric_features": 1.0542842149734497,
    "mean_max_numeric_features": 6.178520202636719,
    "stdev_max_numeric_features": 6.178520202636719,
    "mean_skew_numeric_features": 0.6205673217773438,
    "stdev_skew_numeric_features": 0.6205673217773438,
    "mean_kurtosis_numeric_features": 0.9378355741500854,
    "stdev_kurtosis_numeric_features": 0.9378355741500854,
    "pca_1": 0.2047023539651028,
    "pca_2": 0.19235673920052998,
    "pca_3": 0.1878036405406594,
    "mean_cov_numeric_features": 0.012087736278772354,
    "stdev_cov_numeric_features": 0.012087736278772354,
    "mean_entropy_categorical_features": NaN,
    "stdev_entropy_categorical_features": NaN,
    "decision_tree_1_mse": 0.01204053491781263,
    "decision_tree_1_mae": 0.07907334171383174,
    "decision_tree_1_r2": 0.18766347588643031,
    "decision_tree_2_mse": 0.010809860495243526,
    "decision_tree_2_mae": 0.07324735670309294,
    "decision_tree_2_r2": 0.2700829655387639,
    "random_tree_2_mse": 0.012134694997012013,
    "random_tree_2_mae": 0.0788355499412142,
    "random_tree_2_r2": 0.18186588520451233,
    "mean_correlation_features_target": 0.016891272738575935,
    "stdev_correlation_features_target": 0.016891272738575935,
    "min_correlation_features_target": -0.13091108202934265,
    "max_correlation_features_target": 0.5230452418327332
}