{
    "nb_instances": 252,
    "log_nb_instances": 5.529429087511423,
    "nb_features": 14,
    "dataset_dimensionality": 18.0,
    "log_dataset_dimensionality": 2.8903717578961645,
    "dataset_ratio": 0.05555555555555555,
    "nb_missing_vals": 0,
    "ratio_features_with_missing_vals": 0.0,
    "ratio_instances_with_missing_vals": 0.0,
    "nb_numeric_features": 14,
    "nb_categorical_features": 0,
    "ratio_numeric_categorical_features": 0.0,
    "ratio_categorical_numeric_features": 0.0,
    "mean__target": 19.150793075561523,
    "stdev__target": 19.150793075561523,
    "min__target": 0.0,
    "q1__target": 12.474999904632568,
    "median__target": 19.200000762939453,
    "q3__target": 25.299999237060547,
    "max__target": 47.5,
    "mean_mean_numeric_features": 59.03974533081055,
    "stdev_mean_numeric_features": 59.03974533081055,
    "mean_stdev_numeric_features": 6.415272235870361,
    "stdev_stdev_numeric_features": 6.415272235870361,
    "mean_var_numeric_features": 95.06185150146484,
    "stdev_var_numeric_features": 95.06185150146484,
    "mean_min_numeric_features": 42.62106704711914,
    "stdev_min_numeric_features": 42.62106704711914,
    "mean_median_numeric_features": 58.414634704589844,
    "stdev_median_numeric_features": 58.414634704589844,
    "mean_max_numeric_features": 91.2720718383789,
    "stdev_max_numeric_features": 91.2720718383789,
    "mean_skew_numeric_features": 0.2567315399646759,
    "stdev_skew_numeric_features": 0.2567315399646759,
    "mean_kurtosis_numeric_features": 6.781983375549316,
    "stdev_kurtosis_numeric_features": 6.781983375549316,
    "pca_1": 0.8279125677623766,
    "pca_2": 0.12778398575664915,
    "pca_3": 0.017089472643671486,
    "mean_cov_numeric_features": 29.201290130615234,
    "stdev_cov_numeric_features": 29.201290130615234,
    "mean_entropy_categorical_features": NaN,
    "stdev_entropy_categorical_features": NaN,
    "decision_tree_1_mse": 23.376689653100936,
    "decision_tree_1_mae": 3.9418037466002542,
    "decision_tree_1_r2": 0.6580581153033551,
    "decision_tree_2_mse": 8.46324106183032,
    "decision_tree_2_mae": 2.2804548840190297,
    "decision_tree_2_r2": 0.87654458451105,
    "random_tree_2_mse": 18.25140792718905,
    "random_tree_2_mae": 3.2765491072398203,
    "random_tree_2_r2": 0.7344309825983761,
    "mean_correlation_features_target": 0.35670822858810425,
    "stdev_correlation_features_target": 0.35670822858810425,
    "min_correlation_features_target": -0.9877824187278748,
    "max_correlation_features_target": 0.8134322762489319
}