{
    "nb_instances": 209,
    "log_nb_instances": 5.342334251964811,
    "nb_features": 7,
    "dataset_dimensionality": 29.857142857142858,
    "log_dataset_dimensionality": 3.396424102909498,
    "dataset_ratio": 0.03349282296650718,
    "nb_missing_vals": 0,
    "ratio_features_with_missing_vals": 0.0,
    "ratio_instances_with_missing_vals": 0.0,
    "nb_numeric_features": 6,
    "nb_categorical_features": 1,
    "ratio_numeric_categorical_features": 6.0,
    "ratio_categorical_numeric_features": 0.16666666666666666,
    "mean__target": 99.33014678955078,
    "stdev__target": 154.3864288330078,
    "min__target": 15.0,
    "q1__target": 28.0,
    "median__target": 45.0,
    "q3__target": 101.0,
    "max__target": 1238.0,
    "mean_mean_numeric_features": 2486.021484375,
    "stdev_mean_numeric_features": 4288.26416015625,
    "min_mean_numeric_features": 4.698564529418945,
    "q1_mean_numeric_features": 20.002392292022705,
    "median_mean_numeric_features": 114.51435470581055,
    "q3_mean_numeric_features": 2201.9414596557617,
    "max_mean_numeric_features": 11796.1533203125,
    "mean_stdev_numeric_features": 2656.502197265625,
    "stdev_stdev_numeric_features": 4287.2880859375,
    "min_stdev_numeric_features": 6.8162736892700195,
    "q1_stdev_numeric_features": 29.65516948699951,
    "median_stdev_numeric_features": 150.44583129882812,
    "q3_stdev_numeric_features": 2974.1227416992188,
    "max_stdev_numeric_features": 11726.564453125,
    "mean_var_numeric_features": 25437846.0,
    "stdev_var_numeric_features": 50420696.0,
    "min_var_numeric_features": 46.461585998535156,
    "q1_var_numeric_features": 919.5686492919922,
    "median_var_numeric_features": 34693.74102783203,
    "q3_var_numeric_features": 11300417.947265625,
    "max_var_numeric_features": 137512320.0,
    "mean_min_numeric_features": 24.16666603088379,
    "stdev_min_numeric_features": 28.800561904907227,
    "min_min_numeric_features": 0.0,
    "q1_min_numeric_features": 0.0,
    "median_min_numeric_features": 8.5,
    "q3_min_numeric_features": 52.25,
    "max_min_numeric_features": 64.0,
    "mean_median_numeric_features": 1688.0,
    "stdev_median_numeric_features": 2913.078857421875,
    "min_median_numeric_features": 2.0,
    "q1_median_numeric_features": 8.0,
    "median_median_numeric_features": 59.0,
    "q3_median_numeric_features": 1527.5,
    "max_median_numeric_features": 8000.0,
    "mean_max_numeric_features": 16330.6669921875,
    "stdev_max_numeric_features": 24228.7890625,
    "min_max_numeric_features": 52.0,
    "q1_max_numeric_features": 196.0,
    "median_max_numeric_features": 878.0,
    "q3_max_numeric_features": 24375.0,
    "max_max_numeric_features": 64000.0,
    "pca_1": 0.9602836665848461,
    "pca_2": 0.039328144215849604,
    "pca_3": 0.00037786008991121345,
    "mean_cov_numeric_features": 353792.25,
    "stdev_cov_numeric_features": 600801.9375,
    "min_cov_numeric_features": -11615.8642578125,
    "q1_cov_numeric_features": 1078.6609649658203,
    "median_cov_numeric_features": 3230.3277587890625,
    "q3_cov_numeric_features": 369862.3681640625,
    "max_cov_numeric_features": 1635474.25,
    "mean_entropy_categorical_features": 3.063262701034546,
    "stdev_entropy_categorical_features": 0.0,
    "min_entropy_categorical_features": 3.063262701034546,
    "median_entropy_categorical_features": 3.063262701034546,
    "max_entropy_categorical_features": 3.063262701034546,
    "knn_5_mse": NaN,
    "knn_5_mae": NaN,
    "knn_5_r2": NaN,
    "decision_tree_3_mse": NaN,
    "decision_tree_3_mae": NaN,
    "decision_tree_3_r2": NaN,
    "decision_tree_1_mse": NaN,
    "decision_tree_1_mae": NaN,
    "decision_tree_1_r2": NaN,
    "random_tree_2_mse": NaN,
    "random_tree_2_mae": NaN,
    "random_tree_2_r2": NaN,
    "mean_correlation_features_target": 0.5472424030303955,
    "stdev_correlation_features_target": 0.3902767598628998,
    "min_correlation_features_target": -0.28839561343193054,
    "q1_correlation_features_target": 0.5967617332935333,
    "median_correlation_features_target": 0.6296002268791199,
    "q3_correlation_features_target": 0.7766237109899521,
    "max_correlation_features_target": 0.901202380657196
}