{
    "nb_instances": 8192,
    "log_nb_instances": 9.010913347279288,
    "nb_features": 12,
    "dataset_dimensionality": 682.6666666666666,
    "log_dataset_dimensionality": 6.5260066974912885,
    "dataset_ratio": 0.00146484375,
    "nb_missing_vals": 0,
    "ratio_features_with_missing_vals": 0.0,
    "ratio_instances_with_missing_vals": 0.0,
    "nb_numeric_features": 12,
    "nb_categorical_features": 0,
    "ratio_numeric_categorical_features": 0.0,
    "ratio_categorical_numeric_features": 0.0,
    "mean__target": 83.9688720703125,
    "stdev__target": 18.400781631469727,
    "min__target": 0.0,
    "q1__target": 81.0,
    "median__target": 89.0,
    "q3__target": 94.0,
    "max__target": 99.0,
    "mean_mean_numeric_features": 135460.4375,
    "stdev_mean_numeric_features": 364205.03125,
    "min_mean_numeric_features": 1.884554386138916,
    "q1_mean_numeric_features": 17.946319580078125,
    "median_mean_numeric_features": 180.26910400390625,
    "q3_mean_numeric_features": 25704.31103515625,
    "max_mean_numeric_features": 1328126.0,
    "mean_stdev_numeric_features": 67245.75,
    "stdev_stdev_numeric_features": 129424.6796875,
    "min_stdev_numeric_features": 2.4794933795928955,
    "q1_stdev_numeric_features": 47.488279819488525,
    "median_stdev_numeric_features": 179.72956085205078,
    "q3_stdev_numeric_features": 37050.793212890625,
    "max_stdev_numeric_features": 422019.4375,
    "mean_var_numeric_features": 21272739840.0,
    "stdev_var_numeric_features": 49975898112.0,
    "min_var_numeric_features": 6.147887706756592,
    "q1_var_numeric_features": 2358.3497619628906,
    "median_var_numeric_features": 32673.30078125,
    "q3_var_numeric_features": 4957743960.25,
    "max_var_numeric_features": 178100404224.0,
    "mean_min_numeric_features": 163.0,
    "stdev_min_numeric_features": 410.0260009765625,
    "min_min_numeric_features": 0.0,
    "q1_min_numeric_features": 0.0,
    "median_min_numeric_features": 4.0,
    "q3_min_numeric_features": 68.5,
    "max_min_numeric_features": 1498.0,
    "mean_median_numeric_features": 121967.875,
    "stdev_median_numeric_features": 353730.28125,
    "min_median_numeric_features": 0.800000011920929,
    "q1_median_numeric_features": 1.800000011920929,
    "median_median_numeric_features": 141.5,
    "q3_median_numeric_features": 13193.625,
    "max_median_numeric_features": 1289289.5,
    "mean_max_numeric_features": 551006.3125,
    "stdev_max_numeric_features": 958243.375,
    "min_max_numeric_features": 20.1200008392334,
    "q1_max_numeric_features": 1527.5,
    "median_max_numeric_features": 5387.0,
    "q3_max_numeric_features": 459775.5,
    "max_max_numeric_features": 2526649.0,
    "pca_1": 0.7196975192843826,
    "pca_2": 0.22893462915028318,
    "pca_3": 0.051343116172240494,
    "mean_cov_numeric_features": 255770.390625,
    "stdev_cov_numeric_features": 1571783.375,
    "min_cov_numeric_features": -1450378.375,
    "q1_cov_numeric_features": -3521.624786376953,
    "median_cov_numeric_features": -471.4070510864258,
    "q3_cov_numeric_features": -24.900230407714844,
    "max_cov_numeric_features": 5269408.5,
    "mean_entropy_categorical_features": NaN,
    "stdev_entropy_categorical_features": NaN,
    "min_entropy_categorical_features": NaN,
    "median_entropy_categorical_features": NaN,
    "max_entropy_categorical_features": NaN,
    "knn_5_mse": 44.687470703125,
    "knn_5_mae": 4.640234375,
    "knn_5_r2": 0.8677969456408418,
    "decision_tree_3_mse": 26.681860300140404,
    "decision_tree_3_mae": 3.9194755535997574,
    "decision_tree_3_r2": 0.9196815370923427,
    "decision_tree_1_mse": 76.41057171175844,
    "decision_tree_1_mae": 6.674929276918819,
    "decision_tree_1_r2": 0.7734645923386116,
    "random_tree_2_mse": 50.89156251123099,
    "random_tree_2_mae": 5.394398498706529,
    "random_tree_2_r2": 0.8495552539488695,
    "mean_correlation_features_target": -0.17758361995220184,
    "stdev_correlation_features_target": 0.32658007740974426,
    "min_correlation_features_target": -0.6296624541282654,
    "q1_correlation_features_target": -0.3298763111233711,
    "median_correlation_features_target": -0.28878793120384216,
    "q3_correlation_features_target": -0.13384877890348434,
    "max_correlation_features_target": 0.6785262227058411
}