{
    "nb_instances": 40768,
    "log_nb_instances": 10.615652738931836,
    "nb_features": 10,
    "dataset_dimensionality": 4076.8,
    "log_dataset_dimensionality": 8.313067645937789,
    "dataset_ratio": 0.0002452904238618524,
    "nb_missing_vals": 0,
    "ratio_features_with_missing_vals": 0.0,
    "ratio_instances_with_missing_vals": 0.0,
    "nb_numeric_features": 10,
    "nb_categorical_features": 0,
    "ratio_numeric_categorical_features": 0.0,
    "ratio_categorical_numeric_features": 0.0,
    "mean__target": 14.407829284667969,
    "stdev__target": 4.997091770172119,
    "min__target": -1.2280000448226929,
    "q1__target": 10.85099983215332,
    "median__target": 14.423500061035156,
    "q3__target": 17.96125030517578,
    "max__target": 30.52199935913086,
    "mean_mean_numeric_features": 0.49970442056655884,
    "stdev_mean_numeric_features": 0.001597592025063932,
    "min_mean_numeric_features": 0.49696969985961914,
    "q1_mean_numeric_features": 0.498800128698349,
    "median_mean_numeric_features": 0.5002909004688263,
    "q3_mean_numeric_features": 0.500484973192215,
    "max_mean_numeric_features": 0.5021512508392334,
    "mean_stdev_numeric_features": 0.28834933042526245,
    "stdev_stdev_numeric_features": 0.0005543983425013721,
    "min_stdev_numeric_features": 0.28730782866477966,
    "q1_stdev_numeric_features": 0.2881607338786125,
    "median_stdev_numeric_features": 0.28835004568099976,
    "q3_stdev_numeric_features": 0.2887756675481796,
    "max_stdev_numeric_features": 0.2891730070114136,
    "mean_var_numeric_features": 0.0831456407904625,
    "stdev_var_numeric_features": 0.0003196298494003713,
    "min_var_numeric_features": 0.08254579454660416,
    "q1_var_numeric_features": 0.08303660526871681,
    "median_var_numeric_features": 0.08314574882388115,
    "q3_var_numeric_features": 0.08339142240583897,
    "max_var_numeric_features": 0.08362103253602982,
    "mean_min_numeric_features": 0.0,
    "stdev_min_numeric_features": 0.0,
    "min_min_numeric_features": 0.0,
    "q1_min_numeric_features": 0.0,
    "median_min_numeric_features": 0.0,
    "q3_min_numeric_features": 0.0,
    "max_min_numeric_features": 0.0,
    "mean_median_numeric_features": 0.4993000030517578,
    "stdev_median_numeric_features": 0.00283019314520061,
    "min_median_numeric_features": 0.49399998784065247,
    "q1_median_numeric_features": 0.4972500056028366,
    "median_median_numeric_features": 0.5,
    "q3_median_numeric_features": 0.5017499774694443,
    "max_median_numeric_features": 0.503000020980835,
    "mean_max_numeric_features": 1.0,
    "stdev_max_numeric_features": 0.0,
    "min_max_numeric_features": 1.0,
    "q1_max_numeric_features": 1.0,
    "median_max_numeric_features": 1.0,
    "q3_max_numeric_features": 1.0,
    "max_max_numeric_features": 1.0,
    "pca_1": 0.10546337765081563,
    "pca_2": 0.10408161279815378,
    "pca_3": 0.1020533423442308,
    "mean_cov_numeric_features": 0.24269461631774902,
    "stdev_cov_numeric_features": 0.30826011300086975,
    "min_cov_numeric_features": -0.008336475118994713,
    "q1_cov_numeric_features": 0.004696243209764361,
    "median_cov_numeric_features": 0.009381610667333007,
    "q3_cov_numeric_features": 0.525634802877903,
    "max_cov_numeric_features": 0.8485814332962036,
    "mean_entropy_categorical_features": NaN,
    "stdev_entropy_categorical_features": NaN,
    "min_entropy_categorical_features": NaN,
    "median_entropy_categorical_features": NaN,
    "max_entropy_categorical_features": NaN,
    "knn_5_mse": 3.8649232532672686,
    "knn_5_mae": 1.553324793956044,
    "knn_5_r2": 0.8451987081119894,
    "decision_tree_3_mse": 10.338507501196627,
    "decision_tree_3_mae": 2.5771786554649996,
    "decision_tree_3_r2": 0.5858628638866442,
    "decision_tree_1_mse": 18.455416562255643,
    "decision_tree_1_mae": 3.5415748258503084,
    "decision_tree_1_r2": 0.2608357014179131,
    "random_tree_2_mse": 16.15961832107008,
    "random_tree_2_mae": 3.2394463720752444,
    "random_tree_2_r2": 0.35274390267595945,
    "mean_correlation_features_target": 0.168237566947937,
    "stdev_correlation_features_target": 0.21363963186740875,
    "min_correlation_features_target": -0.005783525761216879,
    "q1_correlation_features_target": 0.0032550773466937244,
    "median_correlation_features_target": 0.006522420793771744,
    "q3_correlation_features_target": 0.3647492527961731,
    "max_correlation_features_target": 0.5875661373138428
}