{
    "nb_instances": 316,
    "log_nb_instances": 5.755742213586912,
    "nb_features": 11,
    "dataset_dimensionality": 28.727272727272727,
    "log_dataset_dimensionality": 3.3578469407885416,
    "dataset_ratio": 0.03481012658227848,
    "nb_missing_vals": 56,
    "ratio_features_with_missing_vals": 0.02531645569620253,
    "ratio_instances_with_missing_vals": 0.10759493670886076,
    "nb_numeric_features": 8,
    "nb_categorical_features": 3,
    "ratio_numeric_categorical_features": 2.6666666666666665,
    "ratio_categorical_numeric_features": 0.375,
    "mean__target": 17.380695343017578,
    "stdev__target": 17.380695343017578,
    "min__target": 0.0,
    "q1__target": 1.600000023841858,
    "median__target": 7.699999809265137,
    "q3__target": 28.100000381469727,
    "max__target": 89.80000305175781,
    "mean_mean_numeric_features": 39.9732551574707,
    "stdev_mean_numeric_features": 39.9732551574707,
    "mean_stdev_numeric_features": 39.234127044677734,
    "stdev_stdev_numeric_features": 39.234127044677734,
    "mean_var_numeric_features": 4874.50927734375,
    "stdev_var_numeric_features": 4874.50927734375,
    "mean_min_numeric_features": 1.615272879600525,
    "stdev_min_numeric_features": 1.615272879600525,
    "mean_median_numeric_features": 28.13599967956543,
    "stdev_median_numeric_features": 28.13599967956543,
    "mean_max_numeric_features": 223.93809509277344,
    "stdev_max_numeric_features": 223.93809509277344,
    "mean_skew_numeric_features": 0.971896767616272,
    "stdev_skew_numeric_features": 0.971896767616272,
    "mean_kurtosis_numeric_features": 2.885756015777588,
    "stdev_kurtosis_numeric_features": 2.885756015777588,
    "pca_1": 0.752882760505152,
    "pca_2": 0.20034721768866998,
    "pca_3": 0.02714229606327213,
    "mean_cov_numeric_features": -282.8385009765625,
    "stdev_cov_numeric_features": -282.8385009765625,
    "mean_entropy_categorical_features": NaN,
    "stdev_entropy_categorical_features": NaN,
    "decision_tree_1_mse": 291.1387211446972,
    "decision_tree_1_mae": 11.589864479228801,
    "decision_tree_1_r2": 0.22819362736192916,
    "decision_tree_2_mse": 294.2203363509476,
    "decision_tree_2_mae": 11.665288175729124,
    "decision_tree_2_r2": 0.24749287175542917,
    "random_tree_2_mse": 271.22406413521526,
    "random_tree_2_mae": 11.133326854154829,
    "random_tree_2_r2": 0.287027280827301,
    "mean_correlation_features_target": -0.18391470611095428,
    "stdev_correlation_features_target": -0.18391470611095428,
    "min_correlation_features_target": -0.5115703344345093,
    "max_correlation_features_target": 0.2620895802974701
}