{
    "nb_instances": 8192,
    "log_nb_instances": 9.010913347279288,
    "nb_features": 8,
    "dataset_dimensionality": 1024.0,
    "log_dataset_dimensionality": 6.931471805599453,
    "dataset_ratio": 0.0009765625,
    "nb_missing_vals": 0,
    "ratio_features_with_missing_vals": 0.0,
    "ratio_instances_with_missing_vals": 0.0,
    "nb_numeric_features": 8,
    "nb_categorical_features": 0,
    "ratio_numeric_categorical_features": 0.0,
    "ratio_categorical_numeric_features": 0.0,
    "mean__target": 0.16152486205101013,
    "stdev__target": 0.15189729630947113,
    "min__target": 0.0,
    "q1__target": 0.03234349936246872,
    "median__target": 0.1172804981470108,
    "q3__target": 0.2510167583823204,
    "max__target": 0.8022630214691162,
    "mean_mean_numeric_features": 1.6544252634048462,
    "stdev_mean_numeric_features": 2.2265138626098633,
    "min_mean_numeric_features": -0.00818923581391573,
    "q1_mean_numeric_features": -0.002039995713857934,
    "median_mean_numeric_features": 0.30168296512420056,
    "q3_mean_numeric_features": 3.0636894702911377,
    "max_mean_numeric_features": 6.508056640625,
    "mean_stdev_numeric_features": 1.082740068435669,
    "stdev_stdev_numeric_features": 1.1905744075775146,
    "min_stdev_numeric_features": 0.20126287639141083,
    "q1_stdev_numeric_features": 0.28881870210170746,
    "median_stdev_numeric_features": 0.29128652811050415,
    "q3_stdev_numeric_features": 1.6131601631641388,
    "max_stdev_numeric_features": 3.1027112007141113,
    "mean_var_numeric_features": 2.5897932052612305,
    "stdev_var_numeric_features": 4.02968168258667,
    "min_var_numeric_features": 0.040506742894649506,
    "q1_var_numeric_features": 0.08341995254158974,
    "median_var_numeric_features": 0.08484826609492302,
    "q3_var_numeric_features": 3.313263922929764,
    "max_var_numeric_features": 9.626815795898438,
    "mean_min_numeric_features": 0.38000908493995667,
    "stdev_min_numeric_features": 1.76230788230896,
    "min_min_numeric_features": -0.4999989867210388,
    "q1_min_numeric_features": -0.49996601045131683,
    "median_min_numeric_features": -0.2498149995935819,
    "q3_min_numeric_features": 0.010532999702263623,
    "max_min_numeric_features": 5.0,
    "mean_median_numeric_features": 1.4807318449020386,
    "stdev_median_numeric_features": 2.259552240371704,
    "min_median_numeric_features": -0.013055499643087387,
    "q1_median_numeric_features": -0.003378999972483143,
    "median_median_numeric_features": 0.3137940109008923,
    "q3_median_numeric_features": 2.109576642513275,
    "max_median_numeric_features": 7.0,
    "mean_max_numeric_features": 8.796525955200195,
    "stdev_max_numeric_features": 12.300874710083008,
    "min_max_numeric_features": 0.4996359944343567,
    "q1_max_numeric_features": 0.49994074553251266,
    "median_max_numeric_features": 0.7415980100631714,
    "q3_max_numeric_features": 13.420275211334229,
    "max_max_numeric_features": 29.70840072631836,
    "pca_1": 0.46496708170747547,
    "pca_2": 0.45571311915485957,
    "pca_3": 0.061189059679853344,
    "mean_cov_numeric_features": 0.07845140248537064,
    "stdev_cov_numeric_features": 0.13859732449054718,
    "min_cov_numeric_features": -0.005192684009671211,
    "q1_cov_numeric_features": -0.0019839772721752524,
    "median_cov_numeric_features": 7.578422992082778e-05,
    "q3_cov_numeric_features": 0.07486636211979203,
    "max_cov_numeric_features": 0.34148910641670227,
    "mean_entropy_categorical_features": NaN,
    "stdev_entropy_categorical_features": NaN,
    "min_entropy_categorical_features": NaN,
    "median_entropy_categorical_features": NaN,
    "max_entropy_categorical_features": NaN,
    "knn_5_mse": 0.0012699054199434864,
    "knn_5_mae": 0.02513332587890625,
    "knn_5_r2": 0.9448588580083623,
    "decision_tree_3_mse": 0.004544970694608316,
    "decision_tree_3_mae": 0.05292682762087825,
    "decision_tree_3_r2": 0.8023127646665953,
    "decision_tree_1_mse": 0.01441453420744388,
    "decision_tree_1_mae": 0.09349556052971277,
    "decision_tree_1_r2": 0.37477790216499174,
    "random_tree_2_mse": 0.015521991732103762,
    "random_tree_2_mae": 0.09967405396271675,
    "random_tree_2_r2": 0.32636959287464107,
    "mean_correlation_features_target": 0.15523040294647217,
    "stdev_correlation_features_target": 0.30415597558021545,
    "min_correlation_features_target": -0.08869363367557526,
    "q1_correlation_features_target": -0.03264674637466669,
    "median_correlation_features_target": 0.0017358517507091165,
    "q3_correlation_features_target": 0.18980405572801828,
    "max_correlation_features_target": 0.724534273147583
}