{
    "nb_instances": 8192,
    "log_nb_instances": 9.010913347279288,
    "nb_features": 8,
    "dataset_dimensionality": 1024.0,
    "log_dataset_dimensionality": 6.931471805599453,
    "dataset_ratio": 0.0009765625,
    "nb_missing_vals": 0,
    "ratio_features_with_missing_vals": 0.0,
    "ratio_instances_with_missing_vals": 0.0,
    "nb_numeric_features": 8,
    "nb_categorical_features": 0,
    "ratio_numeric_categorical_features": 0.0,
    "ratio_categorical_numeric_features": 0.0,
    "mean__target": 0.16152486205101013,
    "stdev__target": 0.16152486205101013,
    "min__target": 0.0,
    "q1__target": 0.03234349936246872,
    "median__target": 0.1172804981470108,
    "q3__target": 0.2510167583823204,
    "max__target": 0.8022630214691162,
    "mean_mean_numeric_features": 1.6544252634048462,
    "stdev_mean_numeric_features": 1.6544252634048462,
    "mean_stdev_numeric_features": 1.082740068435669,
    "stdev_stdev_numeric_features": 1.082740068435669,
    "mean_var_numeric_features": 2.5897932052612305,
    "stdev_var_numeric_features": 2.5897932052612305,
    "mean_min_numeric_features": 0.38000908493995667,
    "stdev_min_numeric_features": 0.38000908493995667,
    "mean_median_numeric_features": 1.4807318449020386,
    "stdev_median_numeric_features": 1.4807318449020386,
    "mean_max_numeric_features": 8.796525955200195,
    "stdev_max_numeric_features": 8.796525955200195,
    "mean_skew_numeric_features": 0.4694082736968994,
    "stdev_skew_numeric_features": 0.4694082736968994,
    "mean_kurtosis_numeric_features": 0.6969579458236694,
    "stdev_kurtosis_numeric_features": 0.6969579458236694,
    "pca_1": 0.46496708170747625,
    "pca_2": 0.45571311915485996,
    "pca_3": 0.061189059679853365,
    "mean_cov_numeric_features": 0.07845140248537064,
    "stdev_cov_numeric_features": 0.07845140248537064,
    "mean_entropy_categorical_features": NaN,
    "stdev_entropy_categorical_features": NaN,
    "decision_tree_1_mse": 0.014394918435723244,
    "decision_tree_1_mae": 0.09338874036153805,
    "decision_tree_1_r2": 0.3761382192009187,
    "decision_tree_2_mse": 0.007635082398122909,
    "decision_tree_2_mae": 0.06859094871736011,
    "decision_tree_2_r2": 0.6686654996548174,
    "random_tree_2_mse": 0.018873326524474453,
    "random_tree_2_mae": 0.10770028934332462,
    "random_tree_2_r2": 0.18151539384769702,
    "mean_correlation_features_target": 0.15523040294647217,
    "stdev_correlation_features_target": 0.15523040294647217,
    "min_correlation_features_target": -0.08869363367557526,
    "max_correlation_features_target": 0.724534273147583
}