{
    "nb_instances": 8192,
    "log_nb_instances": 9.010913347279288,
    "nb_features": 21,
    "dataset_dimensionality": 390.0952380952381,
    "log_dataset_dimensionality": 5.966390909555866,
    "dataset_ratio": 0.0025634765625,
    "nb_missing_vals": 0,
    "ratio_features_with_missing_vals": 0.0,
    "ratio_instances_with_missing_vals": 0.0,
    "nb_numeric_features": 21,
    "nb_categorical_features": 0,
    "ratio_numeric_categorical_features": 0.0,
    "ratio_categorical_numeric_features": 0.0,
    "mean__target": 83.9688720703125,
    "stdev__target": 18.400781631469727,
    "min__target": 0.0,
    "q1__target": 81.0,
    "median__target": 89.0,
    "q3__target": 94.0,
    "max__target": 99.0,
    "mean_mean_numeric_features": 77423.0390625,
    "stdev_mean_numeric_features": 283352.15625,
    "min_mean_numeric_features": 1.127504825592041,
    "q1_mean_numeric_features": 8.277959823608398,
    "median_mean_numeric_features": 19.63067626953125,
    "q3_mean_numeric_features": 210.47998046875,
    "max_mean_numeric_features": 1328126.0,
    "mean_stdev_numeric_features": 38448.5859375,
    "stdev_stdev_numeric_features": 103332.28125,
    "min_stdev_numeric_features": 2.4794933795928955,
    "q1_stdev_numeric_features": 15.214590072631836,
    "median_stdev_numeric_features": 71.14134216308594,
    "q3_stdev_numeric_features": 198.9801483154297,
    "max_stdev_numeric_features": 422019.4375,
    "mean_var_numeric_features": 12155854848.0,
    "stdev_var_numeric_features": 39217569792.0,
    "min_var_numeric_features": 6.147887706756592,
    "q1_var_numeric_features": 231.48374938964844,
    "median_var_numeric_features": 5061.09033203125,
    "q3_var_numeric_features": 39593.09765625,
    "max_var_numeric_features": 178100404224.0,
    "mean_min_numeric_features": 93.15238189697266,
    "stdev_min_numeric_features": 320.27215576171875,
    "min_min_numeric_features": 0.0,
    "q1_min_numeric_features": 0.0,
    "median_min_numeric_features": 0.0,
    "q3_min_numeric_features": 6.0,
    "max_min_numeric_features": 1498.0,
    "mean_median_numeric_features": 69705.015625,
    "stdev_median_numeric_features": 274120.3125,
    "min_median_numeric_features": 0.0,
    "q1_median_numeric_features": 0.800000011920929,
    "median_median_numeric_features": 3.799999952316284,
    "q3_median_numeric_features": 166.0,
    "max_median_numeric_features": 1289289.5,
    "mean_max_numeric_features": 315095.8125,
    "stdev_max_numeric_features": 773891.625,
    "min_max_numeric_features": 20.1200008392334,
    "q1_max_numeric_features": 211.5800018310547,
    "median_max_numeric_features": 1237.0,
    "q3_max_numeric_features": 5456.0,
    "max_max_numeric_features": 2526649.0,
    "pca_1": 0.7196973732095807,
    "pca_2": 0.22893459267644792,
    "pca_3": 0.05134310965145757,
    "mean_cov_numeric_features": 146017.328125,
    "stdev_cov_numeric_features": 1194896.25,
    "min_cov_numeric_features": -1450378.375,
    "q1_cov_numeric_features": -1216.241455078125,
    "median_cov_numeric_features": -128.80450439453125,
    "q3_cov_numeric_features": -27.675180435180664,
    "max_cov_numeric_features": 5269408.5,
    "mean_entropy_categorical_features": NaN,
    "stdev_entropy_categorical_features": NaN,
    "min_entropy_categorical_features": NaN,
    "median_entropy_categorical_features": NaN,
    "max_entropy_categorical_features": NaN,
    "knn_5_mse": 45.108447265625,
    "knn_5_mae": 4.65869140625,
    "knn_5_r2": 0.8666499659336317,
    "decision_tree_3_mse": 22.877861535553183,
    "decision_tree_3_mae": 3.628964079832485,
    "decision_tree_3_r2": 0.9324076643206356,
    "decision_tree_1_mse": 77.35145828855025,
    "decision_tree_1_mae": 6.688376744864958,
    "decision_tree_1_r2": 0.7714049615140518,
    "random_tree_2_mse": 80.10955779665382,
    "random_tree_2_mae": 6.725628866031436,
    "random_tree_2_r2": 0.7626821200034466,
    "mean_correlation_features_target": -0.20745699107646942,
    "stdev_correlation_features_target": 0.2556876540184021,
    "min_correlation_features_target": -0.6296624541282654,
    "q1_correlation_features_target": -0.329115092754364,
    "median_correlation_features_target": -0.24171963334083557,
    "q3_correlation_features_target": -0.1814880073070526,
    "max_correlation_features_target": 0.6785262227058411
}