{
    "nb_instances": 22784,
    "log_nb_instances": 10.033813814211703,
    "nb_features": 16,
    "dataset_dimensionality": 1424.0,
    "log_dataset_dimensionality": 7.261225091971921,
    "dataset_ratio": 0.0007022471910112359,
    "nb_missing_vals": 0,
    "ratio_features_with_missing_vals": 0.0,
    "ratio_instances_with_missing_vals": 0.0,
    "nb_numeric_features": 16,
    "nb_categorical_features": 0,
    "ratio_numeric_categorical_features": 0.0,
    "ratio_categorical_numeric_features": 0.0,
    "mean__target": 50074.4375,
    "stdev__target": 50074.4375,
    "min__target": 0.0,
    "q1__target": 21000.0,
    "median__target": 33200.0,
    "q3__target": 56100.0,
    "max__target": 500001.0,
    "mean_mean_numeric_features": 488.3227844238281,
    "stdev_mean_numeric_features": 488.3227844238281,
    "mean_stdev_numeric_features": 4117.119140625,
    "stdev_stdev_numeric_features": 4117.119140625,
    "mean_var_numeric_features": 271198496.0,
    "stdev_var_numeric_features": 271198496.0,
    "mean_min_numeric_features": 0.15100723505020142,
    "stdev_min_numeric_features": 0.15100723505020142,
    "mean_median_numeric_features": 84.36431884765625,
    "stdev_median_numeric_features": 84.36431884765625,
    "mean_max_numeric_features": 457661.0625,
    "stdev_max_numeric_features": 457661.0625,
    "mean_skew_numeric_features": 6.137657165527344,
    "stdev_skew_numeric_features": 6.137657165527344,
    "mean_kurtosis_numeric_features": 468.8208312988281,
    "stdev_kurtosis_numeric_features": 468.8208312988281,
    "pca_1": 0.9999999999474408,
    "pca_2": 2.5548431054321045e-11,
    "pca_3": 9.810200084696335e-12,
    "mean_cov_numeric_features": 15834501.0,
    "stdev_cov_numeric_features": 15834501.0,
    "mean_entropy_categorical_features": NaN,
    "stdev_entropy_categorical_features": NaN,
    "decision_tree_1_mse": 2453563410.333457,
    "decision_tree_1_mae": 30308.947224011772,
    "decision_tree_1_r2": 0.12140800653940848,
    "decision_tree_2_mse": 2106287674.0528798,
    "decision_tree_2_mae": 26647.831135384815,
    "decision_tree_2_r2": 0.24618144356754051,
    "random_tree_2_mse": 2640360099.282393,
    "random_tree_2_mae": 30203.549999422095,
    "random_tree_2_r2": 0.054520920199834066,
    "mean_correlation_features_target": -0.036786288022994995,
    "stdev_correlation_features_target": -0.036786288022994995,
    "min_correlation_features_target": -0.29551976919174194,
    "max_correlation_features_target": 0.2907246947288513
}