{
    "nb_instances": 250,
    "log_nb_instances": 5.521460917862246,
    "nb_features": 5,
    "dataset_dimensionality": 50.0,
    "log_dataset_dimensionality": 3.912023005428146,
    "dataset_ratio": 0.02,
    "nb_missing_vals": 0,
    "ratio_features_with_missing_vals": 0.0,
    "ratio_instances_with_missing_vals": 0.0,
    "nb_numeric_features": 5,
    "nb_categorical_features": 0,
    "ratio_numeric_categorical_features": 0.0,
    "ratio_categorical_numeric_features": 0.0,
    "mean__target": 9.536743617033494e-10,
    "stdev__target": 0.9979979991912842,
    "min__target": -2.2208375930786133,
    "q1__target": -0.7655197381973267,
    "median__target": -0.0028575925389304757,
    "q3__target": 0.7351218014955521,
    "max__target": 2.1689748764038086,
    "mean_mean_numeric_features": -1.047200312576102e-10,
    "stdev_mean_numeric_features": 1.4197804043547535e-09,
    "min_mean_numeric_features": -2.9360001096989663e-09,
    "q1_mean_numeric_features": 4.760000171799561e-10,
    "median_mean_numeric_features": 5.407999603690428e-10,
    "q3_mean_numeric_features": 5.960000271088006e-10,
    "max_mean_numeric_features": 7.995999973253731e-10,
    "mean_stdev_numeric_features": 1.0,
    "stdev_stdev_numeric_features": 0.0,
    "min_stdev_numeric_features": 1.0,
    "q1_stdev_numeric_features": 1.0,
    "median_stdev_numeric_features": 1.0,
    "q3_stdev_numeric_features": 1.0,
    "max_stdev_numeric_features": 1.0,
    "mean_var_numeric_features": 1.0,
    "stdev_var_numeric_features": 0.0,
    "min_var_numeric_features": 1.0,
    "q1_var_numeric_features": 1.0,
    "median_var_numeric_features": 1.0,
    "q3_var_numeric_features": 1.0,
    "max_var_numeric_features": 1.0,
    "mean_min_numeric_features": -1.7774986028671265,
    "stdev_min_numeric_features": 0.0377473421394825,
    "min_min_numeric_features": -1.8355518579483032,
    "q1_min_numeric_features": -1.8020213842391968,
    "median_min_numeric_features": -1.7675385475158691,
    "q3_min_numeric_features": -1.7556302547454834,
    "max_min_numeric_features": -1.7267508506774902,
    "mean_median_numeric_features": 0.017819365486502647,
    "stdev_median_numeric_features": 0.05445593595504761,
    "min_median_numeric_features": -0.04383328557014465,
    "q1_median_numeric_features": -0.04310968518257141,
    "median_median_numeric_features": 0.025393007323145866,
    "q3_median_numeric_features": 0.0573921725153923,
    "max_median_numeric_features": 0.09325461834669113,
    "mean_max_numeric_features": 1.7199323177337646,
    "stdev_max_numeric_features": 0.03570795804262161,
    "min_max_numeric_features": 1.6682318449020386,
    "q1_max_numeric_features": 1.7088327407836914,
    "median_max_numeric_features": 1.7166963815689087,
    "q3_max_numeric_features": 1.7266043424606323,
    "max_max_numeric_features": 1.7792969942092896,
    "pca_1": 0.23552757958556125,
    "pca_2": 0.2114302709084243,
    "pca_3": 0.2005256858418847,
    "mean_cov_numeric_features": 0.33631810545921326,
    "stdev_cov_numeric_features": 0.1537500023841858,
    "min_cov_numeric_features": 0.0698079839348793,
    "q1_cov_numeric_features": 0.3245912194252014,
    "median_cov_numeric_features": 0.35392501950263977,
    "q3_cov_numeric_features": 0.3867705464363098,
    "max_cov_numeric_features": 0.5464958548545837,
    "mean_entropy_categorical_features": NaN,
    "stdev_entropy_categorical_features": NaN,
    "min_entropy_categorical_features": NaN,
    "median_entropy_categorical_features": NaN,
    "max_entropy_categorical_features": NaN,
    "knn_5_mse": 0.2668441648259685,
    "knn_5_mae": 0.4053117278444048,
    "knn_5_r2": 0.7340348244365277,
    "decision_tree_3_mse": 0.6201463277296388,
    "decision_tree_3_mae": 0.6413374557979689,
    "decision_tree_3_r2": 0.31836777210889333,
    "decision_tree_1_mse": 0.8231291005378265,
    "decision_tree_1_mae": 0.7777792752713277,
    "decision_tree_1_r2": 0.15010094128701268,
    "random_tree_2_mse": 0.7334254629668009,
    "random_tree_2_mae": 0.7127472581169009,
    "random_tree_2_r2": 0.26066566224382076,
    "mean_correlation_features_target": 0.33631810545921326,
    "stdev_correlation_features_target": 0.1537500023841858,
    "min_correlation_features_target": 0.0698079839348793,
    "q1_correlation_features_target": 0.3245912194252014,
    "median_correlation_features_target": 0.35392501950263977,
    "q3_correlation_features_target": 0.3867705464363098,
    "max_correlation_features_target": 0.5464958548545837
}