{
    "nb_instances": 250,
    "log_nb_instances": 5.521460917862246,
    "nb_features": 100,
    "dataset_dimensionality": 2.5,
    "log_dataset_dimensionality": 0.9162907318741551,
    "dataset_ratio": 0.4,
    "nb_missing_vals": 0,
    "ratio_features_with_missing_vals": 0.0,
    "ratio_instances_with_missing_vals": 0.0,
    "nb_numeric_features": 100,
    "nb_categorical_features": 0,
    "ratio_numeric_categorical_features": 0.0,
    "ratio_categorical_numeric_features": 0.0,
    "mean__target": 3.814697446813398e-09,
    "stdev__target": 0.9979979991912842,
    "min__target": -2.5439298152923584,
    "q1__target": -0.6310178339481354,
    "median__target": 0.11253711953759193,
    "q3__target": 0.6782866418361664,
    "max__target": 3.3197226524353027,
    "mean_mean_numeric_features": 3.724826003193016e-12,
    "stdev_mean_numeric_features": 1.087076317851654e-09,
    "min_mean_numeric_features": -2.5303998896220037e-09,
    "q1_mean_numeric_features": -7.600000073715307e-10,
    "median_mean_numeric_features": 1.0899999305924446e-10,
    "q3_mean_numeric_features": 6.289699872041865e-10,
    "max_mean_numeric_features": 2.9880000695925446e-09,
    "mean_stdev_numeric_features": 1.0,
    "stdev_stdev_numeric_features": 0.0,
    "min_stdev_numeric_features": 1.0,
    "q1_stdev_numeric_features": 1.0,
    "median_stdev_numeric_features": 1.0,
    "q3_stdev_numeric_features": 1.0,
    "max_stdev_numeric_features": 1.0,
    "mean_var_numeric_features": 1.0,
    "stdev_var_numeric_features": 0.0,
    "min_var_numeric_features": 1.0,
    "q1_var_numeric_features": 1.0,
    "median_var_numeric_features": 1.0,
    "q3_var_numeric_features": 1.0,
    "max_var_numeric_features": 1.0,
    "mean_min_numeric_features": -1.7159467935562134,
    "stdev_min_numeric_features": 0.09560006856918335,
    "min_min_numeric_features": -2.1200170516967773,
    "q1_min_numeric_features": -1.7683121263980865,
    "median_min_numeric_features": -1.7030059099197388,
    "q3_min_numeric_features": -1.6595048010349274,
    "max_min_numeric_features": -1.3728909492492676,
    "mean_median_numeric_features": -0.002254738239571452,
    "stdev_median_numeric_features": 0.0738140270113945,
    "min_median_numeric_features": -0.30364516377449036,
    "q1_median_numeric_features": -0.04841308668255806,
    "median_median_numeric_features": 0.0036164671182632446,
    "q3_median_numeric_features": 0.04008670896291733,
    "max_median_numeric_features": 0.21290013194084167,
    "mean_max_numeric_features": 1.7694467306137085,
    "stdev_max_numeric_features": 0.3101985454559326,
    "min_max_numeric_features": 1.5034891366958618,
    "q1_max_numeric_features": 1.6655781865119934,
    "median_max_numeric_features": 1.7149803042411804,
    "q3_max_numeric_features": 1.7851430475711823,
    "max_max_numeric_features": 3.961374521255493,
    "pca_1": 0.03754147453253883,
    "pca_2": 0.026192723770016198,
    "pca_3": 0.02561883071341131,
    "mean_cov_numeric_features": -0.002926057670265436,
    "stdev_cov_numeric_features": 0.09003577381372452,
    "min_cov_numeric_features": -0.2865508198738098,
    "q1_cov_numeric_features": -0.05305605474859476,
    "median_cov_numeric_features": -0.007913405541330576,
    "q3_cov_numeric_features": 0.03717743791639805,
    "max_cov_numeric_features": 0.5259461402893066,
    "mean_entropy_categorical_features": NaN,
    "stdev_entropy_categorical_features": NaN,
    "min_entropy_categorical_features": NaN,
    "median_entropy_categorical_features": NaN,
    "max_entropy_categorical_features": NaN,
    "knn_5_mse": 0.9012633774311896,
    "knn_5_mae": 0.747643767389625,
    "knn_5_r2": 0.0858497096007205,
    "decision_tree_3_mse": 0.5377492435684867,
    "decision_tree_3_mae": 0.5616646746228707,
    "decision_tree_3_r2": 0.448227347425285,
    "decision_tree_1_mse": 0.8523272097456013,
    "decision_tree_1_mae": 0.7256274671301857,
    "decision_tree_1_r2": 0.13929334478229266,
    "random_tree_2_mse": 0.8126557521790018,
    "random_tree_2_mae": 0.7075172683402087,
    "random_tree_2_r2": 0.11338226321917205,
    "mean_correlation_features_target": -0.002926057670265436,
    "stdev_correlation_features_target": 0.09003577381372452,
    "min_correlation_features_target": -0.2865508198738098,
    "q1_correlation_features_target": -0.05305605474859476,
    "median_correlation_features_target": -0.007913405541330576,
    "q3_correlation_features_target": 0.03717743791639805,
    "max_correlation_features_target": 0.5259461402893066
}