{
    "nb_instances": 500,
    "log_nb_instances": 6.214608098422191,
    "nb_features": 25,
    "dataset_dimensionality": 20.0,
    "log_dataset_dimensionality": 2.995732273553991,
    "dataset_ratio": 0.05,
    "nb_missing_vals": 0,
    "ratio_features_with_missing_vals": 0.0,
    "ratio_instances_with_missing_vals": 0.0,
    "nb_numeric_features": 25,
    "nb_categorical_features": 0,
    "ratio_numeric_categorical_features": 0.0,
    "ratio_categorical_numeric_features": 0.0,
    "mean__target": 2.38418573772492e-09,
    "stdev__target": 0.9989995360374451,
    "min__target": -2.474153518676758,
    "q1__target": -0.6408258229494095,
    "median__target": 0.13375121355056763,
    "q3__target": 0.6624868810176849,
    "max__target": 3.1476569175720215,
    "mean_mean_numeric_features": 3.8681570967147305e-12,
    "stdev_mean_numeric_features": 8.859746825073955e-10,
    "min_mean_numeric_features": -1.5258799779260812e-09,
    "q1_mean_numeric_features": -5.795999791224915e-10,
    "median_mean_numeric_features": -8.960001490754266e-11,
    "q3_mean_numeric_features": 4.805599806978478e-10,
    "max_mean_numeric_features": 2.371999929806634e-09,
    "mean_stdev_numeric_features": 1.0,
    "stdev_stdev_numeric_features": 0.0,
    "min_stdev_numeric_features": 1.0,
    "q1_stdev_numeric_features": 1.0,
    "median_stdev_numeric_features": 1.0,
    "q3_stdev_numeric_features": 1.0,
    "max_stdev_numeric_features": 1.0,
    "mean_var_numeric_features": 1.0,
    "stdev_var_numeric_features": 0.0,
    "min_var_numeric_features": 1.0,
    "q1_var_numeric_features": 1.0,
    "median_var_numeric_features": 1.0,
    "q3_var_numeric_features": 1.0,
    "max_var_numeric_features": 1.0,
    "mean_min_numeric_features": -1.7667930126190186,
    "stdev_min_numeric_features": 0.17398028075695038,
    "min_min_numeric_features": -2.4275991916656494,
    "q1_min_numeric_features": -1.7785364389419556,
    "median_min_numeric_features": -1.73028564453125,
    "q3_min_numeric_features": -1.6834155321121216,
    "max_min_numeric_features": -1.6157132387161255,
    "mean_median_numeric_features": -0.02412080205976963,
    "stdev_median_numeric_features": 0.08996125310659409,
    "min_median_numeric_features": -0.309039831161499,
    "q1_median_numeric_features": -0.04270864650607109,
    "median_median_numeric_features": -0.00805123895406723,
    "q3_median_numeric_features": 0.017391586676239967,
    "max_median_numeric_features": 0.12696848809719086,
    "mean_max_numeric_features": 1.9220967292785645,
    "stdev_max_numeric_features": 0.602276086807251,
    "min_max_numeric_features": 1.6259042024612427,
    "q1_max_numeric_features": 1.68876314163208,
    "median_max_numeric_features": 1.7319539785385132,
    "q3_max_numeric_features": 1.8146371841430664,
    "max_max_numeric_features": 4.315086364746094,
    "pca_1": 0.131287085219027,
    "pca_2": 0.06290749521332119,
    "pca_3": 0.05307232608632149,
    "mean_cov_numeric_features": 0.032471150159835815,
    "stdev_cov_numeric_features": 0.1232898011803627,
    "min_cov_numeric_features": -0.19787035882472992,
    "q1_cov_numeric_features": -0.020293548703193665,
    "median_cov_numeric_features": -0.0031627954449504614,
    "q3_cov_numeric_features": 0.0646536648273468,
    "max_cov_numeric_features": 0.45382946729660034,
    "mean_entropy_categorical_features": NaN,
    "stdev_entropy_categorical_features": NaN,
    "min_entropy_categorical_features": NaN,
    "median_entropy_categorical_features": NaN,
    "max_entropy_categorical_features": NaN,
    "knn_5_mse": 0.7001315998487717,
    "knn_5_mae": 0.6614043181952192,
    "knn_5_r2": 0.2931552886700286,
    "decision_tree_3_mse": 0.4248745667029098,
    "decision_tree_3_mae": 0.5136627707299068,
    "decision_tree_3_r2": 0.5627337720004715,
    "decision_tree_1_mse": 0.8709544754619681,
    "decision_tree_1_mae": 0.7497271917469917,
    "decision_tree_1_r2": 0.12068503266800956,
    "random_tree_2_mse": 0.748167514047072,
    "random_tree_2_mae": 0.6636534519237429,
    "random_tree_2_r2": 0.24525415098124145,
    "mean_correlation_features_target": 0.032471150159835815,
    "stdev_correlation_features_target": 0.1232898011803627,
    "min_correlation_features_target": -0.19787035882472992,
    "q1_correlation_features_target": -0.020293548703193665,
    "median_correlation_features_target": -0.0031627954449504614,
    "q3_correlation_features_target": 0.0646536648273468,
    "max_correlation_features_target": 0.45382946729660034
}