{
    "nb_instances": 500,
    "log_nb_instances": 6.214608098422191,
    "nb_features": 25,
    "dataset_dimensionality": 20.0,
    "log_dataset_dimensionality": 2.995732273553991,
    "dataset_ratio": 0.05,
    "nb_missing_vals": 0,
    "ratio_features_with_missing_vals": 0.0,
    "ratio_instances_with_missing_vals": 0.0,
    "nb_numeric_features": 25,
    "nb_categorical_features": 0,
    "ratio_numeric_categorical_features": 0.0,
    "ratio_categorical_numeric_features": 0.0,
    "mean__target": -7.629394893626795e-09,
    "stdev__target": 0.9989995360374451,
    "min__target": -2.641235589981079,
    "q1__target": -0.6750225126743317,
    "median__target": 0.11225076019763947,
    "q3__target": 0.704478070139885,
    "max__target": 2.17576003074646,
    "mean_mean_numeric_features": -5.167279104600908e-11,
    "stdev_mean_numeric_features": 7.3429706759498e-10,
    "min_mean_numeric_features": -1.7397999707569056e-09,
    "q1_mean_numeric_features": -4.2519998633139267e-10,
    "median_mean_numeric_features": -1.551999501137047e-10,
    "q3_mean_numeric_features": 7.300600124438006e-10,
    "max_mean_numeric_features": 1.1563999757768784e-09,
    "mean_stdev_numeric_features": 1.0,
    "stdev_stdev_numeric_features": 0.0,
    "min_stdev_numeric_features": 1.0,
    "q1_stdev_numeric_features": 1.0,
    "median_stdev_numeric_features": 1.0,
    "q3_stdev_numeric_features": 1.0,
    "max_stdev_numeric_features": 1.0,
    "mean_var_numeric_features": 1.0,
    "stdev_var_numeric_features": 0.0,
    "min_var_numeric_features": 1.0,
    "q1_var_numeric_features": 1.0,
    "median_var_numeric_features": 1.0,
    "q3_var_numeric_features": 1.0,
    "max_var_numeric_features": 1.0,
    "mean_min_numeric_features": -1.7309437990188599,
    "stdev_min_numeric_features": 0.12136612087488174,
    "min_min_numeric_features": -2.247589111328125,
    "q1_min_numeric_features": -1.7458657026290894,
    "median_min_numeric_features": -1.7277562618255615,
    "q3_min_numeric_features": -1.6675618886947632,
    "max_min_numeric_features": -1.5764060020446777,
    "mean_median_numeric_features": 0.01813812553882599,
    "stdev_median_numeric_features": 0.045431867241859436,
    "min_median_numeric_features": -0.04849547892808914,
    "q1_median_numeric_features": -0.01043035089969635,
    "median_median_numeric_features": 0.008917882107198238,
    "q3_median_numeric_features": 0.04220094159245491,
    "max_median_numeric_features": 0.14159712195396423,
    "mean_max_numeric_features": 1.7487813234329224,
    "stdev_max_numeric_features": 0.11606110632419586,
    "min_max_numeric_features": 1.6412771940231323,
    "q1_max_numeric_features": 1.7009633779525757,
    "median_max_numeric_features": 1.7305629253387451,
    "q3_max_numeric_features": 1.772412657737732,
    "max_max_numeric_features": 2.260695219039917,
    "pca_1": 0.08310478960547485,
    "pca_2": 0.05438874155899989,
    "pca_3": 0.051979291461150885,
    "mean_cov_numeric_features": 0.005705259274691343,
    "stdev_cov_numeric_features": 0.12247055768966675,
    "min_cov_numeric_features": -0.25772038102149963,
    "q1_cov_numeric_features": -0.029913559556007385,
    "median_cov_numeric_features": -0.00019275254453532398,
    "q3_cov_numeric_features": 0.02375784143805504,
    "max_cov_numeric_features": 0.457054078578949,
    "mean_entropy_categorical_features": NaN,
    "stdev_entropy_categorical_features": NaN,
    "min_entropy_categorical_features": NaN,
    "median_entropy_categorical_features": NaN,
    "max_entropy_categorical_features": NaN,
    "knn_5_mse": 0.8151287807152015,
    "knn_5_mae": 0.72420553064376,
    "knn_5_r2": 0.1735256362259541,
    "decision_tree_3_mse": 0.4549625613740864,
    "decision_tree_3_mae": 0.5237782821635678,
    "decision_tree_3_r2": 0.5178574486695563,
    "decision_tree_1_mse": 0.7945437038454465,
    "decision_tree_1_mae": 0.7117381038776819,
    "decision_tree_1_r2": 0.19415618412731944,
    "random_tree_2_mse": 0.6179218851937323,
    "random_tree_2_mae": 0.619075118043438,
    "random_tree_2_r2": 0.3731312676008464,
    "mean_correlation_features_target": 0.005705259274691343,
    "stdev_correlation_features_target": 0.12247055768966675,
    "min_correlation_features_target": -0.25772038102149963,
    "q1_correlation_features_target": -0.029913559556007385,
    "median_correlation_features_target": -0.00019275254453532398,
    "q3_correlation_features_target": 0.02375784143805504,
    "max_correlation_features_target": 0.457054078578949
}