{
    "nb_instances": 1000,
    "log_nb_instances": 6.907755278982137,
    "nb_features": 50,
    "dataset_dimensionality": 20.0,
    "log_dataset_dimensionality": 2.995732273553991,
    "dataset_ratio": 0.05,
    "nb_missing_vals": 0,
    "ratio_features_with_missing_vals": 0.0,
    "ratio_instances_with_missing_vals": 0.0,
    "nb_numeric_features": 50,
    "nb_categorical_features": 0,
    "ratio_numeric_categorical_features": 0.0,
    "ratio_categorical_numeric_features": 0.0,
    "mean__target": 0.0,
    "stdev__target": 0.9994998574256897,
    "min__target": -2.642117500305176,
    "q1__target": -0.6715646982192993,
    "median__target": 0.14871301501989365,
    "q3__target": 0.7650279402732849,
    "max__target": 2.216630697250366,
    "mean_mean_numeric_features": 7.146928014678533e-12,
    "stdev_mean_numeric_features": 6.191524515308799e-10,
    "min_mean_numeric_features": -1.5112999740551913e-09,
    "q1_mean_numeric_features": -3.901375125736628e-10,
    "median_mean_numeric_features": -6.823497669672385e-11,
    "q3_mean_numeric_features": 4.4463248360937513e-10,
    "max_mean_numeric_features": 1.305189956113395e-09,
    "mean_stdev_numeric_features": 1.0,
    "stdev_stdev_numeric_features": 0.0,
    "min_stdev_numeric_features": 1.0,
    "q1_stdev_numeric_features": 1.0,
    "median_stdev_numeric_features": 1.0,
    "q3_stdev_numeric_features": 1.0,
    "max_stdev_numeric_features": 1.0,
    "mean_var_numeric_features": 1.0,
    "stdev_var_numeric_features": 0.0,
    "min_var_numeric_features": 1.0,
    "q1_var_numeric_features": 1.0,
    "median_var_numeric_features": 1.0,
    "q3_var_numeric_features": 1.0,
    "max_var_numeric_features": 1.0,
    "mean_min_numeric_features": -1.7493778467178345,
    "stdev_min_numeric_features": 0.11488622426986694,
    "min_min_numeric_features": -2.5003278255462646,
    "q1_min_numeric_features": -1.7705614268779755,
    "median_min_numeric_features": -1.7279398441314697,
    "q3_min_numeric_features": -1.7096364796161652,
    "max_min_numeric_features": -1.6214854717254639,
    "mean_median_numeric_features": 0.002566676354035735,
    "stdev_median_numeric_features": 0.02892228774726391,
    "min_median_numeric_features": -0.07856757938861847,
    "q1_median_numeric_features": -0.014618246117606759,
    "median_median_numeric_features": 0.005734033416956663,
    "q3_median_numeric_features": 0.022164868656545877,
    "max_median_numeric_features": 0.05194178968667984,
    "mean_max_numeric_features": 1.741101861000061,
    "stdev_max_numeric_features": 0.10931605845689774,
    "min_max_numeric_features": 1.647365689277649,
    "q1_max_numeric_features": 1.6929563283920288,
    "median_max_numeric_features": 1.7211254835128784,
    "q3_max_numeric_features": 1.753870040178299,
    "max_max_numeric_features": 2.4428369998931885,
    "pca_1": 0.04098761875507886,
    "pca_2": 0.02955025115027996,
    "pca_3": 0.02825998237720785,
    "mean_cov_numeric_features": 0.00036853342317044735,
    "stdev_cov_numeric_features": 0.093402199447155,
    "min_cov_numeric_features": -0.3081437051296234,
    "q1_cov_numeric_features": -0.02847443986684084,
    "median_cov_numeric_features": 0.010076038539409637,
    "q3_cov_numeric_features": 0.0271338545717299,
    "max_cov_numeric_features": 0.4086045026779175,
    "mean_entropy_categorical_features": NaN,
    "stdev_entropy_categorical_features": NaN,
    "min_entropy_categorical_features": NaN,
    "median_entropy_categorical_features": NaN,
    "max_entropy_categorical_features": NaN,
    "knn_5_mse": 0.8840537852848765,
    "knn_5_mae": 0.769473747205492,
    "knn_5_r2": 0.11325332748088396,
    "decision_tree_3_mse": 0.42425226793001697,
    "decision_tree_3_mae": 0.5070723310023819,
    "decision_tree_3_r2": 0.5687431863520569,
    "decision_tree_1_mse": 0.7347805132781984,
    "decision_tree_1_mae": 0.6870382547554824,
    "decision_tree_1_r2": 0.2579870018607755,
    "random_tree_2_mse": 0.720226109043236,
    "random_tree_2_mae": 0.6800295908519265,
    "random_tree_2_r2": 0.27714403592558,
    "mean_correlation_features_target": 0.00036853342317044735,
    "stdev_correlation_features_target": 0.093402199447155,
    "min_correlation_features_target": -0.3081437051296234,
    "q1_correlation_features_target": -0.02847443986684084,
    "median_correlation_features_target": 0.010076038539409637,
    "q3_correlation_features_target": 0.0271338545717299,
    "max_correlation_features_target": 0.4086045026779175
}