{
    "nb_instances": 500,
    "log_nb_instances": 6.214608098422191,
    "nb_features": 25,
    "dataset_dimensionality": 20.0,
    "log_dataset_dimensionality": 2.995732273553991,
    "dataset_ratio": 0.05,
    "nb_missing_vals": 0,
    "ratio_features_with_missing_vals": 0.0,
    "ratio_instances_with_missing_vals": 0.0,
    "nb_numeric_features": 25,
    "nb_categorical_features": 0,
    "ratio_numeric_categorical_features": 0.0,
    "ratio_categorical_numeric_features": 0.0,
    "mean__target": 2.6226043559063328e-09,
    "stdev__target": 0.9989995360374451,
    "min__target": -2.481217622756958,
    "q1__target": -0.6811883896589279,
    "median__target": 0.16662480682134628,
    "q3__target": 0.7335653156042099,
    "max__target": 3.309795379638672,
    "mean_mean_numeric_features": 3.622559890947841e-11,
    "stdev_mean_numeric_features": 8.441138898973577e-10,
    "min_mean_numeric_features": -1.808380001300236e-09,
    "q1_mean_numeric_features": -5.083999887744994e-10,
    "median_mean_numeric_features": -2.450000202713909e-10,
    "q3_mean_numeric_features": 7.236000132415654e-10,
    "max_mean_numeric_features": 1.5211999437880763e-09,
    "mean_stdev_numeric_features": 1.0,
    "stdev_stdev_numeric_features": 0.0,
    "min_stdev_numeric_features": 1.0,
    "q1_stdev_numeric_features": 1.0,
    "median_stdev_numeric_features": 1.0,
    "q3_stdev_numeric_features": 1.0,
    "max_stdev_numeric_features": 1.0,
    "mean_var_numeric_features": 1.0,
    "stdev_var_numeric_features": 0.0,
    "min_var_numeric_features": 1.0,
    "q1_var_numeric_features": 1.0,
    "median_var_numeric_features": 1.0,
    "q3_var_numeric_features": 1.0,
    "max_var_numeric_features": 1.0,
    "mean_min_numeric_features": -1.7633148431777954,
    "stdev_min_numeric_features": 0.1601620763540268,
    "min_min_numeric_features": -2.2871344089508057,
    "q1_min_numeric_features": -1.7781615257263184,
    "median_min_numeric_features": -1.7273472547531128,
    "q3_min_numeric_features": -1.685329556465149,
    "max_min_numeric_features": -1.5639463663101196,
    "mean_median_numeric_features": -0.031247196719050407,
    "stdev_median_numeric_features": 0.07979592680931091,
    "min_median_numeric_features": -0.3135230839252472,
    "q1_median_numeric_features": -0.06556815654039383,
    "median_median_numeric_features": -0.02115931361913681,
    "q3_median_numeric_features": 0.029264677315950394,
    "max_median_numeric_features": 0.05507894605398178,
    "mean_max_numeric_features": 1.9662506580352783,
    "stdev_max_numeric_features": 0.5626978278160095,
    "min_max_numeric_features": 1.5911273956298828,
    "q1_max_numeric_features": 1.6970555782318115,
    "median_max_numeric_features": 1.7664237022399902,
    "q3_max_numeric_features": 1.8071941137313843,
    "max_max_numeric_features": 3.8647444248199463,
    "pca_1": 0.13565262477529644,
    "pca_2": 0.07462646432801168,
    "pca_3": 0.05677718712408879,
    "mean_cov_numeric_features": 0.018177472054958344,
    "stdev_cov_numeric_features": 0.11953485012054443,
    "min_cov_numeric_features": -0.244823157787323,
    "q1_cov_numeric_features": -0.03903784602880478,
    "median_cov_numeric_features": 0.015225974842905998,
    "q3_cov_numeric_features": 0.03839614614844322,
    "max_cov_numeric_features": 0.4441687762737274,
    "mean_entropy_categorical_features": NaN,
    "stdev_entropy_categorical_features": NaN,
    "min_entropy_categorical_features": NaN,
    "median_entropy_categorical_features": NaN,
    "max_entropy_categorical_features": NaN,
    "knn_5_mse": 0.77699997536197,
    "knn_5_mae": 0.7115744854658399,
    "knn_5_r2": 0.20881660068038166,
    "decision_tree_3_mse": 0.4163925442223106,
    "decision_tree_3_mae": 0.49202722654253633,
    "decision_tree_3_r2": 0.5766316526634176,
    "decision_tree_1_mse": 0.7820208287079513,
    "decision_tree_1_mae": 0.6776230925030295,
    "decision_tree_1_r2": 0.21535497900386866,
    "random_tree_2_mse": 0.6766470004494698,
    "random_tree_2_mae": 0.6475418812212781,
    "random_tree_2_r2": 0.3194763349519772,
    "mean_correlation_features_target": 0.018177472054958344,
    "stdev_correlation_features_target": 0.11953485012054443,
    "min_correlation_features_target": -0.244823157787323,
    "q1_correlation_features_target": -0.03903784602880478,
    "median_correlation_features_target": 0.015225974842905998,
    "q3_correlation_features_target": 0.03839614614844322,
    "max_correlation_features_target": 0.4441687762737274
}