{
    "nb_instances": 100,
    "log_nb_instances": 4.605170185988092,
    "nb_features": 10,
    "dataset_dimensionality": 10.0,
    "log_dataset_dimensionality": 2.302585092994046,
    "dataset_ratio": 0.1,
    "nb_missing_vals": 0,
    "ratio_features_with_missing_vals": 0.0,
    "ratio_instances_with_missing_vals": 0.0,
    "nb_numeric_features": 10,
    "nb_categorical_features": 0,
    "ratio_numeric_categorical_features": 0.0,
    "ratio_categorical_numeric_features": 0.0,
    "mean__target": 5.9604643443123e-10,
    "stdev__target": 0.994987428188324,
    "min__target": -2.295335531234741,
    "q1__target": -0.5497822165489197,
    "median__target": 0.16019926220178604,
    "q3__target": 0.6585396975278854,
    "max__target": 2.4438846111297607,
    "mean_mean_numeric_features": -2.7639698862991224e-10,
    "stdev_mean_numeric_features": 1.659679726984109e-09,
    "min_mean_numeric_features": -3.620000077475538e-09,
    "q1_mean_numeric_features": -7.33742497316392e-10,
    "median_mean_numeric_features": -1.170000034356189e-10,
    "q3_mean_numeric_features": 9.607500021241444e-10,
    "max_mean_numeric_features": 2.1899999591568076e-09,
    "mean_stdev_numeric_features": 1.0,
    "stdev_stdev_numeric_features": 0.0,
    "min_stdev_numeric_features": 1.0,
    "q1_stdev_numeric_features": 1.0,
    "median_stdev_numeric_features": 1.0,
    "q3_stdev_numeric_features": 1.0,
    "max_stdev_numeric_features": 1.0,
    "mean_var_numeric_features": 1.0,
    "stdev_var_numeric_features": 0.0,
    "min_var_numeric_features": 1.0,
    "q1_var_numeric_features": 1.0,
    "median_var_numeric_features": 1.0,
    "q3_var_numeric_features": 1.0,
    "max_var_numeric_features": 1.0,
    "mean_min_numeric_features": -1.7390692234039307,
    "stdev_min_numeric_features": 0.2290414422750473,
    "min_min_numeric_features": -2.1065142154693604,
    "q1_min_numeric_features": -1.8705039322376251,
    "median_min_numeric_features": -1.779561996459961,
    "q3_min_numeric_features": -1.6213082373142242,
    "max_min_numeric_features": -1.2196098566055298,
    "mean_median_numeric_features": -0.0917137861251831,
    "stdev_median_numeric_features": 0.14933067560195923,
    "min_median_numeric_features": -0.3693199157714844,
    "q1_median_numeric_features": -0.10953445546329021,
    "median_median_numeric_features": -0.06362605653703213,
    "q3_median_numeric_features": -0.028853340074419975,
    "max_median_numeric_features": 0.13623084127902985,
    "mean_max_numeric_features": 1.9319283962249756,
    "stdev_max_numeric_features": 0.4023071527481079,
    "min_max_numeric_features": 1.5203016996383667,
    "q1_max_numeric_features": 1.6791495382785797,
    "median_max_numeric_features": 1.74793541431427,
    "q3_max_numeric_features": 1.9788000285625458,
    "max_max_numeric_features": 2.7077126502990723,
    "pca_1": 0.34618510214173703,
    "pca_2": 0.1350359979467179,
    "pca_3": 0.12980628085079415,
    "mean_cov_numeric_features": 0.0761643648147583,
    "stdev_cov_numeric_features": 0.17053808271884918,
    "min_cov_numeric_features": -0.129283145070076,
    "q1_cov_numeric_features": -0.06686811964027584,
    "median_cov_numeric_features": 0.05942991795018315,
    "q3_cov_numeric_features": 0.17512883245944977,
    "max_cov_numeric_features": 0.43022212386131287,
    "mean_entropy_categorical_features": NaN,
    "stdev_entropy_categorical_features": NaN,
    "min_entropy_categorical_features": NaN,
    "median_entropy_categorical_features": NaN,
    "max_entropy_categorical_features": NaN,
    "knn_5_mse": 0.7540957317425158,
    "knn_5_mae": 0.6931325495342,
    "knn_5_r2": 0.23368201886808526,
    "decision_tree_3_mse": 0.5624481009966923,
    "decision_tree_3_mae": 0.5822184133779544,
    "decision_tree_3_r2": 0.38588537006601165,
    "decision_tree_1_mse": 1.0184925033190493,
    "decision_tree_1_mae": 0.8188582855260134,
    "decision_tree_1_r2": -0.07175389358741546,
    "random_tree_2_mse": 1.028147043569993,
    "random_tree_2_mae": 0.7907904185455935,
    "random_tree_2_r2": -0.1320440568482408,
    "mean_correlation_features_target": 0.0761643648147583,
    "stdev_correlation_features_target": 0.17053808271884918,
    "min_correlation_features_target": -0.129283145070076,
    "q1_correlation_features_target": -0.06686811987310648,
    "median_correlation_features_target": 0.05942991795018315,
    "q3_correlation_features_target": 0.17512883245944977,
    "max_correlation_features_target": 0.43022212386131287
}