{
    "nb_instances": 1000,
    "log_nb_instances": 6.907755278982137,
    "nb_features": 25,
    "dataset_dimensionality": 40.0,
    "log_dataset_dimensionality": 3.6888794541139363,
    "dataset_ratio": 0.025,
    "nb_missing_vals": 0,
    "ratio_features_with_missing_vals": 0.0,
    "ratio_instances_with_missing_vals": 0.0,
    "nb_numeric_features": 25,
    "nb_categorical_features": 0,
    "ratio_numeric_categorical_features": 0.0,
    "ratio_categorical_numeric_features": 0.0,
    "mean__target": -9.536743617033494e-10,
    "stdev__target": 0.9994998574256897,
    "min__target": -2.531755208969116,
    "q1__target": -0.6483782082796097,
    "median__target": 0.15079637616872787,
    "q3__target": 0.6998896300792694,
    "max__target": 3.7055420875549316,
    "mean_mean_numeric_features": 9.302131287469706e-11,
    "stdev_mean_numeric_features": 6.930102047775222e-10,
    "min_mean_numeric_features": -9.866000239000527e-10,
    "q1_mean_numeric_features": -4.453000190807188e-10,
    "median_mean_numeric_features": 3.9699989823338555e-11,
    "q3_mean_numeric_features": 4.6563999878124207e-10,
    "max_mean_numeric_features": 1.46349998786377e-09,
    "mean_stdev_numeric_features": 1.0,
    "stdev_stdev_numeric_features": 0.0,
    "min_stdev_numeric_features": 1.0,
    "q1_stdev_numeric_features": 1.0,
    "median_stdev_numeric_features": 1.0,
    "q3_stdev_numeric_features": 1.0,
    "max_stdev_numeric_features": 1.0,
    "mean_var_numeric_features": 1.0,
    "stdev_var_numeric_features": 0.0,
    "min_var_numeric_features": 1.0,
    "q1_var_numeric_features": 1.0,
    "median_var_numeric_features": 1.0,
    "q3_var_numeric_features": 1.0,
    "max_var_numeric_features": 1.0,
    "mean_min_numeric_features": -1.8277703523635864,
    "stdev_min_numeric_features": 0.21844780445098877,
    "min_min_numeric_features": -2.5551400184631348,
    "q1_min_numeric_features": -1.7860796451568604,
    "median_min_numeric_features": -1.7593555450439453,
    "q3_min_numeric_features": -1.7317736148834229,
    "max_min_numeric_features": -1.6446467638015747,
    "mean_median_numeric_features": -0.011378582566976547,
    "stdev_median_numeric_features": 0.08028236776590347,
    "min_median_numeric_features": -0.3046921193599701,
    "q1_median_numeric_features": -0.020419051870703697,
    "median_median_numeric_features": 0.014275757595896721,
    "q3_median_numeric_features": 0.026678092777729034,
    "max_median_numeric_features": 0.07956692576408386,
    "mean_max_numeric_features": 1.917292594909668,
    "stdev_max_numeric_features": 0.6101693511009216,
    "min_max_numeric_features": 1.61495041847229,
    "q1_max_numeric_features": 1.707430362701416,
    "median_max_numeric_features": 1.7342263460159302,
    "q3_max_numeric_features": 1.77444326877594,
    "max_max_numeric_features": 4.533195972442627,
    "pca_1": 0.1311665137449351,
    "pca_2": 0.05530773984035119,
    "pca_3": 0.04790882196115056,
    "mean_cov_numeric_features": 0.018405823037028313,
    "stdev_cov_numeric_features": 0.118789441883564,
    "min_cov_numeric_features": -0.21730268001556396,
    "q1_cov_numeric_features": -0.012122021988034248,
    "median_cov_numeric_features": 0.005189448595046997,
    "q3_cov_numeric_features": 0.013886496424674988,
    "max_cov_numeric_features": 0.46387359499931335,
    "mean_entropy_categorical_features": NaN,
    "stdev_entropy_categorical_features": NaN,
    "min_entropy_categorical_features": NaN,
    "median_entropy_categorical_features": NaN,
    "max_entropy_categorical_features": NaN,
    "knn_5_mse": 0.7549998972029359,
    "knn_5_mae": 0.686673946374204,
    "knn_5_r2": 0.23710397663521257,
    "decision_tree_3_mse": 0.4420841990980474,
    "decision_tree_3_mae": 0.519865594356121,
    "decision_tree_3_r2": 0.5528404664381121,
    "decision_tree_1_mse": 0.8308386629880721,
    "decision_tree_1_mae": 0.7120679523084161,
    "decision_tree_1_r2": 0.16524873441762458,
    "random_tree_2_mse": 0.7140266500831831,
    "random_tree_2_mae": 0.6513357177582308,
    "random_tree_2_r2": 0.27966711256476906,
    "mean_correlation_features_target": 0.018405823037028313,
    "stdev_correlation_features_target": 0.118789441883564,
    "min_correlation_features_target": -0.21730268001556396,
    "q1_correlation_features_target": -0.012122021988034248,
    "median_correlation_features_target": 0.005189448595046997,
    "q3_correlation_features_target": 0.013886496424674988,
    "max_correlation_features_target": 0.46387359499931335
}