{
    "nb_instances": 100,
    "log_nb_instances": 4.605170185988092,
    "nb_features": 50,
    "dataset_dimensionality": 2.0,
    "log_dataset_dimensionality": 0.6931471805599453,
    "dataset_ratio": 0.5,
    "nb_missing_vals": 0,
    "ratio_features_with_missing_vals": 0.0,
    "ratio_instances_with_missing_vals": 0.0,
    "nb_numeric_features": 50,
    "nb_categorical_features": 0,
    "ratio_numeric_categorical_features": 0.0,
    "ratio_categorical_numeric_features": 0.0,
    "mean__target": 2.9802322831784522e-09,
    "stdev__target": 0.994987428188324,
    "min__target": -2.459378242492676,
    "q1__target": -0.48760583996772766,
    "median__target": 0.2163592129945755,
    "q3__target": 0.7094676047563553,
    "max__target": 1.7724649906158447,
    "mean_mean_numeric_features": 2.836980095288766e-10,
    "stdev_mean_numeric_features": 1.8458590211878345e-09,
    "min_mean_numeric_features": -3.6500000799577492e-09,
    "q1_mean_numeric_features": -9.179999815867035e-10,
    "median_mean_numeric_features": 2.594999840010992e-10,
    "q3_mean_numeric_features": 1.7274999486449616e-09,
    "max_mean_numeric_features": 3.929999881080448e-09,
    "mean_stdev_numeric_features": 1.0,
    "stdev_stdev_numeric_features": 0.0,
    "min_stdev_numeric_features": 1.0,
    "q1_stdev_numeric_features": 1.0,
    "median_stdev_numeric_features": 1.0,
    "q3_stdev_numeric_features": 1.0,
    "max_stdev_numeric_features": 1.0,
    "mean_var_numeric_features": 1.0,
    "stdev_var_numeric_features": 0.0,
    "min_var_numeric_features": 1.0,
    "q1_var_numeric_features": 1.0,
    "median_var_numeric_features": 1.0,
    "q3_var_numeric_features": 1.0,
    "max_var_numeric_features": 1.0,
    "mean_min_numeric_features": -1.7319484949111938,
    "stdev_min_numeric_features": 0.13214001059532166,
    "min_min_numeric_features": -2.009652614593506,
    "q1_min_numeric_features": -1.8261405229568481,
    "median_min_numeric_features": -1.7419564127922058,
    "q3_min_numeric_features": -1.6655361354351044,
    "max_min_numeric_features": -1.331243634223938,
    "mean_median_numeric_features": -0.009948300197720528,
    "stdev_median_numeric_features": 0.11138562858104706,
    "min_median_numeric_features": -0.3276122808456421,
    "q1_median_numeric_features": -0.07843184098601341,
    "median_median_numeric_features": -0.008573935367166996,
    "q3_median_numeric_features": 0.07588809169828892,
    "max_median_numeric_features": 0.20281502604484558,
    "mean_max_numeric_features": 1.7713449001312256,
    "stdev_max_numeric_features": 0.3211994171142578,
    "min_max_numeric_features": 1.4528839588165283,
    "q1_max_numeric_features": 1.6166584491729736,
    "median_max_numeric_features": 1.7427558898925781,
    "q3_max_numeric_features": 1.8168691098690033,
    "max_max_numeric_features": 3.2050929069519043,
    "pca_1": 0.0739890138220698,
    "pca_2": 0.04906828419421894,
    "pca_3": 0.0474118445133154,
    "mean_cov_numeric_features": -0.013172000646591187,
    "stdev_cov_numeric_features": 0.12776507437229156,
    "min_cov_numeric_features": -0.3625688850879669,
    "q1_cov_numeric_features": -0.07940276898443699,
    "median_cov_numeric_features": -0.02735992521047592,
    "q3_cov_numeric_features": 0.05415287800133228,
    "max_cov_numeric_features": 0.47326523065567017,
    "mean_entropy_categorical_features": NaN,
    "stdev_entropy_categorical_features": NaN,
    "min_entropy_categorical_features": NaN,
    "median_entropy_categorical_features": NaN,
    "max_entropy_categorical_features": NaN,
    "knn_5_mse": 1.0515334878054006,
    "knn_5_mae": 0.8073223008928001,
    "knn_5_r2": -0.06550907347784041,
    "decision_tree_3_mse": 0.5730665486541413,
    "decision_tree_3_mae": 0.567528259148957,
    "decision_tree_3_r2": 0.30599267479084524,
    "decision_tree_1_mse": 0.7032487502003093,
    "decision_tree_1_mae": 0.6171803221816826,
    "decision_tree_1_r2": 0.27045836638548215,
    "random_tree_2_mse": 0.9697733737141464,
    "random_tree_2_mae": 0.7556510588825249,
    "random_tree_2_r2": -0.024374204067023897,
    "mean_correlation_features_target": -0.013172000646591187,
    "stdev_correlation_features_target": 0.12776507437229156,
    "min_correlation_features_target": -0.3625688850879669,
    "q1_correlation_features_target": -0.07940276898443699,
    "median_correlation_features_target": -0.02735992521047592,
    "q3_correlation_features_target": 0.05415287800133228,
    "max_correlation_features_target": 0.47326523065567017
}