{
    "nb_instances": 1000,
    "log_nb_instances": 6.907755278982137,
    "nb_features": 100,
    "dataset_dimensionality": 10.0,
    "log_dataset_dimensionality": 2.302585092994046,
    "dataset_ratio": 0.1,
    "nb_missing_vals": 0,
    "ratio_features_with_missing_vals": 0.0,
    "ratio_instances_with_missing_vals": 0.0,
    "nb_numeric_features": 100,
    "nb_categorical_features": 0,
    "ratio_numeric_categorical_features": 0.0,
    "ratio_categorical_numeric_features": 0.0,
    "mean__target": 1.907348723406699e-09,
    "stdev__target": 0.9994999170303345,
    "min__target": -2.763218402862549,
    "q1__target": -0.6521189957857132,
    "median__target": 0.15415002405643463,
    "q3__target": 0.6335890889167786,
    "max__target": 3.6773006916046143,
    "mean_mean_numeric_features": 1.4318578267502602e-10,
    "stdev_mean_numeric_features": 6.821169185045051e-10,
    "min_mean_numeric_features": -1.1919299991447474e-09,
    "q1_mean_numeric_features": -3.199950027177323e-10,
    "median_mean_numeric_features": 1.0310002504509974e-10,
    "q3_mean_numeric_features": 6.078249986662954e-10,
    "max_mean_numeric_features": 2.0893000662880468e-09,
    "mean_stdev_numeric_features": 1.0,
    "stdev_stdev_numeric_features": 0.0,
    "min_stdev_numeric_features": 1.0,
    "q1_stdev_numeric_features": 1.0,
    "median_stdev_numeric_features": 1.0,
    "q3_stdev_numeric_features": 1.0,
    "max_stdev_numeric_features": 1.0,
    "mean_var_numeric_features": 1.0,
    "stdev_var_numeric_features": 0.0,
    "min_var_numeric_features": 1.0,
    "q1_var_numeric_features": 1.0,
    "median_var_numeric_features": 1.0,
    "q3_var_numeric_features": 1.0,
    "max_var_numeric_features": 1.0,
    "mean_min_numeric_features": -1.7396180629730225,
    "stdev_min_numeric_features": 0.08445817977190018,
    "min_min_numeric_features": -2.276466131210327,
    "q1_min_numeric_features": -1.7643190622329712,
    "median_min_numeric_features": -1.729013204574585,
    "q3_min_numeric_features": -1.7016782462596893,
    "max_min_numeric_features": -1.6153442859649658,
    "mean_median_numeric_features": -0.006252650171518326,
    "stdev_median_numeric_features": 0.05369490385055542,
    "min_median_numeric_features": -0.33723214268684387,
    "q1_median_numeric_features": -0.017300504259765148,
    "median_median_numeric_features": 0.001334616739768535,
    "q3_median_numeric_features": 0.01937588071450591,
    "max_median_numeric_features": 0.09002754837274551,
    "mean_max_numeric_features": 1.7998113632202148,
    "stdev_max_numeric_features": 0.3468855023384094,
    "min_max_numeric_features": 1.619586706161499,
    "q1_max_numeric_features": 1.7127457559108734,
    "median_max_numeric_features": 1.7376025915145874,
    "q3_max_numeric_features": 1.763929158449173,
    "max_max_numeric_features": 3.9770255088806152,
    "pca_1": 0.03368489220815927,
    "pca_2": 0.020556121337951583,
    "pca_3": 0.016962555057392012,
    "mean_cov_numeric_features": 0.007335524074733257,
    "stdev_cov_numeric_features": 0.06693506985902786,
    "min_cov_numeric_features": -0.13589058816432953,
    "q1_cov_numeric_features": -0.022618381772190332,
    "median_cov_numeric_features": -0.002612035837955773,
    "q3_cov_numeric_features": 0.020397573243826628,
    "max_cov_numeric_features": 0.44780975580215454,
    "mean_entropy_categorical_features": NaN,
    "stdev_entropy_categorical_features": NaN,
    "min_entropy_categorical_features": NaN,
    "median_entropy_categorical_features": NaN,
    "max_entropy_categorical_features": NaN,
    "knn_5_mse": 0.9942901896633746,
    "knn_5_mae": 0.793826146247916,
    "knn_5_r2": -0.005362812981828419,
    "decision_tree_3_mse": 0.45578641908529527,
    "decision_tree_3_mae": 0.5253448839455662,
    "decision_tree_3_r2": 0.5416126167014483,
    "decision_tree_1_mse": 0.8588616879631648,
    "decision_tree_1_mae": 0.76103582472511,
    "decision_tree_1_r2": 0.13138311975684186,
    "random_tree_2_mse": 0.827439612288078,
    "random_tree_2_mae": 0.7311249873702812,
    "random_tree_2_r2": 0.1660863793166657,
    "mean_correlation_features_target": 0.007335524074733257,
    "stdev_correlation_features_target": 0.06693506985902786,
    "min_correlation_features_target": -0.13589058816432953,
    "q1_correlation_features_target": -0.022618381772190332,
    "median_correlation_features_target": -0.002612035837955773,
    "q3_correlation_features_target": 0.020397573243826628,
    "max_correlation_features_target": 0.44780975580215454
}