{
    "nb_instances": 1000,
    "log_nb_instances": 6.907755278982137,
    "nb_features": 25,
    "dataset_dimensionality": 40.0,
    "log_dataset_dimensionality": 3.6888794541139363,
    "dataset_ratio": 0.025,
    "nb_missing_vals": 0,
    "ratio_features_with_missing_vals": 0.0,
    "ratio_instances_with_missing_vals": 0.0,
    "nb_numeric_features": 25,
    "nb_categorical_features": 0,
    "ratio_numeric_categorical_features": 0.0,
    "ratio_categorical_numeric_features": 0.0,
    "mean__target": -9.536743617033494e-10,
    "stdev__target": 0.9994998574256897,
    "min__target": -2.848594903945923,
    "q1__target": -0.7464241981506348,
    "median__target": 0.19411934167146683,
    "q3__target": 0.7989417165517807,
    "max__target": 2.153264284133911,
    "mean_mean_numeric_features": 1.52814386145117e-10,
    "stdev_mean_numeric_features": 5.813614034622105e-10,
    "min_mean_numeric_features": -7.804000223821106e-10,
    "q1_mean_numeric_features": -2.187999920133521e-10,
    "median_mean_numeric_features": 6.124997731227211e-11,
    "q3_mean_numeric_features": 5.078999998353595e-10,
    "max_mean_numeric_features": 1.8269000756632181e-09,
    "mean_stdev_numeric_features": 1.0,
    "stdev_stdev_numeric_features": 0.0,
    "min_stdev_numeric_features": 1.0,
    "q1_stdev_numeric_features": 1.0,
    "median_stdev_numeric_features": 1.0,
    "q3_stdev_numeric_features": 1.0,
    "max_stdev_numeric_features": 1.0,
    "mean_var_numeric_features": 1.0,
    "stdev_var_numeric_features": 0.0,
    "min_var_numeric_features": 1.0,
    "q1_var_numeric_features": 1.0,
    "median_var_numeric_features": 1.0,
    "q3_var_numeric_features": 1.0,
    "max_var_numeric_features": 1.0,
    "mean_min_numeric_features": -1.7752978801727295,
    "stdev_min_numeric_features": 0.15497711300849915,
    "min_min_numeric_features": -2.4108428955078125,
    "q1_min_numeric_features": -1.7669485807418823,
    "median_min_numeric_features": -1.7437413930892944,
    "q3_min_numeric_features": -1.7127944231033325,
    "max_min_numeric_features": -1.6388565301895142,
    "mean_median_numeric_features": -0.0015287903370335698,
    "stdev_median_numeric_features": 0.046876683831214905,
    "min_median_numeric_features": -0.17799021303653717,
    "q1_median_numeric_features": -0.012895751744508743,
    "median_median_numeric_features": 0.0063066077418625355,
    "q3_median_numeric_features": 0.027663633227348328,
    "max_median_numeric_features": 0.07149863243103027,
    "mean_max_numeric_features": 1.8103374242782593,
    "stdev_max_numeric_features": 0.2748298943042755,
    "min_max_numeric_features": 1.696666955947876,
    "q1_max_numeric_features": 1.7087117433547974,
    "median_max_numeric_features": 1.7258048057556152,
    "q3_max_numeric_features": 1.7674596309661865,
    "max_max_numeric_features": 3.0264837741851807,
    "pca_1": 0.09785126732148695,
    "pca_2": 0.05503011317778735,
    "pca_3": 0.0483963341029024,
    "mean_cov_numeric_features": -0.007415296044200659,
    "stdev_cov_numeric_features": 0.13391688466072083,
    "min_cov_numeric_features": -0.4283828139305115,
    "q1_cov_numeric_features": -0.0059536052867770195,
    "median_cov_numeric_features": 0.016551004722714424,
    "q3_cov_numeric_features": 0.03046857938170433,
    "max_cov_numeric_features": 0.23006671667099,
    "mean_entropy_categorical_features": NaN,
    "stdev_entropy_categorical_features": NaN,
    "min_entropy_categorical_features": NaN,
    "median_entropy_categorical_features": NaN,
    "max_entropy_categorical_features": NaN,
    "knn_5_mse": 0.7706690871414422,
    "knn_5_mae": 0.7185408345759959,
    "knn_5_r2": 0.2285840834276007,
    "decision_tree_3_mse": 0.3546182773225543,
    "decision_tree_3_mae": 0.46439506642012685,
    "decision_tree_3_r2": 0.6434998034051665,
    "decision_tree_1_mse": 0.6278765817255936,
    "decision_tree_1_mae": 0.6404256357347254,
    "decision_tree_1_r2": 0.36810984038541583,
    "random_tree_2_mse": 0.7071694243457747,
    "random_tree_2_mae": 0.6647049470831579,
    "random_tree_2_r2": 0.2905029762445164,
    "mean_correlation_features_target": -0.007415296975523233,
    "stdev_correlation_features_target": 0.13391688466072083,
    "min_correlation_features_target": -0.4283828139305115,
    "q1_correlation_features_target": -0.0059536052867770195,
    "median_correlation_features_target": 0.016551004722714424,
    "q3_correlation_features_target": 0.03046857938170433,
    "max_correlation_features_target": 0.23006671667099
}