{
    "nb_instances": 1000,
    "log_nb_instances": 6.907755278982137,
    "nb_features": 50,
    "dataset_dimensionality": 20.0,
    "log_dataset_dimensionality": 2.995732273553991,
    "dataset_ratio": 0.05,
    "nb_missing_vals": 0,
    "ratio_features_with_missing_vals": 0.0,
    "ratio_instances_with_missing_vals": 0.0,
    "nb_numeric_features": 50,
    "nb_categorical_features": 0,
    "ratio_numeric_categorical_features": 0.0,
    "ratio_categorical_numeric_features": 0.0,
    "mean__target": -1.907348723406699e-09,
    "stdev__target": 0.9994998574256897,
    "min__target": -2.51027250289917,
    "q1__target": -0.7347922623157501,
    "median__target": -0.030703826807439327,
    "q3__target": 0.6935709416866302,
    "max__target": 2.838160991668701,
    "mean_mean_numeric_features": -3.4848041119417417e-11,
    "stdev_mean_numeric_features": 5.772472499998571e-10,
    "min_mean_numeric_features": -1.6796000146257484e-09,
    "q1_mean_numeric_features": -4.735200148653362e-10,
    "median_mean_numeric_features": 2.5824997956086504e-11,
    "q3_mean_numeric_features": 3.729549932773857e-10,
    "max_mean_numeric_features": 1.062199994628088e-09,
    "mean_stdev_numeric_features": 1.0,
    "stdev_stdev_numeric_features": 0.0,
    "min_stdev_numeric_features": 1.0,
    "q1_stdev_numeric_features": 1.0,
    "median_stdev_numeric_features": 1.0,
    "q3_stdev_numeric_features": 1.0,
    "max_stdev_numeric_features": 1.0,
    "mean_var_numeric_features": 1.0,
    "stdev_var_numeric_features": 0.0,
    "min_var_numeric_features": 1.0,
    "q1_var_numeric_features": 1.0,
    "median_var_numeric_features": 1.0,
    "q3_var_numeric_features": 1.0,
    "max_var_numeric_features": 1.0,
    "mean_min_numeric_features": -1.7383027076721191,
    "stdev_min_numeric_features": 0.035324208438396454,
    "min_min_numeric_features": -1.8228061199188232,
    "q1_min_numeric_features": -1.7661961317062378,
    "median_min_numeric_features": -1.7397122979164124,
    "q3_min_numeric_features": -1.7124766111373901,
    "max_min_numeric_features": -1.6705654859542847,
    "mean_median_numeric_features": 0.0024232834111899137,
    "stdev_median_numeric_features": 0.03942595794796944,
    "min_median_numeric_features": -0.06662312895059586,
    "q1_median_numeric_features": -0.02737571531906724,
    "median_median_numeric_features": 0.005091261933557689,
    "q3_median_numeric_features": 0.031038859393447638,
    "max_median_numeric_features": 0.09325380623340607,
    "mean_max_numeric_features": 1.727840542793274,
    "stdev_max_numeric_features": 0.042955998331308365,
    "min_max_numeric_features": 1.620376467704773,
    "q1_max_numeric_features": 1.7006122767925262,
    "median_max_numeric_features": 1.7267125844955444,
    "q3_max_numeric_features": 1.7574744820594788,
    "max_max_numeric_features": 1.844320297241211,
    "pca_1": 0.028832246441425496,
    "pca_2": 0.02776464148872713,
    "pca_3": 0.027122320985365916,
    "mean_cov_numeric_features": 0.034684110432863235,
    "stdev_cov_numeric_features": 0.12253304570913315,
    "min_cov_numeric_features": -0.05418023839592934,
    "q1_cov_numeric_features": -0.025351036805659533,
    "median_cov_numeric_features": 0.003464432724285871,
    "q3_cov_numeric_features": 0.033428167924284935,
    "max_cov_numeric_features": 0.5765554904937744,
    "mean_entropy_categorical_features": NaN,
    "stdev_entropy_categorical_features": NaN,
    "min_entropy_categorical_features": NaN,
    "median_entropy_categorical_features": NaN,
    "max_entropy_categorical_features": NaN,
    "knn_5_mse": 0.7067971487260517,
    "knn_5_mae": 0.67521625511772,
    "knn_5_r2": 0.2899547287720712,
    "decision_tree_3_mse": 0.4409271959593629,
    "decision_tree_3_mae": 0.5337406765411947,
    "decision_tree_3_r2": 0.5578656119749406,
    "decision_tree_1_mse": 0.7572117553084532,
    "decision_tree_1_mae": 0.714403831514298,
    "decision_tree_1_r2": 0.2381069818489062,
    "random_tree_2_mse": 0.592389911322795,
    "random_tree_2_mae": 0.6203501610524325,
    "random_tree_2_r2": 0.4045536752554607,
    "mean_correlation_features_target": 0.034684110432863235,
    "stdev_correlation_features_target": 0.12253304570913315,
    "min_correlation_features_target": -0.05418023839592934,
    "q1_correlation_features_target": -0.025351036805659533,
    "median_correlation_features_target": 0.003464432724285871,
    "q3_correlation_features_target": 0.033428167924284935,
    "max_correlation_features_target": 0.5765554904937744
}