{
    "nb_instances": 1000,
    "log_nb_instances": 6.907755278982137,
    "nb_features": 25,
    "dataset_dimensionality": 40.0,
    "log_dataset_dimensionality": 3.6888794541139363,
    "dataset_ratio": 0.025,
    "nb_missing_vals": 0,
    "ratio_features_with_missing_vals": 0.0,
    "ratio_instances_with_missing_vals": 0.0,
    "nb_numeric_features": 25,
    "nb_categorical_features": 0,
    "ratio_numeric_categorical_features": 0.0,
    "ratio_categorical_numeric_features": 0.0,
    "mean__target": 0.0,
    "stdev__target": 0.9994998574256897,
    "min__target": -2.5155391693115234,
    "q1__target": -0.5845658332109451,
    "median__target": 0.13831807672977448,
    "q3__target": 0.6576846688985825,
    "max__target": 3.476486921310425,
    "mean_mean_numeric_features": -5.693293753106232e-11,
    "stdev_mean_numeric_features": 5.162857918961095e-10,
    "min_mean_numeric_features": -9.435999759332958e-10,
    "q1_mean_numeric_features": -3.5521002805793955e-10,
    "median_mean_numeric_features": -1.5760000249276374e-10,
    "q3_mean_numeric_features": 1.7530002449639426e-10,
    "max_mean_numeric_features": 9.005999279665389e-10,
    "mean_stdev_numeric_features": 1.0,
    "stdev_stdev_numeric_features": 0.0,
    "min_stdev_numeric_features": 1.0,
    "q1_stdev_numeric_features": 1.0,
    "median_stdev_numeric_features": 1.0,
    "q3_stdev_numeric_features": 1.0,
    "max_stdev_numeric_features": 1.0,
    "mean_var_numeric_features": 1.0,
    "stdev_var_numeric_features": 0.0,
    "min_var_numeric_features": 1.0,
    "q1_var_numeric_features": 1.0,
    "median_var_numeric_features": 1.0,
    "q3_var_numeric_features": 1.0,
    "max_var_numeric_features": 1.0,
    "mean_min_numeric_features": -1.8115441799163818,
    "stdev_min_numeric_features": 0.17917500436306,
    "min_min_numeric_features": -2.3468055725097656,
    "q1_min_numeric_features": -1.800464391708374,
    "median_min_numeric_features": -1.7655524015426636,
    "q3_min_numeric_features": -1.7052185535430908,
    "max_min_numeric_features": -1.6773446798324585,
    "mean_median_numeric_features": -0.024649331346154213,
    "stdev_median_numeric_features": 0.08670222014188766,
    "min_median_numeric_features": -0.3379257619380951,
    "q1_median_numeric_features": -0.030617238953709602,
    "median_median_numeric_features": -0.00404983339831233,
    "q3_median_numeric_features": 0.01652837172150612,
    "max_median_numeric_features": 0.0633118525147438,
    "mean_max_numeric_features": 1.9767236709594727,
    "stdev_max_numeric_features": 0.6237581372261047,
    "min_max_numeric_features": 1.6583672761917114,
    "q1_max_numeric_features": 1.70719313621521,
    "median_max_numeric_features": 1.7416224479675293,
    "q3_max_numeric_features": 1.7707606554031372,
    "max_max_numeric_features": 3.993779182434082,
    "pca_1": 0.1343694807538481,
    "pca_2": 0.07714477267786168,
    "pca_3": 0.05195527445244103,
    "mean_cov_numeric_features": 0.03008999302983284,
    "stdev_cov_numeric_features": 0.11545857042074203,
    "min_cov_numeric_features": -0.12404859811067581,
    "q1_cov_numeric_features": -0.026135139167308807,
    "median_cov_numeric_features": 0.009308177046477795,
    "q3_cov_numeric_features": 0.03807360306382179,
    "max_cov_numeric_features": 0.4412458837032318,
    "mean_entropy_categorical_features": NaN,
    "stdev_entropy_categorical_features": NaN,
    "min_entropy_categorical_features": NaN,
    "median_entropy_categorical_features": NaN,
    "max_entropy_categorical_features": NaN,
    "knn_5_mse": 0.7411021514173451,
    "knn_5_mae": 0.683406143455038,
    "knn_5_r2": 0.2576805658328366,
    "decision_tree_3_mse": 0.48505782005715303,
    "decision_tree_3_mae": 0.5220208247084515,
    "decision_tree_3_r2": 0.5110977031698309,
    "decision_tree_1_mse": 0.8708591864070712,
    "decision_tree_1_mae": 0.7531347236281071,
    "decision_tree_1_r2": 0.12388678192568553,
    "random_tree_2_mse": 0.5957078806602294,
    "random_tree_2_mae": 0.6196820273496761,
    "random_tree_2_r2": 0.3995109758156199,
    "mean_correlation_features_target": 0.03008999302983284,
    "stdev_correlation_features_target": 0.11545857042074203,
    "min_correlation_features_target": -0.12404859811067581,
    "q1_correlation_features_target": -0.026135139167308807,
    "median_correlation_features_target": 0.009308177046477795,
    "q3_correlation_features_target": 0.03807360306382179,
    "max_correlation_features_target": 0.4412458837032318
}