{
    "nb_instances": 1000,
    "log_nb_instances": 6.907755278982137,
    "nb_features": 10,
    "dataset_dimensionality": 100.0,
    "log_dataset_dimensionality": 4.605170185988092,
    "dataset_ratio": 0.01,
    "nb_missing_vals": 0,
    "ratio_features_with_missing_vals": 0.0,
    "ratio_instances_with_missing_vals": 0.0,
    "nb_numeric_features": 10,
    "nb_categorical_features": 0,
    "ratio_numeric_categorical_features": 0.0,
    "ratio_categorical_numeric_features": 0.0,
    "mean__target": 1.6689301052252858e-09,
    "stdev__target": 0.9994998574256897,
    "min__target": -2.832218885421753,
    "q1__target": -0.7380957007408142,
    "median__target": 0.1588120311498642,
    "q3__target": 0.7720519304275513,
    "max__target": 2.2488553524017334,
    "mean_mean_numeric_features": 1.8205699447992885e-10,
    "stdev_mean_numeric_features": 4.5269391013569305e-10,
    "min_mean_numeric_features": -6.580599953842636e-10,
    "q1_mean_numeric_features": -1.3645000841028265e-10,
    "median_mean_numeric_features": 1.356849979594621e-10,
    "q3_mean_numeric_features": 5.350999782161026e-10,
    "max_mean_numeric_features": 9.679399504136654e-10,
    "mean_stdev_numeric_features": 1.0,
    "stdev_stdev_numeric_features": 0.0,
    "min_stdev_numeric_features": 1.0,
    "q1_stdev_numeric_features": 1.0,
    "median_stdev_numeric_features": 1.0,
    "q3_stdev_numeric_features": 1.0,
    "max_stdev_numeric_features": 1.0,
    "mean_var_numeric_features": 1.0,
    "stdev_var_numeric_features": 0.0,
    "min_var_numeric_features": 1.0,
    "q1_var_numeric_features": 1.0,
    "median_var_numeric_features": 1.0,
    "q3_var_numeric_features": 1.0,
    "max_var_numeric_features": 1.0,
    "mean_min_numeric_features": -1.8225177526474,
    "stdev_min_numeric_features": 0.21147935092449188,
    "min_min_numeric_features": -2.446849822998047,
    "q1_min_numeric_features": -1.7831056416034698,
    "median_min_numeric_features": -1.749371588230133,
    "q3_min_numeric_features": -1.7356638312339783,
    "max_min_numeric_features": -1.7031153440475464,
    "mean_median_numeric_features": 0.012826052494347095,
    "stdev_median_numeric_features": 0.02306297980248928,
    "min_median_numeric_features": -0.02236378937959671,
    "q1_median_numeric_features": -0.0069319118920248,
    "median_median_numeric_features": 0.01630866341292858,
    "q3_median_numeric_features": 0.03379420191049576,
    "max_median_numeric_features": 0.04304082319140434,
    "mean_max_numeric_features": 1.8082259893417358,
    "stdev_max_numeric_features": 0.2565866708755493,
    "min_max_numeric_features": 1.6194801330566406,
    "q1_max_numeric_features": 1.6965442299842834,
    "median_max_numeric_features": 1.7293756008148193,
    "q3_max_numeric_features": 1.7795320451259613,
    "max_max_numeric_features": 2.5625498294830322,
    "pca_1": 0.19801976806484956,
    "pca_2": 0.11254250218958026,
    "pca_3": 0.11099943516299791,
    "mean_cov_numeric_features": 0.004574066959321499,
    "stdev_cov_numeric_features": 0.19496560096740723,
    "min_cov_numeric_features": -0.3121766448020935,
    "q1_cov_numeric_features": -0.05391994770616293,
    "median_cov_numeric_features": 0.011257127858698368,
    "q3_cov_numeric_features": 0.04525450989603996,
    "max_cov_numeric_features": 0.4161025881767273,
    "mean_entropy_categorical_features": NaN,
    "stdev_entropy_categorical_features": NaN,
    "min_entropy_categorical_features": NaN,
    "median_entropy_categorical_features": NaN,
    "max_entropy_categorical_features": NaN,
    "knn_5_mse": 0.48740749576889797,
    "knn_5_mae": 0.551541111366716,
    "knn_5_r2": 0.5089001532620266,
    "decision_tree_3_mse": 0.4280444126905371,
    "decision_tree_3_mae": 0.49608055015141583,
    "decision_tree_3_r2": 0.5691365848439155,
    "decision_tree_1_mse": 0.7403399919216176,
    "decision_tree_1_mae": 0.6914386192018791,
    "decision_tree_1_r2": 0.25398195921417344,
    "random_tree_2_mse": 0.7405253202422714,
    "random_tree_2_mae": 0.7103430077746726,
    "random_tree_2_r2": 0.25517227715824375,
    "mean_correlation_features_target": 0.004574066959321499,
    "stdev_correlation_features_target": 0.19496560096740723,
    "min_correlation_features_target": -0.3121766448020935,
    "q1_correlation_features_target": -0.05391994770616293,
    "median_correlation_features_target": 0.011257127858698368,
    "q3_correlation_features_target": 0.04525450989603996,
    "max_correlation_features_target": 0.4161025881767273
}