{
    "nb_instances": 100,
    "log_nb_instances": 4.605170185988092,
    "nb_features": 5,
    "dataset_dimensionality": 20.0,
    "log_dataset_dimensionality": 2.995732273553991,
    "dataset_ratio": 0.05,
    "nb_missing_vals": 0,
    "ratio_features_with_missing_vals": 0.0,
    "ratio_instances_with_missing_vals": 0.0,
    "nb_numeric_features": 5,
    "nb_categorical_features": 0,
    "ratio_numeric_categorical_features": 0.0,
    "ratio_categorical_numeric_features": 0.0,
    "mean__target": 4.76837147544984e-09,
    "stdev__target": 0.9949874877929688,
    "min__target": -2.728060007095337,
    "q1__target": -0.509194627404213,
    "median__target": 0.22944482415914536,
    "q3__target": 0.7360072433948517,
    "max__target": 1.6690975427627563,
    "mean_mean_numeric_features": -3.3600234140146457e-12,
    "stdev_mean_numeric_features": 1.8685761826731095e-09,
    "min_mean_numeric_features": -2.6074999937009125e-09,
    "q1_mean_numeric_features": -9.100000197825864e-10,
    "median_mean_numeric_features": -7.889999764643107e-10,
    "q3_mean_numeric_features": 2.0835999592350163e-09,
    "max_mean_numeric_features": 2.2060999693707117e-09,
    "mean_stdev_numeric_features": 1.0,
    "stdev_stdev_numeric_features": 0.0,
    "min_stdev_numeric_features": 1.0,
    "q1_stdev_numeric_features": 1.0,
    "median_stdev_numeric_features": 1.0,
    "q3_stdev_numeric_features": 1.0,
    "max_stdev_numeric_features": 1.0,
    "mean_var_numeric_features": 1.0,
    "stdev_var_numeric_features": 0.0,
    "min_var_numeric_features": 1.0,
    "q1_var_numeric_features": 1.0,
    "median_var_numeric_features": 1.0,
    "q3_var_numeric_features": 1.0,
    "max_var_numeric_features": 1.0,
    "mean_min_numeric_features": -1.7911875247955322,
    "stdev_min_numeric_features": 0.10699742287397385,
    "min_min_numeric_features": -1.989945888519287,
    "q1_min_numeric_features": -1.797904133796692,
    "median_min_numeric_features": -1.7581584453582764,
    "q3_min_numeric_features": -1.7343971729278564,
    "max_min_numeric_features": -1.6755321025848389,
    "mean_median_numeric_features": -0.06730293482542038,
    "stdev_median_numeric_features": 0.11069930344820023,
    "min_median_numeric_features": -0.2523269057273865,
    "q1_median_numeric_features": -0.10184711217880249,
    "median_median_numeric_features": -0.05923442170023918,
    "q3_median_numeric_features": -0.002865128219127655,
    "max_median_numeric_features": 0.07975888252258301,
    "mean_max_numeric_features": 2.1298911571502686,
    "stdev_max_numeric_features": 0.6228548288345337,
    "min_max_numeric_features": 1.6905362606048584,
    "q1_max_numeric_features": 1.7148950099945068,
    "median_max_numeric_features": 1.7758045196533203,
    "q3_max_numeric_features": 2.1345479488372803,
    "max_max_numeric_features": 3.3336715698242188,
    "pca_1": 0.49072375965155746,
    "pca_2": 0.2674612655043795,
    "pca_3": 0.18781684129183493,
    "mean_cov_numeric_features": -0.13382966816425323,
    "stdev_cov_numeric_features": 0.23738116025924683,
    "min_cov_numeric_features": -0.4032437205314636,
    "q1_cov_numeric_features": -0.3846750557422638,
    "median_cov_numeric_features": -0.12578466534614563,
    "q3_cov_numeric_features": 0.035688821226358414,
    "max_cov_numeric_features": 0.20886629819869995,
    "mean_entropy_categorical_features": NaN,
    "stdev_entropy_categorical_features": NaN,
    "min_entropy_categorical_features": NaN,
    "median_entropy_categorical_features": NaN,
    "max_entropy_categorical_features": NaN,
    "knn_5_mse": 0.46353507331581023,
    "knn_5_mae": 0.5238146750404,
    "knn_5_r2": 0.5297859232736583,
    "decision_tree_3_mse": 0.459990363045529,
    "decision_tree_3_mae": 0.4937254736437632,
    "decision_tree_3_r2": 0.5174498525431308,
    "decision_tree_1_mse": 0.6597715943073306,
    "decision_tree_1_mae": 0.6309704941193327,
    "decision_tree_1_r2": 0.3297041813466247,
    "random_tree_2_mse": 0.44349947766946946,
    "random_tree_2_mae": 0.5279057579198804,
    "random_tree_2_r2": 0.5579044912860419,
    "mean_correlation_features_target": -0.13382966816425323,
    "stdev_correlation_features_target": 0.23738116025924683,
    "min_correlation_features_target": -0.4032437205314636,
    "q1_correlation_features_target": -0.3846750557422638,
    "median_correlation_features_target": -0.12578466534614563,
    "q3_correlation_features_target": 0.035688821226358414,
    "max_correlation_features_target": 0.20886629819869995
}