{
    "nb_instances": 1000,
    "log_nb_instances": 6.907755278982137,
    "nb_features": 10,
    "dataset_dimensionality": 100.0,
    "log_dataset_dimensionality": 4.605170185988092,
    "dataset_ratio": 0.01,
    "nb_missing_vals": 0,
    "ratio_features_with_missing_vals": 0.0,
    "ratio_instances_with_missing_vals": 0.0,
    "nb_numeric_features": 10,
    "nb_categorical_features": 0,
    "ratio_numeric_categorical_features": 0.0,
    "ratio_categorical_numeric_features": 0.0,
    "mean__target": 1.4305114870438729e-09,
    "stdev__target": 0.9994998574256897,
    "min__target": -2.6269795894622803,
    "q1__target": -0.7195919007062912,
    "median__target": 0.02911405172199011,
    "q3__target": 0.7188377231359482,
    "max__target": 2.8341217041015625,
    "mean_mean_numeric_features": 2.109829810859054e-10,
    "stdev_mean_numeric_features": 6.820852771483032e-10,
    "min_mean_numeric_features": -7.440000282521453e-10,
    "q1_mean_numeric_features": -4.2077003339913155e-10,
    "median_mean_numeric_features": 1.769849856947392e-10,
    "q3_mean_numeric_features": 7.211000130347145e-10,
    "max_mean_numeric_features": 1.4941999859630073e-09,
    "mean_stdev_numeric_features": 1.0,
    "stdev_stdev_numeric_features": 0.0,
    "min_stdev_numeric_features": 1.0,
    "q1_stdev_numeric_features": 1.0,
    "median_stdev_numeric_features": 1.0,
    "q3_stdev_numeric_features": 1.0,
    "max_stdev_numeric_features": 1.0,
    "mean_var_numeric_features": 1.0,
    "stdev_var_numeric_features": 0.0,
    "min_var_numeric_features": 1.0,
    "q1_var_numeric_features": 1.0,
    "median_var_numeric_features": 1.0,
    "q3_var_numeric_features": 1.0,
    "max_var_numeric_features": 1.0,
    "mean_min_numeric_features": -1.7593567371368408,
    "stdev_min_numeric_features": 0.020959939807653427,
    "min_min_numeric_features": -1.7880475521087646,
    "q1_min_numeric_features": -1.7801167368888855,
    "median_min_numeric_features": -1.7578847408294678,
    "q3_min_numeric_features": -1.7404102683067322,
    "max_min_numeric_features": -1.7296241521835327,
    "mean_median_numeric_features": 0.018672022968530655,
    "stdev_median_numeric_features": 0.023075569421052933,
    "min_median_numeric_features": -0.004024858120828867,
    "q1_median_numeric_features": 0.0043645810801535845,
    "median_median_numeric_features": 0.013020462822169065,
    "q3_median_numeric_features": 0.023252093698829412,
    "max_median_numeric_features": 0.08013848215341568,
    "mean_max_numeric_features": 1.7008790969848633,
    "stdev_max_numeric_features": 0.05163569748401642,
    "min_max_numeric_features": 1.6476068496704102,
    "q1_max_numeric_features": 1.6617392301559448,
    "median_max_numeric_features": 1.6855436563491821,
    "q3_max_numeric_features": 1.7213837802410126,
    "max_max_numeric_features": 1.8213061094284058,
    "pca_1": 0.11274335879069364,
    "pca_2": 0.10931642212282199,
    "pca_3": 0.10598486341331503,
    "mean_cov_numeric_features": 0.16107125580310822,
    "stdev_cov_numeric_features": 0.20468051731586456,
    "min_cov_numeric_features": -0.02005411498248577,
    "q1_cov_numeric_features": -0.0030404498102143407,
    "median_cov_numeric_features": 0.027362270280718803,
    "q3_cov_numeric_features": 0.3451317623257637,
    "max_cov_numeric_features": 0.5717619061470032,
    "mean_entropy_categorical_features": NaN,
    "stdev_entropy_categorical_features": NaN,
    "min_entropy_categorical_features": NaN,
    "median_entropy_categorical_features": NaN,
    "max_entropy_categorical_features": NaN,
    "knn_5_mse": 0.33305716607521746,
    "knn_5_mae": 0.46062637015624996,
    "knn_5_r2": 0.6622079011452405,
    "decision_tree_3_mse": 0.44630338577132356,
    "decision_tree_3_mae": 0.5399280810871586,
    "decision_tree_3_r2": 0.5512702471241895,
    "decision_tree_1_mse": 0.773401833009888,
    "decision_tree_1_mae": 0.7214166097164116,
    "decision_tree_1_r2": 0.22237961806571413,
    "random_tree_2_mse": 0.6741294415059365,
    "random_tree_2_mae": 0.6633331600712397,
    "random_tree_2_r2": 0.32256504337111713,
    "mean_correlation_features_target": 0.16107125580310822,
    "stdev_correlation_features_target": 0.20468051731586456,
    "min_correlation_features_target": -0.02005411498248577,
    "q1_correlation_features_target": -0.0030404498102143407,
    "median_correlation_features_target": 0.027362270280718803,
    "q3_correlation_features_target": 0.3451317623257637,
    "max_correlation_features_target": 0.5717619061470032
}