{
    "nb_instances": 250,
    "log_nb_instances": 5.521460917862246,
    "nb_features": 5,
    "dataset_dimensionality": 50.0,
    "log_dataset_dimensionality": 3.912023005428146,
    "dataset_ratio": 0.02,
    "nb_missing_vals": 0,
    "ratio_features_with_missing_vals": 0.0,
    "ratio_instances_with_missing_vals": 0.0,
    "nb_numeric_features": 5,
    "nb_categorical_features": 0,
    "ratio_numeric_categorical_features": 0.0,
    "ratio_categorical_numeric_features": 0.0,
    "mean__target": 0.0,
    "stdev__target": 0.9979979991912842,
    "min__target": -2.2451109886169434,
    "q1__target": -0.7780655920505524,
    "median__target": 0.1873391717672348,
    "q3__target": 0.7511219680309296,
    "max__target": 1.8222216367721558,
    "mean_mean_numeric_features": 5.09999986686438e-10,
    "stdev_mean_numeric_features": 1.430976226401981e-09,
    "min_mean_numeric_features": -9.971999892499639e-10,
    "q1_mean_numeric_features": -8.959999964197607e-10,
    "median_mean_numeric_features": 2.4240001672559686e-10,
    "q3_mean_numeric_features": 1.4448000573707986e-09,
    "max_mean_numeric_features": 2.7560000948056995e-09,
    "mean_stdev_numeric_features": 1.0,
    "stdev_stdev_numeric_features": 0.0,
    "min_stdev_numeric_features": 1.0,
    "q1_stdev_numeric_features": 1.0,
    "median_stdev_numeric_features": 1.0,
    "q3_stdev_numeric_features": 1.0,
    "max_stdev_numeric_features": 1.0,
    "mean_var_numeric_features": 1.0,
    "stdev_var_numeric_features": 0.0,
    "min_var_numeric_features": 1.0,
    "q1_var_numeric_features": 1.0,
    "median_var_numeric_features": 1.0,
    "q3_var_numeric_features": 1.0,
    "max_var_numeric_features": 1.0,
    "mean_min_numeric_features": -1.8338369131088257,
    "stdev_min_numeric_features": 0.2601381242275238,
    "min_min_numeric_features": -2.34024977684021,
    "q1_min_numeric_features": -1.7719666957855225,
    "median_min_numeric_features": -1.750997543334961,
    "q3_min_numeric_features": -1.7068390846252441,
    "max_min_numeric_features": -1.59913170337677,
    "mean_median_numeric_features": -0.041398804634809494,
    "stdev_median_numeric_features": 0.0957469716668129,
    "min_median_numeric_features": -0.20509912073612213,
    "q1_median_numeric_features": -0.08531650900840759,
    "median_median_numeric_features": -0.013403740711510181,
    "q3_median_numeric_features": 0.038540318608284,
    "max_median_numeric_features": 0.058285027742385864,
    "mean_max_numeric_features": 1.9889352321624756,
    "stdev_max_numeric_features": 0.4416970908641815,
    "min_max_numeric_features": 1.5446019172668457,
    "q1_max_numeric_features": 1.6871520280838013,
    "median_max_numeric_features": 1.7587641477584839,
    "q3_max_numeric_features": 2.1965184211730957,
    "max_max_numeric_features": 2.7576398849487305,
    "pca_1": 0.507403893062724,
    "pca_2": 0.23873512842464487,
    "pca_3": 0.19631615948011813,
    "mean_cov_numeric_features": -0.0639152079820633,
    "stdev_cov_numeric_features": 0.27493351697921753,
    "min_cov_numeric_features": -0.40408459305763245,
    "q1_cov_numeric_features": -0.3096492290496826,
    "median_cov_numeric_features": -0.10976963490247726,
    "q3_cov_numeric_features": 0.24247212707996368,
    "max_cov_numeric_features": 0.2614552974700928,
    "mean_entropy_categorical_features": NaN,
    "stdev_entropy_categorical_features": NaN,
    "min_entropy_categorical_features": NaN,
    "median_entropy_categorical_features": NaN,
    "max_entropy_categorical_features": NaN,
    "knn_5_mse": 0.28905085070932673,
    "knn_5_mae": 0.40915127910589866,
    "knn_5_r2": 0.7081063568939696,
    "decision_tree_3_mse": 0.4858174611352343,
    "decision_tree_3_mae": 0.542404326150931,
    "decision_tree_3_r2": 0.5033571837436372,
    "decision_tree_1_mse": 0.664614235220377,
    "decision_tree_1_mae": 0.6542654972607997,
    "decision_tree_1_r2": 0.3188102275413647,
    "random_tree_2_mse": 0.6543238356557656,
    "random_tree_2_mae": 0.6374109434265149,
    "random_tree_2_r2": 0.3328723692699994,
    "mean_correlation_features_target": -0.0639152079820633,
    "stdev_correlation_features_target": 0.27493351697921753,
    "min_correlation_features_target": -0.40408459305763245,
    "q1_correlation_features_target": -0.3096492290496826,
    "median_correlation_features_target": -0.10976962745189667,
    "q3_correlation_features_target": 0.24247212707996368,
    "max_correlation_features_target": 0.2614552974700928
}