{
    "nb_instances": 500,
    "log_nb_instances": 6.214608098422191,
    "nb_features": 5,
    "dataset_dimensionality": 100.0,
    "log_dataset_dimensionality": 4.605170185988092,
    "dataset_ratio": 0.01,
    "nb_missing_vals": 0,
    "ratio_features_with_missing_vals": 0.0,
    "ratio_instances_with_missing_vals": 0.0,
    "nb_numeric_features": 5,
    "nb_categorical_features": 0,
    "ratio_numeric_categorical_features": 0.0,
    "ratio_categorical_numeric_features": 0.0,
    "mean__target": -9.536743617033494e-10,
    "stdev__target": 0.9989995360374451,
    "min__target": -2.756927728652954,
    "q1__target": -0.7209768146276474,
    "median__target": 0.21151480823755264,
    "q3__target": 0.7513454705476761,
    "max__target": 1.8164554834365845,
    "mean_mean_numeric_features": -4.5931999870241214e-10,
    "stdev_mean_numeric_features": 7.537084845132824e-10,
    "min_mean_numeric_features": -1.8442000149221371e-09,
    "q1_mean_numeric_features": -5.795999791224915e-10,
    "median_mean_numeric_features": -1.767799795437952e-10,
    "q3_mean_numeric_features": -4.900000197261001e-11,
    "max_mean_numeric_features": 3.5298000633510185e-10,
    "mean_stdev_numeric_features": 1.0,
    "stdev_stdev_numeric_features": 0.0,
    "min_stdev_numeric_features": 1.0,
    "q1_stdev_numeric_features": 1.0,
    "median_stdev_numeric_features": 1.0,
    "q3_stdev_numeric_features": 1.0,
    "max_stdev_numeric_features": 1.0,
    "mean_var_numeric_features": 1.0,
    "stdev_var_numeric_features": 0.0,
    "min_var_numeric_features": 1.0,
    "q1_var_numeric_features": 1.0,
    "median_var_numeric_features": 1.0,
    "q3_var_numeric_features": 1.0,
    "max_var_numeric_features": 1.0,
    "mean_min_numeric_features": -1.8793423175811768,
    "stdev_min_numeric_features": 0.22300434112548828,
    "min_min_numeric_features": -2.28019118309021,
    "q1_min_numeric_features": -1.9684779644012451,
    "median_min_numeric_features": -1.7169805765151978,
    "q3_min_numeric_features": -1.7158093452453613,
    "max_min_numeric_features": -1.7152529954910278,
    "mean_median_numeric_features": -0.03835337236523628,
    "stdev_median_numeric_features": 0.05719812959432602,
    "min_median_numeric_features": -0.14817732572555542,
    "q1_median_numeric_features": -0.029807325452566147,
    "median_median_numeric_features": -0.024362625554203987,
    "q3_median_numeric_features": -0.005162740591913462,
    "max_median_numeric_features": 0.015743162482976913,
    "mean_max_numeric_features": 2.140193223953247,
    "stdev_max_numeric_features": 0.5344277620315552,
    "min_max_numeric_features": 1.7085206508636475,
    "q1_max_numeric_features": 1.720986247062683,
    "median_max_numeric_features": 1.8141947984695435,
    "q3_max_numeric_features": 2.3631231784820557,
    "max_max_numeric_features": 3.0941412448883057,
    "pca_1": 0.5018233082273595,
    "pca_2": 0.23557406820622873,
    "pca_3": 0.19964794093059915,
    "mean_cov_numeric_features": -0.06392813473939896,
    "stdev_cov_numeric_features": 0.2606525123119354,
    "min_cov_numeric_features": -0.3873424530029297,
    "q1_cov_numeric_features": -0.29570889472961426,
    "median_cov_numeric_features": -0.10553169250488281,
    "q3_cov_numeric_features": 0.20650389790534973,
    "max_cov_numeric_features": 0.26243847608566284,
    "mean_entropy_categorical_features": NaN,
    "stdev_entropy_categorical_features": NaN,
    "min_entropy_categorical_features": NaN,
    "median_entropy_categorical_features": NaN,
    "max_entropy_categorical_features": NaN,
    "knn_5_mse": 0.14284730800571582,
    "knn_5_mae": 0.2882593434186,
    "knn_5_r2": 0.8553531190174353,
    "decision_tree_3_mse": 0.3196341657607738,
    "decision_tree_3_mae": 0.44651701948684897,
    "decision_tree_3_r2": 0.6758055214584981,
    "decision_tree_1_mse": 0.6548043125960492,
    "decision_tree_1_mae": 0.640999648349489,
    "decision_tree_1_r2": 0.34417930435195765,
    "random_tree_2_mse": 0.6077020038887593,
    "random_tree_2_mae": 0.614711679675289,
    "random_tree_2_r2": 0.3858917897700095,
    "mean_correlation_features_target": -0.06392813473939896,
    "stdev_correlation_features_target": 0.2606525123119354,
    "min_correlation_features_target": -0.3873424530029297,
    "q1_correlation_features_target": -0.29570889472961426,
    "median_correlation_features_target": -0.10553169250488281,
    "q3_correlation_features_target": 0.20650389790534973,
    "max_correlation_features_target": 0.26243847608566284
}