{
    "nb_instances": 1000,
    "log_nb_instances": 6.907755278982137,
    "nb_features": 25,
    "dataset_dimensionality": 40.0,
    "log_dataset_dimensionality": 3.6888794541139363,
    "dataset_ratio": 0.025,
    "nb_missing_vals": 0,
    "ratio_features_with_missing_vals": 0.0,
    "ratio_instances_with_missing_vals": 0.0,
    "nb_numeric_features": 25,
    "nb_categorical_features": 0,
    "ratio_numeric_categorical_features": 0.0,
    "ratio_categorical_numeric_features": 0.0,
    "mean__target": 1.907348723406699e-09,
    "stdev__target": 0.9994998574256897,
    "min__target": -2.392071485519409,
    "q1__target": -0.7134252637624741,
    "median__target": 0.007186732720583677,
    "q3__target": 0.6992791891098022,
    "max__target": 2.4749343395233154,
    "mean_mean_numeric_features": -1.8293673867408877e-11,
    "stdev_mean_numeric_features": 6.255936324528477e-10,
    "min_mean_numeric_features": -1.3979999380353547e-09,
    "q1_mean_numeric_features": -4.0839398529612936e-10,
    "median_mean_numeric_features": 3.6082990761965306e-11,
    "q3_mean_numeric_features": 2.9839999915459714e-10,
    "max_mean_numeric_features": 1.1580000291999681e-09,
    "mean_stdev_numeric_features": 1.0,
    "stdev_stdev_numeric_features": 0.0,
    "min_stdev_numeric_features": 1.0,
    "q1_stdev_numeric_features": 1.0,
    "median_stdev_numeric_features": 1.0,
    "q3_stdev_numeric_features": 1.0,
    "max_stdev_numeric_features": 1.0,
    "mean_var_numeric_features": 1.0,
    "stdev_var_numeric_features": 0.0,
    "min_var_numeric_features": 1.0,
    "q1_var_numeric_features": 1.0,
    "median_var_numeric_features": 1.0,
    "q3_var_numeric_features": 1.0,
    "max_var_numeric_features": 1.0,
    "mean_min_numeric_features": -1.7302992343902588,
    "stdev_min_numeric_features": 0.04028022661805153,
    "min_min_numeric_features": -1.7956428527832031,
    "q1_min_numeric_features": -1.767234444618225,
    "median_min_numeric_features": -1.7284128665924072,
    "q3_min_numeric_features": -1.7058581113815308,
    "max_min_numeric_features": -1.646090030670166,
    "mean_median_numeric_features": -0.001197046134620905,
    "stdev_median_numeric_features": 0.028841087594628334,
    "min_median_numeric_features": -0.06854617595672607,
    "q1_median_numeric_features": -0.024185966700315475,
    "median_median_numeric_features": 0.0036232895217835903,
    "q3_median_numeric_features": 0.019770491868257523,
    "max_median_numeric_features": 0.0409795381128788,
    "mean_max_numeric_features": 1.7278331518173218,
    "stdev_max_numeric_features": 0.029338937252759933,
    "min_max_numeric_features": 1.6834129095077515,
    "q1_max_numeric_features": 1.704460620880127,
    "median_max_numeric_features": 1.7169177532196045,
    "q3_max_numeric_features": 1.7525925636291504,
    "max_max_numeric_features": 1.7846461534500122,
    "pca_1": 0.051938106060040984,
    "pca_2": 0.04945925696046129,
    "pca_3": 0.04766138353777969,
    "mean_cov_numeric_features": 0.059028878808021545,
    "stdev_cov_numeric_features": 0.1575973629951477,
    "min_cov_numeric_features": -0.073745496571064,
    "q1_cov_numeric_features": -0.025373047217726707,
    "median_cov_numeric_features": 0.005511458031833172,
    "q3_cov_numeric_features": 0.03167591243982315,
    "max_cov_numeric_features": 0.5751875042915344,
    "mean_entropy_categorical_features": NaN,
    "stdev_entropy_categorical_features": NaN,
    "min_entropy_categorical_features": NaN,
    "median_entropy_categorical_features": NaN,
    "max_entropy_categorical_features": NaN,
    "knn_5_mse": 0.561442940916115,
    "knn_5_mae": 0.6039919730112799,
    "knn_5_r2": 0.4369871007072662,
    "decision_tree_3_mse": 0.45675601965329093,
    "decision_tree_3_mae": 0.5380694178681943,
    "decision_tree_3_r2": 0.5418918165596771,
    "decision_tree_1_mse": 0.7440784490746221,
    "decision_tree_1_mae": 0.7100418253688556,
    "decision_tree_1_r2": 0.2527166154042182,
    "random_tree_2_mse": 0.6551902278828651,
    "random_tree_2_mae": 0.6571263932471715,
    "random_tree_2_r2": 0.3426356412958982,
    "mean_correlation_features_target": 0.059028878808021545,
    "stdev_correlation_features_target": 0.1575973629951477,
    "min_correlation_features_target": -0.073745496571064,
    "q1_correlation_features_target": -0.025373047217726707,
    "median_correlation_features_target": 0.005511458031833172,
    "q3_correlation_features_target": 0.03167591243982315,
    "max_correlation_features_target": 0.5751875042915344
}