{
    "nb_instances": 250,
    "log_nb_instances": 5.521460917862246,
    "nb_features": 5,
    "dataset_dimensionality": 50.0,
    "log_dataset_dimensionality": 3.912023005428146,
    "dataset_ratio": 0.02,
    "nb_missing_vals": 0,
    "ratio_features_with_missing_vals": 0.0,
    "ratio_instances_with_missing_vals": 0.0,
    "nb_numeric_features": 5,
    "nb_categorical_features": 0,
    "ratio_numeric_categorical_features": 0.0,
    "ratio_categorical_numeric_features": 0.0,
    "mean__target": 1.525878978725359e-08,
    "stdev__target": 0.9979979991912842,
    "min__target": -2.632497787475586,
    "q1__target": -0.71832075715065,
    "median__target": 0.0893467627465725,
    "q3__target": 0.7655877619981766,
    "max__target": 2.222914695739746,
    "mean_mean_numeric_features": -4.35463942682901e-10,
    "stdev_mean_numeric_features": 1.3321134195720674e-09,
    "min_mean_numeric_features": -2.977599944387066e-09,
    "q1_mean_numeric_features": -1.4599998987563367e-10,
    "median_mean_numeric_features": -1.1719997368431212e-11,
    "q3_mean_numeric_features": -8.00000343748053e-12,
    "max_mean_numeric_features": 9.660000577227379e-10,
    "mean_stdev_numeric_features": 1.0,
    "stdev_stdev_numeric_features": 0.0,
    "min_stdev_numeric_features": 1.0,
    "q1_stdev_numeric_features": 1.0,
    "median_stdev_numeric_features": 1.0,
    "q3_stdev_numeric_features": 1.0,
    "max_stdev_numeric_features": 1.0,
    "mean_var_numeric_features": 1.0,
    "stdev_var_numeric_features": 0.0,
    "min_var_numeric_features": 1.0,
    "q1_var_numeric_features": 1.0,
    "median_var_numeric_features": 1.0,
    "q3_var_numeric_features": 1.0,
    "max_var_numeric_features": 1.0,
    "mean_min_numeric_features": -1.875632882118225,
    "stdev_min_numeric_features": 0.21117618680000305,
    "min_min_numeric_features": -2.272625684738159,
    "q1_min_numeric_features": -1.8877309560775757,
    "median_min_numeric_features": -1.7858575582504272,
    "q3_min_numeric_features": -1.7715915441513062,
    "max_min_numeric_features": -1.6603585481643677,
    "mean_median_numeric_features": 0.019488494843244553,
    "stdev_median_numeric_features": 0.0651354044675827,
    "min_median_numeric_features": -0.07672309130430222,
    "q1_median_numeric_features": -0.027706021443009377,
    "median_median_numeric_features": 0.02569914422929287,
    "q3_median_numeric_features": 0.07627005875110626,
    "max_median_numeric_features": 0.09990238398313522,
    "mean_max_numeric_features": 1.7892959117889404,
    "stdev_max_numeric_features": 0.24912965297698975,
    "min_max_numeric_features": 1.6199705600738525,
    "q1_max_numeric_features": 1.6325571537017822,
    "median_max_numeric_features": 1.638412356376648,
    "q3_max_numeric_features": 1.782225251197815,
    "max_max_numeric_features": 2.2733144760131836,
    "pca_1": 0.393237548811106,
    "pca_2": 0.21773855706585302,
    "pca_3": 0.19996426984777163,
    "mean_cov_numeric_features": 0.02884034439921379,
    "stdev_cov_numeric_features": 0.2866858243942261,
    "min_cov_numeric_features": -0.3533654808998108,
    "q1_cov_numeric_features": -0.25593101978302,
    "median_cov_numeric_features": 0.11709921061992645,
    "q3_cov_numeric_features": 0.2529281973838806,
    "max_cov_numeric_features": 0.3834708034992218,
    "mean_entropy_categorical_features": NaN,
    "stdev_entropy_categorical_features": NaN,
    "min_entropy_categorical_features": NaN,
    "median_entropy_categorical_features": NaN,
    "max_entropy_categorical_features": NaN,
    "knn_5_mse": 0.2748744486899134,
    "knn_5_mae": 0.39203928855990017,
    "knn_5_r2": 0.7170585498978874,
    "decision_tree_3_mse": 0.40042152175119095,
    "decision_tree_3_mae": 0.4964676704262554,
    "decision_tree_3_r2": 0.5916465466659289,
    "decision_tree_1_mse": 0.7066959014564995,
    "decision_tree_1_mae": 0.6695777716928957,
    "decision_tree_1_r2": 0.27981503565960436,
    "random_tree_2_mse": 0.8318543715152492,
    "random_tree_2_mae": 0.7492000580224706,
    "random_tree_2_r2": 0.15159372468505128,
    "mean_correlation_features_target": 0.02884034439921379,
    "stdev_correlation_features_target": 0.2866858243942261,
    "min_correlation_features_target": -0.3533654808998108,
    "q1_correlation_features_target": -0.25593101978302,
    "median_correlation_features_target": 0.11709921061992645,
    "q3_correlation_features_target": 0.2529281973838806,
    "max_correlation_features_target": 0.3834708034992218
}