{
    "nb_instances": 250,
    "log_nb_instances": 5.521460917862246,
    "nb_features": 10,
    "dataset_dimensionality": 25.0,
    "log_dataset_dimensionality": 3.2188758248682006,
    "dataset_ratio": 0.04,
    "nb_missing_vals": 0,
    "ratio_features_with_missing_vals": 0.0,
    "ratio_instances_with_missing_vals": 0.0,
    "nb_numeric_features": 10,
    "nb_categorical_features": 0,
    "ratio_numeric_categorical_features": 0.0,
    "ratio_categorical_numeric_features": 0.0,
    "mean__target": 5.7220459481754915e-09,
    "stdev__target": 0.9979979991912842,
    "min__target": -2.271225690841675,
    "q1__target": -0.6869943886995316,
    "median__target": 0.12372906878590584,
    "q3__target": 0.6437554657459259,
    "max__target": 3.4070088863372803,
    "mean_mean_numeric_features": 2.4035240464570506e-10,
    "stdev_mean_numeric_features": 1.5075549697485258e-09,
    "min_mean_numeric_features": -1.6723999962664493e-09,
    "q1_mean_numeric_features": -1.1854070086636526e-09,
    "median_mean_numeric_features": 1.396999876890348e-10,
    "q3_mean_numeric_features": 1.6194999785668074e-09,
    "max_mean_numeric_features": 2.4768000983499405e-09,
    "mean_stdev_numeric_features": 1.0,
    "stdev_stdev_numeric_features": 0.0,
    "min_stdev_numeric_features": 1.0,
    "q1_stdev_numeric_features": 1.0,
    "median_stdev_numeric_features": 1.0,
    "q3_stdev_numeric_features": 1.0,
    "max_stdev_numeric_features": 1.0,
    "mean_var_numeric_features": 1.0,
    "stdev_var_numeric_features": 0.0,
    "min_var_numeric_features": 1.0,
    "q1_var_numeric_features": 1.0,
    "median_var_numeric_features": 1.0,
    "q3_var_numeric_features": 1.0,
    "max_var_numeric_features": 1.0,
    "mean_min_numeric_features": -1.8149868249893188,
    "stdev_min_numeric_features": 0.19339028000831604,
    "min_min_numeric_features": -2.142465591430664,
    "q1_min_numeric_features": -1.9655667543411255,
    "median_min_numeric_features": -1.788752555847168,
    "q3_min_numeric_features": -1.6952424943447113,
    "max_min_numeric_features": -1.4463292360305786,
    "mean_median_numeric_features": -0.04535074159502983,
    "stdev_median_numeric_features": 0.10796350240707397,
    "min_median_numeric_features": -0.3222602605819702,
    "q1_median_numeric_features": -0.060848566121421754,
    "median_median_numeric_features": 0.001839434749854263,
    "q3_median_numeric_features": 0.014104783069342375,
    "max_median_numeric_features": 0.049403782933950424,
    "mean_max_numeric_features": 2.235717296600342,
    "stdev_max_numeric_features": 0.980948805809021,
    "min_max_numeric_features": 1.6544851064682007,
    "q1_max_numeric_features": 1.6997914910316467,
    "median_max_numeric_features": 1.7192118763923645,
    "q3_max_numeric_features": 2.1381380558013916,
    "max_max_numeric_features": 4.7280426025390625,
    "pca_1": 0.3353841470061293,
    "pca_2": 0.13342173163271018,
    "pca_3": 0.12502051639580722,
    "mean_cov_numeric_features": 0.06792058050632477,
    "stdev_cov_numeric_features": 0.1657867431640625,
    "min_cov_numeric_features": -0.1285315304994583,
    "q1_cov_numeric_features": -0.055466221645474434,
    "median_cov_numeric_features": -0.005715605802834034,
    "q3_cov_numeric_features": 0.178785290569067,
    "max_cov_numeric_features": 0.424896240234375,
    "mean_entropy_categorical_features": NaN,
    "stdev_entropy_categorical_features": NaN,
    "min_entropy_categorical_features": NaN,
    "median_entropy_categorical_features": NaN,
    "max_entropy_categorical_features": NaN,
    "knn_5_mse": 0.5510476311149124,
    "knn_5_mae": 0.5866079047376678,
    "knn_5_r2": 0.4423671440610707,
    "decision_tree_3_mse": 0.6508835199889744,
    "decision_tree_3_mae": 0.5925425848786992,
    "decision_tree_3_r2": 0.32773778498192274,
    "decision_tree_1_mse": 0.9271220243592061,
    "decision_tree_1_mae": 0.7658594699311863,
    "decision_tree_1_r2": 0.0604731927836179,
    "random_tree_2_mse": 0.8453757740228648,
    "random_tree_2_mae": 0.7649569488755762,
    "random_tree_2_r2": 0.13917790948955802,
    "mean_correlation_features_target": 0.06792058050632477,
    "stdev_correlation_features_target": 0.1657867431640625,
    "min_correlation_features_target": -0.1285315304994583,
    "q1_correlation_features_target": -0.055466221645474434,
    "median_correlation_features_target": -0.005715605802834034,
    "q3_correlation_features_target": 0.178785290569067,
    "max_correlation_features_target": 0.424896240234375
}