{
    "nb_instances": 250,
    "log_nb_instances": 5.521460917862246,
    "nb_features": 50,
    "dataset_dimensionality": 5.0,
    "log_dataset_dimensionality": 1.6094379124341003,
    "dataset_ratio": 0.2,
    "nb_missing_vals": 0,
    "ratio_features_with_missing_vals": 0.0,
    "ratio_instances_with_missing_vals": 0.0,
    "nb_numeric_features": 50,
    "nb_categorical_features": 0,
    "ratio_numeric_categorical_features": 0.0,
    "ratio_categorical_numeric_features": 0.0,
    "mean__target": 0.0,
    "stdev__target": 0.9979979991912842,
    "min__target": -2.677699565887451,
    "q1__target": -0.699732095003128,
    "median__target": -0.05842469446361065,
    "q3__target": 0.7146602123975754,
    "max__target": 2.86449933052063,
    "mean_mean_numeric_features": -1.6784330869601405e-11,
    "stdev_mean_numeric_features": 1.316550313212872e-09,
    "min_mean_numeric_features": -4.917600104903386e-09,
    "q1_mean_numeric_features": -6.441999711448432e-10,
    "median_mean_numeric_features": 2.4400000249447107e-11,
    "q3_mean_numeric_features": 7.720000055888576e-10,
    "max_mean_numeric_features": 2.691999956283553e-09,
    "mean_stdev_numeric_features": 1.0,
    "stdev_stdev_numeric_features": 0.0,
    "min_stdev_numeric_features": 1.0,
    "q1_stdev_numeric_features": 1.0,
    "median_stdev_numeric_features": 1.0,
    "q3_stdev_numeric_features": 1.0,
    "max_stdev_numeric_features": 1.0,
    "mean_var_numeric_features": 1.0,
    "stdev_var_numeric_features": 0.0,
    "min_var_numeric_features": 1.0,
    "q1_var_numeric_features": 1.0,
    "median_var_numeric_features": 1.0,
    "q3_var_numeric_features": 1.0,
    "max_var_numeric_features": 1.0,
    "mean_min_numeric_features": -1.725284457206726,
    "stdev_min_numeric_features": 0.07873652875423431,
    "min_min_numeric_features": -1.9164844751358032,
    "q1_min_numeric_features": -1.7538937330245972,
    "median_min_numeric_features": -1.717147946357727,
    "q3_min_numeric_features": -1.6753086149692535,
    "max_min_numeric_features": -1.5800975561141968,
    "mean_median_numeric_features": -0.010477369651198387,
    "stdev_median_numeric_features": 0.05682804435491562,
    "min_median_numeric_features": -0.1507207602262497,
    "q1_median_numeric_features": -0.052706181071698666,
    "median_median_numeric_features": -0.007888966938480735,
    "q3_median_numeric_features": 0.022064988035708666,
    "max_median_numeric_features": 0.12880301475524902,
    "mean_max_numeric_features": 1.7347054481506348,
    "stdev_max_numeric_features": 0.07983428984880447,
    "min_max_numeric_features": 1.575398564338684,
    "q1_max_numeric_features": 1.6847375929355621,
    "median_max_numeric_features": 1.7318761944770813,
    "q3_max_numeric_features": 1.7858360707759857,
    "max_max_numeric_features": 1.8838690519332886,
    "pca_1": 0.0382023949594347,
    "pca_2": 0.03655976402287992,
    "pca_3": 0.03549959961468044,
    "mean_cov_numeric_features": 0.033185895532369614,
    "stdev_cov_numeric_features": 0.12631431221961975,
    "min_cov_numeric_features": -0.1312698870897293,
    "q1_cov_numeric_features": -0.032066306099295616,
    "median_cov_numeric_features": -0.0016814921982586384,
    "q3_cov_numeric_features": 0.05165232252329588,
    "max_cov_numeric_features": 0.5753961205482483,
    "mean_entropy_categorical_features": NaN,
    "stdev_entropy_categorical_features": NaN,
    "min_entropy_categorical_features": NaN,
    "median_entropy_categorical_features": NaN,
    "max_entropy_categorical_features": NaN,
    "knn_5_mse": 0.7830836562891039,
    "knn_5_mae": 0.7085307293456976,
    "knn_5_r2": 0.20166214204363847,
    "decision_tree_3_mse": 0.4862658525405611,
    "decision_tree_3_mae": 0.5654143706801381,
    "decision_tree_3_r2": 0.488473957282022,
    "decision_tree_1_mse": 0.7428640972947961,
    "decision_tree_1_mae": 0.6922779218001174,
    "decision_tree_1_r2": 0.2507169086363991,
    "random_tree_2_mse": 0.662980639517365,
    "random_tree_2_mae": 0.6420955306736145,
    "random_tree_2_r2": 0.3231218313424715,
    "mean_correlation_features_target": 0.033185895532369614,
    "stdev_correlation_features_target": 0.12631431221961975,
    "min_correlation_features_target": -0.1312698870897293,
    "q1_correlation_features_target": -0.032066306099295616,
    "median_correlation_features_target": -0.0016814921982586384,
    "q3_correlation_features_target": 0.05165232252329588,
    "max_correlation_features_target": 0.5753961205482483
}