{
    "nb_instances": 250,
    "log_nb_instances": 5.521460917862246,
    "nb_features": 25,
    "dataset_dimensionality": 10.0,
    "log_dataset_dimensionality": 2.302585092994046,
    "dataset_ratio": 0.1,
    "nb_missing_vals": 0,
    "ratio_features_with_missing_vals": 0.0,
    "ratio_instances_with_missing_vals": 0.0,
    "nb_numeric_features": 25,
    "nb_categorical_features": 0,
    "ratio_numeric_categorical_features": 0.0,
    "ratio_categorical_numeric_features": 0.0,
    "mean__target": 3.814697446813398e-09,
    "stdev__target": 0.9979979991912842,
    "min__target": -2.3547794818878174,
    "q1__target": -0.6338170319795609,
    "median__target": 0.21802011132240295,
    "q3__target": 0.7993704378604889,
    "max__target": 2.2234885692596436,
    "mean_mean_numeric_features": 2.1643194181297787e-11,
    "stdev_mean_numeric_features": 1.1934970789440058e-09,
    "min_mean_numeric_features": -2.524600084541362e-09,
    "q1_mean_numeric_features": -4.2480000073119584e-10,
    "median_mean_numeric_features": 1.568400131990444e-10,
    "q3_mean_numeric_features": 6.320000078829935e-10,
    "max_mean_numeric_features": 2.5644000256619393e-09,
    "mean_stdev_numeric_features": 1.0,
    "stdev_stdev_numeric_features": 0.0,
    "min_stdev_numeric_features": 1.0,
    "q1_stdev_numeric_features": 1.0,
    "median_stdev_numeric_features": 1.0,
    "q3_stdev_numeric_features": 1.0,
    "max_stdev_numeric_features": 1.0,
    "mean_var_numeric_features": 1.0,
    "stdev_var_numeric_features": 0.0,
    "min_var_numeric_features": 1.0,
    "q1_var_numeric_features": 1.0,
    "median_var_numeric_features": 1.0,
    "q3_var_numeric_features": 1.0,
    "max_var_numeric_features": 1.0,
    "mean_min_numeric_features": -1.7486813068389893,
    "stdev_min_numeric_features": 0.1856594979763031,
    "min_min_numeric_features": -2.501387596130371,
    "q1_min_numeric_features": -1.7699544429779053,
    "median_min_numeric_features": -1.7406890392303467,
    "q3_min_numeric_features": -1.6598443984985352,
    "max_min_numeric_features": -1.5073521137237549,
    "mean_median_numeric_features": 0.0008772131986916065,
    "stdev_median_numeric_features": 0.08668916672468185,
    "min_median_numeric_features": -0.22292861342430115,
    "q1_median_numeric_features": -0.0459156334400177,
    "median_median_numeric_features": -0.01342206820845604,
    "q3_median_numeric_features": 0.048749830573797226,
    "max_median_numeric_features": 0.1700604110956192,
    "mean_max_numeric_features": 1.7857688665390015,
    "stdev_max_numeric_features": 0.2566390037536621,
    "min_max_numeric_features": 1.5424976348876953,
    "q1_max_numeric_features": 1.6696720123291016,
    "median_max_numeric_features": 1.729942798614502,
    "q3_max_numeric_features": 1.8010108470916748,
    "max_max_numeric_features": 2.9248294830322266,
    "pca_1": 0.10551407775579652,
    "pca_2": 0.06646052875106617,
    "pca_3": 0.05931502714104637,
    "mean_cov_numeric_features": -0.04860960319638252,
    "stdev_cov_numeric_features": 0.14285817742347717,
    "min_cov_numeric_features": -0.4252232015132904,
    "q1_cov_numeric_features": -0.0674315094947815,
    "median_cov_numeric_features": -0.03981199488043785,
    "q3_cov_numeric_features": 0.0037295834627002478,
    "max_cov_numeric_features": 0.2693577706813812,
    "mean_entropy_categorical_features": NaN,
    "stdev_entropy_categorical_features": NaN,
    "min_entropy_categorical_features": NaN,
    "median_entropy_categorical_features": NaN,
    "max_entropy_categorical_features": NaN,
    "knn_5_mse": 0.8080424077358981,
    "knn_5_mae": 0.73689341072675,
    "knn_5_r2": 0.1891079135067562,
    "decision_tree_3_mse": 0.5141179745643355,
    "decision_tree_3_mae": 0.555222108417173,
    "decision_tree_3_r2": 0.46226735382853423,
    "decision_tree_1_mse": 0.6379797028523714,
    "decision_tree_1_mae": 0.6333161663046036,
    "decision_tree_1_r2": 0.35143419368626505,
    "random_tree_2_mse": 0.5925090683682829,
    "random_tree_2_mae": 0.6110178260880199,
    "random_tree_2_r2": 0.4080644460257159,
    "mean_correlation_features_target": -0.04860960319638252,
    "stdev_correlation_features_target": 0.14285817742347717,
    "min_correlation_features_target": -0.4252232015132904,
    "q1_correlation_features_target": -0.0674315094947815,
    "median_correlation_features_target": -0.03981199488043785,
    "q3_correlation_features_target": 0.0037295834627002478,
    "max_correlation_features_target": 0.2693577706813812
}