{
    "nb_instances": 1000,
    "log_nb_instances": 6.907755278982137,
    "nb_features": 10,
    "dataset_dimensionality": 100.0,
    "log_dataset_dimensionality": 4.605170185988092,
    "dataset_ratio": 0.01,
    "nb_missing_vals": 0,
    "ratio_features_with_missing_vals": 0.0,
    "ratio_instances_with_missing_vals": 0.0,
    "nb_numeric_features": 10,
    "nb_categorical_features": 0,
    "ratio_numeric_categorical_features": 0.0,
    "ratio_categorical_numeric_features": 0.0,
    "mean__target": 0.0,
    "stdev__target": 0.9994998574256897,
    "min__target": -2.641596794128418,
    "q1__target": -0.7113724946975708,
    "median__target": 0.21041516214609146,
    "q3__target": 0.7663364261388779,
    "max__target": 2.337723970413208,
    "mean_mean_numeric_features": 7.692996413510844e-12,
    "stdev_mean_numeric_features": 5.970401950605719e-10,
    "min_mean_numeric_features": -8.257299843883459e-10,
    "q1_mean_numeric_features": -5.775350336856278e-10,
    "median_mean_numeric_features": 3.854985775042508e-12,
    "q3_mean_numeric_features": 6.267249774705164e-10,
    "max_mean_numeric_features": 7.293000092722934e-10,
    "mean_stdev_numeric_features": 1.0,
    "stdev_stdev_numeric_features": 0.0,
    "min_stdev_numeric_features": 1.0,
    "q1_stdev_numeric_features": 1.0,
    "median_stdev_numeric_features": 1.0,
    "q3_stdev_numeric_features": 1.0,
    "max_stdev_numeric_features": 1.0,
    "mean_var_numeric_features": 1.0,
    "stdev_var_numeric_features": 0.0,
    "min_var_numeric_features": 1.0,
    "q1_var_numeric_features": 1.0,
    "median_var_numeric_features": 1.0,
    "q3_var_numeric_features": 1.0,
    "max_var_numeric_features": 1.0,
    "mean_min_numeric_features": -1.8261568546295166,
    "stdev_min_numeric_features": 0.18308976292610168,
    "min_min_numeric_features": -2.202409267425537,
    "q1_min_numeric_features": -1.809141993522644,
    "median_min_numeric_features": -1.747111737728119,
    "q3_min_numeric_features": -1.705710619688034,
    "max_min_numeric_features": -1.6706713438034058,
    "mean_median_numeric_features": -0.02712271548807621,
    "stdev_median_numeric_features": 0.060135141015052795,
    "min_median_numeric_features": -0.18393734097480774,
    "q1_median_numeric_features": -0.03718251548707485,
    "median_median_numeric_features": -0.02181162778288126,
    "q3_median_numeric_features": 0.012243141420185566,
    "max_median_numeric_features": 0.041972819715738297,
    "mean_max_numeric_features": 1.980775237083435,
    "stdev_max_numeric_features": 0.6030625104904175,
    "min_max_numeric_features": 1.6774529218673706,
    "q1_max_numeric_features": 1.6997477412223816,
    "median_max_numeric_features": 1.7381631135940552,
    "q3_max_numeric_features": 1.7957317531108856,
    "max_max_numeric_features": 3.726860284805298,
    "pca_1": 0.2405783555606849,
    "pca_2": 0.12867690728850525,
    "pca_3": 0.1068295328502811,
    "mean_cov_numeric_features": -0.055777281522750854,
    "stdev_cov_numeric_features": 0.21138271689414978,
    "min_cov_numeric_features": -0.4425883889198303,
    "q1_cov_numeric_features": -0.17002870561555028,
    "median_cov_numeric_features": 0.005970594706013799,
    "q3_cov_numeric_features": 0.024418769404292107,
    "max_cov_numeric_features": 0.24011832475662231,
    "mean_entropy_categorical_features": NaN,
    "stdev_entropy_categorical_features": NaN,
    "min_entropy_categorical_features": NaN,
    "median_entropy_categorical_features": NaN,
    "max_entropy_categorical_features": NaN,
    "knn_5_mse": 0.4364778863804079,
    "knn_5_mae": 0.51361272365148,
    "knn_5_r2": 0.55648526497343,
    "decision_tree_3_mse": 0.35252825457768394,
    "decision_tree_3_mae": 0.4578848463864738,
    "decision_tree_3_r2": 0.6473693657579983,
    "decision_tree_1_mse": 0.5986963742635607,
    "decision_tree_1_mae": 0.6186346844918009,
    "decision_tree_1_r2": 0.40074101151463537,
    "random_tree_2_mse": 0.5764558583921573,
    "random_tree_2_mae": 0.5987690210792084,
    "random_tree_2_r2": 0.4172127497995177,
    "mean_correlation_features_target": -0.055777281522750854,
    "stdev_correlation_features_target": 0.21138271689414978,
    "min_correlation_features_target": -0.4425883889198303,
    "q1_correlation_features_target": -0.17002870561555028,
    "median_correlation_features_target": 0.005970594706013799,
    "q3_correlation_features_target": 0.024418769404292107,
    "max_correlation_features_target": 0.24011832475662231
}