{
    "nb_instances": 1000,
    "log_nb_instances": 6.907755278982137,
    "nb_features": 50,
    "dataset_dimensionality": 20.0,
    "log_dataset_dimensionality": 2.995732273553991,
    "dataset_ratio": 0.05,
    "nb_missing_vals": 0,
    "ratio_features_with_missing_vals": 0.0,
    "ratio_instances_with_missing_vals": 0.0,
    "nb_numeric_features": 50,
    "nb_categorical_features": 0,
    "ratio_numeric_categorical_features": 0.0,
    "ratio_categorical_numeric_features": 0.0,
    "mean__target": 1.907348723406699e-09,
    "stdev__target": 0.9994998574256897,
    "min__target": -2.4431416988372803,
    "q1__target": -0.6015271842479706,
    "median__target": 0.1294938623905182,
    "q3__target": 0.6668481826782227,
    "max__target": 4.3771562576293945,
    "mean_mean_numeric_features": 2.2941688479494182e-11,
    "stdev_mean_numeric_features": 4.457668678625737e-10,
    "min_mean_numeric_features": -9.631100361673361e-10,
    "q1_mean_numeric_features": -2.58212992654272e-10,
    "median_mean_numeric_features": 6.4600004165416e-11,
    "q3_mean_numeric_features": 2.7385500117604877e-10,
    "max_mean_numeric_features": 1.0638000480511778e-09,
    "mean_stdev_numeric_features": 1.0,
    "stdev_stdev_numeric_features": 0.0,
    "min_stdev_numeric_features": 1.0,
    "q1_stdev_numeric_features": 1.0,
    "median_stdev_numeric_features": 1.0,
    "q3_stdev_numeric_features": 1.0,
    "max_stdev_numeric_features": 1.0,
    "mean_var_numeric_features": 1.0,
    "stdev_var_numeric_features": 0.0,
    "min_var_numeric_features": 1.0,
    "q1_var_numeric_features": 1.0,
    "median_var_numeric_features": 1.0,
    "q3_var_numeric_features": 1.0,
    "max_var_numeric_features": 1.0,
    "mean_min_numeric_features": -1.7609367370605469,
    "stdev_min_numeric_features": 0.11022138595581055,
    "min_min_numeric_features": -2.440295934677124,
    "q1_min_numeric_features": -1.7632479071617126,
    "median_min_numeric_features": -1.7405255436897278,
    "q3_min_numeric_features": -1.7198602557182312,
    "max_min_numeric_features": -1.6576908826828003,
    "mean_median_numeric_features": -0.008781950920820236,
    "stdev_median_numeric_features": 0.059467170387506485,
    "min_median_numeric_features": -0.30445417761802673,
    "q1_median_numeric_features": -0.01548187481239438,
    "median_median_numeric_features": -0.00011346902465447783,
    "q3_median_numeric_features": 0.02069489425048232,
    "max_median_numeric_features": 0.06977582722902298,
    "mean_max_numeric_features": 1.875604271888733,
    "stdev_max_numeric_features": 0.5500621199607849,
    "min_max_numeric_features": 1.6589714288711548,
    "q1_max_numeric_features": 1.702440768480301,
    "median_max_numeric_features": 1.7333687543869019,
    "q3_max_numeric_features": 1.7586218118667603,
    "max_max_numeric_features": 4.583224296569824,
    "pca_1": 0.06624688652710722,
    "pca_2": 0.03800426737933093,
    "pca_3": 0.030137728266193636,
    "mean_cov_numeric_features": 0.011356380768120289,
    "stdev_cov_numeric_features": 0.08373595029115677,
    "min_cov_numeric_features": -0.22267559170722961,
    "q1_cov_numeric_features": -0.020931614097207785,
    "median_cov_numeric_features": 0.003133445745334029,
    "q3_cov_numeric_features": 0.03262052219361067,
    "max_cov_numeric_features": 0.42403268814086914,
    "mean_entropy_categorical_features": NaN,
    "stdev_entropy_categorical_features": NaN,
    "min_entropy_categorical_features": NaN,
    "median_entropy_categorical_features": NaN,
    "max_entropy_categorical_features": NaN,
    "knn_5_mse": 0.8557194708708915,
    "knn_5_mae": 0.73443901127745,
    "knn_5_r2": 0.13753470747297925,
    "decision_tree_3_mse": 0.4447678421692572,
    "decision_tree_3_mae": 0.4988942311711614,
    "decision_tree_3_r2": 0.5524981197468417,
    "decision_tree_1_mse": 0.864206245858639,
    "decision_tree_1_mae": 0.7188371597482769,
    "decision_tree_1_r2": 0.1361611302506709,
    "random_tree_2_mse": 0.8849064879522038,
    "random_tree_2_mae": 0.7445006224283869,
    "random_tree_2_r2": 0.10686671821578173,
    "mean_correlation_features_target": 0.011356380768120289,
    "stdev_correlation_features_target": 0.08373595029115677,
    "min_correlation_features_target": -0.22267559170722961,
    "q1_correlation_features_target": -0.020931614097207785,
    "median_correlation_features_target": 0.003133445745334029,
    "q3_correlation_features_target": 0.03262052219361067,
    "max_correlation_features_target": 0.42403268814086914
}