{
    "nb_instances": 1000,
    "log_nb_instances": 6.907755278982137,
    "nb_features": 5,
    "dataset_dimensionality": 200.0,
    "log_dataset_dimensionality": 5.298317366548036,
    "dataset_ratio": 0.005,
    "nb_missing_vals": 0,
    "ratio_features_with_missing_vals": 0.0,
    "ratio_instances_with_missing_vals": 0.0,
    "nb_numeric_features": 5,
    "nb_categorical_features": 0,
    "ratio_numeric_categorical_features": 0.0,
    "ratio_categorical_numeric_features": 0.0,
    "mean__target": -3.814697446813398e-09,
    "stdev__target": 0.9994998574256897,
    "min__target": -2.7584428787231445,
    "q1__target": -0.6839118897914886,
    "median__target": -0.008394900243729353,
    "q3__target": 0.7275737971067429,
    "max__target": 2.4107108116149902,
    "mean_mean_numeric_features": -2.985040270520045e-10,
    "stdev_mean_numeric_features": 5.015352022574859e-10,
    "min_mean_numeric_features": -1.0624000568171255e-09,
    "q1_mean_numeric_features": -4.6515996610096977e-10,
    "median_mean_numeric_features": -2.6249999396377177e-10,
    "q3_mean_numeric_features": -2.0120999311146193e-10,
    "max_mean_numeric_features": 4.987499857556088e-10,
    "mean_stdev_numeric_features": 1.0,
    "stdev_stdev_numeric_features": 0.0,
    "min_stdev_numeric_features": 1.0,
    "q1_stdev_numeric_features": 1.0,
    "median_stdev_numeric_features": 1.0,
    "q3_stdev_numeric_features": 1.0,
    "max_stdev_numeric_features": 1.0,
    "mean_var_numeric_features": 1.0,
    "stdev_var_numeric_features": 0.0,
    "min_var_numeric_features": 1.0,
    "q1_var_numeric_features": 1.0,
    "median_var_numeric_features": 1.0,
    "q3_var_numeric_features": 1.0,
    "max_var_numeric_features": 1.0,
    "mean_min_numeric_features": -1.7072480916976929,
    "stdev_min_numeric_features": 0.025056859478354454,
    "min_min_numeric_features": -1.7402112483978271,
    "q1_min_numeric_features": -1.7228763103485107,
    "median_min_numeric_features": -1.7047847509384155,
    "q3_min_numeric_features": -1.7034000158309937,
    "max_min_numeric_features": -1.664968729019165,
    "mean_median_numeric_features": 0.003958825021982193,
    "stdev_median_numeric_features": 0.03093744069337845,
    "min_median_numeric_features": -0.02743876725435257,
    "q1_median_numeric_features": -0.010016304440796375,
    "median_median_numeric_features": -0.007761644199490547,
    "q3_median_numeric_features": 0.002195952693000436,
    "max_median_numeric_features": 0.06281488388776779,
    "mean_max_numeric_features": 1.7430301904678345,
    "stdev_max_numeric_features": 0.02024080790579319,
    "min_max_numeric_features": 1.7184431552886963,
    "q1_max_numeric_features": 1.7270536422729492,
    "median_max_numeric_features": 1.739456057548523,
    "q3_max_numeric_features": 1.7550526857376099,
    "max_max_numeric_features": 1.7751450538635254,
    "pca_1": 0.21546360481951876,
    "pca_2": 0.20747994921214688,
    "pca_3": 0.20152044317991072,
    "mean_cov_numeric_features": 0.3212125897407532,
    "stdev_cov_numeric_features": 0.197768434882164,
    "min_cov_numeric_features": -0.02850857749581337,
    "q1_cov_numeric_features": 0.30385565757751465,
    "median_cov_numeric_features": 0.36771151423454285,
    "q3_cov_numeric_features": 0.38299334049224854,
    "max_cov_numeric_features": 0.5800109505653381,
    "mean_entropy_categorical_features": NaN,
    "stdev_entropy_categorical_features": NaN,
    "min_entropy_categorical_features": NaN,
    "median_entropy_categorical_features": NaN,
    "max_entropy_categorical_features": NaN,
    "knn_5_mse": 0.12332377805497767,
    "knn_5_mae": 0.27893021129242,
    "knn_5_r2": 0.8759631996628625,
    "decision_tree_3_mse": 0.45636525000491696,
    "decision_tree_3_mae": 0.5397845647333488,
    "decision_tree_3_r2": 0.5413532423340842,
    "decision_tree_1_mse": 0.7686488200244778,
    "decision_tree_1_mae": 0.7249416712660153,
    "decision_tree_1_r2": 0.2244353049518796,
    "random_tree_2_mse": 0.6309451319770051,
    "random_tree_2_mae": 0.6485696992263315,
    "random_tree_2_r2": 0.3648569061310555,
    "mean_correlation_features_target": 0.3212125897407532,
    "stdev_correlation_features_target": 0.197768434882164,
    "min_correlation_features_target": -0.02850857749581337,
    "q1_correlation_features_target": 0.30385565757751465,
    "median_correlation_features_target": 0.36771151423454285,
    "q3_correlation_features_target": 0.38299334049224854,
    "max_correlation_features_target": 0.5800109505653381
}