{
    "nb_instances": 500,
    "log_nb_instances": 6.214608098422191,
    "nb_features": 100,
    "dataset_dimensionality": 5.0,
    "log_dataset_dimensionality": 1.6094379124341003,
    "dataset_ratio": 0.2,
    "nb_missing_vals": 0,
    "ratio_features_with_missing_vals": 0.0,
    "ratio_instances_with_missing_vals": 0.0,
    "nb_numeric_features": 100,
    "nb_categorical_features": 0,
    "ratio_numeric_categorical_features": 0.0,
    "ratio_categorical_numeric_features": 0.0,
    "mean__target": 2.8610229740877458e-09,
    "stdev__target": 0.9989995360374451,
    "min__target": -2.547316074371338,
    "q1__target": -0.634653702378273,
    "median__target": 0.17080508917570114,
    "q3__target": 0.7173141688108444,
    "max__target": 4.121532440185547,
    "mean_mean_numeric_features": 1.2679523229974787e-11,
    "stdev_mean_numeric_features": 8.279146812562033e-10,
    "min_mean_numeric_features": -2.0648600607131584e-09,
    "q1_mean_numeric_features": -4.782000073699777e-10,
    "median_mean_numeric_features": -2.823400194196246e-11,
    "q3_mean_numeric_features": 5.064000191401519e-10,
    "max_mean_numeric_features": 2.354199946097424e-09,
    "mean_stdev_numeric_features": 1.0,
    "stdev_stdev_numeric_features": 0.0,
    "min_stdev_numeric_features": 1.0,
    "q1_stdev_numeric_features": 1.0,
    "median_stdev_numeric_features": 1.0,
    "q3_stdev_numeric_features": 1.0,
    "max_stdev_numeric_features": 1.0,
    "mean_var_numeric_features": 1.0,
    "stdev_var_numeric_features": 0.0,
    "min_var_numeric_features": 1.0,
    "q1_var_numeric_features": 1.0,
    "median_var_numeric_features": 1.0,
    "q3_var_numeric_features": 1.0,
    "max_var_numeric_features": 1.0,
    "mean_min_numeric_features": -1.7334998846054077,
    "stdev_min_numeric_features": 0.10419431328773499,
    "min_min_numeric_features": -2.3124027252197266,
    "q1_min_numeric_features": -1.7520457804203033,
    "median_min_numeric_features": -1.7241637110710144,
    "q3_min_numeric_features": -1.6824861466884613,
    "max_min_numeric_features": -1.573994755744934,
    "mean_median_numeric_features": -0.011261983774602413,
    "stdev_median_numeric_features": 0.05555467680096626,
    "min_median_numeric_features": -0.3272572457790375,
    "q1_median_numeric_features": -0.03336629644036293,
    "median_median_numeric_features": -0.013056625612080097,
    "q3_median_numeric_features": 0.017577398102730513,
    "max_median_numeric_features": 0.10047552734613419,
    "mean_max_numeric_features": 1.8059539794921875,
    "stdev_max_numeric_features": 0.4182198941707611,
    "min_max_numeric_features": 1.5892424583435059,
    "q1_max_numeric_features": 1.6913447082042694,
    "median_max_numeric_features": 1.7331061959266663,
    "q3_max_numeric_features": 1.770523577928543,
    "max_max_numeric_features": 4.890089511871338,
    "pca_1": 0.033399562354373094,
    "pca_2": 0.022001096154460536,
    "pca_3": 0.01971363319779245,
    "mean_cov_numeric_features": -0.0017314115539193153,
    "stdev_cov_numeric_features": 0.0720941498875618,
    "min_cov_numeric_features": -0.2825506627559662,
    "q1_cov_numeric_features": -0.03441305458545685,
    "median_cov_numeric_features": -0.004520771559327841,
    "q3_cov_numeric_features": 0.028603327926248312,
    "max_cov_numeric_features": 0.42627695202827454,
    "mean_entropy_categorical_features": NaN,
    "stdev_entropy_categorical_features": NaN,
    "min_entropy_categorical_features": NaN,
    "median_entropy_categorical_features": NaN,
    "max_entropy_categorical_features": NaN,
    "knn_5_mse": 1.0974141830377957,
    "knn_5_mae": 0.8212695049478,
    "knn_5_r2": -0.11384256475380117,
    "decision_tree_3_mse": 0.4463531313245408,
    "decision_tree_3_mae": 0.4997713890199057,
    "decision_tree_3_r2": 0.5506097333204667,
    "decision_tree_1_mse": 0.7481511207561871,
    "decision_tree_1_mae": 0.6521414954223632,
    "decision_tree_1_r2": 0.24515782390957847,
    "random_tree_2_mse": 0.6764258645325603,
    "random_tree_2_mae": 0.6395832068370683,
    "random_tree_2_r2": 0.3176061582715813,
    "mean_correlation_features_target": -0.0017314115539193153,
    "stdev_correlation_features_target": 0.0720941498875618,
    "min_correlation_features_target": -0.2825506627559662,
    "q1_correlation_features_target": -0.03441305458545685,
    "median_correlation_features_target": -0.004520771559327841,
    "q3_correlation_features_target": 0.028603327926248312,
    "max_correlation_features_target": 0.42627695202827454
}