{
    "nb_instances": 1000,
    "log_nb_instances": 6.907755278982137,
    "nb_features": 5,
    "dataset_dimensionality": 200.0,
    "log_dataset_dimensionality": 5.298317366548036,
    "dataset_ratio": 0.005,
    "nb_missing_vals": 0,
    "ratio_features_with_missing_vals": 0.0,
    "ratio_instances_with_missing_vals": 0.0,
    "nb_numeric_features": 5,
    "nb_categorical_features": 0,
    "ratio_numeric_categorical_features": 0.0,
    "ratio_categorical_numeric_features": 0.0,
    "mean__target": 0.0,
    "stdev__target": 0.9994998574256897,
    "min__target": -2.7279725074768066,
    "q1__target": -0.6876930147409439,
    "median__target": 0.13053229451179504,
    "q3__target": 0.7683034539222717,
    "max__target": 2.5458414554595947,
    "mean_mean_numeric_features": -1.9328079414737687e-10,
    "stdev_mean_numeric_features": 6.274199493283561e-10,
    "min_mean_numeric_features": -9.306599935143822e-10,
    "q1_mean_numeric_features": -8.875999935042955e-10,
    "median_mean_numeric_features": 4.820600862931457e-11,
    "q3_mean_numeric_features": 1.053000325823561e-10,
    "max_mean_numeric_features": 6.983500444590618e-10,
    "mean_stdev_numeric_features": 1.0,
    "stdev_stdev_numeric_features": 0.0,
    "min_stdev_numeric_features": 1.0,
    "q1_stdev_numeric_features": 1.0,
    "median_stdev_numeric_features": 1.0,
    "q3_stdev_numeric_features": 1.0,
    "max_stdev_numeric_features": 1.0,
    "mean_var_numeric_features": 1.0,
    "stdev_var_numeric_features": 0.0,
    "min_var_numeric_features": 1.0,
    "q1_var_numeric_features": 1.0,
    "median_var_numeric_features": 1.0,
    "q3_var_numeric_features": 1.0,
    "max_var_numeric_features": 1.0,
    "mean_min_numeric_features": -1.8403218984603882,
    "stdev_min_numeric_features": 0.24159954488277435,
    "min_min_numeric_features": -2.3212990760803223,
    "q1_min_numeric_features": -1.7634522914886475,
    "median_min_numeric_features": -1.7151861190795898,
    "q3_min_numeric_features": -1.7048542499542236,
    "max_min_numeric_features": -1.6968183517456055,
    "mean_median_numeric_features": -0.012803839519619942,
    "stdev_median_numeric_features": 0.0188222024589777,
    "min_median_numeric_features": -0.02860492654144764,
    "q1_median_numeric_features": -0.028313854709267616,
    "median_median_numeric_features": -0.016134394332766533,
    "q3_median_numeric_features": -0.013786382041871548,
    "max_median_numeric_features": 0.022820360958576202,
    "mean_max_numeric_features": 1.8476310968399048,
    "stdev_max_numeric_features": 0.21971435844898224,
    "min_max_numeric_features": 1.7082360982894897,
    "q1_max_numeric_features": 1.7378325462341309,
    "median_max_numeric_features": 1.7417409420013428,
    "q3_max_numeric_features": 1.7647590637207031,
    "max_max_numeric_features": 2.285586357116699,
    "pca_1": 0.3976543570698638,
    "pca_2": 0.21425655017596404,
    "pca_3": 0.2038537919287379,
    "mean_cov_numeric_features": 0.018122592940926552,
    "stdev_cov_numeric_features": 0.26234057545661926,
    "min_cov_numeric_features": -0.3070920705795288,
    "q1_cov_numeric_features": -0.24801991879940033,
    "median_cov_numeric_features": 0.04931418597698212,
    "q3_cov_numeric_features": 0.22874011099338531,
    "max_cov_numeric_features": 0.3676706552505493,
    "mean_entropy_categorical_features": NaN,
    "stdev_entropy_categorical_features": NaN,
    "min_entropy_categorical_features": NaN,
    "median_entropy_categorical_features": NaN,
    "max_entropy_categorical_features": NaN,
    "knn_5_mse": 0.14739577869399118,
    "knn_5_mae": 0.28649261183386,
    "knn_5_r2": 0.8519242490094904,
    "decision_tree_3_mse": 0.3827239767820678,
    "decision_tree_3_mae": 0.48296907685648877,
    "decision_tree_3_r2": 0.6167025902360233,
    "decision_tree_1_mse": 0.7289627185797379,
    "decision_tree_1_mae": 0.7001890792967451,
    "decision_tree_1_r2": 0.26800868709177866,
    "random_tree_2_mse": 0.6838867374927803,
    "random_tree_2_mae": 0.6554791052800173,
    "random_tree_2_r2": 0.304911089258727,
    "mean_correlation_features_target": 0.018122592940926552,
    "stdev_correlation_features_target": 0.26234057545661926,
    "min_correlation_features_target": -0.3070920705795288,
    "q1_correlation_features_target": -0.24801991879940033,
    "median_correlation_features_target": 0.04931418597698212,
    "q3_correlation_features_target": 0.22874011099338531,
    "max_correlation_features_target": 0.3676706552505493
}