{
    "nb_instances": 250,
    "log_nb_instances": 5.521460917862246,
    "nb_features": 5,
    "dataset_dimensionality": 50.0,
    "log_dataset_dimensionality": 3.912023005428146,
    "dataset_ratio": 0.02,
    "nb_missing_vals": 0,
    "ratio_features_with_missing_vals": 0.0,
    "ratio_instances_with_missing_vals": 0.0,
    "nb_numeric_features": 5,
    "nb_categorical_features": 0,
    "ratio_numeric_categorical_features": 0.0,
    "ratio_categorical_numeric_features": 0.0,
    "mean__target": 3.814697446813398e-09,
    "stdev__target": 0.9979979991912842,
    "min__target": -2.5577125549316406,
    "q1__target": -0.517364889383316,
    "median__target": 0.13080790638923645,
    "q3__target": 0.6914632320404053,
    "max__target": 2.9239602088928223,
    "mean_mean_numeric_features": -1.1591198834093319e-10,
    "stdev_mean_numeric_features": 1.2539592697535795e-09,
    "min_mean_numeric_features": -1.1616000383796177e-09,
    "q1_mean_numeric_features": -1.0163999641932264e-09,
    "median_mean_numeric_features": -5.756000120982208e-10,
    "q3_mean_numeric_features": -1.0719999887776055e-10,
    "max_mean_numeric_features": 2.2812400857219473e-09,
    "mean_stdev_numeric_features": 1.0,
    "stdev_stdev_numeric_features": 0.0,
    "min_stdev_numeric_features": 1.0,
    "q1_stdev_numeric_features": 1.0,
    "median_stdev_numeric_features": 1.0,
    "q3_stdev_numeric_features": 1.0,
    "max_stdev_numeric_features": 1.0,
    "mean_var_numeric_features": 1.0,
    "stdev_var_numeric_features": 0.0,
    "min_var_numeric_features": 1.0,
    "q1_var_numeric_features": 1.0,
    "median_var_numeric_features": 1.0,
    "q3_var_numeric_features": 1.0,
    "max_var_numeric_features": 1.0,
    "mean_min_numeric_features": -1.850500464439392,
    "stdev_min_numeric_features": 0.18336673080921173,
    "min_min_numeric_features": -2.099318265914917,
    "q1_min_numeric_features": -1.9108428955078125,
    "median_min_numeric_features": -1.8596887588500977,
    "q3_min_numeric_features": -1.8522732257843018,
    "max_min_numeric_features": -1.530379056930542,
    "mean_median_numeric_features": -0.11692448705434799,
    "stdev_median_numeric_features": 0.1088983565568924,
    "min_median_numeric_features": -0.2836068570613861,
    "q1_median_numeric_features": -0.190590038895607,
    "median_median_numeric_features": -0.10422637313604355,
    "q3_median_numeric_features": -0.005464022047817707,
    "max_median_numeric_features": -0.0007351508247666061,
    "mean_max_numeric_features": 2.5891525745391846,
    "stdev_max_numeric_features": 0.9399318099021912,
    "min_max_numeric_features": 1.690783143043518,
    "q1_max_numeric_features": 1.789543867111206,
    "median_max_numeric_features": 2.1265289783477783,
    "q3_max_numeric_features": 3.209672451019287,
    "max_max_numeric_features": 4.129234313964844,
    "pca_1": 0.646023815167459,
    "pca_2": 0.272397020489042,
    "pca_3": 0.048819084144300855,
    "mean_cov_numeric_features": 0.06449149549007416,
    "stdev_cov_numeric_features": 0.26846376061439514,
    "min_cov_numeric_features": -0.2677086591720581,
    "q1_cov_numeric_features": -0.16599082946777344,
    "median_cov_numeric_features": 0.12478658556938171,
    "q3_cov_numeric_features": 0.13258299231529236,
    "max_cov_numeric_features": 0.49878737330436707,
    "mean_entropy_categorical_features": NaN,
    "stdev_entropy_categorical_features": NaN,
    "min_entropy_categorical_features": NaN,
    "median_entropy_categorical_features": NaN,
    "max_entropy_categorical_features": NaN,
    "knn_5_mse": 0.18878001085593776,
    "knn_5_mae": 0.3305656230818753,
    "knn_5_r2": 0.8070401570456489,
    "decision_tree_3_mse": 0.4742781650809748,
    "decision_tree_3_mae": 0.5165227422014975,
    "decision_tree_3_r2": 0.5052875592081183,
    "decision_tree_1_mse": 0.8657460254102878,
    "decision_tree_1_mae": 0.736541644670393,
    "decision_tree_1_r2": 0.12489654583847873,
    "random_tree_2_mse": 0.7895369086729922,
    "random_tree_2_mae": 0.6892956477718153,
    "random_tree_2_r2": 0.20800244403142673,
    "mean_correlation_features_target": 0.06449149549007416,
    "stdev_correlation_features_target": 0.26846376061439514,
    "min_correlation_features_target": -0.2677086591720581,
    "q1_correlation_features_target": -0.16599082946777344,
    "median_correlation_features_target": 0.12478658556938171,
    "q3_correlation_features_target": 0.13258299231529236,
    "max_correlation_features_target": 0.49878737330436707
}