{
    "nb_instances": 250,
    "log_nb_instances": 5.521460917862246,
    "nb_features": 10,
    "dataset_dimensionality": 25.0,
    "log_dataset_dimensionality": 3.2188758248682006,
    "dataset_ratio": 0.04,
    "nb_missing_vals": 0,
    "ratio_features_with_missing_vals": 0.0,
    "ratio_instances_with_missing_vals": 0.0,
    "nb_numeric_features": 10,
    "nb_categorical_features": 0,
    "ratio_numeric_categorical_features": 0.0,
    "ratio_categorical_numeric_features": 0.0,
    "mean__target": 3.814697446813398e-09,
    "stdev__target": 0.9979979991912842,
    "min__target": -2.484710216522217,
    "q1__target": -0.5654478520154953,
    "median__target": 0.07061851769685745,
    "q3__target": 0.5665611326694489,
    "max__target": 3.3784804344177246,
    "mean_mean_numeric_features": -7.073440722038526e-10,
    "stdev_mean_numeric_features": 9.90261650457569e-10,
    "min_mean_numeric_features": -1.9115999894125935e-09,
    "q1_mean_numeric_features": -1.560700041425278e-09,
    "median_mean_numeric_features": -8.6045998104467e-10,
    "q3_mean_numeric_features": -2.7430002713657586e-11,
    "max_mean_numeric_features": 1.1367999874778434e-09,
    "mean_stdev_numeric_features": 1.0,
    "stdev_stdev_numeric_features": 0.0,
    "min_stdev_numeric_features": 1.0,
    "q1_stdev_numeric_features": 1.0,
    "median_stdev_numeric_features": 1.0,
    "q3_stdev_numeric_features": 1.0,
    "max_stdev_numeric_features": 1.0,
    "mean_var_numeric_features": 1.0,
    "stdev_var_numeric_features": 0.0,
    "min_var_numeric_features": 1.0,
    "q1_var_numeric_features": 1.0,
    "median_var_numeric_features": 1.0,
    "q3_var_numeric_features": 1.0,
    "max_var_numeric_features": 1.0,
    "mean_min_numeric_features": -1.842188835144043,
    "stdev_min_numeric_features": 0.28329798579216003,
    "min_min_numeric_features": -2.4286046028137207,
    "q1_min_numeric_features": -1.9045243561267853,
    "median_min_numeric_features": -1.7585065364837646,
    "q3_min_numeric_features": -1.6640834510326385,
    "max_min_numeric_features": -1.5016118288040161,
    "mean_median_numeric_features": -0.0947042852640152,
    "stdev_median_numeric_features": 0.13937154412269592,
    "min_median_numeric_features": -0.34872448444366455,
    "q1_median_numeric_features": -0.206692049279809,
    "median_median_numeric_features": -0.05367174744606018,
    "q3_median_numeric_features": -0.006628287141211331,
    "max_median_numeric_features": 0.10551770776510239,
    "mean_max_numeric_features": 2.1990950107574463,
    "stdev_max_numeric_features": 0.7247428894042969,
    "min_max_numeric_features": 1.6098575592041016,
    "q1_max_numeric_features": 1.6838703155517578,
    "median_max_numeric_features": 1.8268887400627136,
    "q3_max_numeric_features": 2.6147084832191467,
    "max_max_numeric_features": 3.9639952182769775,
    "pca_1": 0.32800534382617624,
    "pca_2": 0.19276784588293702,
    "pca_3": 0.13861538495573184,
    "mean_cov_numeric_features": 0.13042406737804413,
    "stdev_cov_numeric_features": 0.18494747579097748,
    "min_cov_numeric_features": -0.09134373813867569,
    "q1_cov_numeric_features": 0.004023096524178982,
    "median_cov_numeric_features": 0.07113522663712502,
    "q3_cov_numeric_features": 0.26521116867661476,
    "max_cov_numeric_features": 0.5142004489898682,
    "mean_entropy_categorical_features": NaN,
    "stdev_entropy_categorical_features": NaN,
    "min_entropy_categorical_features": NaN,
    "median_entropy_categorical_features": NaN,
    "max_entropy_categorical_features": NaN,
    "knn_5_mse": 0.5467072530558948,
    "knn_5_mae": 0.5911249868236814,
    "knn_5_r2": 0.41407410427215097,
    "decision_tree_3_mse": 0.6176623218640082,
    "decision_tree_3_mae": 0.5989752571005449,
    "decision_tree_3_r2": 0.36637592543100894,
    "decision_tree_1_mse": 0.7972668212373263,
    "decision_tree_1_mae": 0.710014032163095,
    "decision_tree_1_r2": 0.1801978348571628,
    "random_tree_2_mse": 0.6847378640608011,
    "random_tree_2_mae": 0.673744972404126,
    "random_tree_2_r2": 0.29513115219026054,
    "mean_correlation_features_target": 0.13042406737804413,
    "stdev_correlation_features_target": 0.18494747579097748,
    "min_correlation_features_target": -0.09134373813867569,
    "q1_correlation_features_target": 0.004023096524178982,
    "median_correlation_features_target": 0.07113522663712502,
    "q3_correlation_features_target": 0.26521116867661476,
    "max_correlation_features_target": 0.5142004489898682
}