{
    "nb_instances": 500,
    "log_nb_instances": 6.214608098422191,
    "nb_features": 50,
    "dataset_dimensionality": 10.0,
    "log_dataset_dimensionality": 2.302585092994046,
    "dataset_ratio": 0.1,
    "nb_missing_vals": 0,
    "ratio_features_with_missing_vals": 0.0,
    "ratio_instances_with_missing_vals": 0.0,
    "nb_numeric_features": 50,
    "nb_categorical_features": 0,
    "ratio_numeric_categorical_features": 0.0,
    "ratio_categorical_numeric_features": 0.0,
    "mean__target": 0.0,
    "stdev__target": 0.9989995360374451,
    "min__target": -2.470366954803467,
    "q1__target": -0.6387364715337753,
    "median__target": 0.09582815691828728,
    "q3__target": 0.6941725015640259,
    "max__target": 3.213239908218384,
    "mean_mean_numeric_features": -1.0067652267409244e-10,
    "stdev_mean_numeric_features": 7.990356709619562e-10,
    "min_mean_numeric_features": -1.6942000025110815e-09,
    "q1_mean_numeric_features": -5.927115326320731e-10,
    "median_mean_numeric_features": -1.1720003093018683e-10,
    "q3_mean_numeric_features": 4.5514998714413224e-10,
    "max_mean_numeric_features": 1.7701999865948892e-09,
    "mean_stdev_numeric_features": 1.0,
    "stdev_stdev_numeric_features": 0.0,
    "min_stdev_numeric_features": 1.0,
    "q1_stdev_numeric_features": 1.0,
    "median_stdev_numeric_features": 1.0,
    "q3_stdev_numeric_features": 1.0,
    "max_stdev_numeric_features": 1.0,
    "mean_var_numeric_features": 1.0,
    "stdev_var_numeric_features": 0.0,
    "min_var_numeric_features": 1.0,
    "q1_var_numeric_features": 1.0,
    "median_var_numeric_features": 1.0,
    "q3_var_numeric_features": 1.0,
    "max_var_numeric_features": 1.0,
    "mean_min_numeric_features": -1.733516812324524,
    "stdev_min_numeric_features": 0.13555511832237244,
    "min_min_numeric_features": -2.477118492126465,
    "q1_min_numeric_features": -1.746832400560379,
    "median_min_numeric_features": -1.7131922841072083,
    "q3_min_numeric_features": -1.6785908341407776,
    "max_min_numeric_features": -1.4220422506332397,
    "mean_median_numeric_features": -0.019165296107530594,
    "stdev_median_numeric_features": 0.07604315131902695,
    "min_median_numeric_features": -0.3341120183467865,
    "q1_median_numeric_features": -0.05468815937638283,
    "median_median_numeric_features": -0.0075060727540403605,
    "q3_median_numeric_features": 0.029497094452381134,
    "max_median_numeric_features": 0.10534089803695679,
    "mean_max_numeric_features": 1.8510000705718994,
    "stdev_max_numeric_features": 0.4149337410926819,
    "min_max_numeric_features": 1.6419082880020142,
    "q1_max_numeric_features": 1.7120149731636047,
    "median_max_numeric_features": 1.7417104840278625,
    "q3_max_numeric_features": 1.7766245603561401,
    "max_max_numeric_features": 3.9467594623565674,
    "pca_1": 0.07022323206492452,
    "pca_2": 0.042293855924073545,
    "pca_3": 0.03221774427006142,
    "mean_cov_numeric_features": 0.018628092482686043,
    "stdev_cov_numeric_features": 0.0844549760222435,
    "min_cov_numeric_features": -0.1461566686630249,
    "q1_cov_numeric_features": -0.019773229956626892,
    "median_cov_numeric_features": 0.007138473680242896,
    "q3_cov_numeric_features": 0.032950337044894695,
    "max_cov_numeric_features": 0.45196497440338135,
    "mean_entropy_categorical_features": NaN,
    "stdev_entropy_categorical_features": NaN,
    "min_entropy_categorical_features": NaN,
    "median_entropy_categorical_features": NaN,
    "max_entropy_categorical_features": NaN,
    "knn_5_mse": 0.9896419378217992,
    "knn_5_mae": 0.79390723815456,
    "knn_5_r2": -0.0001955811200177182,
    "decision_tree_3_mse": 0.46096177625836365,
    "decision_tree_3_mae": 0.5210716347166313,
    "decision_tree_3_r2": 0.5322609417041795,
    "decision_tree_1_mse": 0.865591395039738,
    "decision_tree_1_mae": 0.7628142789809245,
    "decision_tree_1_r2": 0.1253945607974068,
    "random_tree_2_mse": 0.6780504551521841,
    "random_tree_2_mae": 0.6696838428816494,
    "random_tree_2_r2": 0.3129931618527334,
    "mean_correlation_features_target": 0.018628092482686043,
    "stdev_correlation_features_target": 0.0844549760222435,
    "min_correlation_features_target": -0.1461566686630249,
    "q1_correlation_features_target": -0.019773229956626892,
    "median_correlation_features_target": 0.007138473680242896,
    "q3_correlation_features_target": 0.032950337044894695,
    "max_correlation_features_target": 0.45196497440338135
}