{
    "nb_instances": 1000,
    "log_nb_instances": 6.907755278982137,
    "nb_features": 25,
    "dataset_dimensionality": 40.0,
    "log_dataset_dimensionality": 3.6888794541139363,
    "dataset_ratio": 0.025,
    "nb_missing_vals": 0,
    "ratio_features_with_missing_vals": 0.0,
    "ratio_instances_with_missing_vals": 0.0,
    "nb_numeric_features": 25,
    "nb_categorical_features": 0,
    "ratio_numeric_categorical_features": 0.0,
    "ratio_categorical_numeric_features": 0.0,
    "mean__target": -1.907348723406699e-09,
    "stdev__target": 0.9994998574256897,
    "min__target": -2.65433931350708,
    "q1__target": -0.6822279691696167,
    "median__target": 0.11132252588868141,
    "q3__target": 0.7462388128042221,
    "max__target": 2.68631911277771,
    "mean_mean_numeric_features": 1.7290641141087804e-10,
    "stdev_mean_numeric_features": 6.099679650262146e-10,
    "min_mean_numeric_features": -1.0308000009118246e-09,
    "q1_mean_numeric_features": -8.210000040920207e-11,
    "median_mean_numeric_features": 1.8962001413491691e-10,
    "q3_mean_numeric_features": 4.802000463932643e-10,
    "max_mean_numeric_features": 1.9154000607812804e-09,
    "mean_stdev_numeric_features": 1.0,
    "stdev_stdev_numeric_features": 0.0,
    "min_stdev_numeric_features": 1.0,
    "q1_stdev_numeric_features": 1.0,
    "median_stdev_numeric_features": 1.0,
    "q3_stdev_numeric_features": 1.0,
    "max_stdev_numeric_features": 1.0,
    "mean_var_numeric_features": 1.0,
    "stdev_var_numeric_features": 0.0,
    "min_var_numeric_features": 1.0,
    "q1_var_numeric_features": 1.0,
    "median_var_numeric_features": 1.0,
    "q3_var_numeric_features": 1.0,
    "max_var_numeric_features": 1.0,
    "mean_min_numeric_features": -1.7513606548309326,
    "stdev_min_numeric_features": 0.1372479796409607,
    "min_min_numeric_features": -2.4033026695251465,
    "q1_min_numeric_features": -1.7588449716567993,
    "median_min_numeric_features": -1.7266490459442139,
    "q3_min_numeric_features": -1.6960829496383667,
    "max_min_numeric_features": -1.6601858139038086,
    "mean_median_numeric_features": -0.0003481336170807481,
    "stdev_median_numeric_features": 0.03135237097740173,
    "min_median_numeric_features": -0.07081309705972672,
    "q1_median_numeric_features": -0.016945738345384598,
    "median_median_numeric_features": -0.0036828014999628067,
    "q3_median_numeric_features": 0.02038080058991909,
    "max_median_numeric_features": 0.06258444488048553,
    "mean_max_numeric_features": 1.7585008144378662,
    "stdev_max_numeric_features": 0.12995050847530365,
    "min_max_numeric_features": 1.6396993398666382,
    "q1_max_numeric_features": 1.7163851261138916,
    "median_max_numeric_features": 1.7322999238967896,
    "q3_max_numeric_features": 1.758519172668457,
    "max_max_numeric_features": 2.3708300590515137,
    "pca_1": 0.0816227486405108,
    "pca_2": 0.05076001716562734,
    "pca_3": 0.047912600231580255,
    "mean_cov_numeric_features": 0.015250577591359615,
    "stdev_cov_numeric_features": 0.11866163462400436,
    "min_cov_numeric_features": -0.26513671875,
    "q1_cov_numeric_features": -0.019444869831204414,
    "median_cov_numeric_features": 0.016169996932148933,
    "q3_cov_numeric_features": 0.04581122472882271,
    "max_cov_numeric_features": 0.39243006706237793,
    "mean_entropy_categorical_features": NaN,
    "stdev_entropy_categorical_features": NaN,
    "min_entropy_categorical_features": NaN,
    "median_entropy_categorical_features": NaN,
    "max_entropy_categorical_features": NaN,
    "knn_5_mse": 0.8386303271616973,
    "knn_5_mae": 0.75555224552858,
    "knn_5_r2": 0.15795524430031677,
    "decision_tree_3_mse": 0.36926010858244523,
    "decision_tree_3_mae": 0.4741164883315644,
    "decision_tree_3_r2": 0.6294873469261928,
    "decision_tree_1_mse": 0.7739022076629727,
    "decision_tree_1_mae": 0.7203598253767851,
    "decision_tree_1_r2": 0.22300244820279397,
    "random_tree_2_mse": 0.8101379083934084,
    "random_tree_2_mae": 0.7396478687822752,
    "random_tree_2_r2": 0.18665430012286874,
    "mean_correlation_features_target": 0.015250577591359615,
    "stdev_correlation_features_target": 0.11866163462400436,
    "min_correlation_features_target": -0.26513671875,
    "q1_correlation_features_target": -0.019444869831204414,
    "median_correlation_features_target": 0.016169996932148933,
    "q3_correlation_features_target": 0.04581122472882271,
    "max_correlation_features_target": 0.39243006706237793
}