{
    "nb_instances": 100,
    "log_nb_instances": 4.605170185988092,
    "nb_features": 10,
    "dataset_dimensionality": 10.0,
    "log_dataset_dimensionality": 2.302585092994046,
    "dataset_ratio": 0.1,
    "nb_missing_vals": 0,
    "ratio_features_with_missing_vals": 0.0,
    "ratio_instances_with_missing_vals": 0.0,
    "nb_numeric_features": 10,
    "nb_categorical_features": 0,
    "ratio_numeric_categorical_features": 0.0,
    "ratio_categorical_numeric_features": 0.0,
    "mean__target": 5.9604643443123e-10,
    "stdev__target": 0.994987428188324,
    "min__target": -1.9879281520843506,
    "q1__target": -0.7016865462064743,
    "median__target": -0.10900663584470749,
    "q3__target": 0.7825594395399094,
    "max__target": 2.5669991970062256,
    "mean_mean_numeric_features": -4.4074238703117885e-10,
    "stdev_mean_numeric_features": 1.504599889123881e-09,
    "min_mean_numeric_features": -2.908000062973315e-09,
    "q1_mean_numeric_features": -1.4522500146885164e-09,
    "median_mean_numeric_features": -2.210000030200554e-10,
    "q3_mean_numeric_features": 9.500002846017652e-11,
    "max_mean_numeric_features": 2.7510000943919977e-09,
    "mean_stdev_numeric_features": 1.0,
    "stdev_stdev_numeric_features": 0.0,
    "min_stdev_numeric_features": 1.0,
    "q1_stdev_numeric_features": 1.0,
    "median_stdev_numeric_features": 1.0,
    "q3_stdev_numeric_features": 1.0,
    "max_stdev_numeric_features": 1.0,
    "mean_var_numeric_features": 1.0,
    "stdev_var_numeric_features": 0.0,
    "min_var_numeric_features": 1.0,
    "q1_var_numeric_features": 1.0,
    "median_var_numeric_features": 1.0,
    "q3_var_numeric_features": 1.0,
    "max_var_numeric_features": 1.0,
    "mean_min_numeric_features": -1.691962480545044,
    "stdev_min_numeric_features": 0.11438879370689392,
    "min_min_numeric_features": -1.8624558448791504,
    "q1_min_numeric_features": -1.7670844197273254,
    "median_min_numeric_features": -1.6911094784736633,
    "q3_min_numeric_features": -1.645924597978592,
    "max_min_numeric_features": -1.4338643550872803,
    "mean_median_numeric_features": 0.04969634488224983,
    "stdev_median_numeric_features": 0.09917870908975601,
    "min_median_numeric_features": -0.11631804704666138,
    "q1_median_numeric_features": 0.00939110410399735,
    "median_median_numeric_features": 0.04054217506200075,
    "q3_median_numeric_features": 0.13067769445478916,
    "max_median_numeric_features": 0.21894904971122742,
    "mean_max_numeric_features": 1.673158884048462,
    "stdev_max_numeric_features": 0.06762614846229553,
    "min_max_numeric_features": 1.5622256994247437,
    "q1_max_numeric_features": 1.6241662800312042,
    "median_max_numeric_features": 1.667889952659607,
    "q3_max_numeric_features": 1.7239475846290588,
    "max_max_numeric_features": 1.7716200351715088,
    "pca_1": 0.15029266037489963,
    "pca_2": 0.14058322030147652,
    "pca_3": 0.11662591088152811,
    "mean_cov_numeric_features": 0.1380613148212433,
    "stdev_cov_numeric_features": 0.20636358857154846,
    "min_cov_numeric_features": -0.037509627640247345,
    "q1_cov_numeric_features": -0.03178933449089527,
    "median_cov_numeric_features": 0.0007329462096095085,
    "q3_cov_numeric_features": 0.29517271369695663,
    "max_cov_numeric_features": 0.5232428908348083,
    "mean_entropy_categorical_features": NaN,
    "stdev_entropy_categorical_features": NaN,
    "min_entropy_categorical_features": NaN,
    "median_entropy_categorical_features": NaN,
    "max_entropy_categorical_features": NaN,
    "knn_5_mse": 0.557263521517641,
    "knn_5_mae": 0.57946005227,
    "knn_5_r2": 0.42828928666263083,
    "decision_tree_3_mse": 0.8682749304681097,
    "decision_tree_3_mae": 0.7581013993655676,
    "decision_tree_3_r2": 0.1125377401657239,
    "decision_tree_1_mse": 0.9091030717690942,
    "decision_tree_1_mae": 0.7827396490958474,
    "decision_tree_1_r2": -0.006313441936545705,
    "random_tree_2_mse": 0.7008878603209103,
    "random_tree_2_mae": 0.6387768921905341,
    "random_tree_2_r2": 0.2907803972036353,
    "mean_correlation_features_target": 0.1380613148212433,
    "stdev_correlation_features_target": 0.20636358857154846,
    "min_correlation_features_target": -0.037509627640247345,
    "q1_correlation_features_target": -0.03178933495655656,
    "median_correlation_features_target": 0.0007329462096095085,
    "q3_correlation_features_target": 0.29517271369695663,
    "max_correlation_features_target": 0.5232428908348083
}