{
    "nb_instances": 1000,
    "log_nb_instances": 6.907755278982137,
    "nb_features": 50,
    "dataset_dimensionality": 20.0,
    "log_dataset_dimensionality": 2.995732273553991,
    "dataset_ratio": 0.05,
    "nb_missing_vals": 0,
    "ratio_features_with_missing_vals": 0.0,
    "ratio_instances_with_missing_vals": 0.0,
    "nb_numeric_features": 50,
    "nb_categorical_features": 0,
    "ratio_numeric_categorical_features": 0.0,
    "ratio_categorical_numeric_features": 0.0,
    "mean__target": -9.536743617033494e-10,
    "stdev__target": 0.9994998574256897,
    "min__target": -2.6163864135742188,
    "q1__target": -0.6924428343772888,
    "median__target": 0.21302882581949234,
    "q3__target": 0.7928334623575211,
    "max__target": 2.113116502761841,
    "mean_mean_numeric_features": -7.592514117416016e-11,
    "stdev_mean_numeric_features": 6.329460289222766e-10,
    "min_mean_numeric_features": -1.5419000520822124e-09,
    "q1_mean_numeric_features": -4.66517505182118e-10,
    "median_mean_numeric_features": -5.0900095770189946e-12,
    "q3_mean_numeric_features": 3.343127788490996e-10,
    "max_mean_numeric_features": 1.3365200057791071e-09,
    "mean_stdev_numeric_features": 1.0,
    "stdev_stdev_numeric_features": 0.0,
    "min_stdev_numeric_features": 1.0,
    "q1_stdev_numeric_features": 1.0,
    "median_stdev_numeric_features": 1.0,
    "q3_stdev_numeric_features": 1.0,
    "max_stdev_numeric_features": 1.0,
    "mean_var_numeric_features": 1.0,
    "stdev_var_numeric_features": 0.0,
    "min_var_numeric_features": 1.0,
    "q1_var_numeric_features": 1.0,
    "median_var_numeric_features": 1.0,
    "q3_var_numeric_features": 1.0,
    "max_var_numeric_features": 1.0,
    "mean_min_numeric_features": -1.7490767240524292,
    "stdev_min_numeric_features": 0.11343789100646973,
    "min_min_numeric_features": -2.3603641986846924,
    "q1_min_numeric_features": -1.7615326344966888,
    "median_min_numeric_features": -1.7280058860778809,
    "q3_min_numeric_features": -1.6980359852313995,
    "max_min_numeric_features": -1.6496433019638062,
    "mean_median_numeric_features": -0.007287167944014072,
    "stdev_median_numeric_features": 0.039966072887182236,
    "min_median_numeric_features": -0.21753309667110443,
    "q1_median_numeric_features": -0.02204757835716009,
    "median_median_numeric_features": -0.0052154287695884705,
    "q3_median_numeric_features": 0.015127823455259204,
    "max_median_numeric_features": 0.06175795570015907,
    "mean_max_numeric_features": 1.7749061584472656,
    "stdev_max_numeric_features": 0.2472468465566635,
    "min_max_numeric_features": 1.6661040782928467,
    "q1_max_numeric_features": 1.7070392668247223,
    "median_max_numeric_features": 1.7244557738304138,
    "q3_max_numeric_features": 1.7560742795467377,
    "max_max_numeric_features": 3.3796699047088623,
    "pca_1": 0.05030721039905203,
    "pca_2": 0.029974488617272952,
    "pca_3": 0.02823576728204524,
    "mean_cov_numeric_features": -0.00744670070707798,
    "stdev_cov_numeric_features": 0.09563273936510086,
    "min_cov_numeric_features": -0.4054718613624573,
    "q1_cov_numeric_features": -0.01898575760424137,
    "median_cov_numeric_features": 0.004664096748456359,
    "q3_cov_numeric_features": 0.023395675234496593,
    "max_cov_numeric_features": 0.28179702162742615,
    "mean_entropy_categorical_features": NaN,
    "stdev_entropy_categorical_features": NaN,
    "min_entropy_categorical_features": NaN,
    "median_entropy_categorical_features": NaN,
    "max_entropy_categorical_features": NaN,
    "knn_5_mse": 0.8953530175724157,
    "knn_5_mae": 0.76316868234454,
    "knn_5_r2": 0.10043702548110578,
    "decision_tree_3_mse": 0.39775665648607067,
    "decision_tree_3_mae": 0.48760544672182404,
    "decision_tree_3_r2": 0.6021595683577134,
    "decision_tree_1_mse": 0.6201881250221981,
    "decision_tree_1_mae": 0.6244297940237837,
    "decision_tree_1_r2": 0.38053166654481335,
    "random_tree_2_mse": 0.5266766838133377,
    "random_tree_2_mae": 0.5692060568600298,
    "random_tree_2_r2": 0.46862501125094497,
    "mean_correlation_features_target": -0.00744670070707798,
    "stdev_correlation_features_target": 0.09563273936510086,
    "min_correlation_features_target": -0.4054718613624573,
    "q1_correlation_features_target": -0.01898575760424137,
    "median_correlation_features_target": 0.004664096748456359,
    "q3_correlation_features_target": 0.023395675234496593,
    "max_correlation_features_target": 0.28179702162742615
}