{
    "nb_instances": 1000,
    "log_nb_instances": 6.907755278982137,
    "nb_features": 10,
    "dataset_dimensionality": 100.0,
    "log_dataset_dimensionality": 4.605170185988092,
    "dataset_ratio": 0.01,
    "nb_missing_vals": 0,
    "ratio_features_with_missing_vals": 0.0,
    "ratio_instances_with_missing_vals": 0.0,
    "nb_numeric_features": 10,
    "nb_categorical_features": 0,
    "ratio_numeric_categorical_features": 0.0,
    "ratio_categorical_numeric_features": 0.0,
    "mean__target": -9.536743617033494e-10,
    "stdev__target": 0.9994998574256897,
    "min__target": -2.563552141189575,
    "q1__target": -0.6148845851421356,
    "median__target": 0.14513998478651047,
    "q3__target": 0.6587753742933273,
    "max__target": 4.102142333984375,
    "mean_mean_numeric_features": 6.271030916771281e-11,
    "stdev_mean_numeric_features": 5.96266314101257e-10,
    "min_mean_numeric_features": -8.979000321041042e-10,
    "q1_mean_numeric_features": -3.397249946635039e-10,
    "median_mean_numeric_features": 1.11411491143798e-10,
    "q3_mean_numeric_features": 3.3069997434909126e-10,
    "max_mean_numeric_features": 1.1515000064576952e-09,
    "mean_stdev_numeric_features": 1.0,
    "stdev_stdev_numeric_features": 0.0,
    "min_stdev_numeric_features": 1.0,
    "q1_stdev_numeric_features": 1.0,
    "median_stdev_numeric_features": 1.0,
    "q3_stdev_numeric_features": 1.0,
    "max_stdev_numeric_features": 1.0,
    "mean_var_numeric_features": 1.0,
    "stdev_var_numeric_features": 0.0,
    "min_var_numeric_features": 1.0,
    "q1_var_numeric_features": 1.0,
    "median_var_numeric_features": 1.0,
    "q3_var_numeric_features": 1.0,
    "max_var_numeric_features": 1.0,
    "mean_min_numeric_features": -1.819941520690918,
    "stdev_min_numeric_features": 0.20092691481113434,
    "min_min_numeric_features": -2.284515857696533,
    "q1_min_numeric_features": -1.9342397451400757,
    "median_min_numeric_features": -1.7131808400154114,
    "q3_min_numeric_features": -1.6985995471477509,
    "max_min_numeric_features": -1.658408522605896,
    "mean_median_numeric_features": -0.07903502881526947,
    "stdev_median_numeric_features": 0.10943734645843506,
    "min_median_numeric_features": -0.32802724838256836,
    "q1_median_numeric_features": -0.12808676902204752,
    "median_median_numeric_features": -0.019946638494729996,
    "q3_median_numeric_features": -0.00930473580956459,
    "max_median_numeric_features": 0.012443330138921738,
    "mean_max_numeric_features": 2.458787679672241,
    "stdev_max_numeric_features": 1.021028757095337,
    "min_max_numeric_features": 1.6997102499008179,
    "q1_max_numeric_features": 1.7227758169174194,
    "median_max_numeric_features": 1.7500094175338745,
    "q3_max_numeric_features": 3.3114430904388428,
    "max_max_numeric_features": 4.400187969207764,
    "pca_1": 0.3212317821158911,
    "pca_2": 0.19231182263605437,
    "pca_3": 0.13908364508871218,
    "mean_cov_numeric_features": 0.056156791746616364,
    "stdev_cov_numeric_features": 0.18170835077762604,
    "min_cov_numeric_features": -0.19887946546077728,
    "q1_cov_numeric_features": -0.013255875674076378,
    "median_cov_numeric_features": 0.0031981836655177176,
    "q3_cov_numeric_features": 0.16503025614656508,
    "max_cov_numeric_features": 0.4598272144794464,
    "mean_entropy_categorical_features": NaN,
    "stdev_entropy_categorical_features": NaN,
    "min_entropy_categorical_features": NaN,
    "median_entropy_categorical_features": NaN,
    "max_entropy_categorical_features": NaN,
    "knn_5_mse": 0.39352264562150224,
    "knn_5_mae": 0.47824073382428,
    "knn_5_r2": 0.6067598827291882,
    "decision_tree_3_mse": 0.42275849598086257,
    "decision_tree_3_mae": 0.4856418691385849,
    "decision_tree_3_r2": 0.5715738357845854,
    "decision_tree_1_mse": 0.8788830550312918,
    "decision_tree_1_mae": 0.7548522329641838,
    "decision_tree_1_r2": 0.11411416251166845,
    "random_tree_2_mse": 0.7135579881720955,
    "random_tree_2_mae": 0.6728914408472033,
    "random_tree_2_r2": 0.2834486908620929,
    "mean_correlation_features_target": 0.056156791746616364,
    "stdev_correlation_features_target": 0.18170835077762604,
    "min_correlation_features_target": -0.19887946546077728,
    "q1_correlation_features_target": -0.013255875674076378,
    "median_correlation_features_target": 0.0031981836655177176,
    "q3_correlation_features_target": 0.16503025614656508,
    "max_correlation_features_target": 0.4598272144794464
}