{
    "nb_instances": 100,
    "log_nb_instances": 4.605170185988092,
    "nb_features": 5,
    "dataset_dimensionality": 20.0,
    "log_dataset_dimensionality": 2.995732273553991,
    "dataset_ratio": 0.05,
    "nb_missing_vals": 0,
    "ratio_features_with_missing_vals": 0.0,
    "ratio_instances_with_missing_vals": 0.0,
    "nb_numeric_features": 5,
    "nb_categorical_features": 0,
    "ratio_numeric_categorical_features": 0.0,
    "ratio_categorical_numeric_features": 0.0,
    "mean__target": -1.19209286886246e-09,
    "stdev__target": 0.994987428188324,
    "min__target": -2.4173812866210938,
    "q1__target": -0.7668257355690002,
    "median__target": 0.15847034007310867,
    "q3__target": 0.7627938985824585,
    "max__target": 2.6740853786468506,
    "mean_mean_numeric_features": -2.0239995790483079e-10,
    "stdev_mean_numeric_features": 1.2975390761837957e-09,
    "min_mean_numeric_features": -2.1599999566745964e-09,
    "q1_mean_numeric_features": -1.2870000620779365e-09,
    "median_mean_numeric_features": 5.1400000922186e-10,
    "q3_mean_numeric_features": 6.51000031659521e-10,
    "max_mean_numeric_features": 1.2699999940579687e-09,
    "mean_stdev_numeric_features": 1.0,
    "stdev_stdev_numeric_features": 0.0,
    "min_stdev_numeric_features": 1.0,
    "q1_stdev_numeric_features": 1.0,
    "median_stdev_numeric_features": 1.0,
    "q3_stdev_numeric_features": 1.0,
    "max_stdev_numeric_features": 1.0,
    "mean_var_numeric_features": 1.0,
    "stdev_var_numeric_features": 0.0,
    "min_var_numeric_features": 1.0,
    "q1_var_numeric_features": 1.0,
    "median_var_numeric_features": 1.0,
    "q3_var_numeric_features": 1.0,
    "max_var_numeric_features": 1.0,
    "mean_min_numeric_features": -1.7192306518554688,
    "stdev_min_numeric_features": 0.13613450527191162,
    "min_min_numeric_features": -1.9607919454574585,
    "q1_min_numeric_features": -1.7305872440338135,
    "median_min_numeric_features": -1.6841200590133667,
    "q3_min_numeric_features": -1.6782586574554443,
    "max_min_numeric_features": -1.5423953533172607,
    "mean_median_numeric_features": 0.0034012943506240845,
    "stdev_median_numeric_features": 0.09155170619487762,
    "min_median_numeric_features": -0.16312983632087708,
    "q1_median_numeric_features": -0.008375926874577999,
    "median_median_numeric_features": 0.017189672216773033,
    "q3_median_numeric_features": 0.07313687354326248,
    "max_median_numeric_features": 0.09818568825721741,
    "mean_max_numeric_features": 1.778786063194275,
    "stdev_max_numeric_features": 0.16151165962219238,
    "min_max_numeric_features": 1.512948989868164,
    "q1_max_numeric_features": 1.7487844228744507,
    "median_max_numeric_features": 1.7890020608901978,
    "q3_max_numeric_features": 1.8268178701400757,
    "max_max_numeric_features": 2.016376495361328,
    "pca_1": 0.2323229876691796,
    "pca_2": 0.207565090449853,
    "pca_3": 0.19865119827647773,
    "mean_cov_numeric_features": 0.3291446268558502,
    "stdev_cov_numeric_features": 0.1940838098526001,
    "min_cov_numeric_features": -0.019283585250377655,
    "q1_cov_numeric_features": 0.268328458070755,
    "median_cov_numeric_features": 0.40893301367759705,
    "q3_cov_numeric_features": 0.4577827453613281,
    "max_cov_numeric_features": 0.5299625396728516,
    "mean_entropy_categorical_features": NaN,
    "stdev_entropy_categorical_features": NaN,
    "min_entropy_categorical_features": NaN,
    "median_entropy_categorical_features": NaN,
    "max_entropy_categorical_features": NaN,
    "knn_5_mse": 0.37251227455963515,
    "knn_5_mae": 0.48516987355999996,
    "knn_5_r2": 0.594180499509243,
    "decision_tree_3_mse": 0.5777563916923414,
    "decision_tree_3_mae": 0.593821603602537,
    "decision_tree_3_r2": 0.38114287273664715,
    "decision_tree_1_mse": 0.9180087923966216,
    "decision_tree_1_mae": 0.770250749807915,
    "decision_tree_1_r2": 0.03090146367577634,
    "random_tree_2_mse": 0.5582698245069098,
    "random_tree_2_mae": 0.5812707223780661,
    "random_tree_2_r2": 0.42637542110932625,
    "mean_correlation_features_target": 0.3291446268558502,
    "stdev_correlation_features_target": 0.1940838098526001,
    "min_correlation_features_target": -0.019283585250377655,
    "q1_correlation_features_target": 0.268328458070755,
    "median_correlation_features_target": 0.40893301367759705,
    "q3_correlation_features_target": 0.4577827453613281,
    "max_correlation_features_target": 0.5299625396728516
}