{
    "nb_instances": 100,
    "log_nb_instances": 4.605170185988092,
    "nb_features": 25,
    "dataset_dimensionality": 4.0,
    "log_dataset_dimensionality": 1.3862943611198906,
    "dataset_ratio": 0.25,
    "nb_missing_vals": 0,
    "ratio_features_with_missing_vals": 0.0,
    "ratio_instances_with_missing_vals": 0.0,
    "nb_numeric_features": 25,
    "nb_categorical_features": 0,
    "ratio_numeric_categorical_features": 0.0,
    "ratio_categorical_numeric_features": 0.0,
    "mean__target": -1.19209286886246e-09,
    "stdev__target": 0.994987428188324,
    "min__target": -2.320868968963623,
    "q1__target": -0.6220237612724304,
    "median__target": 0.07490100711584091,
    "q3__target": 0.8227718621492386,
    "max__target": 1.5299147367477417,
    "mean_mean_numeric_features": 1.380244252224827e-10,
    "stdev_mean_numeric_features": 1.979116426298333e-09,
    "min_mean_numeric_features": -4.839999956374186e-09,
    "q1_mean_numeric_features": -7.340000829358928e-10,
    "median_mean_numeric_features": 9.999973939189832e-12,
    "q3_mean_numeric_features": 1.2399999915757576e-09,
    "max_mean_numeric_features": 3.939999881907852e-09,
    "mean_stdev_numeric_features": 1.0,
    "stdev_stdev_numeric_features": 0.0,
    "min_stdev_numeric_features": 1.0,
    "q1_stdev_numeric_features": 1.0,
    "median_stdev_numeric_features": 1.0,
    "q3_stdev_numeric_features": 1.0,
    "max_stdev_numeric_features": 1.0,
    "mean_var_numeric_features": 1.0,
    "stdev_var_numeric_features": 0.0,
    "min_var_numeric_features": 1.0,
    "q1_var_numeric_features": 1.0,
    "median_var_numeric_features": 1.0,
    "q3_var_numeric_features": 1.0,
    "max_var_numeric_features": 1.0,
    "mean_min_numeric_features": -1.6883764266967773,
    "stdev_min_numeric_features": 0.14890947937965393,
    "min_min_numeric_features": -2.0716140270233154,
    "q1_min_numeric_features": -1.7455402612686157,
    "median_min_numeric_features": -1.673959732055664,
    "q3_min_numeric_features": -1.5818177461624146,
    "max_min_numeric_features": -1.459341049194336,
    "mean_median_numeric_features": -0.0373014360666275,
    "stdev_median_numeric_features": 0.11875437200069427,
    "min_median_numeric_features": -0.27858421206474304,
    "q1_median_numeric_features": -0.09610030800104141,
    "median_median_numeric_features": -0.007495570462197065,
    "q3_median_numeric_features": 0.06112413480877876,
    "max_median_numeric_features": 0.14423072338104248,
    "mean_max_numeric_features": 1.8926773071289062,
    "stdev_max_numeric_features": 0.49055176973342896,
    "min_max_numeric_features": 1.559696078300476,
    "q1_max_numeric_features": 1.6407246589660645,
    "median_max_numeric_features": 1.7289457321166992,
    "q3_max_numeric_features": 1.8352168798446655,
    "max_max_numeric_features": 3.667919397354126,
    "pca_1": 0.12235832721657074,
    "pca_2": 0.09192875779224381,
    "pca_3": 0.0814158235743721,
    "mean_cov_numeric_features": -0.0018024027813225985,
    "stdev_cov_numeric_features": 0.20308807492256165,
    "min_cov_numeric_features": -0.4172203540802002,
    "q1_cov_numeric_features": -0.11276513338088989,
    "median_cov_numeric_features": -0.0008216627757064998,
    "q3_cov_numeric_features": 0.06091877445578575,
    "max_cov_numeric_features": 0.5707652568817139,
    "mean_entropy_categorical_features": NaN,
    "stdev_entropy_categorical_features": NaN,
    "min_entropy_categorical_features": NaN,
    "median_entropy_categorical_features": NaN,
    "max_entropy_categorical_features": NaN,
    "knn_5_mse": 0.696296891980797,
    "knn_5_mae": 0.681652371956,
    "knn_5_r2": 0.25285478533571515,
    "decision_tree_3_mse": 0.6455950864205001,
    "decision_tree_3_mae": 0.620841541017495,
    "decision_tree_3_r2": 0.31056930909783986,
    "decision_tree_1_mse": 0.7660940424468679,
    "decision_tree_1_mae": 0.7004117039980151,
    "decision_tree_1_r2": 0.18095866089147045,
    "random_tree_2_mse": 0.6611728314201692,
    "random_tree_2_mae": 0.642707304110644,
    "random_tree_2_r2": 0.3237652892362132,
    "mean_correlation_features_target": -0.00180240033660084,
    "stdev_correlation_features_target": 0.20308808982372284,
    "min_correlation_features_target": -0.4172203540802002,
    "q1_correlation_features_target": -0.11276513338088989,
    "median_correlation_features_target": -0.0008216627757064998,
    "q3_correlation_features_target": 0.06091877445578575,
    "max_correlation_features_target": 0.5707653164863586
}