{
    "nb_instances": 500,
    "log_nb_instances": 6.214608098422191,
    "nb_features": 50,
    "dataset_dimensionality": 10.0,
    "log_dataset_dimensionality": 2.302585092994046,
    "dataset_ratio": 0.1,
    "nb_missing_vals": 0,
    "ratio_features_with_missing_vals": 0.0,
    "ratio_instances_with_missing_vals": 0.0,
    "nb_numeric_features": 50,
    "nb_categorical_features": 0,
    "ratio_numeric_categorical_features": 0.0,
    "ratio_categorical_numeric_features": 0.0,
    "mean__target": 1.907348723406699e-09,
    "stdev__target": 0.9989995360374451,
    "min__target": -2.6289546489715576,
    "q1__target": -0.793363094329834,
    "median__target": 0.26251089572906494,
    "q3__target": 0.7638240903615952,
    "max__target": 2.004446268081665,
    "mean_mean_numeric_features": 1.4390012792464546e-10,
    "stdev_mean_numeric_features": 7.622280584484997e-10,
    "min_mean_numeric_features": -1.673259975021324e-09,
    "q1_mean_numeric_features": -3.163450126852929e-10,
    "median_mean_numeric_features": 9.175000689753965e-11,
    "q3_mean_numeric_features": 4.5780002011497345e-10,
    "max_mean_numeric_features": 1.7419999887025028e-09,
    "mean_stdev_numeric_features": 1.0,
    "stdev_stdev_numeric_features": 0.0,
    "min_stdev_numeric_features": 1.0,
    "q1_stdev_numeric_features": 1.0,
    "median_stdev_numeric_features": 1.0,
    "q3_stdev_numeric_features": 1.0,
    "max_stdev_numeric_features": 1.0,
    "mean_var_numeric_features": 1.0,
    "stdev_var_numeric_features": 0.0,
    "min_var_numeric_features": 1.0,
    "q1_var_numeric_features": 1.0,
    "median_var_numeric_features": 1.0,
    "q3_var_numeric_features": 1.0,
    "max_var_numeric_features": 1.0,
    "mean_min_numeric_features": -1.7336649894714355,
    "stdev_min_numeric_features": 0.11534017324447632,
    "min_min_numeric_features": -2.404524803161621,
    "q1_min_numeric_features": -1.7538608312606812,
    "median_min_numeric_features": -1.70766943693161,
    "q3_min_numeric_features": -1.6768673062324524,
    "max_min_numeric_features": -1.613037109375,
    "mean_median_numeric_features": -0.008415206335484982,
    "stdev_median_numeric_features": 0.053829535841941833,
    "min_median_numeric_features": -0.2171969711780548,
    "q1_median_numeric_features": -0.03376072086393833,
    "median_median_numeric_features": -0.012838575523346663,
    "q3_median_numeric_features": 0.019918991019949317,
    "max_median_numeric_features": 0.09108158946037292,
    "mean_max_numeric_features": 1.7775840759277344,
    "stdev_max_numeric_features": 0.2996555268764496,
    "min_max_numeric_features": 1.6000428199768066,
    "q1_max_numeric_features": 1.6899926960468292,
    "median_max_numeric_features": 1.7336577773094177,
    "q3_max_numeric_features": 1.7805935144424438,
    "max_max_numeric_features": 3.7682671546936035,
    "pca_1": 0.05301425017002229,
    "pca_2": 0.032712001756859656,
    "pca_3": 0.03188832321334005,
    "mean_cov_numeric_features": -0.007222842425107956,
    "stdev_cov_numeric_features": 0.10041128844022751,
    "min_cov_numeric_features": -0.42188775539398193,
    "q1_cov_numeric_features": -0.03534114547073841,
    "median_cov_numeric_features": 0.003315578680485487,
    "q3_cov_numeric_features": 0.03934220038354397,
    "max_cov_numeric_features": 0.23701681196689606,
    "mean_entropy_categorical_features": NaN,
    "stdev_entropy_categorical_features": NaN,
    "min_entropy_categorical_features": NaN,
    "median_entropy_categorical_features": NaN,
    "max_entropy_categorical_features": NaN,
    "knn_5_mse": 0.93027352617876,
    "knn_5_mae": 0.77084731344596,
    "knn_5_r2": 0.045784170610557534,
    "decision_tree_3_mse": 0.42560103353385814,
    "decision_tree_3_mae": 0.4923310044822184,
    "decision_tree_3_r2": 0.5614487517647841,
    "decision_tree_1_mse": 0.6482314871541569,
    "decision_tree_1_mae": 0.6193226560141232,
    "decision_tree_1_r2": 0.34690950567738615,
    "random_tree_2_mse": 0.5221279416766937,
    "random_tree_2_mae": 0.5548119307879447,
    "random_tree_2_r2": 0.47392554120507446,
    "mean_correlation_features_target": -0.007222842425107956,
    "stdev_correlation_features_target": 0.10041128098964691,
    "min_correlation_features_target": -0.42188775539398193,
    "q1_correlation_features_target": -0.03534114547073841,
    "median_correlation_features_target": 0.003315578680485487,
    "q3_correlation_features_target": 0.03934220038354397,
    "max_correlation_features_target": 0.23701681196689606
}