{
    "nb_instances": 500,
    "log_nb_instances": 6.214608098422191,
    "nb_features": 10,
    "dataset_dimensionality": 50.0,
    "log_dataset_dimensionality": 3.912023005428146,
    "dataset_ratio": 0.02,
    "nb_missing_vals": 0,
    "ratio_features_with_missing_vals": 0.0,
    "ratio_instances_with_missing_vals": 0.0,
    "nb_numeric_features": 10,
    "nb_categorical_features": 0,
    "ratio_numeric_categorical_features": 0.0,
    "ratio_categorical_numeric_features": 0.0,
    "mean__target": -1.1444091896350983e-08,
    "stdev__target": 0.9989995360374451,
    "min__target": -2.4797208309173584,
    "q1__target": -0.5873515158891678,
    "median__target": 0.22215721756219864,
    "q3__target": 0.7709275037050247,
    "max__target": 2.448945999145508,
    "mean_mean_numeric_features": 1.1369000185723621e-10,
    "stdev_mean_numeric_features": 7.163599713422286e-10,
    "min_mean_numeric_features": -1.1431999791255976e-09,
    "q1_mean_numeric_features": -4.237599993128782e-10,
    "median_mean_numeric_features": 2.6290001078899117e-10,
    "q3_mean_numeric_features": 7.955850145346943e-10,
    "max_mean_numeric_features": 9.481999629912252e-10,
    "mean_stdev_numeric_features": 1.0,
    "stdev_stdev_numeric_features": 0.0,
    "min_stdev_numeric_features": 1.0,
    "q1_stdev_numeric_features": 1.0,
    "median_stdev_numeric_features": 1.0,
    "q3_stdev_numeric_features": 1.0,
    "max_stdev_numeric_features": 1.0,
    "mean_var_numeric_features": 1.0,
    "stdev_var_numeric_features": 0.0,
    "min_var_numeric_features": 1.0,
    "q1_var_numeric_features": 1.0,
    "median_var_numeric_features": 1.0,
    "q3_var_numeric_features": 1.0,
    "max_var_numeric_features": 1.0,
    "mean_min_numeric_features": -1.784743070602417,
    "stdev_min_numeric_features": 0.21655581891536713,
    "min_min_numeric_features": -2.2736310958862305,
    "q1_min_numeric_features": -1.778935968875885,
    "median_min_numeric_features": -1.6935234069824219,
    "q3_min_numeric_features": -1.6449281573295593,
    "max_min_numeric_features": -1.6074162721633911,
    "mean_median_numeric_features": -0.02706703171133995,
    "stdev_median_numeric_features": 0.06670108437538147,
    "min_median_numeric_features": -0.20390725135803223,
    "q1_median_numeric_features": -0.04474600683897734,
    "median_median_numeric_features": -0.013011529110372066,
    "q3_median_numeric_features": 0.013110205763950944,
    "max_median_numeric_features": 0.044874317944049835,
    "mean_max_numeric_features": 2.0139434337615967,
    "stdev_max_numeric_features": 0.6055411696434021,
    "min_max_numeric_features": 1.6924114227294922,
    "q1_max_numeric_features": 1.727854609489441,
    "median_max_numeric_features": 1.771885633468628,
    "q3_max_numeric_features": 1.7970860004425049,
    "max_max_numeric_features": 3.7202510833740234,
    "pca_1": 0.2457636025867317,
    "pca_2": 0.12703844485806867,
    "pca_3": 0.10856302099237024,
    "mean_cov_numeric_features": -0.06698853522539139,
    "stdev_cov_numeric_features": 0.2110833078622818,
    "min_cov_numeric_features": -0.4645882248878479,
    "q1_cov_numeric_features": -0.156866469187662,
    "median_cov_numeric_features": -0.009231433272361755,
    "q3_cov_numeric_features": 0.04256492661079392,
    "max_cov_numeric_features": 0.23828671872615814,
    "mean_entropy_categorical_features": NaN,
    "stdev_entropy_categorical_features": NaN,
    "min_entropy_categorical_features": NaN,
    "median_entropy_categorical_features": NaN,
    "max_entropy_categorical_features": NaN,
    "knn_5_mse": 0.5960965550166504,
    "knn_5_mae": 0.59935652022216,
    "knn_5_r2": 0.39764807241542804,
    "decision_tree_3_mse": 0.4098541133693382,
    "decision_tree_3_mae": 0.48626639820586354,
    "decision_tree_3_r2": 0.5789640125947182,
    "decision_tree_1_mse": 0.5991764753989764,
    "decision_tree_1_mae": 0.6111210706317174,
    "decision_tree_1_r2": 0.39526154184694123,
    "random_tree_2_mse": 0.9018020643677754,
    "random_tree_2_mae": 0.7577624198172421,
    "random_tree_2_r2": 0.08663140978309042,
    "mean_correlation_features_target": -0.06698853522539139,
    "stdev_correlation_features_target": 0.2110833078622818,
    "min_correlation_features_target": -0.4645882248878479,
    "q1_correlation_features_target": -0.156866469187662,
    "median_correlation_features_target": -0.009231433272361755,
    "q3_correlation_features_target": 0.04256492661079392,
    "max_correlation_features_target": 0.23828671872615814
}