{
    "nb_instances": 1000,
    "log_nb_instances": 6.907755278982137,
    "nb_features": 5,
    "dataset_dimensionality": 200.0,
    "log_dataset_dimensionality": 5.298317366548036,
    "dataset_ratio": 0.005,
    "nb_missing_vals": 0,
    "ratio_features_with_missing_vals": 0.0,
    "ratio_instances_with_missing_vals": 0.0,
    "nb_numeric_features": 5,
    "nb_categorical_features": 0,
    "ratio_numeric_categorical_features": 0.0,
    "ratio_categorical_numeric_features": 0.0,
    "mean__target": -9.536743617033494e-10,
    "stdev__target": 0.9994998574256897,
    "min__target": -2.6859211921691895,
    "q1__target": -0.5986173450946808,
    "median__target": 0.15416105836629868,
    "q3__target": 0.7016828656196594,
    "max__target": 3.2545480728149414,
    "mean_mean_numeric_features": 6.470599750452166e-11,
    "stdev_mean_numeric_features": 4.5165729489760054e-10,
    "min_mean_numeric_features": -6.798000495855661e-10,
    "q1_mean_numeric_features": -2.0496998542895994e-10,
    "median_mean_numeric_features": 2.2130000609799083e-10,
    "q3_mean_numeric_features": 4.747000015292713e-10,
    "max_mean_numeric_features": 5.123000357265539e-10,
    "mean_stdev_numeric_features": 1.0,
    "stdev_stdev_numeric_features": 0.0,
    "min_stdev_numeric_features": 1.0,
    "q1_stdev_numeric_features": 1.0,
    "median_stdev_numeric_features": 1.0,
    "q3_stdev_numeric_features": 1.0,
    "max_stdev_numeric_features": 1.0,
    "mean_var_numeric_features": 1.0,
    "stdev_var_numeric_features": 0.0,
    "min_var_numeric_features": 1.0,
    "q1_var_numeric_features": 1.0,
    "median_var_numeric_features": 1.0,
    "q3_var_numeric_features": 1.0,
    "max_var_numeric_features": 1.0,
    "mean_min_numeric_features": -1.9317471981048584,
    "stdev_min_numeric_features": 0.2044573873281479,
    "min_min_numeric_features": -2.286097288131714,
    "q1_min_numeric_features": -2.0280141830444336,
    "median_min_numeric_features": -1.8418147563934326,
    "q3_min_numeric_features": -1.7743009328842163,
    "max_min_numeric_features": -1.7285093069076538,
    "mean_median_numeric_features": -0.09507211297750473,
    "stdev_median_numeric_features": 0.1395893692970276,
    "min_median_numeric_features": -0.3202283978462219,
    "q1_median_numeric_features": -0.19669051468372345,
    "median_median_numeric_features": -0.00017878874496091157,
    "q3_median_numeric_features": 0.004820458125323057,
    "max_median_numeric_features": 0.03691668435931206,
    "mean_max_numeric_features": 2.63348126411438,
    "stdev_max_numeric_features": 0.9144362211227417,
    "min_max_numeric_features": 1.7265329360961914,
    "q1_max_numeric_features": 1.735319972038269,
    "median_max_numeric_features": 2.3334527015686035,
    "q3_max_numeric_features": 3.335409641265869,
    "max_max_numeric_features": 4.036691188812256,
    "pca_1": 0.657875549533647,
    "pca_2": 0.25960625729032144,
    "pca_3": 0.047584355037715305,
    "mean_cov_numeric_features": 0.08690096437931061,
    "stdev_cov_numeric_features": 0.23596727848052979,
    "min_cov_numeric_features": -0.19972646236419678,
    "q1_cov_numeric_features": -0.15526288747787476,
    "median_cov_numeric_features": 0.1765882819890976,
    "q3_cov_numeric_features": 0.17770078778266907,
    "max_cov_numeric_features": 0.4352050721645355,
    "mean_entropy_categorical_features": NaN,
    "stdev_entropy_categorical_features": NaN,
    "min_entropy_categorical_features": NaN,
    "median_entropy_categorical_features": NaN,
    "max_entropy_categorical_features": NaN,
    "knn_5_mse": 0.09871710931747389,
    "knn_5_mae": 0.236479477542316,
    "knn_5_r2": 0.9009128152031367,
    "decision_tree_3_mse": 0.4328639346198334,
    "decision_tree_3_mae": 0.5050058762705074,
    "decision_tree_3_r2": 0.5642001899382814,
    "decision_tree_1_mse": 0.8776390888722956,
    "decision_tree_1_mae": 0.7324533413597947,
    "decision_tree_1_r2": 0.11496605826678319,
    "random_tree_2_mse": 0.6895159231301582,
    "random_tree_2_mae": 0.676638133413761,
    "random_tree_2_r2": 0.3090454996171842,
    "mean_correlation_features_target": 0.08690096437931061,
    "stdev_correlation_features_target": 0.23596727848052979,
    "min_correlation_features_target": -0.19972646236419678,
    "q1_correlation_features_target": -0.15526288747787476,
    "median_correlation_features_target": 0.1765882819890976,
    "q3_correlation_features_target": 0.17770078778266907,
    "max_correlation_features_target": 0.4352050721645355
}