{
    "nb_instances": 100,
    "log_nb_instances": 4.605170185988092,
    "nb_features": 50,
    "dataset_dimensionality": 2.0,
    "log_dataset_dimensionality": 0.6931471805599453,
    "dataset_ratio": 0.5,
    "nb_missing_vals": 0,
    "ratio_features_with_missing_vals": 0.0,
    "ratio_instances_with_missing_vals": 0.0,
    "nb_numeric_features": 50,
    "nb_categorical_features": 0,
    "ratio_numeric_categorical_features": 0.0,
    "ratio_categorical_numeric_features": 0.0,
    "mean__target": 5.364418242947977e-09,
    "stdev__target": 0.994987428188324,
    "min__target": -2.0256943702697754,
    "q1__target": -0.91667640209198,
    "median__target": 0.2041679099202156,
    "q3__target": 0.8168095350265503,
    "max__target": 1.9289608001708984,
    "mean_mean_numeric_features": 1.8167595206008968e-10,
    "stdev_mean_numeric_features": 1.7562351573019441e-09,
    "min_mean_numeric_features": -4.0899998943189075e-09,
    "q1_mean_numeric_features": -7.250000044756177e-10,
    "median_mean_numeric_features": 3.144999816129257e-10,
    "q3_mean_numeric_features": 1.4514999757686553e-09,
    "max_mean_numeric_features": 3.855999963775503e-09,
    "mean_stdev_numeric_features": 1.0,
    "stdev_stdev_numeric_features": 0.0,
    "min_stdev_numeric_features": 1.0,
    "q1_stdev_numeric_features": 1.0,
    "median_stdev_numeric_features": 1.0,
    "q3_stdev_numeric_features": 1.0,
    "max_stdev_numeric_features": 1.0,
    "mean_var_numeric_features": 1.0,
    "stdev_var_numeric_features": 0.0,
    "min_var_numeric_features": 1.0,
    "q1_var_numeric_features": 1.0,
    "median_var_numeric_features": 1.0,
    "q3_var_numeric_features": 1.0,
    "max_var_numeric_features": 1.0,
    "mean_min_numeric_features": -1.7029081583023071,
    "stdev_min_numeric_features": 0.12817128002643585,
    "min_min_numeric_features": -2.003290891647339,
    "q1_min_numeric_features": -1.80266672372818,
    "median_min_numeric_features": -1.7076585292816162,
    "q3_min_numeric_features": -1.6162567138671875,
    "max_min_numeric_features": -1.4405053853988647,
    "mean_median_numeric_features": 0.015134398825466633,
    "stdev_median_numeric_features": 0.11058352142572403,
    "min_median_numeric_features": -0.23824064433574677,
    "q1_median_numeric_features": -0.03770760539919138,
    "median_median_numeric_features": 0.027957177720963955,
    "q3_median_numeric_features": 0.10075323842465878,
    "max_median_numeric_features": 0.2910839915275574,
    "mean_max_numeric_features": 1.7184088230133057,
    "stdev_max_numeric_features": 0.20828112959861755,
    "min_max_numeric_features": 1.4426872730255127,
    "q1_max_numeric_features": 1.6297523081302643,
    "median_max_numeric_features": 1.6812297701835632,
    "q3_max_numeric_features": 1.7610711753368378,
    "max_max_numeric_features": 2.8745310306549072,
    "pca_1": 0.06523355603252348,
    "pca_2": 0.055783945308371365,
    "pca_3": 0.05107759153836988,
    "mean_cov_numeric_features": -0.023250000551342964,
    "stdev_cov_numeric_features": 0.13985300064086914,
    "min_cov_numeric_features": -0.536976158618927,
    "q1_cov_numeric_features": -0.09481888264417648,
    "median_cov_numeric_features": -0.0118221421726048,
    "q3_cov_numeric_features": 0.06670568604022264,
    "max_cov_numeric_features": 0.28967198729515076,
    "mean_entropy_categorical_features": NaN,
    "stdev_entropy_categorical_features": NaN,
    "min_entropy_categorical_features": NaN,
    "median_entropy_categorical_features": NaN,
    "max_entropy_categorical_features": NaN,
    "knn_5_mse": 0.8688742329096608,
    "knn_5_mae": 0.7448387140807999,
    "knn_5_r2": 0.10957350385813647,
    "decision_tree_3_mse": 0.509325008194032,
    "decision_tree_3_mae": 0.5299420212610265,
    "decision_tree_3_r2": 0.4856803418733078,
    "decision_tree_1_mse": 0.6198765185294097,
    "decision_tree_1_mae": 0.5577154580548122,
    "decision_tree_1_r2": 0.31003952043838906,
    "random_tree_2_mse": 1.1876364203342709,
    "random_tree_2_mae": 0.8605878167390363,
    "random_tree_2_r2": -0.3285835177615143,
    "mean_correlation_features_target": -0.023250000551342964,
    "stdev_correlation_features_target": 0.13985300064086914,
    "min_correlation_features_target": -0.536976158618927,
    "q1_correlation_features_target": -0.09481888264417648,
    "median_correlation_features_target": -0.0118221421726048,
    "q3_correlation_features_target": 0.06670568604022264,
    "max_correlation_features_target": 0.28967198729515076
}