{
    "nb_instances": 500,
    "log_nb_instances": 6.214608098422191,
    "nb_features": 5,
    "dataset_dimensionality": 100.0,
    "log_dataset_dimensionality": 4.605170185988092,
    "dataset_ratio": 0.01,
    "nb_missing_vals": 0,
    "ratio_features_with_missing_vals": 0.0,
    "ratio_instances_with_missing_vals": 0.0,
    "nb_numeric_features": 5,
    "nb_categorical_features": 0,
    "ratio_numeric_categorical_features": 0.0,
    "ratio_categorical_numeric_features": 0.0,
    "mean__target": 9.53674295089968e-09,
    "stdev__target": 0.9989995360374451,
    "min__target": -2.6898715496063232,
    "q1__target": -0.7454224824905396,
    "median__target": 0.11790292710065842,
    "q3__target": 0.722517728805542,
    "max__target": 2.303870916366577,
    "mean_mean_numeric_features": 4.440119383275487e-10,
    "stdev_mean_numeric_features": 4.830925104393202e-10,
    "min_mean_numeric_features": -3.4777997148793816e-10,
    "q1_mean_numeric_features": 1.1459998922047632e-10,
    "median_mean_numeric_features": 7.286000136552673e-10,
    "q3_mean_numeric_features": 8.466399248341361e-10,
    "max_mean_numeric_features": 8.780000060326643e-10,
    "mean_stdev_numeric_features": 1.0,
    "stdev_stdev_numeric_features": 0.0,
    "min_stdev_numeric_features": 1.0,
    "q1_stdev_numeric_features": 1.0,
    "median_stdev_numeric_features": 1.0,
    "q3_stdev_numeric_features": 1.0,
    "max_stdev_numeric_features": 1.0,
    "mean_var_numeric_features": 1.0,
    "stdev_var_numeric_features": 0.0,
    "min_var_numeric_features": 1.0,
    "q1_var_numeric_features": 1.0,
    "median_var_numeric_features": 1.0,
    "q3_var_numeric_features": 1.0,
    "max_var_numeric_features": 1.0,
    "mean_min_numeric_features": -1.8415393829345703,
    "stdev_min_numeric_features": 0.1632758527994156,
    "min_min_numeric_features": -2.1592800617218018,
    "q1_min_numeric_features": -1.8209704160690308,
    "median_min_numeric_features": -1.783088207244873,
    "q3_min_numeric_features": -1.7232993841171265,
    "max_min_numeric_features": -1.7210588455200195,
    "mean_median_numeric_features": 0.01875762827694416,
    "stdev_median_numeric_features": 0.051164329051971436,
    "min_median_numeric_features": -0.06476108729839325,
    "q1_median_numeric_features": -0.0041052610613405704,
    "median_median_numeric_features": 0.03299378976225853,
    "q3_median_numeric_features": 0.04092640057206154,
    "max_median_numeric_features": 0.08873429149389267,
    "mean_max_numeric_features": 1.8352851867675781,
    "stdev_max_numeric_features": 0.21330773830413818,
    "min_max_numeric_features": 1.6878503561019897,
    "q1_max_numeric_features": 1.7166965007781982,
    "median_max_numeric_features": 1.7388964891433716,
    "q3_max_numeric_features": 1.7748936414718628,
    "max_max_numeric_features": 2.2580885887145996,
    "pca_1": 0.38818161306786153,
    "pca_2": 0.21919299888037577,
    "pca_3": 0.19912078001015393,
    "mean_cov_numeric_features": 0.003960880450904369,
    "stdev_cov_numeric_features": 0.27594900131225586,
    "min_cov_numeric_features": -0.3455730974674225,
    "q1_cov_numeric_features": -0.27048444747924805,
    "median_cov_numeric_features": 0.0802987590432167,
    "q3_cov_numeric_features": 0.1606021672487259,
    "max_cov_numeric_features": 0.3949609696865082,
    "mean_entropy_categorical_features": NaN,
    "stdev_entropy_categorical_features": NaN,
    "min_entropy_categorical_features": NaN,
    "median_entropy_categorical_features": NaN,
    "max_entropy_categorical_features": NaN,
    "knn_5_mse": 0.2818743683109833,
    "knn_5_mae": 0.39063370238712003,
    "knn_5_r2": 0.714641795047761,
    "decision_tree_3_mse": 0.43972089145799026,
    "decision_tree_3_mae": 0.5125440005126771,
    "decision_tree_3_r2": 0.5480502758039875,
    "decision_tree_1_mse": 0.7260322753230183,
    "decision_tree_1_mae": 0.6778610197986173,
    "decision_tree_1_r2": 0.25943337272093236,
    "random_tree_2_mse": 0.5651721948943571,
    "random_tree_2_mae": 0.5956322161471951,
    "random_tree_2_r2": 0.4285935191137702,
    "mean_correlation_features_target": 0.003960880450904369,
    "stdev_correlation_features_target": 0.27594900131225586,
    "min_correlation_features_target": -0.3455730974674225,
    "q1_correlation_features_target": -0.27048444747924805,
    "median_correlation_features_target": 0.0802987590432167,
    "q3_correlation_features_target": 0.1606021672487259,
    "max_correlation_features_target": 0.3949609696865082
}