{
    "nb_instances": 250,
    "log_nb_instances": 5.521460917862246,
    "nb_features": 50,
    "dataset_dimensionality": 5.0,
    "log_dataset_dimensionality": 1.6094379124341003,
    "dataset_ratio": 0.2,
    "nb_missing_vals": 0,
    "ratio_features_with_missing_vals": 0.0,
    "ratio_instances_with_missing_vals": 0.0,
    "nb_numeric_features": 50,
    "nb_categorical_features": 0,
    "ratio_numeric_categorical_features": 0.0,
    "ratio_categorical_numeric_features": 0.0,
    "mean__target": -9.53674295089968e-09,
    "stdev__target": 0.9979979395866394,
    "min__target": -2.435515880584717,
    "q1__target": -0.6636709272861481,
    "median__target": 0.1622409000992775,
    "q3__target": 0.6838313341140747,
    "max__target": 3.8250622749328613,
    "mean_mean_numeric_features": 2.290555245476611e-10,
    "stdev_mean_numeric_features": 1.10294873234551e-09,
    "min_mean_numeric_features": -2.5919999480095157e-09,
    "q1_mean_numeric_features": -1.954180012253559e-10,
    "median_mean_numeric_features": 4.1079999124615796e-10,
    "q3_mean_numeric_features": 8.568999954050582e-10,
    "max_mean_numeric_features": 2.5304001116666086e-09,
    "mean_stdev_numeric_features": 1.0,
    "stdev_stdev_numeric_features": 0.0,
    "min_stdev_numeric_features": 1.0,
    "q1_stdev_numeric_features": 1.0,
    "median_stdev_numeric_features": 1.0,
    "q3_stdev_numeric_features": 1.0,
    "max_stdev_numeric_features": 1.0,
    "mean_var_numeric_features": 1.0,
    "stdev_var_numeric_features": 0.0,
    "min_var_numeric_features": 1.0,
    "q1_var_numeric_features": 1.0,
    "median_var_numeric_features": 1.0,
    "q3_var_numeric_features": 1.0,
    "max_var_numeric_features": 1.0,
    "mean_min_numeric_features": -1.7012802362442017,
    "stdev_min_numeric_features": 0.11344744265079498,
    "min_min_numeric_features": -2.263770580291748,
    "q1_min_numeric_features": -1.7431345582008362,
    "median_min_numeric_features": -1.6938535571098328,
    "q3_min_numeric_features": -1.657049149274826,
    "max_min_numeric_features": -1.314637303352356,
    "mean_median_numeric_features": -0.031990066170692444,
    "stdev_median_numeric_features": 0.06873054057359695,
    "min_median_numeric_features": -0.2881282567977905,
    "q1_median_numeric_features": -0.06044917833060026,
    "median_median_numeric_features": -0.023629109375178814,
    "q3_median_numeric_features": 0.017003764398396015,
    "max_median_numeric_features": 0.08591018617153168,
    "mean_max_numeric_features": 1.811497688293457,
    "stdev_max_numeric_features": 0.4316927194595337,
    "min_max_numeric_features": 1.5733150243759155,
    "q1_max_numeric_features": 1.6770812273025513,
    "median_max_numeric_features": 1.7138181328773499,
    "q3_max_numeric_features": 1.78011092543602,
    "max_max_numeric_features": 4.405853748321533,
    "pca_1": 0.07084721138535564,
    "pca_2": 0.03865323261100975,
    "pca_3": 0.034800247591009775,
    "mean_cov_numeric_features": 0.011541420593857765,
    "stdev_cov_numeric_features": 0.10549347847700119,
    "min_cov_numeric_features": -0.14614933729171753,
    "q1_cov_numeric_features": -0.043981267139315605,
    "median_cov_numeric_features": -0.006537661887705326,
    "q3_cov_numeric_features": 0.04031732212752104,
    "max_cov_numeric_features": 0.47938480973243713,
    "mean_entropy_categorical_features": NaN,
    "stdev_entropy_categorical_features": NaN,
    "min_entropy_categorical_features": NaN,
    "median_entropy_categorical_features": NaN,
    "max_entropy_categorical_features": NaN,
    "knn_5_mse": 0.9840941027171137,
    "knn_5_mae": 0.7861240269057372,
    "knn_5_r2": -0.011866142540907482,
    "decision_tree_3_mse": 0.6042374245534716,
    "decision_tree_3_mae": 0.5560996306250561,
    "decision_tree_3_r2": 0.33054497812620715,
    "decision_tree_1_mse": 0.8464789347499955,
    "decision_tree_1_mae": 0.7411617195408884,
    "decision_tree_1_r2": 0.14447031363934734,
    "random_tree_2_mse": 0.8412965329321009,
    "random_tree_2_mae": 0.7183885497824206,
    "random_tree_2_r2": 0.13569231436495788,
    "mean_correlation_features_target": 0.011541420593857765,
    "stdev_correlation_features_target": 0.10549347847700119,
    "min_correlation_features_target": -0.14614933729171753,
    "q1_correlation_features_target": -0.043981267139315605,
    "median_correlation_features_target": -0.006537661887705326,
    "q3_correlation_features_target": 0.04031732212752104,
    "max_correlation_features_target": 0.47938480973243713
}