{
    "nb_instances": 500,
    "log_nb_instances": 6.214608098422191,
    "nb_features": 25,
    "dataset_dimensionality": 20.0,
    "log_dataset_dimensionality": 2.995732273553991,
    "dataset_ratio": 0.05,
    "nb_missing_vals": 0,
    "ratio_features_with_missing_vals": 0.0,
    "ratio_instances_with_missing_vals": 0.0,
    "nb_numeric_features": 25,
    "nb_categorical_features": 0,
    "ratio_numeric_categorical_features": 0.0,
    "ratio_categorical_numeric_features": 0.0,
    "mean__target": -2.38418573772492e-09,
    "stdev__target": 0.9989995360374451,
    "min__target": -2.5395545959472656,
    "q1__target": -0.6686113178730011,
    "median__target": -0.02416038978844881,
    "q3__target": 0.6898130774497986,
    "max__target": 2.6820406913757324,
    "mean_mean_numeric_features": -2.706616042402743e-10,
    "stdev_mean_numeric_features": 6.601227897640172e-10,
    "min_mean_numeric_features": -1.2978600416602148e-09,
    "q1_mean_numeric_features": -7.527999890122317e-10,
    "median_mean_numeric_features": -3.637999901329181e-10,
    "q3_mean_numeric_features": 5.899998545277896e-11,
    "max_mean_numeric_features": 1.198399934843053e-09,
    "mean_stdev_numeric_features": 1.0,
    "stdev_stdev_numeric_features": 0.0,
    "min_stdev_numeric_features": 1.0,
    "q1_stdev_numeric_features": 1.0,
    "median_stdev_numeric_features": 1.0,
    "q3_stdev_numeric_features": 1.0,
    "max_stdev_numeric_features": 1.0,
    "mean_var_numeric_features": 1.0,
    "stdev_var_numeric_features": 0.0,
    "min_var_numeric_features": 1.0,
    "q1_var_numeric_features": 1.0,
    "median_var_numeric_features": 1.0,
    "q3_var_numeric_features": 1.0,
    "max_var_numeric_features": 1.0,
    "mean_min_numeric_features": -1.7311205863952637,
    "stdev_min_numeric_features": 0.057478804141283035,
    "min_min_numeric_features": -1.877640962600708,
    "q1_min_numeric_features": -1.7584445476531982,
    "median_min_numeric_features": -1.7157518863677979,
    "q3_min_numeric_features": -1.6877270936965942,
    "max_min_numeric_features": -1.6428475379943848,
    "mean_median_numeric_features": -0.010551448911428452,
    "stdev_median_numeric_features": 0.04324737936258316,
    "min_median_numeric_features": -0.10994446277618408,
    "q1_median_numeric_features": -0.041465338319540024,
    "median_median_numeric_features": -0.0015229828422889113,
    "q3_median_numeric_features": 0.014322768896818161,
    "max_median_numeric_features": 0.06444734334945679,
    "mean_max_numeric_features": 1.7374845743179321,
    "stdev_max_numeric_features": 0.04618170112371445,
    "min_max_numeric_features": 1.6268229484558105,
    "q1_max_numeric_features": 1.7122951745986938,
    "median_max_numeric_features": 1.7530683279037476,
    "q3_max_numeric_features": 1.7748680114746094,
    "max_max_numeric_features": 1.7950692176818848,
    "pca_1": 0.06068903103411846,
    "pca_2": 0.055310343135019945,
    "pca_3": 0.05342018678341934,
    "mean_cov_numeric_features": 0.07409801334142685,
    "stdev_cov_numeric_features": 0.15428698062896729,
    "min_cov_numeric_features": -0.04990721866488457,
    "q1_cov_numeric_features": -0.01427507121115923,
    "median_cov_numeric_features": 0.008221076801419258,
    "q3_cov_numeric_features": 0.08196869492530823,
    "max_cov_numeric_features": 0.5919867753982544,
    "mean_entropy_categorical_features": NaN,
    "stdev_entropy_categorical_features": NaN,
    "min_entropy_categorical_features": NaN,
    "median_entropy_categorical_features": NaN,
    "max_entropy_categorical_features": NaN,
    "knn_5_mse": 0.6464630082763945,
    "knn_5_mae": 0.6572120027276401,
    "knn_5_r2": 0.3481507431083306,
    "decision_tree_3_mse": 0.4562738325809528,
    "decision_tree_3_mae": 0.5415187574095645,
    "decision_tree_3_r2": 0.5423733167961586,
    "decision_tree_1_mse": 0.7308082741675813,
    "decision_tree_1_mae": 0.7102277439232736,
    "decision_tree_1_r2": 0.25499914747885666,
    "random_tree_2_mse": 0.611729922338383,
    "random_tree_2_mae": 0.6362707374870562,
    "random_tree_2_r2": 0.35990634854681003,
    "mean_correlation_features_target": 0.07409801334142685,
    "stdev_correlation_features_target": 0.15428698062896729,
    "min_correlation_features_target": -0.04990721866488457,
    "q1_correlation_features_target": -0.01427507121115923,
    "median_correlation_features_target": 0.008221076801419258,
    "q3_correlation_features_target": 0.08196869492530823,
    "max_correlation_features_target": 0.5919867753982544
}