{
    "nb_instances": 100,
    "log_nb_instances": 4.605170185988092,
    "nb_features": 10,
    "dataset_dimensionality": 10.0,
    "log_dataset_dimensionality": 2.302585092994046,
    "dataset_ratio": 0.1,
    "nb_missing_vals": 0,
    "ratio_features_with_missing_vals": 0.0,
    "ratio_instances_with_missing_vals": 0.0,
    "nb_numeric_features": 10,
    "nb_categorical_features": 0,
    "ratio_numeric_categorical_features": 0.0,
    "ratio_categorical_numeric_features": 0.0,
    "mean__target": -2.38418573772492e-09,
    "stdev__target": 0.994987428188324,
    "min__target": -2.3237743377685547,
    "q1__target": -0.6243567913770676,
    "median__target": 0.1372271031141281,
    "q3__target": 0.6820956766605377,
    "max__target": 1.6161912679672241,
    "mean_mean_numeric_features": 1.3451260105767915e-09,
    "stdev_mean_numeric_features": 1.7427171927764107e-09,
    "min_mean_numeric_features": -1.8039999494234848e-09,
    "q1_mean_numeric_features": 1.1975000331621022e-10,
    "median_mean_numeric_features": 1.250000020158737e-09,
    "q3_mean_numeric_features": 2.4117499664022546e-09,
    "max_mean_numeric_features": 4.719999946445341e-09,
    "mean_stdev_numeric_features": 1.0,
    "stdev_stdev_numeric_features": 0.0,
    "min_stdev_numeric_features": 1.0,
    "q1_stdev_numeric_features": 1.0,
    "median_stdev_numeric_features": 1.0,
    "q3_stdev_numeric_features": 1.0,
    "max_stdev_numeric_features": 1.0,
    "mean_var_numeric_features": 1.0,
    "stdev_var_numeric_features": 0.0,
    "min_var_numeric_features": 1.0,
    "q1_var_numeric_features": 1.0,
    "median_var_numeric_features": 1.0,
    "q3_var_numeric_features": 1.0,
    "max_var_numeric_features": 1.0,
    "mean_min_numeric_features": -1.7396692037582397,
    "stdev_min_numeric_features": 0.15695087611675262,
    "min_min_numeric_features": -2.080017566680908,
    "q1_min_numeric_features": -1.7986719012260437,
    "median_min_numeric_features": -1.7022299766540527,
    "q3_min_numeric_features": -1.625774085521698,
    "max_min_numeric_features": -1.55263352394104,
    "mean_median_numeric_features": -0.048416052013635635,
    "stdev_median_numeric_features": 0.11740439385175705,
    "min_median_numeric_features": -0.217436283826828,
    "q1_median_numeric_features": -0.12537649646401405,
    "median_median_numeric_features": -0.05548162991181016,
    "q3_median_numeric_features": 0.014070975361391902,
    "max_median_numeric_features": 0.14206776022911072,
    "mean_max_numeric_features": 1.9353917837142944,
    "stdev_max_numeric_features": 0.47663363814353943,
    "min_max_numeric_features": 1.5393446683883667,
    "q1_max_numeric_features": 1.6125308275222778,
    "median_max_numeric_features": 1.8155874609947205,
    "q3_max_numeric_features": 1.898519605398178,
    "max_max_numeric_features": 3.185603618621826,
    "pca_1": 0.23815608499940294,
    "pca_2": 0.16140068344057737,
    "pca_3": 0.11939043664342319,
    "mean_cov_numeric_features": -0.08201466500759125,
    "stdev_cov_numeric_features": 0.2515929043292999,
    "min_cov_numeric_features": -0.5209447145462036,
    "q1_cov_numeric_features": -0.23555217683315277,
    "median_cov_numeric_features": -0.01483878307044506,
    "q3_cov_numeric_features": 0.12939590984024107,
    "max_cov_numeric_features": 0.23254211246967316,
    "mean_entropy_categorical_features": NaN,
    "stdev_entropy_categorical_features": NaN,
    "min_entropy_categorical_features": NaN,
    "median_entropy_categorical_features": NaN,
    "max_entropy_categorical_features": NaN,
    "knn_5_mse": 0.6267027724522609,
    "knn_5_mae": 0.622786248565,
    "knn_5_r2": 0.2566806307737094,
    "decision_tree_3_mse": 0.6722961992662922,
    "decision_tree_3_mae": 0.6293653943206869,
    "decision_tree_3_r2": 0.2809045298431624,
    "decision_tree_1_mse": 0.708854967208546,
    "decision_tree_1_mae": 0.6576677011057156,
    "decision_tree_1_r2": 0.27975014765697864,
    "random_tree_2_mse": 0.5635712038044787,
    "random_tree_2_mae": 0.5939470713741525,
    "random_tree_2_r2": 0.44452009784254676,
    "mean_correlation_features_target": -0.08201466500759125,
    "stdev_correlation_features_target": 0.2515929043292999,
    "min_correlation_features_target": -0.5209447145462036,
    "q1_correlation_features_target": -0.23555217683315277,
    "median_correlation_features_target": -0.01483878307044506,
    "q3_correlation_features_target": 0.12939590984024107,
    "max_correlation_features_target": 0.23254211246967316
}