{
    "nb_instances": 250,
    "log_nb_instances": 5.521460917862246,
    "nb_features": 10,
    "dataset_dimensionality": 25.0,
    "log_dataset_dimensionality": 3.2188758248682006,
    "dataset_ratio": 0.04,
    "nb_missing_vals": 0,
    "ratio_features_with_missing_vals": 0.0,
    "ratio_instances_with_missing_vals": 0.0,
    "nb_numeric_features": 10,
    "nb_categorical_features": 0,
    "ratio_numeric_categorical_features": 0.0,
    "ratio_categorical_numeric_features": 0.0,
    "mean__target": 7.629394893626795e-09,
    "stdev__target": 0.9979979991912842,
    "min__target": -2.6574044227600098,
    "q1__target": -0.6037866920232773,
    "median__target": 0.00523827550932765,
    "q3__target": 0.6472773551940918,
    "max__target": 2.078139543533325,
    "mean_mean_numeric_features": -6.407280261910842e-10,
    "stdev_mean_numeric_features": 8.662148776039658e-10,
    "min_mean_numeric_features": -1.786400027903312e-09,
    "q1_mean_numeric_features": -1.324499954158398e-09,
    "median_mean_numeric_features": -9.62359997247475e-10,
    "q3_mean_numeric_features": 6.164000213026988e-11,
    "max_mean_numeric_features": 9.80799996774806e-10,
    "mean_stdev_numeric_features": 1.0,
    "stdev_stdev_numeric_features": 0.0,
    "min_stdev_numeric_features": 1.0,
    "q1_stdev_numeric_features": 1.0,
    "median_stdev_numeric_features": 1.0,
    "q3_stdev_numeric_features": 1.0,
    "max_stdev_numeric_features": 1.0,
    "mean_var_numeric_features": 1.0,
    "stdev_var_numeric_features": 0.0,
    "min_var_numeric_features": 1.0,
    "q1_var_numeric_features": 1.0,
    "median_var_numeric_features": 1.0,
    "q3_var_numeric_features": 1.0,
    "max_var_numeric_features": 1.0,
    "mean_min_numeric_features": -1.7569572925567627,
    "stdev_min_numeric_features": 0.08224499970674515,
    "min_min_numeric_features": -1.9158393144607544,
    "q1_min_numeric_features": -1.7973827719688416,
    "median_min_numeric_features": -1.7580785751342773,
    "q3_min_numeric_features": -1.7324520349502563,
    "max_min_numeric_features": -1.5731245279312134,
    "mean_median_numeric_features": 0.010097704827785492,
    "stdev_median_numeric_features": 0.07503056526184082,
    "min_median_numeric_features": -0.07865515351295471,
    "q1_median_numeric_features": -0.03912167530506849,
    "median_median_numeric_features": 0.004845142597332597,
    "q3_median_numeric_features": 0.0304246871965006,
    "max_median_numeric_features": 0.1966383159160614,
    "mean_max_numeric_features": 1.709446668624878,
    "stdev_max_numeric_features": 0.037699971348047256,
    "min_max_numeric_features": 1.650054931640625,
    "q1_max_numeric_features": 1.6859261393547058,
    "median_max_numeric_features": 1.7106010913848877,
    "q3_max_numeric_features": 1.7429864704608917,
    "max_max_numeric_features": 1.7609895467758179,
    "pca_1": 0.14203055010166055,
    "pca_2": 0.12468049828247067,
    "pca_3": 0.11027876914806575,
    "mean_cov_numeric_features": 0.15122759342193604,
    "stdev_cov_numeric_features": 0.21478931605815887,
    "min_cov_numeric_features": -0.08083425462245941,
    "q1_cov_numeric_features": -0.011195167433470488,
    "median_cov_numeric_features": 0.036690106615424156,
    "q3_cov_numeric_features": 0.2833576425909996,
    "max_cov_numeric_features": 0.5743415355682373,
    "mean_entropy_categorical_features": NaN,
    "stdev_entropy_categorical_features": NaN,
    "min_entropy_categorical_features": NaN,
    "median_entropy_categorical_features": NaN,
    "max_entropy_categorical_features": NaN,
    "knn_5_mse": 0.45941749666609877,
    "knn_5_mae": 0.5514131562394329,
    "knn_5_r2": 0.5358303515083835,
    "decision_tree_3_mse": 0.5372469766571242,
    "decision_tree_3_mae": 0.574692667208152,
    "decision_tree_3_r2": 0.45719214756078325,
    "decision_tree_1_mse": 0.8849859873754603,
    "decision_tree_1_mae": 0.7868870204915974,
    "decision_tree_1_r2": 0.11162309489432054,
    "random_tree_2_mse": 0.7909310550705442,
    "random_tree_2_mae": 0.7354758400927154,
    "random_tree_2_r2": 0.206631253991386,
    "mean_correlation_features_target": 0.15122759342193604,
    "stdev_correlation_features_target": 0.21478931605815887,
    "min_correlation_features_target": -0.08083425462245941,
    "q1_correlation_features_target": -0.011195167433470488,
    "median_correlation_features_target": 0.036690106615424156,
    "q3_correlation_features_target": 0.2833576425909996,
    "max_correlation_features_target": 0.5743415355682373
}