{
    "nb_instances": 100,
    "log_nb_instances": 4.605170185988092,
    "nb_features": 50,
    "dataset_dimensionality": 2.0,
    "log_dataset_dimensionality": 0.6931471805599453,
    "dataset_ratio": 0.5,
    "nb_missing_vals": 0,
    "ratio_features_with_missing_vals": 0.0,
    "ratio_instances_with_missing_vals": 0.0,
    "nb_numeric_features": 50,
    "nb_categorical_features": 0,
    "ratio_numeric_categorical_features": 0.0,
    "ratio_categorical_numeric_features": 0.0,
    "mean__target": 3.5762786065873797e-09,
    "stdev__target": 0.994987428188324,
    "min__target": -2.3046064376831055,
    "q1__target": -0.5983471125364304,
    "median__target": 0.1373022049665451,
    "q3__target": 0.8207078129053116,
    "max__target": 1.6218816041946411,
    "mean_mean_numeric_features": 6.932598245468213e-11,
    "stdev_mean_numeric_features": 1.894816303860125e-09,
    "min_mean_numeric_features": -4.589999935689093e-09,
    "q1_mean_numeric_features": -1.1569999680549614e-09,
    "median_mean_numeric_features": 1.7099997806635514e-10,
    "q3_mean_numeric_features": 1.4600000097786392e-09,
    "max_mean_numeric_features": 3.3509999219916153e-09,
    "mean_stdev_numeric_features": 1.0,
    "stdev_stdev_numeric_features": 0.0,
    "min_stdev_numeric_features": 1.0,
    "q1_stdev_numeric_features": 1.0,
    "median_stdev_numeric_features": 1.0,
    "q3_stdev_numeric_features": 1.0,
    "max_stdev_numeric_features": 1.0,
    "mean_var_numeric_features": 1.0,
    "stdev_var_numeric_features": 0.0,
    "min_var_numeric_features": 1.0,
    "q1_var_numeric_features": 1.0,
    "median_var_numeric_features": 1.0,
    "q3_var_numeric_features": 1.0,
    "max_var_numeric_features": 1.0,
    "mean_min_numeric_features": -1.7067999839782715,
    "stdev_min_numeric_features": 0.11515245586633682,
    "min_min_numeric_features": -2.039459705352783,
    "q1_min_numeric_features": -1.7768594920635223,
    "median_min_numeric_features": -1.6811758875846863,
    "q3_min_numeric_features": -1.619579553604126,
    "max_min_numeric_features": -1.468349814414978,
    "mean_median_numeric_features": -0.030327048152685165,
    "stdev_median_numeric_features": 0.11069025099277496,
    "min_median_numeric_features": -0.25457099080085754,
    "q1_median_numeric_features": -0.12032059393823147,
    "median_median_numeric_features": -0.0281815929338336,
    "q3_median_numeric_features": 0.048899151384830475,
    "max_median_numeric_features": 0.24159687757492065,
    "mean_max_numeric_features": 1.709276556968689,
    "stdev_max_numeric_features": 0.1410406231880188,
    "min_max_numeric_features": 1.4153515100479126,
    "q1_max_numeric_features": 1.611818253993988,
    "median_max_numeric_features": 1.6956461071968079,
    "q3_max_numeric_features": 1.784347414970398,
    "max_max_numeric_features": 2.08998441696167,
    "pca_1": 0.06218559949139002,
    "pca_2": 0.0505049054609534,
    "pca_3": 0.04604957005214777,
    "mean_cov_numeric_features": 0.013917829841375351,
    "stdev_cov_numeric_features": 0.11665686964988708,
    "min_cov_numeric_features": -0.21545270085334778,
    "q1_cov_numeric_features": -0.0703191515058279,
    "median_cov_numeric_features": 0.016764921601861715,
    "q3_cov_numeric_features": 0.10165688395500183,
    "max_cov_numeric_features": 0.3372420370578766,
    "mean_entropy_categorical_features": NaN,
    "stdev_entropy_categorical_features": NaN,
    "min_entropy_categorical_features": NaN,
    "median_entropy_categorical_features": NaN,
    "max_entropy_categorical_features": NaN,
    "knn_5_mse": 1.0790326898894274,
    "knn_5_mae": 0.845546042304,
    "knn_5_r2": -0.18193042628788123,
    "decision_tree_3_mse": 0.3970617040856409,
    "decision_tree_3_mae": 0.4428466381306413,
    "decision_tree_3_r2": 0.5592417073538181,
    "decision_tree_1_mse": 0.8578283205409236,
    "decision_tree_1_mae": 0.7727097436072785,
    "decision_tree_1_r2": 0.10633091481970264,
    "random_tree_2_mse": 0.9610793193864985,
    "random_tree_2_mae": 0.7774809536186766,
    "random_tree_2_r2": -0.02058217346702268,
    "mean_correlation_features_target": 0.013917828910052776,
    "stdev_correlation_features_target": 0.11665686964988708,
    "min_correlation_features_target": -0.21545270085334778,
    "q1_correlation_features_target": -0.0703191515058279,
    "median_correlation_features_target": 0.016764921601861715,
    "q3_correlation_features_target": 0.10165688395500183,
    "max_correlation_features_target": 0.337242066860199
}