{
    "nb_instances": 500,
    "log_nb_instances": 6.214608098422191,
    "nb_features": 50,
    "dataset_dimensionality": 10.0,
    "log_dataset_dimensionality": 2.302585092994046,
    "dataset_ratio": 0.1,
    "nb_missing_vals": 0,
    "ratio_features_with_missing_vals": 0.0,
    "ratio_instances_with_missing_vals": 0.0,
    "nb_numeric_features": 50,
    "nb_categorical_features": 0,
    "ratio_numeric_categorical_features": 0.0,
    "ratio_categorical_numeric_features": 0.0,
    "mean__target": -1.907348723406699e-09,
    "stdev__target": 0.9989994764328003,
    "min__target": -2.739672899246216,
    "q1__target": -0.6302249431610107,
    "median__target": 0.04189530946314335,
    "q3__target": 0.7078347653150558,
    "max__target": 2.5525028705596924,
    "mean_mean_numeric_features": 1.0765305313853446e-10,
    "stdev_mean_numeric_features": 8.13402512012118e-10,
    "min_mean_numeric_features": -1.801999993666925e-09,
    "q1_mean_numeric_features": -4.2897498747640483e-10,
    "median_mean_numeric_features": 1.4430001638032763e-10,
    "q3_mean_numeric_features": 7.051549483216846e-10,
    "max_mean_numeric_features": 1.8542000157495409e-09,
    "mean_stdev_numeric_features": 1.0,
    "stdev_stdev_numeric_features": 0.0,
    "min_stdev_numeric_features": 1.0,
    "q1_stdev_numeric_features": 1.0,
    "median_stdev_numeric_features": 1.0,
    "q3_stdev_numeric_features": 1.0,
    "max_stdev_numeric_features": 1.0,
    "mean_var_numeric_features": 1.0,
    "stdev_var_numeric_features": 0.0,
    "min_var_numeric_features": 1.0,
    "q1_var_numeric_features": 1.0,
    "median_var_numeric_features": 1.0,
    "q3_var_numeric_features": 1.0,
    "max_var_numeric_features": 1.0,
    "mean_min_numeric_features": -1.7491549253463745,
    "stdev_min_numeric_features": 0.07614962756633759,
    "min_min_numeric_features": -2.0446012020111084,
    "q1_min_numeric_features": -1.7931218147277832,
    "median_min_numeric_features": -1.7399289011955261,
    "q3_min_numeric_features": -1.6994434595108032,
    "max_min_numeric_features": -1.6059221029281616,
    "mean_median_numeric_features": -0.001542487763799727,
    "stdev_median_numeric_features": 0.03822639584541321,
    "min_median_numeric_features": -0.08285192400217056,
    "q1_median_numeric_features": -0.02655839128419757,
    "median_median_numeric_features": 0.0032623028964735568,
    "q3_median_numeric_features": 0.027828564401715994,
    "max_median_numeric_features": 0.08325454592704773,
    "mean_max_numeric_features": 1.7379918098449707,
    "stdev_max_numeric_features": 0.08612282574176788,
    "min_max_numeric_features": 1.61600923538208,
    "q1_max_numeric_features": 1.6948952674865723,
    "median_max_numeric_features": 1.7372847199440002,
    "q3_max_numeric_features": 1.7790885269641876,
    "max_max_numeric_features": 2.1797943115234375,
    "pca_1": 0.04422237427252366,
    "pca_2": 0.03251658477676803,
    "pca_3": 0.031230008967850324,
    "mean_cov_numeric_features": -0.008097026497125626,
    "stdev_cov_numeric_features": 0.0915064811706543,
    "min_cov_numeric_features": -0.30861014127731323,
    "q1_cov_numeric_features": -0.04106092918664217,
    "median_cov_numeric_features": -0.005595313850790262,
    "q3_cov_numeric_features": 0.021542205475270748,
    "max_cov_numeric_features": 0.35305461287498474,
    "mean_entropy_categorical_features": NaN,
    "stdev_entropy_categorical_features": NaN,
    "min_entropy_categorical_features": NaN,
    "median_entropy_categorical_features": NaN,
    "max_entropy_categorical_features": NaN,
    "knn_5_mse": 0.9652365616547834,
    "knn_5_mae": 0.78988320255888,
    "knn_5_r2": 0.02351769111326521,
    "decision_tree_3_mse": 0.3907259187125119,
    "decision_tree_3_mae": 0.4773688068269668,
    "decision_tree_3_r2": 0.607551791873989,
    "decision_tree_1_mse": 0.713302765222269,
    "decision_tree_1_mae": 0.6763885342178941,
    "decision_tree_1_r2": 0.27339065790762296,
    "random_tree_2_mse": 0.92056250994512,
    "random_tree_2_mae": 0.7809495872590182,
    "random_tree_2_r2": 0.07567524121233607,
    "mean_correlation_features_target": -0.008097026497125626,
    "stdev_correlation_features_target": 0.0915064811706543,
    "min_correlation_features_target": -0.30861014127731323,
    "q1_correlation_features_target": -0.04106092918664217,
    "median_correlation_features_target": -0.005595313850790262,
    "q3_correlation_features_target": 0.021542205475270748,
    "max_correlation_features_target": 0.35305461287498474
}