{
    "nb_instances": 250,
    "log_nb_instances": 5.521460917862246,
    "nb_features": 50,
    "dataset_dimensionality": 5.0,
    "log_dataset_dimensionality": 1.6094379124341003,
    "dataset_ratio": 0.2,
    "nb_missing_vals": 0,
    "ratio_features_with_missing_vals": 0.0,
    "ratio_instances_with_missing_vals": 0.0,
    "nb_numeric_features": 50,
    "nb_categorical_features": 0,
    "ratio_numeric_categorical_features": 0.0,
    "ratio_categorical_numeric_features": 0.0,
    "mean__target": 0.0,
    "stdev__target": 0.9979979991912842,
    "min__target": -2.4794468879699707,
    "q1__target": -0.7194249331951141,
    "median__target": 0.17611850053071976,
    "q3__target": 0.7868897616863251,
    "max__target": 1.9888776540756226,
    "mean_mean_numeric_features": 8.340530349704167e-11,
    "stdev_mean_numeric_features": 9.58802259809488e-10,
    "min_mean_numeric_features": -1.6076000530773626e-09,
    "q1_mean_numeric_features": -8.04040001245454e-10,
    "median_mean_numeric_features": 6.837999610986856e-11,
    "q3_mean_numeric_features": 6.550000125615796e-10,
    "max_mean_numeric_features": 2.603999904593479e-09,
    "mean_stdev_numeric_features": 1.0,
    "stdev_stdev_numeric_features": 0.0,
    "min_stdev_numeric_features": 1.0,
    "q1_stdev_numeric_features": 1.0,
    "median_stdev_numeric_features": 1.0,
    "q3_stdev_numeric_features": 1.0,
    "max_stdev_numeric_features": 1.0,
    "mean_var_numeric_features": 1.0,
    "stdev_var_numeric_features": 0.0,
    "min_var_numeric_features": 1.0,
    "q1_var_numeric_features": 1.0,
    "median_var_numeric_features": 1.0,
    "q3_var_numeric_features": 1.0,
    "max_var_numeric_features": 1.0,
    "mean_min_numeric_features": -1.7379906177520752,
    "stdev_min_numeric_features": 0.0998019278049469,
    "min_min_numeric_features": -2.1848132610321045,
    "q1_min_numeric_features": -1.7838575839996338,
    "median_min_numeric_features": -1.7315844297409058,
    "q3_min_numeric_features": -1.6944244801998138,
    "max_min_numeric_features": -1.504459261894226,
    "mean_median_numeric_features": -0.0037106783129274845,
    "stdev_median_numeric_features": 0.0649966299533844,
    "min_median_numeric_features": -0.22727592289447784,
    "q1_median_numeric_features": -0.03821689169853926,
    "median_median_numeric_features": -0.0016221577971009538,
    "q3_median_numeric_features": 0.03094904776662588,
    "max_median_numeric_features": 0.20469175279140472,
    "mean_max_numeric_features": 1.7518638372421265,
    "stdev_max_numeric_features": 0.18031664192676544,
    "min_max_numeric_features": 1.5442942380905151,
    "q1_max_numeric_features": 1.6641342043876648,
    "median_max_numeric_features": 1.7240063548088074,
    "q3_max_numeric_features": 1.7931662797927856,
    "max_max_numeric_features": 2.727139472961426,
    "pca_1": 0.0542943720936866,
    "pca_2": 0.03659611400381283,
    "pca_3": 0.035313812431506705,
    "mean_cov_numeric_features": -0.006785245146602392,
    "stdev_cov_numeric_features": 0.11452063173055649,
    "min_cov_numeric_features": -0.41712686419487,
    "q1_cov_numeric_features": -0.05652739852666855,
    "median_cov_numeric_features": 0.001992918085306883,
    "q3_cov_numeric_features": 0.04950365424156189,
    "max_cov_numeric_features": 0.2513117492198944,
    "mean_entropy_categorical_features": NaN,
    "stdev_entropy_categorical_features": NaN,
    "min_entropy_categorical_features": NaN,
    "median_entropy_categorical_features": NaN,
    "max_entropy_categorical_features": NaN,
    "knn_5_mse": 1.045271469249705,
    "knn_5_mae": 0.8168199678098566,
    "knn_5_r2": -0.06764404370915975,
    "decision_tree_3_mse": 0.4684241105752546,
    "decision_tree_3_mae": 0.5105741516582898,
    "decision_tree_3_r2": 0.5055055379702358,
    "decision_tree_1_mse": 0.6563749280707325,
    "decision_tree_1_mae": 0.6317178333457609,
    "decision_tree_1_r2": 0.31444383268224285,
    "random_tree_2_mse": 0.8093835878497735,
    "random_tree_2_mae": 0.7275343608194395,
    "random_tree_2_r2": 0.18079072681753489,
    "mean_correlation_features_target": -0.006785245146602392,
    "stdev_correlation_features_target": 0.11452063173055649,
    "min_correlation_features_target": -0.41712686419487,
    "q1_correlation_features_target": -0.05652739852666855,
    "median_correlation_features_target": 0.001992918085306883,
    "q3_correlation_features_target": 0.04950365424156189,
    "max_correlation_features_target": 0.2513117492198944
}