{
    "nb_instances": 100,
    "log_nb_instances": 4.605170185988092,
    "nb_features": 25,
    "dataset_dimensionality": 4.0,
    "log_dataset_dimensionality": 1.3862943611198906,
    "dataset_ratio": 0.25,
    "nb_missing_vals": 0,
    "ratio_features_with_missing_vals": 0.0,
    "ratio_instances_with_missing_vals": 0.0,
    "nb_numeric_features": 25,
    "nb_categorical_features": 0,
    "ratio_numeric_categorical_features": 0.0,
    "ratio_categorical_numeric_features": 0.0,
    "mean__target": -4.76837147544984e-09,
    "stdev__target": 0.9949874877929688,
    "min__target": -2.17834734916687,
    "q1__target": -0.5573182851076126,
    "median__target": 0.09307902678847313,
    "q3__target": 0.6236200630664825,
    "max__target": 2.5683608055114746,
    "mean_mean_numeric_features": -3.2881999900702397e-10,
    "stdev_mean_numeric_features": 1.528478121848309e-09,
    "min_mean_numeric_features": -2.760000006318819e-09,
    "q1_mean_numeric_features": -1.796299997636197e-09,
    "median_mean_numeric_features": -5.299999883412454e-10,
    "q3_mean_numeric_features": 6.299999966152825e-10,
    "max_mean_numeric_features": 2.309999969085652e-09,
    "mean_stdev_numeric_features": 1.0,
    "stdev_stdev_numeric_features": 0.0,
    "min_stdev_numeric_features": 1.0,
    "q1_stdev_numeric_features": 1.0,
    "median_stdev_numeric_features": 1.0,
    "q3_stdev_numeric_features": 1.0,
    "max_stdev_numeric_features": 1.0,
    "mean_var_numeric_features": 1.0,
    "stdev_var_numeric_features": 0.0,
    "min_var_numeric_features": 1.0,
    "q1_var_numeric_features": 1.0,
    "median_var_numeric_features": 1.0,
    "q3_var_numeric_features": 1.0,
    "max_var_numeric_features": 1.0,
    "mean_min_numeric_features": -1.6695843935012817,
    "stdev_min_numeric_features": 0.164330393075943,
    "min_min_numeric_features": -2.057828426361084,
    "q1_min_numeric_features": -1.7745968103408813,
    "median_min_numeric_features": -1.6624908447265625,
    "q3_min_numeric_features": -1.5504248142242432,
    "max_min_numeric_features": -1.307658314704895,
    "mean_median_numeric_features": -0.02566852979362011,
    "stdev_median_numeric_features": 0.13142669200897217,
    "min_median_numeric_features": -0.4135311543941498,
    "q1_median_numeric_features": -0.07916320860385895,
    "median_median_numeric_features": -0.005354034714400768,
    "q3_median_numeric_features": 0.028456490486860275,
    "max_median_numeric_features": 0.2814129889011383,
    "mean_max_numeric_features": 1.8568525314331055,
    "stdev_max_numeric_features": 0.3576405942440033,
    "min_max_numeric_features": 1.421857476234436,
    "q1_max_numeric_features": 1.6847856044769287,
    "median_max_numeric_features": 1.7641865015029907,
    "q3_max_numeric_features": 1.8687695264816284,
    "max_max_numeric_features": 3.0330557823181152,
    "pca_1": 0.14143080013696294,
    "pca_2": 0.07471058777331106,
    "pca_3": 0.06976400101979914,
    "mean_cov_numeric_features": 0.01005581859499216,
    "stdev_cov_numeric_features": 0.12519331276416779,
    "min_cov_numeric_features": -0.19801108539104462,
    "q1_cov_numeric_features": -0.07108838111162186,
    "median_cov_numeric_features": -0.02163427509367466,
    "q3_cov_numeric_features": 0.09591827541589737,
    "max_cov_numeric_features": 0.3998545706272125,
    "mean_entropy_categorical_features": NaN,
    "stdev_entropy_categorical_features": NaN,
    "min_entropy_categorical_features": NaN,
    "median_entropy_categorical_features": NaN,
    "max_entropy_categorical_features": NaN,
    "knn_5_mse": 0.8661537338184487,
    "knn_5_mae": 0.719673180886,
    "knn_5_r2": 0.1271535503597529,
    "decision_tree_3_mse": 1.2541678305459043,
    "decision_tree_3_mae": 0.8692289662247177,
    "decision_tree_3_r2": -0.4373970035559889,
    "decision_tree_1_mse": 1.2741391468478098,
    "decision_tree_1_mae": 0.8741360547832335,
    "decision_tree_1_r2": -0.31886348234129525,
    "random_tree_2_mse": 1.0494291057796747,
    "random_tree_2_mae": 0.8043569895029867,
    "random_tree_2_r2": -0.12215822595556822,
    "mean_correlation_features_target": 0.01005581859499216,
    "stdev_correlation_features_target": 0.12519331276416779,
    "min_correlation_features_target": -0.19801108539104462,
    "q1_correlation_features_target": -0.07108838111162186,
    "median_correlation_features_target": -0.02163427509367466,
    "q3_correlation_features_target": 0.09591827541589737,
    "max_correlation_features_target": 0.3998545706272125
}