{
    "nb_instances": 100,
    "log_nb_instances": 4.605170185988092,
    "nb_features": 10,
    "dataset_dimensionality": 10.0,
    "log_dataset_dimensionality": 2.302585092994046,
    "dataset_ratio": 0.1,
    "nb_missing_vals": 0,
    "ratio_features_with_missing_vals": 0.0,
    "ratio_instances_with_missing_vals": 0.0,
    "nb_numeric_features": 10,
    "nb_categorical_features": 0,
    "ratio_numeric_categorical_features": 0.0,
    "ratio_categorical_numeric_features": 0.0,
    "mean__target": -1.0728836485895954e-08,
    "stdev__target": 0.9949874877929688,
    "min__target": -2.286947250366211,
    "q1__target": -0.7523999661207199,
    "median__target": 0.10931384935975075,
    "q3__target": 0.6461268812417984,
    "max__target": 2.3849663734436035,
    "mean_mean_numeric_features": -1.34260005890674e-10,
    "stdev_mean_numeric_features": 1.405122462827535e-09,
    "min_mean_numeric_features": -3.210000043551986e-09,
    "q1_mean_numeric_features": -8.237000109767578e-10,
    "median_mean_numeric_features": -1.849997932623637e-11,
    "q3_mean_numeric_features": 7.637499521706559e-10,
    "max_mean_numeric_features": 1.8249999289565721e-09,
    "mean_stdev_numeric_features": 1.0,
    "stdev_stdev_numeric_features": 0.0,
    "min_stdev_numeric_features": 1.0,
    "q1_stdev_numeric_features": 1.0,
    "median_stdev_numeric_features": 1.0,
    "q3_stdev_numeric_features": 1.0,
    "max_stdev_numeric_features": 1.0,
    "mean_var_numeric_features": 1.0,
    "stdev_var_numeric_features": 0.0,
    "min_var_numeric_features": 1.0,
    "q1_var_numeric_features": 1.0,
    "median_var_numeric_features": 1.0,
    "q3_var_numeric_features": 1.0,
    "max_var_numeric_features": 1.0,
    "mean_min_numeric_features": -1.8368486166000366,
    "stdev_min_numeric_features": 0.32946935296058655,
    "min_min_numeric_features": -2.7059412002563477,
    "q1_min_numeric_features": -1.832969456911087,
    "median_min_numeric_features": -1.7925232648849487,
    "q3_min_numeric_features": -1.6601832509040833,
    "max_min_numeric_features": -1.4320645332336426,
    "mean_median_numeric_features": 0.0026833326555788517,
    "stdev_median_numeric_features": 0.12924480438232422,
    "min_median_numeric_features": -0.23999182879924774,
    "q1_median_numeric_features": -0.07026311196386814,
    "median_median_numeric_features": -0.03308679722249508,
    "q3_median_numeric_features": 0.12240287102758884,
    "max_median_numeric_features": 0.17102235555648804,
    "mean_max_numeric_features": 1.978206992149353,
    "stdev_max_numeric_features": 0.46179911494255066,
    "min_max_numeric_features": 1.5068644285202026,
    "q1_max_numeric_features": 1.5531241595745087,
    "median_max_numeric_features": 1.8108059167861938,
    "q3_max_numeric_features": 2.3276659846305847,
    "max_max_numeric_features": 2.813746213912964,
    "pca_1": 0.35393790830762933,
    "pca_2": 0.21129659643963478,
    "pca_3": 0.11052873311975375,
    "mean_cov_numeric_features": 0.019223835319280624,
    "stdev_cov_numeric_features": 0.1923210471868515,
    "min_cov_numeric_features": -0.23403286933898926,
    "q1_cov_numeric_features": -0.13636060990393162,
    "median_cov_numeric_features": -0.02061922289431095,
    "q3_cov_numeric_features": 0.12011556513607502,
    "max_cov_numeric_features": 0.4394991397857666,
    "mean_entropy_categorical_features": NaN,
    "stdev_entropy_categorical_features": NaN,
    "min_entropy_categorical_features": NaN,
    "median_entropy_categorical_features": NaN,
    "max_entropy_categorical_features": NaN,
    "knn_5_mse": 0.6663253599128955,
    "knn_5_mae": 0.6472899346190001,
    "knn_5_r2": 0.328915259106892,
    "decision_tree_3_mse": 0.4744546670619371,
    "decision_tree_3_mae": 0.506296780977277,
    "decision_tree_3_r2": 0.49214090304657354,
    "decision_tree_1_mse": 1.0556003418263773,
    "decision_tree_1_mae": 0.7922425605593004,
    "decision_tree_1_r2": -0.10933902387814334,
    "random_tree_2_mse": 0.6976962867060728,
    "random_tree_2_mae": 0.6664440280449997,
    "random_tree_2_r2": 0.2897353929335292,
    "mean_correlation_features_target": 0.019223829731345177,
    "stdev_correlation_features_target": 0.1923210471868515,
    "min_correlation_features_target": -0.23403286933898926,
    "q1_correlation_features_target": -0.13636060990393162,
    "median_correlation_features_target": -0.02061922289431095,
    "q3_correlation_features_target": 0.12011556513607502,
    "max_correlation_features_target": 0.4394991099834442
}