{
    "nb_instances": 500,
    "log_nb_instances": 6.214608098422191,
    "nb_features": 10,
    "dataset_dimensionality": 50.0,
    "log_dataset_dimensionality": 3.912023005428146,
    "dataset_ratio": 0.02,
    "nb_missing_vals": 0,
    "ratio_features_with_missing_vals": 0.0,
    "ratio_instances_with_missing_vals": 0.0,
    "nb_numeric_features": 10,
    "nb_categorical_features": 0,
    "ratio_numeric_categorical_features": 0.0,
    "ratio_categorical_numeric_features": 0.0,
    "mean__target": 0.0,
    "stdev__target": 0.9989995360374451,
    "min__target": -2.48649263381958,
    "q1__target": -0.7074823677539825,
    "median__target": 0.10104905813932419,
    "q3__target": 0.7800683975219727,
    "max__target": 2.3385090827941895,
    "mean_mean_numeric_features": -9.940002293484795e-11,
    "stdev_mean_numeric_features": 8.135696560884753e-10,
    "min_mean_numeric_features": -1.543399963388481e-09,
    "q1_mean_numeric_features": -6.705000235585068e-10,
    "median_mean_numeric_features": -1.2130000996701806e-10,
    "q3_mean_numeric_features": 6.113499775861619e-10,
    "max_mean_numeric_features": 1.18179999120116e-09,
    "mean_stdev_numeric_features": 1.0,
    "stdev_stdev_numeric_features": 0.0,
    "min_stdev_numeric_features": 1.0,
    "q1_stdev_numeric_features": 1.0,
    "median_stdev_numeric_features": 1.0,
    "q3_stdev_numeric_features": 1.0,
    "max_stdev_numeric_features": 1.0,
    "mean_var_numeric_features": 1.0,
    "stdev_var_numeric_features": 0.0,
    "min_var_numeric_features": 1.0,
    "q1_var_numeric_features": 1.0,
    "median_var_numeric_features": 1.0,
    "q3_var_numeric_features": 1.0,
    "max_var_numeric_features": 1.0,
    "mean_min_numeric_features": -1.8333358764648438,
    "stdev_min_numeric_features": 0.2098483294248581,
    "min_min_numeric_features": -2.45656681060791,
    "q1_min_numeric_features": -1.7862202823162079,
    "median_min_numeric_features": -1.7733234763145447,
    "q3_min_numeric_features": -1.7545649707317352,
    "max_min_numeric_features": -1.7134811878204346,
    "mean_median_numeric_features": -0.009423771873116493,
    "stdev_median_numeric_features": 0.04173559322953224,
    "min_median_numeric_features": -0.08507051318883896,
    "q1_median_numeric_features": -0.040235988330096006,
    "median_median_numeric_features": 0.00577855110168457,
    "q3_median_numeric_features": 0.011694062734022737,
    "max_median_numeric_features": 0.06526587158441544,
    "mean_max_numeric_features": 1.7656452655792236,
    "stdev_max_numeric_features": 0.15699893236160278,
    "min_max_numeric_features": 1.637293815612793,
    "q1_max_numeric_features": 1.6848976910114288,
    "median_max_numeric_features": 1.7110148668289185,
    "q3_max_numeric_features": 1.7463809549808502,
    "max_max_numeric_features": 2.2068188190460205,
    "pca_1": 0.2056182421378155,
    "pca_2": 0.11967455268256222,
    "pca_3": 0.11535460019890337,
    "mean_cov_numeric_features": 0.0054644932970404625,
    "stdev_cov_numeric_features": 0.1813952624797821,
    "min_cov_numeric_features": -0.2747524082660675,
    "q1_cov_numeric_features": -0.03613745141774416,
    "median_cov_numeric_features": -0.00527539849281311,
    "q3_cov_numeric_features": 0.03222474781796336,
    "max_cov_numeric_features": 0.4139699935913086,
    "mean_entropy_categorical_features": NaN,
    "stdev_entropy_categorical_features": NaN,
    "min_entropy_categorical_features": NaN,
    "median_entropy_categorical_features": NaN,
    "max_entropy_categorical_features": NaN,
    "knn_5_mse": 0.5804357199995533,
    "knn_5_mae": 0.60999352656148,
    "knn_5_r2": 0.40706147936041265,
    "decision_tree_3_mse": 0.3951787942406184,
    "decision_tree_3_mae": 0.489152135198377,
    "decision_tree_3_r2": 0.5951781350612705,
    "decision_tree_1_mse": 0.7354360689670205,
    "decision_tree_1_mae": 0.699547820192839,
    "decision_tree_1_r2": 0.25394871613371883,
    "random_tree_2_mse": 0.7552976628392538,
    "random_tree_2_mae": 0.699962169546005,
    "random_tree_2_r2": 0.23616778304515457,
    "mean_correlation_features_target": 0.0054644932970404625,
    "stdev_correlation_features_target": 0.1813952624797821,
    "min_correlation_features_target": -0.2747524082660675,
    "q1_correlation_features_target": -0.03613745141774416,
    "median_correlation_features_target": -0.00527539849281311,
    "q3_correlation_features_target": 0.03222474781796336,
    "max_correlation_features_target": 0.4139699935913086
}