{
    "nb_instances": 100,
    "log_nb_instances": 4.605170185988092,
    "nb_features": 50,
    "dataset_dimensionality": 2.0,
    "log_dataset_dimensionality": 0.6931471805599453,
    "dataset_ratio": 0.5,
    "nb_missing_vals": 0,
    "ratio_features_with_missing_vals": 0.0,
    "ratio_instances_with_missing_vals": 0.0,
    "nb_numeric_features": 50,
    "nb_categorical_features": 0,
    "ratio_numeric_categorical_features": 0.0,
    "ratio_categorical_numeric_features": 0.0,
    "mean__target": 8.940696516468449e-10,
    "stdev__target": 0.994987428188324,
    "min__target": -2.162952184677124,
    "q1__target": -0.7465975731611252,
    "median__target": 0.11412627622485161,
    "q3__target": 0.6007924526929855,
    "max__target": 2.893524646759033,
    "mean_mean_numeric_features": -2.3244001168265527e-10,
    "stdev_mean_numeric_features": 1.9513886062583197e-09,
    "min_mean_numeric_features": -3.730999953432956e-09,
    "q1_mean_numeric_features": -1.7257749951316015e-09,
    "median_mean_numeric_features": -4.999982563397353e-12,
    "q3_mean_numeric_features": 1.075499994618312e-09,
    "max_mean_numeric_features": 4.14999989928333e-09,
    "mean_stdev_numeric_features": 1.0,
    "stdev_stdev_numeric_features": 0.0,
    "min_stdev_numeric_features": 1.0,
    "q1_stdev_numeric_features": 1.0,
    "median_stdev_numeric_features": 1.0,
    "q3_stdev_numeric_features": 1.0,
    "max_stdev_numeric_features": 1.0,
    "mean_var_numeric_features": 1.0,
    "stdev_var_numeric_features": 0.0,
    "min_var_numeric_features": 1.0,
    "q1_var_numeric_features": 1.0,
    "median_var_numeric_features": 1.0,
    "q3_var_numeric_features": 1.0,
    "max_var_numeric_features": 1.0,
    "mean_min_numeric_features": -1.7137939929962158,
    "stdev_min_numeric_features": 0.13017724454402924,
    "min_min_numeric_features": -2.005164623260498,
    "q1_min_numeric_features": -1.8084538877010345,
    "median_min_numeric_features": -1.7148503065109253,
    "q3_min_numeric_features": -1.613966464996338,
    "max_min_numeric_features": -1.3872452974319458,
    "mean_median_numeric_features": -0.04267370328307152,
    "stdev_median_numeric_features": 0.10424763709306717,
    "min_median_numeric_features": -0.3110526502132416,
    "q1_median_numeric_features": -0.11252870224416256,
    "median_median_numeric_features": -0.045592380687594414,
    "q3_median_numeric_features": 0.0198916750960052,
    "max_median_numeric_features": 0.22730490565299988,
    "mean_max_numeric_features": 1.8506495952606201,
    "stdev_max_numeric_features": 0.3844340145587921,
    "min_max_numeric_features": 1.4323877096176147,
    "q1_max_numeric_features": 1.6794548034667969,
    "median_max_numeric_features": 1.754250407218933,
    "q3_max_numeric_features": 1.8717889189720154,
    "max_max_numeric_features": 3.4512221813201904,
    "pca_1": 0.08149919829929926,
    "pca_2": 0.05241104994696745,
    "pca_3": 0.049327035541379724,
    "mean_cov_numeric_features": 0.017549192532896996,
    "stdev_cov_numeric_features": 0.10616367310285568,
    "min_cov_numeric_features": -0.1993933916091919,
    "q1_cov_numeric_features": -0.062326754443347454,
    "median_cov_numeric_features": 0.03254082519561052,
    "q3_cov_numeric_features": 0.07689660415053368,
    "max_cov_numeric_features": 0.3761339783668518,
    "mean_entropy_categorical_features": NaN,
    "stdev_entropy_categorical_features": NaN,
    "min_entropy_categorical_features": NaN,
    "median_entropy_categorical_features": NaN,
    "max_entropy_categorical_features": NaN,
    "knn_5_mse": 1.0267428407001251,
    "knn_5_mae": 0.800630687412,
    "knn_5_r2": -0.0747637464926777,
    "decision_tree_3_mse": 0.5150896348912323,
    "decision_tree_3_mae": 0.5469609276910081,
    "decision_tree_3_r2": 0.40313932572667227,
    "decision_tree_1_mse": 0.9297437666462735,
    "decision_tree_1_mae": 0.7914258873443516,
    "decision_tree_1_r2": 0.024742414201699398,
    "random_tree_2_mse": 0.8762461200016534,
    "random_tree_2_mae": 0.688746740383262,
    "random_tree_2_r2": 0.06853705316363318,
    "mean_correlation_features_target": 0.017549192532896996,
    "stdev_correlation_features_target": 0.10616368055343628,
    "min_correlation_features_target": -0.1993933916091919,
    "q1_correlation_features_target": -0.062326754443347454,
    "median_correlation_features_target": 0.03254082519561052,
    "q3_correlation_features_target": 0.07689660415053368,
    "max_correlation_features_target": 0.3761339783668518
}