{
    "nb_instances": 500,
    "log_nb_instances": 6.214608098422191,
    "nb_features": 25,
    "dataset_dimensionality": 20.0,
    "log_dataset_dimensionality": 2.995732273553991,
    "dataset_ratio": 0.05,
    "nb_missing_vals": 0,
    "ratio_features_with_missing_vals": 0.0,
    "ratio_instances_with_missing_vals": 0.0,
    "nb_numeric_features": 25,
    "nb_categorical_features": 0,
    "ratio_numeric_categorical_features": 0.0,
    "ratio_categorical_numeric_features": 0.0,
    "mean__target": 7.629394893626795e-09,
    "stdev__target": 0.9989995360374451,
    "min__target": -2.806550979614258,
    "q1__target": -0.5558528304100037,
    "median__target": 0.21464067697525024,
    "q3__target": 0.7335752844810486,
    "max__target": 2.090390682220459,
    "mean_mean_numeric_features": 8.614870102008343e-12,
    "stdev_mean_numeric_features": 5.829254856593025e-10,
    "min_mean_numeric_features": -1.08599995662928e-09,
    "q1_mean_numeric_features": -3.9620004499418826e-10,
    "median_mean_numeric_features": 9.252026228478982e-12,
    "q3_mean_numeric_features": 3.9820002850632363e-10,
    "max_mean_numeric_features": 9.876000017783326e-10,
    "mean_stdev_numeric_features": 1.0,
    "stdev_stdev_numeric_features": 0.0,
    "min_stdev_numeric_features": 1.0,
    "q1_stdev_numeric_features": 1.0,
    "median_stdev_numeric_features": 1.0,
    "q3_stdev_numeric_features": 1.0,
    "max_stdev_numeric_features": 1.0,
    "mean_var_numeric_features": 1.0,
    "stdev_var_numeric_features": 0.0,
    "min_var_numeric_features": 1.0,
    "q1_var_numeric_features": 1.0,
    "median_var_numeric_features": 1.0,
    "q3_var_numeric_features": 1.0,
    "max_var_numeric_features": 1.0,
    "mean_min_numeric_features": -1.7859266996383667,
    "stdev_min_numeric_features": 0.14686833322048187,
    "min_min_numeric_features": -2.2656219005584717,
    "q1_min_numeric_features": -1.8138092756271362,
    "median_min_numeric_features": -1.7638367414474487,
    "q3_min_numeric_features": -1.7212620973587036,
    "max_min_numeric_features": -1.5851877927780151,
    "mean_median_numeric_features": -0.016280055046081543,
    "stdev_median_numeric_features": 0.05684896931052208,
    "min_median_numeric_features": -0.21798758208751678,
    "q1_median_numeric_features": -0.03747693449258804,
    "median_median_numeric_features": -0.02657887525856495,
    "q3_median_numeric_features": 0.021508025005459785,
    "max_median_numeric_features": 0.06505584716796875,
    "mean_max_numeric_features": 1.7971725463867188,
    "stdev_max_numeric_features": 0.3145348131656647,
    "min_max_numeric_features": 1.6501773595809937,
    "q1_max_numeric_features": 1.6745151281356812,
    "median_max_numeric_features": 1.7196613550186157,
    "q3_max_numeric_features": 1.7475383281707764,
    "max_max_numeric_features": 3.266525983810425,
    "pca_1": 0.10056749596200146,
    "pca_2": 0.05707330422973932,
    "pca_3": 0.05419181948427824,
    "mean_cov_numeric_features": -0.02158680185675621,
    "stdev_cov_numeric_features": 0.11444936692714691,
    "min_cov_numeric_features": -0.34528404474258423,
    "q1_cov_numeric_features": -0.04562751576304436,
    "median_cov_numeric_features": -0.010203211568295956,
    "q3_cov_numeric_features": 0.02160773240029812,
    "max_cov_numeric_features": 0.2205747663974762,
    "mean_entropy_categorical_features": NaN,
    "stdev_entropy_categorical_features": NaN,
    "min_entropy_categorical_features": NaN,
    "median_entropy_categorical_features": NaN,
    "max_entropy_categorical_features": NaN,
    "knn_5_mse": 0.9138011830235673,
    "knn_5_mae": 0.7615332182912999,
    "knn_5_r2": 0.07615812318001214,
    "decision_tree_3_mse": 0.4152194979067213,
    "decision_tree_3_mae": 0.5015383940687662,
    "decision_tree_3_r2": 0.5787674689870485,
    "decision_tree_1_mse": 0.7071212963072528,
    "decision_tree_1_mae": 0.6665719475404519,
    "decision_tree_1_r2": 0.2783948903479474,
    "random_tree_2_mse": 0.5615133382638597,
    "random_tree_2_mae": 0.5881046429804856,
    "random_tree_2_r2": 0.4359745848348565,
    "mean_correlation_features_target": -0.02158680185675621,
    "stdev_correlation_features_target": 0.11444936692714691,
    "min_correlation_features_target": -0.34528404474258423,
    "q1_correlation_features_target": -0.04562751576304436,
    "median_correlation_features_target": -0.010203211568295956,
    "q3_correlation_features_target": 0.02160773240029812,
    "max_correlation_features_target": 0.2205747663974762
}