{
    "nb_instances": 250,
    "log_nb_instances": 5.521460917862246,
    "nb_features": 25,
    "dataset_dimensionality": 10.0,
    "log_dataset_dimensionality": 2.302585092994046,
    "dataset_ratio": 0.1,
    "nb_missing_vals": 0,
    "ratio_features_with_missing_vals": 0.0,
    "ratio_instances_with_missing_vals": 0.0,
    "nb_numeric_features": 25,
    "nb_categorical_features": 0,
    "ratio_numeric_categorical_features": 0.0,
    "ratio_categorical_numeric_features": 0.0,
    "mean__target": -3.814697446813398e-09,
    "stdev__target": 0.9979979991912842,
    "min__target": -2.5650289058685303,
    "q1__target": -0.6316575407981873,
    "median__target": 0.06634236872196198,
    "q3__target": 0.6885833442211151,
    "max__target": 3.222853183746338,
    "mean_mean_numeric_features": -2.1348796341857934e-10,
    "stdev_mean_numeric_features": 1.1337039085290712e-09,
    "min_mean_numeric_features": -1.9640000736842467e-09,
    "q1_mean_numeric_features": -9.164000114303406e-10,
    "median_mean_numeric_features": -4.0059999761865583e-10,
    "q3_mean_numeric_features": 4.055999980323577e-10,
    "max_mean_numeric_features": 2.5024400329698437e-09,
    "mean_stdev_numeric_features": 1.0,
    "stdev_stdev_numeric_features": 0.0,
    "min_stdev_numeric_features": 1.0,
    "q1_stdev_numeric_features": 1.0,
    "median_stdev_numeric_features": 1.0,
    "q3_stdev_numeric_features": 1.0,
    "max_stdev_numeric_features": 1.0,
    "mean_var_numeric_features": 1.0,
    "stdev_var_numeric_features": 0.0,
    "min_var_numeric_features": 1.0,
    "q1_var_numeric_features": 1.0,
    "median_var_numeric_features": 1.0,
    "q3_var_numeric_features": 1.0,
    "max_var_numeric_features": 1.0,
    "mean_min_numeric_features": -1.7448230981826782,
    "stdev_min_numeric_features": 0.16351722180843353,
    "min_min_numeric_features": -2.357684850692749,
    "q1_min_numeric_features": -1.7307353019714355,
    "median_min_numeric_features": -1.7007533311843872,
    "q3_min_numeric_features": -1.658689260482788,
    "max_min_numeric_features": -1.5966583490371704,
    "mean_median_numeric_features": -0.02943744696676731,
    "stdev_median_numeric_features": 0.0767122209072113,
    "min_median_numeric_features": -0.19035471975803375,
    "q1_median_numeric_features": -0.06338243186473846,
    "median_median_numeric_features": -0.025930704548954964,
    "q3_median_numeric_features": 0.031364262104034424,
    "max_median_numeric_features": 0.13757425546646118,
    "mean_max_numeric_features": 1.9608474969863892,
    "stdev_max_numeric_features": 0.5952730178833008,
    "min_max_numeric_features": 1.5595656633377075,
    "q1_max_numeric_features": 1.7115118503570557,
    "median_max_numeric_features": 1.7525960206985474,
    "q3_max_numeric_features": 1.8376189470291138,
    "max_max_numeric_features": 4.297223091125488,
    "pca_1": 0.13554047271801242,
    "pca_2": 0.08710387227548176,
    "pca_3": 0.06407649645310427,
    "mean_cov_numeric_features": 0.01396047230809927,
    "stdev_cov_numeric_features": 0.11925604939460754,
    "min_cov_numeric_features": -0.23413489758968353,
    "q1_cov_numeric_features": -0.0267584677785635,
    "median_cov_numeric_features": 0.009778731502592564,
    "q3_cov_numeric_features": 0.0601380430161953,
    "max_cov_numeric_features": 0.4329158067703247,
    "mean_entropy_categorical_features": NaN,
    "stdev_entropy_categorical_features": NaN,
    "min_entropy_categorical_features": NaN,
    "median_entropy_categorical_features": NaN,
    "max_entropy_categorical_features": NaN,
    "knn_5_mse": 0.8987351042855012,
    "knn_5_mae": 0.7593647990788432,
    "knn_5_r2": 0.04138616216545943,
    "decision_tree_3_mse": 0.6019742072808073,
    "decision_tree_3_mae": 0.5666598652584334,
    "decision_tree_3_r2": 0.3891762748041644,
    "decision_tree_1_mse": 0.890951313475745,
    "decision_tree_1_mae": 0.7106284779772787,
    "decision_tree_1_r2": 0.1144676855391854,
    "random_tree_2_mse": 0.8979521814541132,
    "random_tree_2_mae": 0.753001808543413,
    "random_tree_2_r2": 0.07846904751749914,
    "mean_correlation_features_target": 0.01396047230809927,
    "stdev_correlation_features_target": 0.11925604939460754,
    "min_correlation_features_target": -0.23413489758968353,
    "q1_correlation_features_target": -0.0267584677785635,
    "median_correlation_features_target": 0.009778731502592564,
    "q3_correlation_features_target": 0.0601380430161953,
    "max_correlation_features_target": 0.4329158067703247
}