{
    "nb_instances": 500,
    "log_nb_instances": 6.214608098422191,
    "nb_features": 50,
    "dataset_dimensionality": 10.0,
    "log_dataset_dimensionality": 2.302585092994046,
    "dataset_ratio": 0.1,
    "nb_missing_vals": 0,
    "ratio_features_with_missing_vals": 0.0,
    "ratio_instances_with_missing_vals": 0.0,
    "nb_numeric_features": 50,
    "nb_categorical_features": 0,
    "ratio_numeric_categorical_features": 0.0,
    "ratio_categorical_numeric_features": 0.0,
    "mean__target": -2.8610229740877458e-09,
    "stdev__target": 0.9989994764328003,
    "min__target": -2.469585657119751,
    "q1__target": -0.6257032305002213,
    "median__target": 0.13669496774673462,
    "q3__target": 0.6260641664266586,
    "max__target": 4.2586469650268555,
    "mean_mean_numeric_features": -3.305718546120495e-11,
    "stdev_mean_numeric_features": 8.722837452346255e-10,
    "min_mean_numeric_features": -1.9599999401265222e-09,
    "q1_mean_numeric_features": -6.936699964432691e-10,
    "median_mean_numeric_features": -6.260998490492664e-11,
    "q3_mean_numeric_features": 6.536400171119894e-10,
    "max_mean_numeric_features": 1.6230000676742407e-09,
    "mean_stdev_numeric_features": 1.0,
    "stdev_stdev_numeric_features": 0.0,
    "min_stdev_numeric_features": 1.0,
    "q1_stdev_numeric_features": 1.0,
    "median_stdev_numeric_features": 1.0,
    "q3_stdev_numeric_features": 1.0,
    "max_stdev_numeric_features": 1.0,
    "mean_var_numeric_features": 1.0,
    "stdev_var_numeric_features": 0.0,
    "min_var_numeric_features": 1.0,
    "q1_var_numeric_features": 1.0,
    "median_var_numeric_features": 1.0,
    "q3_var_numeric_features": 1.0,
    "max_var_numeric_features": 1.0,
    "mean_min_numeric_features": -1.7225816249847412,
    "stdev_min_numeric_features": 0.10412439703941345,
    "min_min_numeric_features": -2.1144680976867676,
    "q1_min_numeric_features": -1.7454975545406342,
    "median_min_numeric_features": -1.7212627530097961,
    "q3_min_numeric_features": -1.6847627758979797,
    "max_min_numeric_features": -1.35409414768219,
    "mean_median_numeric_features": -0.024801461026072502,
    "stdev_median_numeric_features": 0.06010511517524719,
    "min_median_numeric_features": -0.29783663153648376,
    "q1_median_numeric_features": -0.05537727568298578,
    "median_median_numeric_features": -0.017521587200462818,
    "q3_median_numeric_features": 0.013129299273714423,
    "max_median_numeric_features": 0.07314353436231613,
    "mean_max_numeric_features": 1.8518580198287964,
    "stdev_max_numeric_features": 0.5643308162689209,
    "min_max_numeric_features": 1.6239501237869263,
    "q1_max_numeric_features": 1.6847438216209412,
    "median_max_numeric_features": 1.728652000427246,
    "q3_max_numeric_features": 1.7679760158061981,
    "max_max_numeric_features": 5.044559001922607,
    "pca_1": 0.06753686495021127,
    "pca_2": 0.03253569330101321,
    "pca_3": 0.032045026747319814,
    "mean_cov_numeric_features": 0.02098393626511097,
    "stdev_cov_numeric_features": 0.10433578491210938,
    "min_cov_numeric_features": -0.09875743091106415,
    "q1_cov_numeric_features": -0.03388096019625664,
    "median_cov_numeric_features": 0.00042432680493220687,
    "q3_cov_numeric_features": 0.04040220007300377,
    "max_cov_numeric_features": 0.5002734661102295,
    "mean_entropy_categorical_features": NaN,
    "stdev_entropy_categorical_features": NaN,
    "min_entropy_categorical_features": NaN,
    "median_entropy_categorical_features": NaN,
    "max_entropy_categorical_features": NaN,
    "knn_5_mse": 0.8168036001391307,
    "knn_5_mae": 0.7064716142721601,
    "knn_5_r2": 0.1736874852898266,
    "decision_tree_3_mse": 0.49536751484326236,
    "decision_tree_3_mae": 0.5330387376386536,
    "decision_tree_3_r2": 0.5004184251106825,
    "decision_tree_1_mse": 0.8145424855681112,
    "decision_tree_1_mae": 0.7345035048479716,
    "decision_tree_1_r2": 0.17342714627103242,
    "random_tree_2_mse": 0.623314008772232,
    "random_tree_2_mae": 0.6298654764406038,
    "random_tree_2_r2": 0.3605425049942185,
    "mean_correlation_features_target": 0.02098393626511097,
    "stdev_correlation_features_target": 0.10433578491210938,
    "min_correlation_features_target": -0.09875743091106415,
    "q1_correlation_features_target": -0.03388096019625664,
    "median_correlation_features_target": 0.00042432680493220687,
    "q3_correlation_features_target": 0.04040220007300377,
    "max_correlation_features_target": 0.5002734661102295
}