{
    "nb_instances": 500,
    "log_nb_instances": 6.214608098422191,
    "nb_features": 10,
    "dataset_dimensionality": 50.0,
    "log_dataset_dimensionality": 3.912023005428146,
    "dataset_ratio": 0.02,
    "nb_missing_vals": 0,
    "ratio_features_with_missing_vals": 0.0,
    "ratio_instances_with_missing_vals": 0.0,
    "nb_numeric_features": 10,
    "nb_categorical_features": 0,
    "ratio_numeric_categorical_features": 0.0,
    "ratio_categorical_numeric_features": 0.0,
    "mean__target": 0.0,
    "stdev__target": 0.9989995360374451,
    "min__target": -2.369097948074341,
    "q1__target": -0.6547327041625977,
    "median__target": 0.12104189395904541,
    "q3__target": 0.6275521367788315,
    "max__target": 3.547152042388916,
    "mean_mean_numeric_features": 3.250139601895796e-10,
    "stdev_mean_numeric_features": 1.1002243560653824e-09,
    "min_mean_numeric_features": -1.4990000352099742e-09,
    "q1_mean_numeric_features": -5.102500089115836e-10,
    "median_mean_numeric_features": 3.485000066305588e-10,
    "q3_mean_numeric_features": 1.3040299950972667e-09,
    "max_mean_numeric_features": 1.9172599063921325e-09,
    "mean_stdev_numeric_features": 1.0,
    "stdev_stdev_numeric_features": 0.0,
    "min_stdev_numeric_features": 1.0,
    "q1_stdev_numeric_features": 1.0,
    "median_stdev_numeric_features": 1.0,
    "q3_stdev_numeric_features": 1.0,
    "max_stdev_numeric_features": 1.0,
    "mean_var_numeric_features": 1.0,
    "stdev_var_numeric_features": 0.0,
    "min_var_numeric_features": 1.0,
    "q1_var_numeric_features": 1.0,
    "median_var_numeric_features": 1.0,
    "q3_var_numeric_features": 1.0,
    "max_var_numeric_features": 1.0,
    "mean_min_numeric_features": -1.8064740896224976,
    "stdev_min_numeric_features": 0.1950884312391281,
    "min_min_numeric_features": -2.2574944496154785,
    "q1_min_numeric_features": -1.8478321135044098,
    "median_min_numeric_features": -1.7389612197875977,
    "q3_min_numeric_features": -1.6983782947063446,
    "max_min_numeric_features": -1.559006929397583,
    "mean_median_numeric_features": -0.04300682991743088,
    "stdev_median_numeric_features": 0.12198584526777267,
    "min_median_numeric_features": -0.32812774181365967,
    "q1_median_numeric_features": -0.06506923143751919,
    "median_median_numeric_features": 0.009576612152159214,
    "q3_median_numeric_features": 0.03422247408889234,
    "max_median_numeric_features": 0.0630592331290245,
    "mean_max_numeric_features": 2.1384103298187256,
    "stdev_max_numeric_features": 0.7811499834060669,
    "min_max_numeric_features": 1.6176687479019165,
    "q1_max_numeric_features": 1.648576706647873,
    "median_max_numeric_features": 1.7551796436309814,
    "q3_max_numeric_features": 2.2056677043437958,
    "max_max_numeric_features": 4.075531482696533,
    "pca_1": 0.3346359729751463,
    "pca_2": 0.12757538336103771,
    "pca_3": 0.10952098811841077,
    "mean_cov_numeric_features": 0.08563252538442612,
    "stdev_cov_numeric_features": 0.17806902527809143,
    "min_cov_numeric_features": -0.14740702509880066,
    "q1_cov_numeric_features": -0.021577868203166872,
    "median_cov_numeric_features": 0.018775351345539093,
    "q3_cov_numeric_features": 0.19287013821303844,
    "max_cov_numeric_features": 0.473949134349823,
    "mean_entropy_categorical_features": NaN,
    "stdev_entropy_categorical_features": NaN,
    "min_entropy_categorical_features": NaN,
    "median_entropy_categorical_features": NaN,
    "max_entropy_categorical_features": NaN,
    "knn_5_mse": 0.5051595338682946,
    "knn_5_mae": 0.5497822162328799,
    "knn_5_r2": 0.49244853325334953,
    "decision_tree_3_mse": 0.4885355358124591,
    "decision_tree_3_mae": 0.5416010051614643,
    "decision_tree_3_r2": 0.5023217461866439,
    "decision_tree_1_mse": 0.9451152997405083,
    "decision_tree_1_mae": 0.7757373954320623,
    "decision_tree_1_r2": 0.04421486606163991,
    "random_tree_2_mse": 0.7729453045269432,
    "random_tree_2_mae": 0.7038172503160309,
    "random_tree_2_r2": 0.2240480670615277,
    "mean_correlation_features_target": 0.08563252538442612,
    "stdev_correlation_features_target": 0.17806902527809143,
    "min_correlation_features_target": -0.14740702509880066,
    "q1_correlation_features_target": -0.021577868203166872,
    "median_correlation_features_target": 0.018775351345539093,
    "q3_correlation_features_target": 0.19287013821303844,
    "max_correlation_features_target": 0.4739491641521454
}