{
    "nb_instances": 250,
    "log_nb_instances": 5.521460917862246,
    "nb_features": 50,
    "dataset_dimensionality": 5.0,
    "log_dataset_dimensionality": 1.6094379124341003,
    "dataset_ratio": 0.2,
    "nb_missing_vals": 0,
    "ratio_features_with_missing_vals": 0.0,
    "ratio_instances_with_missing_vals": 0.0,
    "nb_numeric_features": 50,
    "nb_categorical_features": 0,
    "ratio_numeric_categorical_features": 0.0,
    "ratio_categorical_numeric_features": 0.0,
    "mean__target": -3.814697446813398e-09,
    "stdev__target": 0.9979979991912842,
    "min__target": -2.6696696281433105,
    "q1__target": -0.7149034291505814,
    "median__target": 0.17657824605703354,
    "q3__target": 0.8360084742307663,
    "max__target": 2.07403302192688,
    "mean_mean_numeric_features": -2.1772800229413747e-10,
    "stdev_mean_numeric_features": 1.4032158768273462e-09,
    "min_mean_numeric_features": -3.7176000056149405e-09,
    "q1_mean_numeric_features": -9.470299822122996e-10,
    "median_mean_numeric_features": -2.980001033263402e-11,
    "q3_mean_numeric_features": 7.54000029079549e-10,
    "max_mean_numeric_features": 2.745599969600221e-09,
    "mean_stdev_numeric_features": 1.0,
    "stdev_stdev_numeric_features": 0.0,
    "min_stdev_numeric_features": 1.0,
    "q1_stdev_numeric_features": 1.0,
    "median_stdev_numeric_features": 1.0,
    "q3_stdev_numeric_features": 1.0,
    "max_stdev_numeric_features": 1.0,
    "mean_var_numeric_features": 1.0,
    "stdev_var_numeric_features": 0.0,
    "min_var_numeric_features": 1.0,
    "q1_var_numeric_features": 1.0,
    "median_var_numeric_features": 1.0,
    "q3_var_numeric_features": 1.0,
    "max_var_numeric_features": 1.0,
    "mean_min_numeric_features": -1.7311792373657227,
    "stdev_min_numeric_features": 0.09243298321962357,
    "min_min_numeric_features": -2.118610382080078,
    "q1_min_numeric_features": -1.7852438986301422,
    "median_min_numeric_features": -1.7252485752105713,
    "q3_min_numeric_features": -1.6867217421531677,
    "max_min_numeric_features": -1.5341967344284058,
    "mean_median_numeric_features": 0.006758292205631733,
    "stdev_median_numeric_features": 0.06234322115778923,
    "min_median_numeric_features": -0.14169630408287048,
    "q1_median_numeric_features": -0.02316291816532612,
    "median_median_numeric_features": 0.0036809112643823028,
    "q3_median_numeric_features": 0.04174988716840744,
    "max_median_numeric_features": 0.1567494124174118,
    "mean_max_numeric_features": 1.7156099081039429,
    "stdev_max_numeric_features": 0.09529279172420502,
    "min_max_numeric_features": 1.5901565551757812,
    "q1_max_numeric_features": 1.651468276977539,
    "median_max_numeric_features": 1.705487608909607,
    "q3_max_numeric_features": 1.7591703534126282,
    "max_max_numeric_features": 2.154714822769165,
    "pca_1": 0.04759292396013699,
    "pca_2": 0.03978186982719881,
    "pca_3": 0.036474959118544405,
    "mean_cov_numeric_features": 0.013001211918890476,
    "stdev_cov_numeric_features": 0.11813588440418243,
    "min_cov_numeric_features": -0.35528457164764404,
    "q1_cov_numeric_features": -0.03252286743372679,
    "median_cov_numeric_features": 0.013134758453816175,
    "q3_cov_numeric_features": 0.05768887139856815,
    "max_cov_numeric_features": 0.4153411388397217,
    "mean_entropy_categorical_features": NaN,
    "stdev_entropy_categorical_features": NaN,
    "min_entropy_categorical_features": NaN,
    "median_entropy_categorical_features": NaN,
    "max_entropy_categorical_features": NaN,
    "knn_5_mse": 0.9578659052829176,
    "knn_5_mae": 0.8045622592617871,
    "knn_5_r2": 0.030555066760353855,
    "decision_tree_3_mse": 0.45889521728476945,
    "decision_tree_3_mae": 0.5126539574557275,
    "decision_tree_3_r2": 0.5205002714070119,
    "decision_tree_1_mse": 0.7134375812033993,
    "decision_tree_1_mae": 0.6739638139174351,
    "decision_tree_1_r2": 0.2761952395948608,
    "random_tree_2_mse": 0.5195055979274421,
    "random_tree_2_mae": 0.5689255807987882,
    "random_tree_2_r2": 0.46200411677131337,
    "mean_correlation_features_target": 0.013001211918890476,
    "stdev_correlation_features_target": 0.11813588440418243,
    "min_correlation_features_target": -0.35528457164764404,
    "q1_correlation_features_target": -0.03252286743372679,
    "median_correlation_features_target": 0.013134758453816175,
    "q3_correlation_features_target": 0.05768887139856815,
    "max_correlation_features_target": 0.4153411388397217
}