{
    "nb_instances": 500,
    "log_nb_instances": 6.214608098422191,
    "nb_features": 5,
    "dataset_dimensionality": 100.0,
    "log_dataset_dimensionality": 4.605170185988092,
    "dataset_ratio": 0.01,
    "nb_missing_vals": 0,
    "ratio_features_with_missing_vals": 0.0,
    "ratio_instances_with_missing_vals": 0.0,
    "nb_numeric_features": 5,
    "nb_categorical_features": 0,
    "ratio_numeric_categorical_features": 0.0,
    "ratio_categorical_numeric_features": 0.0,
    "mean__target": 3.814697446813398e-09,
    "stdev__target": 0.9989995360374451,
    "min__target": -2.62129282951355,
    "q1__target": -0.6989877820014954,
    "median__target": 0.004472870496101677,
    "q3__target": 0.6736000627279282,
    "max__target": 3.0970265865325928,
    "mean_mean_numeric_features": -6.107199745919445e-10,
    "stdev_mean_numeric_features": 8.745259516551585e-10,
    "min_mean_numeric_features": -1.547399985923903e-09,
    "q1_mean_numeric_features": -1.3936000131664628e-09,
    "median_mean_numeric_features": -7.07799985288915e-10,
    "q3_mean_numeric_features": -2.8299998455771913e-10,
    "max_mean_numeric_features": 8.782000127105505e-10,
    "mean_stdev_numeric_features": 1.0,
    "stdev_stdev_numeric_features": 0.0,
    "min_stdev_numeric_features": 1.0,
    "q1_stdev_numeric_features": 1.0,
    "median_stdev_numeric_features": 1.0,
    "q3_stdev_numeric_features": 1.0,
    "max_stdev_numeric_features": 1.0,
    "mean_var_numeric_features": 1.0,
    "stdev_var_numeric_features": 0.0,
    "min_var_numeric_features": 1.0,
    "q1_var_numeric_features": 1.0,
    "median_var_numeric_features": 1.0,
    "q3_var_numeric_features": 1.0,
    "max_var_numeric_features": 1.0,
    "mean_min_numeric_features": -1.7045376300811768,
    "stdev_min_numeric_features": 0.0720723569393158,
    "min_min_numeric_features": -1.8208085298538208,
    "q1_min_numeric_features": -1.7184103727340698,
    "median_min_numeric_features": -1.6992621421813965,
    "q3_min_numeric_features": -1.689204454421997,
    "max_min_numeric_features": -1.5950031280517578,
    "mean_median_numeric_features": 0.006841958500444889,
    "stdev_median_numeric_features": 0.060511473566293716,
    "min_median_numeric_features": -0.09218744188547134,
    "q1_median_numeric_features": -0.029750678688287735,
    "median_median_numeric_features": 0.02597392164170742,
    "q3_median_numeric_features": 0.06270478665828705,
    "max_median_numeric_features": 0.06746920198202133,
    "mean_max_numeric_features": 1.7487624883651733,
    "stdev_max_numeric_features": 0.07257363945245743,
    "min_max_numeric_features": 1.6553102731704712,
    "q1_max_numeric_features": 1.708232045173645,
    "median_max_numeric_features": 1.7118769884109497,
    "q3_max_numeric_features": 1.834040641784668,
    "max_max_numeric_features": 1.834352970123291,
    "pca_1": 0.22548710942438926,
    "pca_2": 0.20503189678583575,
    "pca_3": 0.2025871286446987,
    "mean_cov_numeric_features": 0.32407745718955994,
    "stdev_cov_numeric_features": 0.19530242681503296,
    "min_cov_numeric_features": 0.01521976012736559,
    "q1_cov_numeric_features": 0.24109749495983124,
    "median_cov_numeric_features": 0.3554764688014984,
    "q3_cov_numeric_features": 0.398248553276062,
    "max_cov_numeric_features": 0.6103451251983643,
    "mean_entropy_categorical_features": NaN,
    "stdev_entropy_categorical_features": NaN,
    "min_entropy_categorical_features": NaN,
    "median_entropy_categorical_features": NaN,
    "max_entropy_categorical_features": NaN,
    "knn_5_mse": 0.1848433318120163,
    "knn_5_mae": 0.32603872884975993,
    "knn_5_r2": 0.813830844212668,
    "decision_tree_3_mse": 0.46386720985730434,
    "decision_tree_3_mae": 0.5369415460828357,
    "decision_tree_3_r2": 0.5318935591242903,
    "decision_tree_1_mse": 0.735741571352293,
    "decision_tree_1_mae": 0.7044268988045184,
    "decision_tree_1_r2": 0.2500158248245329,
    "random_tree_2_mse": 0.672319917730277,
    "random_tree_2_mae": 0.6663365855551674,
    "random_tree_2_r2": 0.3209988646803782,
    "mean_correlation_features_target": 0.32407745718955994,
    "stdev_correlation_features_target": 0.19530242681503296,
    "min_correlation_features_target": 0.01521976012736559,
    "q1_correlation_features_target": 0.24109749495983124,
    "median_correlation_features_target": 0.3554764688014984,
    "q3_correlation_features_target": 0.398248553276062,
    "max_correlation_features_target": 0.6103451251983643
}