{
    "nb_instances": 500,
    "log_nb_instances": 6.214608098422191,
    "nb_features": 50,
    "dataset_dimensionality": 10.0,
    "log_dataset_dimensionality": 2.302585092994046,
    "dataset_ratio": 0.1,
    "nb_missing_vals": 0,
    "ratio_features_with_missing_vals": 0.0,
    "ratio_instances_with_missing_vals": 0.0,
    "nb_numeric_features": 50,
    "nb_categorical_features": 0,
    "ratio_numeric_categorical_features": 0.0,
    "ratio_categorical_numeric_features": 0.0,
    "mean__target": 3.814697446813398e-09,
    "stdev__target": 0.9989995360374451,
    "min__target": -2.6503686904907227,
    "q1__target": -0.7081125825643539,
    "median__target": -0.03281798493117094,
    "q3__target": 0.7001439183950424,
    "max__target": 2.591550588607788,
    "mean_mean_numeric_features": -3.4095812978529594e-11,
    "stdev_mean_numeric_features": 6.744487190957216e-10,
    "min_mean_numeric_features": -1.6125000223965458e-09,
    "q1_mean_numeric_features": -3.989609892451895e-10,
    "median_mean_numeric_features": 5.899999456007721e-12,
    "q3_mean_numeric_features": 4.813700410499777e-10,
    "max_mean_numeric_features": 1.4370200585034354e-09,
    "mean_stdev_numeric_features": 1.0,
    "stdev_stdev_numeric_features": 0.0,
    "min_stdev_numeric_features": 1.0,
    "q1_stdev_numeric_features": 1.0,
    "median_stdev_numeric_features": 1.0,
    "q3_stdev_numeric_features": 1.0,
    "max_stdev_numeric_features": 1.0,
    "mean_var_numeric_features": 1.0,
    "stdev_var_numeric_features": 0.0,
    "min_var_numeric_features": 1.0,
    "q1_var_numeric_features": 1.0,
    "median_var_numeric_features": 1.0,
    "q3_var_numeric_features": 1.0,
    "max_var_numeric_features": 1.0,
    "mean_min_numeric_features": -1.7184945344924927,
    "stdev_min_numeric_features": 0.06285789608955383,
    "min_min_numeric_features": -1.8634592294692993,
    "q1_min_numeric_features": -1.751274049282074,
    "median_min_numeric_features": -1.71610826253891,
    "q3_min_numeric_features": -1.673689752817154,
    "max_min_numeric_features": -1.5857551097869873,
    "mean_median_numeric_features": -0.007839320227503777,
    "stdev_median_numeric_features": 0.03838229551911354,
    "min_median_numeric_features": -0.07746212184429169,
    "q1_median_numeric_features": -0.034240178763866425,
    "median_median_numeric_features": -0.0074876826256513596,
    "q3_median_numeric_features": 0.012369820615276694,
    "max_median_numeric_features": 0.09762635082006454,
    "mean_max_numeric_features": 1.7351680994033813,
    "stdev_max_numeric_features": 0.054757941514253616,
    "min_max_numeric_features": 1.6160310506820679,
    "q1_max_numeric_features": 1.6956425905227661,
    "median_max_numeric_features": 1.736936628818512,
    "q3_max_numeric_features": 1.785038024187088,
    "max_max_numeric_features": 1.8490586280822754,
    "pca_1": 0.03563205908352129,
    "pca_2": 0.03256525699966657,
    "pca_3": 0.0317060173474969,
    "mean_cov_numeric_features": 0.019929490983486176,
    "stdev_cov_numeric_features": 0.13178452849388123,
    "min_cov_numeric_features": -0.12485001981258392,
    "q1_cov_numeric_features": -0.05383423808962107,
    "median_cov_numeric_features": -0.01541611785069108,
    "q3_cov_numeric_features": 0.027874602004885674,
    "max_cov_numeric_features": 0.5961563587188721,
    "mean_entropy_categorical_features": NaN,
    "stdev_entropy_categorical_features": NaN,
    "min_entropy_categorical_features": NaN,
    "median_entropy_categorical_features": NaN,
    "max_entropy_categorical_features": NaN,
    "knn_5_mse": 0.7090292437381852,
    "knn_5_mae": 0.6713549161712,
    "knn_5_r2": 0.2817121906339527,
    "decision_tree_3_mse": 0.45850656967984105,
    "decision_tree_3_mae": 0.5407411411570199,
    "decision_tree_3_r2": 0.5367068047019039,
    "decision_tree_1_mse": 0.7458468180047747,
    "decision_tree_1_mae": 0.7078548961677504,
    "decision_tree_1_r2": 0.2446991597786696,
    "random_tree_2_mse": 0.7096027722256125,
    "random_tree_2_mae": 0.6849486027087572,
    "random_tree_2_r2": 0.28327207386167086,
    "mean_correlation_features_target": 0.019929490983486176,
    "stdev_correlation_features_target": 0.13178452849388123,
    "min_correlation_features_target": -0.12485001981258392,
    "q1_correlation_features_target": -0.05383423808962107,
    "median_correlation_features_target": -0.01541611785069108,
    "q3_correlation_features_target": 0.027874602004885674,
    "max_correlation_features_target": 0.5961563587188721
}