{
    "nb_instances": 100,
    "log_nb_instances": 4.605170185988092,
    "nb_features": 25,
    "dataset_dimensionality": 4.0,
    "log_dataset_dimensionality": 1.3862943611198906,
    "dataset_ratio": 0.25,
    "nb_missing_vals": 0,
    "ratio_features_with_missing_vals": 0.0,
    "ratio_instances_with_missing_vals": 0.0,
    "nb_numeric_features": 25,
    "nb_categorical_features": 0,
    "ratio_numeric_categorical_features": 0.0,
    "ratio_categorical_numeric_features": 0.0,
    "mean__target": -2.309680002809955e-09,
    "stdev__target": 0.994987428188324,
    "min__target": -2.184270143508911,
    "q1__target": -0.7445559799671173,
    "median__target": -0.004380036145448685,
    "q3__target": 0.7238316684961319,
    "max__target": 2.3220982551574707,
    "mean_mean_numeric_features": 4.4763201478836834e-10,
    "stdev_mean_numeric_features": 1.7386337924918394e-09,
    "min_mean_numeric_features": -3.4889999778187075e-09,
    "q1_mean_numeric_features": -7.50000006544127e-10,
    "median_mean_numeric_features": 6.500000537812411e-10,
    "q3_mean_numeric_features": 1.9799999417813297e-09,
    "max_mean_numeric_features": 3.5682998777986086e-09,
    "mean_stdev_numeric_features": 1.0,
    "stdev_stdev_numeric_features": 0.0,
    "min_stdev_numeric_features": 1.0,
    "q1_stdev_numeric_features": 1.0,
    "median_stdev_numeric_features": 1.0,
    "q3_stdev_numeric_features": 1.0,
    "max_stdev_numeric_features": 1.0,
    "mean_var_numeric_features": 1.0,
    "stdev_var_numeric_features": 0.0,
    "min_var_numeric_features": 1.0,
    "q1_var_numeric_features": 1.0,
    "median_var_numeric_features": 1.0,
    "q3_var_numeric_features": 1.0,
    "max_var_numeric_features": 1.0,
    "mean_min_numeric_features": -1.7378848791122437,
    "stdev_min_numeric_features": 0.0936015248298645,
    "min_min_numeric_features": -1.9563839435577393,
    "q1_min_numeric_features": -1.7937037944793701,
    "median_min_numeric_features": -1.740947961807251,
    "q3_min_numeric_features": -1.6673119068145752,
    "max_min_numeric_features": -1.5697088241577148,
    "mean_median_numeric_features": -0.0008264923235401511,
    "stdev_median_numeric_features": 0.09437373280525208,
    "min_median_numeric_features": -0.16327467560768127,
    "q1_median_numeric_features": -0.07214183360338211,
    "median_median_numeric_features": -0.0054954406805336475,
    "q3_median_numeric_features": 0.08262015134096146,
    "max_median_numeric_features": 0.16716060042381287,
    "mean_max_numeric_features": 1.703313946723938,
    "stdev_max_numeric_features": 0.10857382416725159,
    "min_max_numeric_features": 1.5080260038375854,
    "q1_max_numeric_features": 1.6226650476455688,
    "median_max_numeric_features": 1.681746006011963,
    "q3_max_numeric_features": 1.780012845993042,
    "max_max_numeric_features": 1.999194622039795,
    "pca_1": 0.0825792021650649,
    "pca_2": 0.07277526793002367,
    "pca_3": 0.07103434345521281,
    "mean_cov_numeric_features": 0.06275200098752975,
    "stdev_cov_numeric_features": 0.17200012505054474,
    "min_cov_numeric_features": -0.15510819852352142,
    "q1_cov_numeric_features": -0.06729856133460999,
    "median_cov_numeric_features": 0.042606379836797714,
    "q3_cov_numeric_features": 0.09828662127256393,
    "max_cov_numeric_features": 0.5649056434631348,
    "mean_entropy_categorical_features": NaN,
    "stdev_entropy_categorical_features": NaN,
    "min_entropy_categorical_features": NaN,
    "median_entropy_categorical_features": NaN,
    "max_entropy_categorical_features": NaN,
    "knn_5_mse": 0.6357941639127995,
    "knn_5_mae": 0.6582932816240001,
    "knn_5_r2": 0.33914739222541235,
    "decision_tree_3_mse": 0.9136252784651158,
    "decision_tree_3_mae": 0.7354513985624047,
    "decision_tree_3_r2": -0.03905963855406297,
    "decision_tree_1_mse": 0.8808396070010591,
    "decision_tree_1_mae": 0.7613617753616311,
    "decision_tree_1_r2": 0.08046990118721406,
    "random_tree_2_mse": 0.6406912346627036,
    "random_tree_2_mae": 0.6299047553210417,
    "random_tree_2_r2": 0.3400513361028903,
    "mean_correlation_features_target": 0.06275200098752975,
    "stdev_correlation_features_target": 0.17200012505054474,
    "min_correlation_features_target": -0.15510818362236023,
    "q1_correlation_features_target": -0.06729856133460999,
    "median_correlation_features_target": 0.042606379836797714,
    "q3_correlation_features_target": 0.09828662127256393,
    "max_correlation_features_target": 0.5649056434631348
}