{
    "nb_instances": 250,
    "log_nb_instances": 5.521460917862246,
    "nb_features": 25,
    "dataset_dimensionality": 10.0,
    "log_dataset_dimensionality": 2.302585092994046,
    "dataset_ratio": 0.1,
    "nb_missing_vals": 0,
    "ratio_features_with_missing_vals": 0.0,
    "ratio_instances_with_missing_vals": 0.0,
    "nb_numeric_features": 25,
    "nb_categorical_features": 0,
    "ratio_numeric_categorical_features": 0.0,
    "ratio_categorical_numeric_features": 0.0,
    "mean__target": 3.814697446813398e-09,
    "stdev__target": 0.9979979991912842,
    "min__target": -2.67684268951416,
    "q1__target": -0.6077522784471512,
    "median__target": -0.00527263549156487,
    "q3__target": 0.6302070915699005,
    "max__target": 2.428424596786499,
    "mean_mean_numeric_features": 1.0813600709314031e-10,
    "stdev_mean_numeric_features": 9.874828732492347e-10,
    "min_mean_numeric_features": -1.6200000230170986e-09,
    "q1_mean_numeric_features": -5.520000012637638e-10,
    "median_mean_numeric_features": 1.5599996294746177e-10,
    "q3_mean_numeric_features": 7.379999944490123e-10,
    "max_mean_numeric_features": 1.884000067065017e-09,
    "mean_stdev_numeric_features": 1.0,
    "stdev_stdev_numeric_features": 0.0,
    "min_stdev_numeric_features": 1.0,
    "q1_stdev_numeric_features": 1.0,
    "median_stdev_numeric_features": 1.0,
    "q3_stdev_numeric_features": 1.0,
    "max_stdev_numeric_features": 1.0,
    "mean_var_numeric_features": 1.0,
    "stdev_var_numeric_features": 0.0,
    "min_var_numeric_features": 1.0,
    "q1_var_numeric_features": 1.0,
    "median_var_numeric_features": 1.0,
    "q3_var_numeric_features": 1.0,
    "max_var_numeric_features": 1.0,
    "mean_min_numeric_features": -1.7233847379684448,
    "stdev_min_numeric_features": 0.09092581272125244,
    "min_min_numeric_features": -1.8896855115890503,
    "q1_min_numeric_features": -1.777321457862854,
    "median_min_numeric_features": -1.699007511138916,
    "q3_min_numeric_features": -1.6542513370513916,
    "max_min_numeric_features": -1.5406086444854736,
    "mean_median_numeric_features": 0.0077909184619784355,
    "stdev_median_numeric_features": 0.0655304342508316,
    "min_median_numeric_features": -0.14374417066574097,
    "q1_median_numeric_features": -0.030753836035728455,
    "median_median_numeric_features": 0.0033108489587903023,
    "q3_median_numeric_features": 0.03979481756687164,
    "max_median_numeric_features": 0.17460359632968903,
    "mean_max_numeric_features": 1.6802574396133423,
    "stdev_max_numeric_features": 0.09070505201816559,
    "min_max_numeric_features": 1.5357717275619507,
    "q1_max_numeric_features": 1.6045093536376953,
    "median_max_numeric_features": 1.6791936159133911,
    "q3_max_numeric_features": 1.7435725927352905,
    "max_max_numeric_features": 1.8687711954116821,
    "pca_1": 0.06740503439385652,
    "pca_2": 0.061293008134789995,
    "pca_3": 0.058846299723744465,
    "mean_cov_numeric_features": 0.07371579110622406,
    "stdev_cov_numeric_features": 0.16872690618038177,
    "min_cov_numeric_features": -0.11255589127540588,
    "q1_cov_numeric_features": -0.02879294380545616,
    "median_cov_numeric_features": 0.02639126405119896,
    "q3_cov_numeric_features": 0.06922831386327744,
    "max_cov_numeric_features": 0.5763954520225525,
    "mean_entropy_categorical_features": NaN,
    "stdev_entropy_categorical_features": NaN,
    "min_entropy_categorical_features": NaN,
    "median_entropy_categorical_features": NaN,
    "max_entropy_categorical_features": NaN,
    "knn_5_mse": 0.6781669533961049,
    "knn_5_mae": 0.6598141355515772,
    "knn_5_r2": 0.30512187338426183,
    "decision_tree_3_mse": 0.5339249381566046,
    "decision_tree_3_mae": 0.5818302264252962,
    "decision_tree_3_r2": 0.466646267929244,
    "decision_tree_1_mse": 0.7912658904810211,
    "decision_tree_1_mae": 0.7379362729783331,
    "decision_tree_1_r2": 0.179318915059805,
    "random_tree_2_mse": 0.6521980360807209,
    "random_tree_2_mae": 0.6306222497821687,
    "random_tree_2_r2": 0.3340382339890572,
    "mean_correlation_features_target": 0.07371579110622406,
    "stdev_correlation_features_target": 0.16872690618038177,
    "min_correlation_features_target": -0.11255589127540588,
    "q1_correlation_features_target": -0.02879294380545616,
    "median_correlation_features_target": 0.02639126405119896,
    "q3_correlation_features_target": 0.06922831386327744,
    "max_correlation_features_target": 0.5763954520225525
}