{
    "nb_instances": 500,
    "log_nb_instances": 6.214608098422191,
    "nb_features": 10,
    "dataset_dimensionality": 50.0,
    "log_dataset_dimensionality": 3.912023005428146,
    "dataset_ratio": 0.02,
    "nb_missing_vals": 0,
    "ratio_features_with_missing_vals": 0.0,
    "ratio_instances_with_missing_vals": 0.0,
    "nb_numeric_features": 10,
    "nb_categorical_features": 0,
    "ratio_numeric_categorical_features": 0.0,
    "ratio_categorical_numeric_features": 0.0,
    "mean__target": -7.629394893626795e-09,
    "stdev__target": 0.9989995360374451,
    "min__target": -2.5215320587158203,
    "q1__target": -0.7449035495519638,
    "median__target": 0.038839396089315414,
    "q3__target": 0.6997879892587662,
    "max__target": 2.8383843898773193,
    "mean_mean_numeric_features": 2.3518817449108553e-10,
    "stdev_mean_numeric_features": 1.1494746265938716e-09,
    "min_mean_numeric_features": -1.7110000083420118e-09,
    "q1_mean_numeric_features": -3.2490000273499575e-10,
    "median_mean_numeric_features": 2.3857098241375496e-10,
    "q3_mean_numeric_features": 1.2000399562950292e-09,
    "max_mean_numeric_features": 1.8553799607801125e-09,
    "mean_stdev_numeric_features": 1.0,
    "stdev_stdev_numeric_features": 0.0,
    "min_stdev_numeric_features": 1.0,
    "q1_stdev_numeric_features": 1.0,
    "median_stdev_numeric_features": 1.0,
    "q3_stdev_numeric_features": 1.0,
    "max_stdev_numeric_features": 1.0,
    "mean_var_numeric_features": 1.0,
    "stdev_var_numeric_features": 0.0,
    "min_var_numeric_features": 1.0,
    "q1_var_numeric_features": 1.0,
    "median_var_numeric_features": 1.0,
    "q3_var_numeric_features": 1.0,
    "max_var_numeric_features": 1.0,
    "mean_min_numeric_features": -1.7345411777496338,
    "stdev_min_numeric_features": 0.0322083905339241,
    "min_min_numeric_features": -1.7942380905151367,
    "q1_min_numeric_features": -1.7547621726989746,
    "median_min_numeric_features": -1.730808138847351,
    "q3_min_numeric_features": -1.7125388979911804,
    "max_min_numeric_features": -1.6766587495803833,
    "mean_median_numeric_features": 0.026178646832704544,
    "stdev_median_numeric_features": 0.02459084242582321,
    "min_median_numeric_features": -0.011871547438204288,
    "q1_median_numeric_features": 0.010131884599104524,
    "median_median_numeric_features": 0.022122728638350964,
    "q3_median_numeric_features": 0.04728497005999088,
    "max_median_numeric_features": 0.06449449807405472,
    "mean_max_numeric_features": 1.7205549478530884,
    "stdev_max_numeric_features": 0.06101355701684952,
    "min_max_numeric_features": 1.6342203617095947,
    "q1_max_numeric_features": 1.690428763628006,
    "median_max_numeric_features": 1.7057706713676453,
    "q3_max_numeric_features": 1.7486576735973358,
    "max_max_numeric_features": 1.839725375175476,
    "pca_1": 0.12535003910935527,
    "pca_2": 0.11634900923362185,
    "pca_3": 0.10996005179916826,
    "mean_cov_numeric_features": 0.14724108576774597,
    "stdev_cov_numeric_features": 0.22049324214458466,
    "min_cov_numeric_features": -0.06461112946271896,
    "q1_cov_numeric_features": -0.03428572556003928,
    "median_cov_numeric_features": 0.031840443378314376,
    "q3_cov_numeric_features": 0.329038105905056,
    "max_cov_numeric_features": 0.5685492753982544,
    "mean_entropy_categorical_features": NaN,
    "stdev_entropy_categorical_features": NaN,
    "min_entropy_categorical_features": NaN,
    "median_entropy_categorical_features": NaN,
    "max_entropy_categorical_features": NaN,
    "knn_5_mse": 0.3706165989300762,
    "knn_5_mae": 0.48182619359476003,
    "knn_5_r2": 0.628028550085949,
    "decision_tree_3_mse": 0.5197974205253639,
    "decision_tree_3_mae": 0.571228221620344,
    "decision_tree_3_r2": 0.4790465229239267,
    "decision_tree_1_mse": 0.7834945773481276,
    "decision_tree_1_mae": 0.7243398007173925,
    "decision_tree_1_r2": 0.21248984266519544,
    "random_tree_2_mse": 0.802336701622226,
    "random_tree_2_mae": 0.7395442019204685,
    "random_tree_2_r2": 0.1981221112468414,
    "mean_correlation_features_target": 0.14724108576774597,
    "stdev_correlation_features_target": 0.22049324214458466,
    "min_correlation_features_target": -0.06461112946271896,
    "q1_correlation_features_target": -0.03428572556003928,
    "median_correlation_features_target": 0.031840443378314376,
    "q3_correlation_features_target": 0.329038105905056,
    "max_correlation_features_target": 0.5685492753982544
}