{
    "nb_instances": 100,
    "log_nb_instances": 4.605170185988092,
    "nb_features": 25,
    "dataset_dimensionality": 4.0,
    "log_dataset_dimensionality": 1.3862943611198906,
    "dataset_ratio": 0.25,
    "nb_missing_vals": 0,
    "ratio_features_with_missing_vals": 0.0,
    "ratio_instances_with_missing_vals": 0.0,
    "nb_numeric_features": 25,
    "nb_categorical_features": 0,
    "ratio_numeric_categorical_features": 0.0,
    "ratio_categorical_numeric_features": 0.0,
    "mean__target": 0.0,
    "stdev__target": 0.9949874877929688,
    "min__target": -2.116800546646118,
    "q1__target": -0.6615517884492874,
    "median__target": 0.2589033916592598,
    "q3__target": 0.7740515023469925,
    "max__target": 1.778882622718811,
    "mean_mean_numeric_features": 3.086396763163357e-11,
    "stdev_mean_numeric_features": 2.173749624745369e-09,
    "min_mean_numeric_features": -4.819999954719378e-09,
    "q1_mean_numeric_features": -1.5400000163978689e-09,
    "median_mean_numeric_features": -2.4999999292951713e-10,
    "q3_mean_numeric_features": 1.5200000147430615e-09,
    "max_mean_numeric_features": 4.669999942308323e-09,
    "mean_stdev_numeric_features": 1.0,
    "stdev_stdev_numeric_features": 0.0,
    "min_stdev_numeric_features": 1.0,
    "q1_stdev_numeric_features": 1.0,
    "median_stdev_numeric_features": 1.0,
    "q3_stdev_numeric_features": 1.0,
    "max_stdev_numeric_features": 1.0,
    "mean_var_numeric_features": 1.0,
    "stdev_var_numeric_features": 0.0,
    "min_var_numeric_features": 1.0,
    "q1_var_numeric_features": 1.0,
    "median_var_numeric_features": 1.0,
    "q3_var_numeric_features": 1.0,
    "max_var_numeric_features": 1.0,
    "mean_min_numeric_features": -1.7268414497375488,
    "stdev_min_numeric_features": 0.15786609053611755,
    "min_min_numeric_features": -2.3402962684631348,
    "q1_min_numeric_features": -1.717708706855774,
    "median_min_numeric_features": -1.6825902462005615,
    "q3_min_numeric_features": -1.6594802141189575,
    "max_min_numeric_features": -1.559618353843689,
    "mean_median_numeric_features": 0.0023321283515542746,
    "stdev_median_numeric_features": 0.0914095938205719,
    "min_median_numeric_features": -0.19897790253162384,
    "q1_median_numeric_features": -0.06290969252586365,
    "median_median_numeric_features": 0.004224790725857019,
    "q3_median_numeric_features": 0.04264415428042412,
    "max_median_numeric_features": 0.20963624119758606,
    "mean_max_numeric_features": 1.7488521337509155,
    "stdev_max_numeric_features": 0.2355136275291443,
    "min_max_numeric_features": 1.499409556388855,
    "q1_max_numeric_features": 1.6488063335418701,
    "median_max_numeric_features": 1.7064777612686157,
    "q3_max_numeric_features": 1.7527005672454834,
    "max_max_numeric_features": 2.616560697555542,
    "pca_1": 0.1135824632656229,
    "pca_2": 0.0757398400318557,
    "pca_3": 0.07074739180566585,
    "mean_cov_numeric_features": -0.04957810044288635,
    "stdev_cov_numeric_features": 0.1712312549352646,
    "min_cov_numeric_features": -0.5353569388389587,
    "q1_cov_numeric_features": -0.11727773398160934,
    "median_cov_numeric_features": -0.03462858125567436,
    "q3_cov_numeric_features": 0.06770029664039612,
    "max_cov_numeric_features": 0.21662922203540802,
    "mean_entropy_categorical_features": NaN,
    "stdev_entropy_categorical_features": NaN,
    "min_entropy_categorical_features": NaN,
    "median_entropy_categorical_features": NaN,
    "max_entropy_categorical_features": NaN,
    "knn_5_mse": 0.8163065249664828,
    "knn_5_mae": 0.72122429145594,
    "knn_5_r2": 0.16501667413207494,
    "decision_tree_3_mse": 0.8368021879013108,
    "decision_tree_3_mae": 0.6882014577376382,
    "decision_tree_3_r2": 0.13580335933869941,
    "decision_tree_1_mse": 0.6344730995874313,
    "decision_tree_1_mae": 0.6134202357800429,
    "decision_tree_1_r2": 0.3331728217151144,
    "random_tree_2_mse": 0.6203312960664528,
    "random_tree_2_mae": 0.5906401989031305,
    "random_tree_2_r2": 0.3438151103187346,
    "mean_correlation_features_target": -0.04957810044288635,
    "stdev_correlation_features_target": 0.1712312549352646,
    "min_correlation_features_target": -0.5353569388389587,
    "q1_correlation_features_target": -0.11727773398160934,
    "median_correlation_features_target": -0.03462858125567436,
    "q3_correlation_features_target": 0.06770029664039612,
    "max_correlation_features_target": 0.21662922203540802
}