{
    "nb_instances": 100,
    "log_nb_instances": 4.605170185988092,
    "nb_features": 5,
    "dataset_dimensionality": 20.0,
    "log_dataset_dimensionality": 2.995732273553991,
    "dataset_ratio": 0.05,
    "nb_missing_vals": 0,
    "ratio_features_with_missing_vals": 0.0,
    "ratio_instances_with_missing_vals": 0.0,
    "nb_numeric_features": 5,
    "nb_categorical_features": 0,
    "ratio_numeric_categorical_features": 0.0,
    "ratio_categorical_numeric_features": 0.0,
    "mean__target": -2.6822091214739885e-09,
    "stdev__target": 0.994987428188324,
    "min__target": -2.5277323722839355,
    "q1__target": -0.5769018679857254,
    "median__target": 0.14669538289308548,
    "q3__target": 0.7134493440389633,
    "max__target": 1.8351000547409058,
    "mean_mean_numeric_features": 3.6459998908888736e-10,
    "stdev_mean_numeric_features": 1.3818010069499564e-09,
    "min_mean_numeric_features": -1.954000072856843e-09,
    "q1_mean_numeric_features": -4.969999967130434e-10,
    "median_mean_numeric_features": 1.2799999948853724e-09,
    "q3_mean_numeric_features": 1.3830000478165516e-09,
    "max_mean_numeric_features": 1.6110000000679747e-09,
    "mean_stdev_numeric_features": 1.0,
    "stdev_stdev_numeric_features": 0.0,
    "min_stdev_numeric_features": 1.0,
    "q1_stdev_numeric_features": 1.0,
    "median_stdev_numeric_features": 1.0,
    "q3_stdev_numeric_features": 1.0,
    "max_stdev_numeric_features": 1.0,
    "mean_var_numeric_features": 1.0,
    "stdev_var_numeric_features": 0.0,
    "min_var_numeric_features": 1.0,
    "q1_var_numeric_features": 1.0,
    "median_var_numeric_features": 1.0,
    "q3_var_numeric_features": 1.0,
    "max_var_numeric_features": 1.0,
    "mean_min_numeric_features": -1.7214508056640625,
    "stdev_min_numeric_features": 0.1452001929283142,
    "min_min_numeric_features": -1.9207241535186768,
    "q1_min_numeric_features": -1.7904282808303833,
    "median_min_numeric_features": -1.7756808996200562,
    "q3_min_numeric_features": -1.6150264739990234,
    "max_min_numeric_features": -1.505393624305725,
    "mean_median_numeric_features": -0.0733184665441513,
    "stdev_median_numeric_features": 0.1356382966041565,
    "min_median_numeric_features": -0.21879638731479645,
    "q1_median_numeric_features": -0.1737927347421646,
    "median_median_numeric_features": -0.1430404633283615,
    "q3_median_numeric_features": 0.02954774908721447,
    "max_median_numeric_features": 0.13948948681354523,
    "mean_max_numeric_features": 1.9465290307998657,
    "stdev_max_numeric_features": 0.3247421085834503,
    "min_max_numeric_features": 1.453588843345642,
    "q1_max_numeric_features": 1.7870142459869385,
    "median_max_numeric_features": 2.00118350982666,
    "q3_max_numeric_features": 2.048982858657837,
    "max_max_numeric_features": 2.441875696182251,
    "pca_1": 0.39579848696661146,
    "pca_2": 0.21323786412097337,
    "pca_3": 0.20467092883095792,
    "mean_cov_numeric_features": -0.03561972826719284,
    "stdev_cov_numeric_features": 0.3004963994026184,
    "min_cov_numeric_features": -0.35578015446662903,
    "q1_cov_numeric_features": -0.28671789169311523,
    "median_cov_numeric_features": -0.18080593645572662,
    "q3_cov_numeric_features": 0.25852495431900024,
    "max_cov_numeric_features": 0.38668033480644226,
    "mean_entropy_categorical_features": NaN,
    "stdev_entropy_categorical_features": NaN,
    "min_entropy_categorical_features": NaN,
    "median_entropy_categorical_features": NaN,
    "max_entropy_categorical_features": NaN,
    "knn_5_mse": 0.41376169821499154,
    "knn_5_mae": 0.4646251208632,
    "knn_5_r2": 0.5351849373114762,
    "decision_tree_3_mse": 0.4680947329319928,
    "decision_tree_3_mae": 0.5163623595649316,
    "decision_tree_3_r2": 0.523506069007784,
    "decision_tree_1_mse": 0.6396157005683833,
    "decision_tree_1_mae": 0.6427130571907057,
    "decision_tree_1_r2": 0.3275686622800822,
    "random_tree_2_mse": 0.8067617967644762,
    "random_tree_2_mae": 0.7213751401788662,
    "random_tree_2_r2": 0.17420767328857872,
    "mean_correlation_features_target": -0.03561973571777344,
    "stdev_correlation_features_target": 0.3004963994026184,
    "min_correlation_features_target": -0.35578015446662903,
    "q1_correlation_features_target": -0.28671789169311523,
    "median_correlation_features_target": -0.18080592155456543,
    "q3_correlation_features_target": 0.25852492451667786,
    "max_correlation_features_target": 0.38668033480644226
}