{
    "nb_instances": 250,
    "log_nb_instances": 5.521460917862246,
    "nb_features": 10,
    "dataset_dimensionality": 25.0,
    "log_dataset_dimensionality": 3.2188758248682006,
    "dataset_ratio": 0.04,
    "nb_missing_vals": 0,
    "ratio_features_with_missing_vals": 0.0,
    "ratio_instances_with_missing_vals": 0.0,
    "nb_numeric_features": 10,
    "nb_categorical_features": 0,
    "ratio_numeric_categorical_features": 0.0,
    "ratio_categorical_numeric_features": 0.0,
    "mean__target": 5.7220459481754915e-09,
    "stdev__target": 0.9979979991912842,
    "min__target": -2.3651328086853027,
    "q1__target": -0.7968685775995255,
    "median__target": 0.2978260964155197,
    "q3__target": 0.7520932257175446,
    "max__target": 1.9151029586791992,
    "mean_mean_numeric_features": 1.9316000188229765e-10,
    "stdev_mean_numeric_features": 8.693782360680302e-10,
    "min_mean_numeric_features": -8.336000223430062e-10,
    "q1_mean_numeric_features": -4.968999864352064e-10,
    "median_mean_numeric_features": 4.799998939986061e-12,
    "q3_mean_numeric_features": 5.545999770539822e-10,
    "max_mean_numeric_features": 2.264000098506358e-09,
    "mean_stdev_numeric_features": 1.0,
    "stdev_stdev_numeric_features": 0.0,
    "min_stdev_numeric_features": 1.0,
    "q1_stdev_numeric_features": 1.0,
    "median_stdev_numeric_features": 1.0,
    "q3_stdev_numeric_features": 1.0,
    "max_stdev_numeric_features": 1.0,
    "mean_var_numeric_features": 1.0,
    "stdev_var_numeric_features": 0.0,
    "min_var_numeric_features": 1.0,
    "q1_var_numeric_features": 1.0,
    "median_var_numeric_features": 1.0,
    "q3_var_numeric_features": 1.0,
    "max_var_numeric_features": 1.0,
    "mean_min_numeric_features": -1.795947790145874,
    "stdev_min_numeric_features": 0.24403542280197144,
    "min_min_numeric_features": -2.492960214614868,
    "q1_min_numeric_features": -1.800001174211502,
    "median_min_numeric_features": -1.7064110040664673,
    "q3_min_numeric_features": -1.687582552433014,
    "max_min_numeric_features": -1.5796327590942383,
    "mean_median_numeric_features": -0.0409795418381691,
    "stdev_median_numeric_features": 0.052700188010931015,
    "min_median_numeric_features": -0.1700332909822464,
    "q1_median_numeric_features": -0.052593729458749294,
    "median_median_numeric_features": -0.029667653143405914,
    "q3_median_numeric_features": -0.00627436931245029,
    "max_median_numeric_features": 0.026536958292126656,
    "mean_max_numeric_features": 1.8843637704849243,
    "stdev_max_numeric_features": 0.461508572101593,
    "min_max_numeric_features": 1.5664935111999512,
    "q1_max_numeric_features": 1.6618202924728394,
    "median_max_numeric_features": 1.6861600875854492,
    "q3_max_numeric_features": 1.7587417662143707,
    "max_max_numeric_features": 3.1398279666900635,
    "pca_1": 0.24035399423697,
    "pca_2": 0.15001104164067794,
    "pca_3": 0.11990709105139478,
    "mean_cov_numeric_features": -0.051010169088840485,
    "stdev_cov_numeric_features": 0.22900836169719696,
    "min_cov_numeric_features": -0.4634072184562683,
    "q1_cov_numeric_features": -0.1887540053576231,
    "median_cov_numeric_features": 0.013398608833085746,
    "q3_cov_numeric_features": 0.09338413178920746,
    "max_cov_numeric_features": 0.25683829188346863,
    "mean_entropy_categorical_features": NaN,
    "stdev_entropy_categorical_features": NaN,
    "min_entropy_categorical_features": NaN,
    "median_entropy_categorical_features": NaN,
    "max_entropy_categorical_features": NaN,
    "knn_5_mse": 0.6152529467745224,
    "knn_5_mae": 0.6031083622055939,
    "knn_5_r2": 0.37067970216959445,
    "decision_tree_3_mse": 0.3126726062080315,
    "decision_tree_3_mae": 0.42525372859289134,
    "decision_tree_3_r2": 0.6642517743578058,
    "decision_tree_1_mse": 0.554555999683981,
    "decision_tree_1_mae": 0.5723745148031297,
    "decision_tree_1_r2": 0.431665541138475,
    "random_tree_2_mse": 0.7527442373572538,
    "random_tree_2_mae": 0.6756052334368122,
    "random_tree_2_r2": 0.19519058152512908,
    "mean_correlation_features_target": -0.051010169088840485,
    "stdev_correlation_features_target": 0.22900836169719696,
    "min_correlation_features_target": -0.4634072184562683,
    "q1_correlation_features_target": -0.1887540053576231,
    "median_correlation_features_target": 0.013398608833085746,
    "q3_correlation_features_target": 0.09338413178920746,
    "max_correlation_features_target": 0.25683829188346863
}