{
    "nb_instances": 250,
    "log_nb_instances": 5.521460917862246,
    "nb_features": 25,
    "dataset_dimensionality": 10.0,
    "log_dataset_dimensionality": 2.302585092994046,
    "dataset_ratio": 0.1,
    "nb_missing_vals": 0,
    "ratio_features_with_missing_vals": 0.0,
    "ratio_instances_with_missing_vals": 0.0,
    "nb_numeric_features": 25,
    "nb_categorical_features": 0,
    "ratio_numeric_categorical_features": 0.0,
    "ratio_categorical_numeric_features": 0.0,
    "mean__target": 1.907348723406699e-09,
    "stdev__target": 0.9979979991912842,
    "min__target": -2.5768563747406006,
    "q1__target": -0.6424921751022339,
    "median__target": 0.2090812772512436,
    "q3__target": 0.6821721643209457,
    "max__target": 3.942876100540161,
    "mean_mean_numeric_features": -2.5048640939218103e-10,
    "stdev_mean_numeric_features": 1.1144144496100239e-09,
    "min_mean_numeric_features": -2.8959998843447465e-09,
    "q1_mean_numeric_features": -1.1180000258903533e-09,
    "median_mean_numeric_features": -2.3800000858997805e-10,
    "q3_mean_numeric_features": 5.240000100492637e-10,
    "max_mean_numeric_features": 1.7693599918544578e-09,
    "mean_stdev_numeric_features": 1.0,
    "stdev_stdev_numeric_features": 0.0,
    "min_stdev_numeric_features": 1.0,
    "q1_stdev_numeric_features": 1.0,
    "median_stdev_numeric_features": 1.0,
    "q3_stdev_numeric_features": 1.0,
    "max_stdev_numeric_features": 1.0,
    "mean_var_numeric_features": 1.0,
    "stdev_var_numeric_features": 0.0,
    "min_var_numeric_features": 1.0,
    "q1_var_numeric_features": 1.0,
    "median_var_numeric_features": 1.0,
    "q3_var_numeric_features": 1.0,
    "max_var_numeric_features": 1.0,
    "mean_min_numeric_features": -1.704668402671814,
    "stdev_min_numeric_features": 0.11194813251495361,
    "min_min_numeric_features": -2.0733249187469482,
    "q1_min_numeric_features": -1.7631829977035522,
    "median_min_numeric_features": -1.6934218406677246,
    "q3_min_numeric_features": -1.6367199420928955,
    "max_min_numeric_features": -1.5392024517059326,
    "mean_median_numeric_features": -0.037756405770778656,
    "stdev_median_numeric_features": 0.08879993110895157,
    "min_median_numeric_features": -0.29230061173439026,
    "q1_median_numeric_features": -0.0769207552075386,
    "median_median_numeric_features": -0.04672708362340927,
    "q3_median_numeric_features": 0.009249999187886715,
    "max_median_numeric_features": 0.13069890439510345,
    "mean_max_numeric_features": 1.9458163976669312,
    "stdev_max_numeric_features": 0.6167917847633362,
    "min_max_numeric_features": 1.6299114227294922,
    "q1_max_numeric_features": 1.692247986793518,
    "median_max_numeric_features": 1.7586766481399536,
    "q3_max_numeric_features": 1.8085136413574219,
    "max_max_numeric_features": 4.368332386016846,
    "pca_1": 0.134962009844754,
    "pca_2": 0.06828141379570539,
    "pca_3": 0.05953364034041248,
    "mean_cov_numeric_features": 0.0015939011937007308,
    "stdev_cov_numeric_features": 0.12723009288311005,
    "min_cov_numeric_features": -0.22898970544338226,
    "q1_cov_numeric_features": -0.06715436279773712,
    "median_cov_numeric_features": -0.006001782603561878,
    "q3_cov_numeric_features": 0.052678413689136505,
    "max_cov_numeric_features": 0.4317055940628052,
    "mean_entropy_categorical_features": NaN,
    "stdev_entropy_categorical_features": NaN,
    "min_entropy_categorical_features": NaN,
    "median_entropy_categorical_features": NaN,
    "max_entropy_categorical_features": NaN,
    "knn_5_mse": 0.8410794573863999,
    "knn_5_mae": 0.7235132931786227,
    "knn_5_r2": 0.14534283214043933,
    "decision_tree_3_mse": 0.5161688963671073,
    "decision_tree_3_mae": 0.5419172266735556,
    "decision_tree_3_r2": 0.456617634973707,
    "decision_tree_1_mse": 0.808437120601607,
    "decision_tree_1_mae": 0.6706143757907362,
    "decision_tree_1_r2": 0.18475943840752912,
    "random_tree_2_mse": 0.8700366203453056,
    "random_tree_2_mae": 0.7310503061501845,
    "random_tree_2_r2": 0.11528634950973993,
    "mean_correlation_features_target": 0.0015939011937007308,
    "stdev_correlation_features_target": 0.12723009288311005,
    "min_correlation_features_target": -0.22898970544338226,
    "q1_correlation_features_target": -0.06715436279773712,
    "median_correlation_features_target": -0.006001782603561878,
    "q3_correlation_features_target": 0.052678413689136505,
    "max_correlation_features_target": 0.4317055940628052
}