{
    "nb_instances": 400,
    "log_nb_instances": 5.991464547107982,
    "nb_features": 6,
    "dataset_dimensionality": 66.66666666666667,
    "log_dataset_dimensionality": 4.199705077879927,
    "dataset_ratio": 0.015,
    "nb_missing_vals": 0,
    "ratio_features_with_missing_vals": 0.0,
    "ratio_instances_with_missing_vals": 0.0,
    "nb_numeric_features": 6,
    "nb_categorical_features": 0,
    "ratio_numeric_categorical_features": 0.0,
    "ratio_categorical_numeric_features": 0.0,
    "mean__target": 12.464162826538086,
    "stdev__target": 1.5507606267929077,
    "min__target": 9.507399559020996,
    "q1__target": 11.302975416183472,
    "median__target": 12.155550003051758,
    "q3__target": 13.405525207519531,
    "max__target": 19.82040023803711,
    "mean_mean_numeric_features": 10.875033378601074,
    "stdev_mean_numeric_features": 1.203667163848877,
    "min_mean_numeric_features": 8.572600364685059,
    "q1_mean_numeric_features": 10.420583963394165,
    "median_mean_numeric_features": 11.280666828155518,
    "q3_mean_numeric_features": 11.729230880737305,
    "max_mean_numeric_features": 12.103620529174805,
    "mean_stdev_numeric_features": 6.473534107208252,
    "stdev_stdev_numeric_features": 2.400251626968384,
    "min_stdev_numeric_features": 3.2475345134735107,
    "q1_stdev_numeric_features": 4.492822885513306,
    "median_stdev_numeric_features": 6.417558193206787,
    "q3_stdev_numeric_features": 8.599387526512146,
    "max_stdev_numeric_features": 9.580644607543945,
    "mean_var_numeric_features": 47.667850494384766,
    "stdev_var_numeric_features": 31.18859100341797,
    "min_var_numeric_features": 10.546480178833008,
    "q1_var_numeric_features": 20.249597549438477,
    "median_var_numeric_features": 43.39348316192627,
    "q3_var_numeric_features": 74.11082553863525,
    "max_var_numeric_features": 91.78874969482422,
    "mean_min_numeric_features": 4.059316635131836,
    "stdev_min_numeric_features": 2.6788175106048584,
    "min_min_numeric_features": 0.000699999975040555,
    "q1_min_numeric_features": 1.90917506814003,
    "median_min_numeric_features": 4.862450122833252,
    "q3_min_numeric_features": 5.78142511844635,
    "max_min_numeric_features": 7.617800235748291,
    "mean_median_numeric_features": 9.32205867767334,
    "stdev_median_numeric_features": 1.711181640625,
    "min_median_numeric_features": 6.020999908447266,
    "q1_median_numeric_features": 8.718849658966064,
    "median_median_numeric_features": 9.871274948120117,
    "q3_median_numeric_features": 10.414925336837769,
    "max_median_numeric_features": 11.237950325012207,
    "mean_max_numeric_features": 63.79275131225586,
    "stdev_max_numeric_features": 32.29440689086914,
    "min_max_numeric_features": 24.555400848388672,
    "q1_max_numeric_features": 33.80039930343628,
    "median_max_numeric_features": 62.53960037231445,
    "q3_max_numeric_features": 95.87157440185547,
    "max_max_numeric_features": 101.91899871826172,
    "pca_1": 0.3218519177190021,
    "pca_2": 0.2734747327542278,
    "pca_3": 0.21802532558702153,
    "mean_cov_numeric_features": 0.17164546251296997,
    "stdev_cov_numeric_features": 0.29383477568626404,
    "min_cov_numeric_features": -0.13494029641151428,
    "q1_cov_numeric_features": -0.025267808698117733,
    "median_cov_numeric_features": 0.05197175405919552,
    "q3_cov_numeric_features": 0.30649376288056374,
    "max_cov_numeric_features": 0.7205494046211243,
    "mean_entropy_categorical_features": NaN,
    "stdev_entropy_categorical_features": NaN,
    "min_entropy_categorical_features": NaN,
    "median_entropy_categorical_features": NaN,
    "max_entropy_categorical_features": NaN,
    "knn_5_mse": 2.681705319461,
    "knn_5_mae": 1.29524965,
    "knn_5_r2": -0.16302794725817413,
    "decision_tree_3_mse": 2.776230109452266,
    "decision_tree_3_mae": 1.3001337077033386,
    "decision_tree_3_r2": -0.17278951577865992,
    "decision_tree_1_mse": 2.5438408143235103,
    "decision_tree_1_mae": 1.2525546421190699,
    "decision_tree_1_r2": -0.06132262975133257,
    "random_tree_2_mse": 2.5973848730064715,
    "random_tree_2_mae": 1.2617761592944987,
    "random_tree_2_r2": -0.08424937757026085,
    "mean_correlation_features_target": 0.010360808111727238,
    "stdev_correlation_features_target": 0.023312339559197426,
    "min_correlation_features_target": -0.019994167611002922,
    "q1_correlation_features_target": -0.006194806192070246,
    "median_correlation_features_target": 0.0056984443217515945,
    "q3_correlation_features_target": 0.025787588907405734,
    "max_correlation_features_target": 0.048437390476465225
}