{
    "nb_instances": 400,
    "log_nb_instances": 5.991464547107982,
    "nb_features": 6,
    "dataset_dimensionality": 66.66666666666667,
    "log_dataset_dimensionality": 4.199705077879927,
    "dataset_ratio": 0.015,
    "nb_missing_vals": 0,
    "ratio_features_with_missing_vals": 0.0,
    "ratio_instances_with_missing_vals": 0.0,
    "nb_numeric_features": 6,
    "nb_categorical_features": 0,
    "ratio_numeric_categorical_features": 0.0,
    "ratio_categorical_numeric_features": 0.0,
    "mean__target": 12.464162826538086,
    "stdev__target": 12.464162826538086,
    "min__target": 9.507399559020996,
    "q1__target": 11.302975416183472,
    "median__target": 12.155550003051758,
    "q3__target": 13.405525207519531,
    "max__target": 19.82040023803711,
    "mean_mean_numeric_features": 10.875033378601074,
    "stdev_mean_numeric_features": 10.875033378601074,
    "mean_stdev_numeric_features": 6.473534107208252,
    "stdev_stdev_numeric_features": 6.473534107208252,
    "mean_var_numeric_features": 47.667850494384766,
    "stdev_var_numeric_features": 47.667850494384766,
    "mean_min_numeric_features": 4.059316635131836,
    "stdev_min_numeric_features": 4.059316635131836,
    "mean_median_numeric_features": 9.32205867767334,
    "stdev_median_numeric_features": 9.32205867767334,
    "mean_max_numeric_features": 63.79275131225586,
    "stdev_max_numeric_features": 63.79275131225586,
    "mean_skew_numeric_features": 3.6158063411712646,
    "stdev_skew_numeric_features": 3.6158063411712646,
    "mean_kurtosis_numeric_features": 21.50087547302246,
    "stdev_kurtosis_numeric_features": 21.50087547302246,
    "pca_1": 0.3218519177190021,
    "pca_2": 0.2734747327542278,
    "pca_3": 0.21802532558702153,
    "mean_cov_numeric_features": 0.17164546251296997,
    "stdev_cov_numeric_features": 0.17164546251296997,
    "mean_entropy_categorical_features": NaN,
    "stdev_entropy_categorical_features": NaN,
    "decision_tree_1_mse": 2.4784632112867317,
    "decision_tree_1_mae": 1.2432995723580111,
    "decision_tree_1_r2": -0.03243740327971484,
    "decision_tree_2_mse": 3.0749667687709135,
    "decision_tree_2_mae": 1.3293143074697118,
    "decision_tree_2_r2": -0.3016830326348551,
    "random_tree_2_mse": 2.5131151539495775,
    "random_tree_2_mae": 1.2553971863275002,
    "random_tree_2_r2": -0.056176601531384235,
    "mean_correlation_features_target": 0.010360808111727238,
    "stdev_correlation_features_target": 0.010360808111727238,
    "min_correlation_features_target": -0.019994167611002922,
    "max_correlation_features_target": 0.048437390476465225
}