{
    "nb_instances": 508,
    "log_nb_instances": 6.230481447578482,
    "nb_features": 10,
    "dataset_dimensionality": 50.8,
    "log_dataset_dimensionality": 3.927896354584436,
    "dataset_ratio": 0.01968503937007874,
    "nb_missing_vals": 0,
    "ratio_features_with_missing_vals": 0.0,
    "ratio_instances_with_missing_vals": 0.0,
    "nb_numeric_features": 10,
    "nb_categorical_features": 0,
    "ratio_numeric_categorical_features": 0.0,
    "ratio_categorical_numeric_features": 0.0,
    "mean__target": 8.386514663696289,
    "stdev__target": 2.863579034805298,
    "min__target": 4.150000095367432,
    "q1__target": 6.667500019073486,
    "median__target": 7.760000228881836,
    "q3__target": 9.182500123977661,
    "max__target": 30.43000030517578,
    "mean_mean_numeric_features": 51.904502868652344,
    "stdev_mean_numeric_features": 48.52047348022461,
    "min_mean_numeric_features": 2.8444290161132812,
    "q1_mean_numeric_features": 9.056146621704102,
    "median_mean_numeric_features": 48.94868087768555,
    "q3_mean_numeric_features": 70.4030122756958,
    "max_mean_numeric_features": 169.0481719970703,
    "mean_stdev_numeric_features": 8.70490837097168,
    "stdev_stdev_numeric_features": 4.78423547744751,
    "min_stdev_numeric_features": 1.0506197214126587,
    "q1_stdev_numeric_features": 4.171370506286621,
    "median_stdev_numeric_features": 9.50613260269165,
    "q3_stdev_numeric_features": 13.111207962036133,
    "max_stdev_numeric_features": 15.138256072998047,
    "mean_var_numeric_features": 98.66434478759766,
    "stdev_var_numeric_features": 81.4396743774414,
    "min_var_numeric_features": 1.1038018465042114,
    "q1_var_numeric_features": 17.425357341766357,
    "median_var_numeric_features": 90.60917282104492,
    "q3_var_numeric_features": 172.4389991760254,
    "max_var_numeric_features": 229.16677856445312,
    "mean_min_numeric_features": 32.928001403808594,
    "stdev_min_numeric_features": 42.191925048828125,
    "min_min_numeric_features": 0.8600000143051147,
    "q1_min_numeric_features": 2.924999952316284,
    "median_min_numeric_features": 18.949999809265137,
    "q3_min_numeric_features": 43.57499980926514,
    "max_min_numeric_features": 142.1300048828125,
    "mean_median_numeric_features": 50.90800476074219,
    "stdev_median_numeric_features": 48.12942123413086,
    "min_median_numeric_features": 2.740000009536743,
    "q1_median_numeric_features": 8.526250004768372,
    "median_median_numeric_features": 46.24250030517578,
    "q3_median_numeric_features": 70.65625,
    "max_median_numeric_features": 166.74000549316406,
    "mean_max_numeric_features": 83.09099578857422,
    "stdev_max_numeric_features": 64.80744934082031,
    "min_max_numeric_features": 6.570000171661377,
    "q1_max_numeric_features": 23.087499618530273,
    "median_max_numeric_features": 95.47500228881836,
    "q3_max_numeric_features": 100.06000137329102,
    "max_max_numeric_features": 231.72999572753906,
    "pca_1": 0.5563627624357136,
    "pca_2": 0.22256519006621267,
    "pca_3": 0.10789111353303872,
    "mean_cov_numeric_features": 5.568479537963867,
    "stdev_cov_numeric_features": 10.873984336853027,
    "min_cov_numeric_features": -8.540461540222168,
    "q1_cov_numeric_features": -1.925981858978048,
    "median_cov_numeric_features": 1.9555673599243164,
    "q3_cov_numeric_features": 10.716104507446289,
    "max_cov_numeric_features": 29.553682327270508,
    "mean_entropy_categorical_features": NaN,
    "stdev_entropy_categorical_features": NaN,
    "min_entropy_categorical_features": NaN,
    "median_entropy_categorical_features": NaN,
    "max_entropy_categorical_features": NaN,
    "knn_5_mse": 3.7074141653543307,
    "knn_5_mae": 1.3779094488188974,
    "knn_5_r2": 0.5224961115966652,
    "decision_tree_3_mse": 4.3239182662094,
    "decision_tree_3_mae": 1.4344196369779556,
    "decision_tree_3_r2": 0.45664242568335206,
    "decision_tree_1_mse": 5.123431303179761,
    "decision_tree_1_mae": 1.565506807822012,
    "decision_tree_1_r2": 0.33725386096228965,
    "random_tree_2_mse": 4.344048695540241,
    "random_tree_2_mae": 1.5361299915582154,
    "random_tree_2_r2": 0.45394487585224574,
    "mean_correlation_features_target": 0.1451922208070755,
    "stdev_correlation_features_target": 0.33511263132095337,
    "min_correlation_features_target": -0.33055755496025085,
    "q1_correlation_features_target": -0.05579822964500636,
    "median_correlation_features_target": 0.1387060359120369,
    "q3_correlation_features_target": 0.28811198472976685,
    "max_correlation_features_target": 0.7269597053527832
}