{
    "nb_instances": 400,
    "log_nb_instances": 5.991464547107982,
    "nb_features": 7,
    "dataset_dimensionality": 57.142857142857146,
    "log_dataset_dimensionality": 4.045554398052669,
    "dataset_ratio": 0.0175,
    "nb_missing_vals": 0,
    "ratio_features_with_missing_vals": 0.0,
    "ratio_instances_with_missing_vals": 0.0,
    "nb_numeric_features": 7,
    "nb_categorical_features": 0,
    "ratio_numeric_categorical_features": 0.0,
    "ratio_categorical_numeric_features": 0.0,
    "mean__target": 4.230042934417725,
    "stdev__target": 0.012221764773130417,
    "min__target": 4.196000099182129,
    "q1__target": 4.222099781036377,
    "median__target": 4.229300022125244,
    "q3__target": 4.2393999099731445,
    "max__target": 4.260799884796143,
    "mean_mean_numeric_features": 4.2391228675842285,
    "stdev_mean_numeric_features": 0.015739161521196365,
    "min_mean_numeric_features": 4.224684238433838,
    "q1_mean_numeric_features": 4.229290723800659,
    "median_mean_numeric_features": 4.232916355133057,
    "q3_mean_numeric_features": 4.241445302963257,
    "max_mean_numeric_features": 4.274786949157715,
    "mean_stdev_numeric_features": 0.10732979327440262,
    "stdev_stdev_numeric_features": 0.07561618089675903,
    "min_stdev_numeric_features": 0.027327243238687515,
    "q1_stdev_numeric_features": 0.04786614328622818,
    "median_stdev_numeric_features": 0.08382508158683777,
    "q3_stdev_numeric_features": 0.1444169171154499,
    "max_stdev_numeric_features": 0.25559017062187195,
    "mean_var_numeric_features": 0.01723749190568924,
    "stdev_var_numeric_features": 0.0216039028018713,
    "min_var_numeric_features": 0.0007467782706953585,
    "q1_var_numeric_features": 0.0023372240248136222,
    "median_var_numeric_features": 0.007026644889265299,
    "q3_var_numeric_features": 0.02144412277266383,
    "max_var_numeric_features": 0.06532633304595947,
    "mean_min_numeric_features": 3.782599925994873,
    "stdev_min_numeric_features": 0.5511293411254883,
    "min_min_numeric_features": 2.465399980545044,
    "q1_min_numeric_features": 3.8430999517440796,
    "median_min_numeric_features": 3.973900079727173,
    "q3_min_numeric_features": 4.100150108337402,
    "max_min_numeric_features": 4.152400016784668,
    "mean_median_numeric_features": 4.2400288581848145,
    "stdev_median_numeric_features": 0.014648395590484142,
    "min_median_numeric_features": 4.22760009765625,
    "q1_median_numeric_features": 4.23105001449585,
    "median_median_numeric_features": 4.231649875640869,
    "q3_median_numeric_features": 4.243574857711792,
    "max_median_numeric_features": 4.271699905395508,
    "mean_max_numeric_features": 4.571585655212402,
    "stdev_max_numeric_features": 0.26304787397384644,
    "min_max_numeric_features": 4.30810022354126,
    "q1_max_numeric_features": 4.374549865722656,
    "median_max_numeric_features": 4.45550012588501,
    "q3_max_numeric_features": 4.7474000453948975,
    "max_max_numeric_features": 4.993599891662598,
    "pca_1": 0.5422070559230521,
    "pca_2": 0.23575695214689601,
    "pca_3": 0.11930688372378861,
    "mean_cov_numeric_features": 2.0787574612768367e-05,
    "stdev_cov_numeric_features": 5.681704715243541e-05,
    "min_cov_numeric_features": -3.323715282022022e-05,
    "q1_cov_numeric_features": -1.1994434771622764e-05,
    "median_cov_numeric_features": 2.141136747013661e-06,
    "q3_cov_numeric_features": 2.5875712708511855e-05,
    "max_cov_numeric_features": 0.00014884649135638028,
    "mean_entropy_categorical_features": NaN,
    "stdev_entropy_categorical_features": NaN,
    "min_entropy_categorical_features": NaN,
    "median_entropy_categorical_features": NaN,
    "max_entropy_categorical_features": NaN,
    "knn_5_mse": 0.00019059581899999985,
    "knn_5_mae": 0.011108549999999984,
    "knn_5_r2": -0.28656382075284637,
    "decision_tree_3_mse": 0.00015999535442221794,
    "decision_tree_3_mae": 0.01022093843556891,
    "decision_tree_3_r2": -0.0716603979277674,
    "decision_tree_1_mse": 0.00015570661964638323,
    "decision_tree_1_mae": 0.010109443054766534,
    "decision_tree_1_r2": -0.045668794543265334,
    "random_tree_2_mse": 0.00015468829324441765,
    "random_tree_2_mae": 0.01011205811663056,
    "random_tree_2_r2": -0.039809754677781806,
    "mean_correlation_features_target": -0.0006052569369785488,
    "stdev_correlation_features_target": 0.03730376809835434,
    "min_correlation_features_target": -0.06611798703670502,
    "q1_correlation_features_target": -0.02037177886813879,
    "median_correlation_features_target": 0.0010374017292633653,
    "q3_correlation_features_target": 0.02699859580025077,
    "max_correlation_features_target": 0.04759015515446663
}