{
    "nb_instances": 400,
    "log_nb_instances": 5.991464547107982,
    "nb_features": 7,
    "dataset_dimensionality": 57.142857142857146,
    "log_dataset_dimensionality": 4.045554398052669,
    "dataset_ratio": 0.0175,
    "nb_missing_vals": 0,
    "ratio_features_with_missing_vals": 0.0,
    "ratio_instances_with_missing_vals": 0.0,
    "nb_numeric_features": 7,
    "nb_categorical_features": 0,
    "ratio_numeric_categorical_features": 0.0,
    "ratio_categorical_numeric_features": 0.0,
    "mean__target": 16.981861114501953,
    "stdev__target": 0.44770684838294983,
    "min__target": 15.663000106811523,
    "q1__target": 16.691500186920166,
    "median__target": 16.96049976348877,
    "q3__target": 17.319249629974365,
    "max__target": 18.327999114990234,
    "mean_mean_numeric_features": 18.129091262817383,
    "stdev_mean_numeric_features": 1.2016918659210205,
    "min_mean_numeric_features": 16.997610092163086,
    "q1_mean_numeric_features": 17.12751007080078,
    "median_mean_numeric_features": 17.671785354614258,
    "q3_mean_numeric_features": 18.81594753265381,
    "max_mean_numeric_features": 20.34733009338379,
    "mean_stdev_numeric_features": 4.703498363494873,
    "stdev_stdev_numeric_features": 3.4300425052642822,
    "min_stdev_numeric_features": 1.068981647491455,
    "q1_stdev_numeric_features": 1.917987883090973,
    "median_stdev_numeric_features": 3.5018386840820312,
    "q3_stdev_numeric_features": 6.979694366455078,
    "max_stdev_numeric_features": 10.558302879333496,
    "mean_var_numeric_features": 33.88808822631836,
    "stdev_var_numeric_features": 40.546043395996094,
    "min_var_numeric_features": 1.1427217721939087,
    "q1_var_numeric_features": 3.749472737312317,
    "median_var_numeric_features": 12.262873649597168,
    "q3_var_numeric_features": 52.41716003417969,
    "max_var_numeric_features": 111.4777603149414,
    "mean_min_numeric_features": 9.032928466796875,
    "stdev_min_numeric_features": 4.485322952270508,
    "min_min_numeric_features": 0.2919999957084656,
    "q1_min_numeric_features": 7.0284998416900635,
    "median_min_numeric_features": 9.416500091552734,
    "q3_min_numeric_features": 12.631249904632568,
    "max_min_numeric_features": 14.202500343322754,
    "mean_median_numeric_features": 17.389463424682617,
    "stdev_median_numeric_features": 0.5994987487792969,
    "min_median_numeric_features": 16.889999389648438,
    "q1_median_numeric_features": 17.02400016784668,
    "median_median_numeric_features": 17.048500061035156,
    "q3_median_numeric_features": 17.522374153137207,
    "max_median_numeric_features": 18.69499969482422,
    "mean_max_numeric_features": 45.6081428527832,
    "stdev_max_numeric_features": 31.035959243774414,
    "min_max_numeric_features": 20.328500747680664,
    "q1_max_numeric_features": 23.6872501373291,
    "median_max_numeric_features": 28.545000076293945,
    "q3_max_numeric_features": 62.23225021362305,
    "max_max_numeric_features": 98.54450225830078,
    "pca_1": 0.4714836589687733,
    "pca_2": 0.3338550149672673,
    "pca_3": 0.10703118851186624,
    "mean_cov_numeric_features": 0.01633058302104473,
    "stdev_cov_numeric_features": 0.1630588322877884,
    "min_cov_numeric_features": -0.1837559938430786,
    "q1_cov_numeric_features": -0.05036891158670187,
    "median_cov_numeric_features": -0.013531329110264778,
    "q3_cov_numeric_features": 0.014292027335613966,
    "max_cov_numeric_features": 0.3837551772594452,
    "mean_entropy_categorical_features": NaN,
    "stdev_entropy_categorical_features": NaN,
    "min_entropy_categorical_features": NaN,
    "median_entropy_categorical_features": NaN,
    "max_entropy_categorical_features": NaN,
    "knn_5_mse": 0.25109329129999997,
    "knn_5_mae": 0.40072149999999995,
    "knn_5_r2": -0.2867680346023203,
    "decision_tree_3_mse": 0.22957450868939083,
    "decision_tree_3_mae": 0.3816303839381323,
    "decision_tree_3_r2": -0.1514622571094657,
    "decision_tree_1_mse": 0.20279881019647392,
    "decision_tree_1_mae": 0.3600533902236693,
    "decision_tree_1_r2": -0.009781810431608667,
    "random_tree_2_mse": 0.20449017089857224,
    "random_tree_2_mae": 0.36162528595156274,
    "random_tree_2_r2": -0.023289916200282035,
    "mean_correlation_features_target": -0.006462424527853727,
    "stdev_correlation_features_target": 0.04891655966639519,
    "min_correlation_features_target": -0.0810786634683609,
    "q1_correlation_features_target": -0.03579256124794483,
    "median_correlation_features_target": -0.008619994856417179,
    "q3_correlation_features_target": 0.017482556402683258,
    "max_correlation_features_target": 0.08108169585466385
}