{
    "nb_instances": 400,
    "log_nb_instances": 5.991464547107982,
    "nb_features": 7,
    "dataset_dimensionality": 57.142857142857146,
    "log_dataset_dimensionality": 4.045554398052669,
    "dataset_ratio": 0.0175,
    "nb_missing_vals": 0,
    "ratio_features_with_missing_vals": 0.0,
    "ratio_instances_with_missing_vals": 0.0,
    "nb_numeric_features": 7,
    "nb_categorical_features": 0,
    "ratio_numeric_categorical_features": 0.0,
    "ratio_categorical_numeric_features": 0.0,
    "mean__target": 4.235316276550293,
    "stdev__target": 0.009863798506557941,
    "min__target": 4.204899787902832,
    "q1__target": 4.229100227355957,
    "median__target": 4.234899997711182,
    "q3__target": 4.242300033569336,
    "max__target": 4.264900207519531,
    "mean_mean_numeric_features": 4.233053684234619,
    "stdev_mean_numeric_features": 0.009197679348289967,
    "min_mean_numeric_features": 4.21639347076416,
    "q1_mean_numeric_features": 4.228859186172485,
    "median_mean_numeric_features": 4.237081050872803,
    "q3_mean_numeric_features": 4.239006519317627,
    "max_mean_numeric_features": 4.242169380187988,
    "mean_stdev_numeric_features": 0.09922929108142853,
    "stdev_stdev_numeric_features": 0.07333117723464966,
    "min_stdev_numeric_features": 0.021973613649606705,
    "q1_stdev_numeric_features": 0.039696769788861275,
    "median_stdev_numeric_features": 0.07636737078428268,
    "q3_stdev_numeric_features": 0.13802609592676163,
    "max_stdev_numeric_features": 0.24081836640834808,
    "mean_var_numeric_features": 0.015223915688693523,
    "stdev_var_numeric_features": 0.019298983737826347,
    "min_var_numeric_features": 0.0004828397068195045,
    "q1_var_numeric_features": 0.0016430459218099713,
    "median_var_numeric_features": 0.0058319759555161,
    "q3_var_numeric_features": 0.019486505072563887,
    "max_var_numeric_features": 0.057993486523628235,
    "mean_min_numeric_features": 3.9009716510772705,
    "stdev_min_numeric_features": 0.31777694821357727,
    "min_min_numeric_features": 3.198899984359741,
    "q1_min_numeric_features": 3.836449980735779,
    "median_min_numeric_features": 4.011899948120117,
    "q3_min_numeric_features": 4.124350070953369,
    "max_min_numeric_features": 4.1743998527526855,
    "mean_median_numeric_features": 4.235300064086914,
    "stdev_median_numeric_features": 0.005377990659326315,
    "min_median_numeric_features": 4.225749969482422,
    "q1_median_numeric_features": 4.232749938964844,
    "median_median_numeric_features": 4.2365498542785645,
    "q3_median_numeric_features": 4.238374948501587,
    "max_median_numeric_features": 4.242549896240234,
    "mean_max_numeric_features": 4.531114101409912,
    "stdev_max_numeric_features": 0.20350997149944305,
    "min_max_numeric_features": 4.301599979400635,
    "q1_max_numeric_features": 4.349050045013428,
    "median_max_numeric_features": 4.486499786376953,
    "q3_max_numeric_features": 4.6740500926971436,
    "max_max_numeric_features": 4.883500099182129,
    "pca_1": 0.5446939582370453,
    "pca_2": 0.23808576356008185,
    "pca_3": 0.1276594493792314,
    "mean_cov_numeric_features": -2.8696351364487782e-05,
    "stdev_cov_numeric_features": 3.512733746902086e-05,
    "min_cov_numeric_features": -9.957748261513188e-05,
    "q1_cov_numeric_features": -4.092336257599527e-05,
    "median_cov_numeric_features": -1.8745453417068347e-05,
    "q3_cov_numeric_features": -8.838711153202894e-06,
    "max_cov_numeric_features": 1.697261723165866e-05,
    "mean_entropy_categorical_features": NaN,
    "stdev_entropy_categorical_features": NaN,
    "min_entropy_categorical_features": NaN,
    "median_entropy_categorical_features": NaN,
    "max_entropy_categorical_features": NaN,
    "knn_5_mse": 0.00011229608699999976,
    "knn_5_mae": 0.008368349999999988,
    "knn_5_r2": -0.19832865445905504,
    "decision_tree_3_mse": 0.00011232772703498218,
    "decision_tree_3_mae": 0.008296421877173355,
    "decision_tree_3_r2": -0.1708578614969265,
    "decision_tree_1_mse": 0.00010396665243494208,
    "decision_tree_1_mae": 0.008057201426632262,
    "decision_tree_1_r2": -0.11528418626305442,
    "random_tree_2_mse": 0.00010551669226770458,
    "random_tree_2_mae": 0.008042603612422011,
    "random_tree_2_r2": -0.09445739442470649,
    "mean_correlation_features_target": -0.018130213022232056,
    "stdev_correlation_features_target": 0.04547599330544472,
    "min_correlation_features_target": -0.0686739832162857,
    "q1_correlation_features_target": -0.0487178023904562,
    "median_correlation_features_target": -0.025971313938498497,
    "q3_correlation_features_target": -0.006520040333271027,
    "max_correlation_features_target": 0.07820949703454971
}