{
    "nb_instances": 662,
    "log_nb_instances": 6.495265555937008,
    "nb_features": 3,
    "dataset_dimensionality": 220.66666666666666,
    "log_dataset_dimensionality": 5.396653267268898,
    "dataset_ratio": 0.004531722054380665,
    "nb_missing_vals": 0,
    "ratio_features_with_missing_vals": 0.0,
    "ratio_instances_with_missing_vals": 0.0,
    "nb_numeric_features": 3,
    "nb_categorical_features": 0,
    "ratio_numeric_categorical_features": 0.0,
    "ratio_categorical_numeric_features": 0.0,
    "mean__target": 72793.8125,
    "stdev__target": 72793.8125,
    "min__target": -21480.259765625,
    "q1__target": 54542.8154296875,
    "median__target": 73591.375,
    "q3__target": 89957.78125,
    "max__target": 224442.25,
    "mean_mean_numeric_features": 23.480947494506836,
    "stdev_mean_numeric_features": 23.480947494506836,
    "mean_stdev_numeric_features": 8.96184253692627,
    "stdev_stdev_numeric_features": 8.96184253692627,
    "mean_var_numeric_features": 104.34146881103516,
    "stdev_var_numeric_features": 104.34146881103516,
    "mean_min_numeric_features": -1.6258853673934937,
    "stdev_min_numeric_features": -1.6258853673934937,
    "mean_median_numeric_features": 23.284128189086914,
    "stdev_median_numeric_features": 23.284128189086914,
    "mean_max_numeric_features": 52.49714279174805,
    "stdev_max_numeric_features": 52.49714279174805,
    "mean_skew_numeric_features": 0.11547399312257767,
    "stdev_skew_numeric_features": 0.11547399312257767,
    "mean_kurtosis_numeric_features": 0.039506327360868454,
    "stdev_kurtosis_numeric_features": 0.039506327360868454,
    "pca_1": 0.790221999132392,
    "pca_2": 0.15151598735573296,
    "pca_3": 0.05826201351187508,
    "mean_cov_numeric_features": -13115.7548828125,
    "stdev_cov_numeric_features": -13115.7548828125,
    "mean_entropy_categorical_features": NaN,
    "stdev_entropy_categorical_features": NaN,
    "decision_tree_1_mse": 913325197.243813,
    "decision_tree_1_mae": 23309.434624946487,
    "decision_tree_1_r2": -0.018358748557622706,
    "decision_tree_2_mse": 917571693.9708983,
    "decision_tree_2_mae": 23345.278871793216,
    "decision_tree_2_r2": -0.02445165293139631,
    "random_tree_2_mse": 885284612.5453756,
    "random_tree_2_mae": 23066.800845810863,
    "random_tree_2_r2": 0.010673155792213312,
    "mean_correlation_features_target": -0.04857483506202698,
    "stdev_correlation_features_target": -0.04857483506202698,
    "min_correlation_features_target": -0.10160285979509354,
    "max_correlation_features_target": 0.020668359473347664
}