{
    "nb_instances": 111,
    "log_nb_instances": 4.709530201312334,
    "nb_features": 3,
    "dataset_dimensionality": 37.0,
    "log_dataset_dimensionality": 3.6109179126442243,
    "dataset_ratio": 0.02702702702702703,
    "nb_missing_vals": 0,
    "ratio_features_with_missing_vals": 0.0,
    "ratio_instances_with_missing_vals": 0.0,
    "nb_numeric_features": 3,
    "nb_categorical_features": 0,
    "ratio_numeric_categorical_features": 0.0,
    "ratio_categorical_numeric_features": 0.0,
    "mean__target": 9.938740730285645,
    "stdev__target": 3.543148994445801,
    "min__target": 2.299999952316284,
    "q1__target": 7.400000095367432,
    "median__target": 9.699999809265137,
    "q3__target": 11.5,
    "max__target": 20.700000762939453,
    "mean_mean_numeric_features": 101.56456756591797,
    "stdev_mean_numeric_features": 60.634639739990234,
    "min_mean_numeric_features": 42.099098205566406,
    "q1_mean_numeric_features": 59.945945739746094,
    "median_mean_numeric_features": 77.79279327392578,
    "q3_mean_numeric_features": 131.29729843139648,
    "max_mean_numeric_features": 184.8018035888672,
    "mean_stdev_numeric_features": 44.65275192260742,
    "stdev_stdev_numeric_features": 34.279483795166016,
    "min_stdev_numeric_features": 9.529969215393066,
    "q1_stdev_numeric_features": 21.40296983718872,
    "median_stdev_numeric_features": 33.275970458984375,
    "q3_stdev_numeric_features": 62.21413803100586,
    "max_stdev_numeric_features": 91.15230560302734,
    "mean_var_numeric_features": 3168.950927734375,
    "stdev_var_numeric_features": 3657.9951171875,
    "min_var_numeric_features": 90.8203125,
    "q1_var_numeric_features": 599.05517578125,
    "median_var_numeric_features": 1107.2900390625,
    "q3_var_numeric_features": 4708.01611328125,
    "max_var_numeric_features": 8308.7421875,
    "mean_min_numeric_features": 21.66666603088379,
    "stdev_min_numeric_features": 25.10422706604004,
    "min_min_numeric_features": 1.0,
    "q1_min_numeric_features": 4.0,
    "median_min_numeric_features": 7.0,
    "q3_min_numeric_features": 32.0,
    "max_min_numeric_features": 57.0,
    "mean_median_numeric_features": 105.66666412353516,
    "stdev_median_numeric_features": 74.28473663330078,
    "min_median_numeric_features": 31.0,
    "q1_median_numeric_features": 55.0,
    "median_median_numeric_features": 79.0,
    "q3_median_numeric_features": 143.0,
    "max_median_numeric_features": 207.0,
    "mean_max_numeric_features": 199.6666717529297,
    "stdev_max_numeric_features": 99.31208038330078,
    "min_max_numeric_features": 97.0,
    "q1_max_numeric_features": 132.5,
    "median_max_numeric_features": 168.0,
    "q3_max_numeric_features": 251.0,
    "max_max_numeric_features": 334.0,
    "pca_1": 0.8909591936057605,
    "pca_2": 0.1043624076589942,
    "pca_3": 0.004678398735245244,
    "mean_cov_numeric_features": -43.59328079223633,
    "stdev_cov_numeric_features": 22.809499740600586,
    "min_cov_numeric_features": -72.59569549560547,
    "q1_cov_numeric_features": -56.958518981933594,
    "median_cov_numeric_features": -41.32134246826172,
    "q3_cov_numeric_features": -29.09207534790039,
    "max_cov_numeric_features": -16.862808227539062,
    "mean_entropy_categorical_features": NaN,
    "stdev_entropy_categorical_features": NaN,
    "min_entropy_categorical_features": NaN,
    "median_entropy_categorical_features": NaN,
    "max_entropy_categorical_features": NaN,
    "knn_5_mse": 11.281214153439155,
    "knn_5_mae": 2.6340542328042327,
    "knn_5_r2": 0.058848954508751355,
    "decision_tree_3_mse": 11.876842059273095,
    "decision_tree_3_mae": 2.6584565724452625,
    "decision_tree_3_r2": -0.05602086748241997,
    "decision_tree_1_mse": 9.201115102274802,
    "decision_tree_1_mae": 2.405530983869475,
    "decision_tree_1_r2": 0.2567346502685106,
    "random_tree_2_mse": 10.861082940279243,
    "random_tree_2_mae": 2.605509479239257,
    "random_tree_2_r2": 0.07404782003099386,
    "mean_correlation_features_target": -0.4124874174594879,
    "stdev_correlation_features_target": 0.20708054304122925,
    "min_correlation_features_target": -0.6129507422447205,
    "q1_correlation_features_target": -0.555048331618309,
    "median_correlation_features_target": -0.4971459209918976,
    "q3_correlation_features_target": -0.31225576996803284,
    "max_correlation_features_target": -0.1273656189441681
}