{
    "nb_instances": 8641,
    "log_nb_instances": 9.0642735958414,
    "nb_features": 4,
    "dataset_dimensionality": 2160.25,
    "log_dataset_dimensionality": 7.677979234721509,
    "dataset_ratio": 0.0004629093854877908,
    "nb_missing_vals": 0,
    "ratio_features_with_missing_vals": 0.0,
    "ratio_instances_with_missing_vals": 0.0,
    "nb_numeric_features": 3,
    "nb_categorical_features": 1,
    "ratio_numeric_categorical_features": 3.0,
    "ratio_categorical_numeric_features": 0.3333333333333333,
    "mean__target": 16.863325119018555,
    "stdev__target": 16.863325119018555,
    "min__target": 1.0,
    "q1__target": 5.0,
    "median__target": 14.0,
    "q3__target": 29.0,
    "max__target": 40.0,
    "mean_mean_numeric_features": 13.449691772460938,
    "stdev_mean_numeric_features": 13.449691772460938,
    "mean_stdev_numeric_features": 7.693655967712402,
    "stdev_stdev_numeric_features": 7.693655967712402,
    "mean_var_numeric_features": 207.90478515625,
    "stdev_var_numeric_features": 207.90478515625,
    "mean_min_numeric_features": 0.21899999678134918,
    "stdev_min_numeric_features": 0.21899999678134918,
    "mean_median_numeric_features": 12.5933256149292,
    "stdev_median_numeric_features": 12.5933256149292,
    "mean_max_numeric_features": 43.093997955322266,
    "stdev_max_numeric_features": 43.093997955322266,
    "mean_skew_numeric_features": 0.4937662184238434,
    "stdev_skew_numeric_features": 0.4937662184238434,
    "mean_kurtosis_numeric_features": -0.7273348569869995,
    "stdev_kurtosis_numeric_features": -0.7273348569869995,
    "pca_1": 0.998112953870635,
    "pca_2": 0.001475222694380603,
    "pca_3": 0.000218553926693846,
    "mean_cov_numeric_features": -4.345227241516113,
    "stdev_cov_numeric_features": -4.345227241516113,
    "mean_entropy_categorical_features": NaN,
    "stdev_entropy_categorical_features": NaN,
    "decision_tree_1_mse": 84.3468728242467,
    "decision_tree_1_mae": 7.03232420735971,
    "decision_tree_1_r2": 0.4499746201682121,
    "decision_tree_2_mse": 21.621151186539816,
    "decision_tree_2_mae": 3.759485759011949,
    "decision_tree_2_r2": 0.8589395133674856,
    "random_tree_2_mse": 76.61848304359614,
    "random_tree_2_mae": 6.7214794942534315,
    "random_tree_2_r2": 0.5001689713430238,
    "mean_correlation_features_target": 0.033266305923461914,
    "stdev_correlation_features_target": 0.033266305923461914,
    "min_correlation_features_target": -0.5933395028114319,
    "max_correlation_features_target": 0.7317455410957336
}