{
    "nb_instances": 323,
    "log_nb_instances": 5.777652323222656,
    "nb_features": 4,
    "dataset_dimensionality": 80.75,
    "log_dataset_dimensionality": 4.391357962102766,
    "dataset_ratio": 0.01238390092879257,
    "nb_missing_vals": 0,
    "ratio_features_with_missing_vals": 0.0,
    "ratio_instances_with_missing_vals": 0.0,
    "nb_numeric_features": 4,
    "nb_categorical_features": 0,
    "ratio_numeric_categorical_features": 0.0,
    "ratio_categorical_numeric_features": 0.0,
    "mean__target": 1593.6253662109375,
    "stdev__target": 1593.6253662109375,
    "min__target": 1409.0,
    "q1__target": 1523.0,
    "median__target": 1586.0,
    "q3__target": 1669.0,
    "max__target": 1775.0,
    "mean_mean_numeric_features": 20.30902099609375,
    "stdev_mean_numeric_features": 20.30902099609375,
    "mean_stdev_numeric_features": 24.762094497680664,
    "stdev_stdev_numeric_features": 24.762094497680664,
    "mean_var_numeric_features": 700.3418579101562,
    "stdev_var_numeric_features": 700.3418579101562,
    "mean_min_numeric_features": -29.668655395507812,
    "stdev_min_numeric_features": -29.668655395507812,
    "mean_median_numeric_features": 23.076507568359375,
    "stdev_median_numeric_features": 23.076507568359375,
    "mean_max_numeric_features": 67.01821899414062,
    "stdev_max_numeric_features": 67.01821899414062,
    "mean_skew_numeric_features": -0.1503404974937439,
    "stdev_skew_numeric_features": -0.1503404974937439,
    "mean_kurtosis_numeric_features": -0.6091842651367188,
    "stdev_kurtosis_numeric_features": -0.6091842651367188,
    "pca_1": 0.5244869916368974,
    "pca_2": 0.3325070993414653,
    "pca_3": 0.13475889600311416,
    "mean_cov_numeric_features": 49.128387451171875,
    "stdev_cov_numeric_features": 49.128387451171875,
    "mean_entropy_categorical_features": NaN,
    "stdev_entropy_categorical_features": NaN,
    "decision_tree_1_mse": 3395.9818102771155,
    "decision_tree_1_mae": 49.2905985678668,
    "decision_tree_1_r2": 0.6011761037475499,
    "decision_tree_2_mse": 1295.3157534923191,
    "decision_tree_2_mae": 28.80943600769868,
    "decision_tree_2_r2": 0.853040549078645,
    "random_tree_2_mse": 5025.861387790459,
    "random_tree_2_mae": 57.72787973529344,
    "random_tree_2_r2": 0.42581637312024917,
    "mean_correlation_features_target": 0.04627501219511032,
    "stdev_correlation_features_target": 0.04627501219511032,
    "min_correlation_features_target": -0.8944955468177795,
    "max_correlation_features_target": 0.6710882782936096
}