{
    "nb_instances": 323,
    "log_nb_instances": 5.777652323222656,
    "nb_features": 4,
    "dataset_dimensionality": 80.75,
    "log_dataset_dimensionality": 4.391357962102766,
    "dataset_ratio": 0.01238390092879257,
    "nb_missing_vals": 0,
    "ratio_features_with_missing_vals": 0.0,
    "ratio_instances_with_missing_vals": 0.0,
    "nb_numeric_features": 4,
    "nb_categorical_features": 0,
    "ratio_numeric_categorical_features": 0.0,
    "ratio_categorical_numeric_features": 0.0,
    "mean__target": 1593.6253662109375,
    "stdev__target": 94.12207794189453,
    "min__target": 1409.0,
    "q1__target": 1523.0,
    "median__target": 1586.0,
    "q3__target": 1669.0,
    "max__target": 1775.0,
    "mean_mean_numeric_features": 20.30902099609375,
    "stdev_mean_numeric_features": 34.987552642822266,
    "min_mean_numeric_features": -0.8427245020866394,
    "q1_mean_numeric_features": -0.459957517683506,
    "median_mean_numeric_features": 0.5943601578474045,
    "q3_mean_numeric_features": 21.363339364528656,
    "max_mean_numeric_features": 80.89009094238281,
    "mean_stdev_numeric_features": 24.762094497680664,
    "stdev_stdev_numeric_features": 9.337054252624512,
    "min_stdev_numeric_features": 12.027504920959473,
    "q1_stdev_numeric_features": 20.172699213027954,
    "median_stdev_numeric_features": 24.38828182220459,
    "q3_stdev_numeric_features": 28.977675914764404,
    "max_stdev_numeric_features": 38.24430465698242,
    "mean_var_numeric_features": 700.3418579101562,
    "stdev_var_numeric_features": 480.082275390625,
    "min_var_numeric_features": 144.66087341308594,
    "q1_var_numeric_features": 429.05251693725586,
    "median_var_numeric_features": 597.0398254394531,
    "q3_var_numeric_features": 868.3291473388672,
    "max_var_numeric_features": 1462.6268310546875,
    "mean_min_numeric_features": -29.668655395507812,
    "stdev_min_numeric_features": 25.84949493408203,
    "min_min_numeric_features": -52.400001525878906,
    "q1_min_numeric_features": -49.93076705932617,
    "median_min_numeric_features": -39.387309074401855,
    "q3_min_numeric_features": -19.125196933746338,
    "max_min_numeric_features": 12.5,
    "mean_median_numeric_features": 23.076507568359375,
    "stdev_median_numeric_features": 40.085044860839844,
    "min_median_numeric_features": -0.800000011920929,
    "q1_median_numeric_features": -0.2486989162862301,
    "median_median_numeric_features": 0.30301546305418015,
    "q3_median_numeric_features": 23.628222107887268,
    "max_median_numeric_features": 92.5,
    "mean_max_numeric_features": 67.01821899414062,
    "stdev_max_numeric_features": 39.318965911865234,
    "min_max_numeric_features": 29.484140396118164,
    "q1_max_numeric_features": 44.78757905960083,
    "median_max_numeric_features": 52.794363021850586,
    "q3_max_numeric_features": 75.02500057220459,
    "max_max_numeric_features": 133.0,
    "pca_1": 0.5244869916368974,
    "pca_2": 0.3325070993414653,
    "pca_3": 0.13475889600311416,
    "mean_cov_numeric_features": 49.128387451171875,
    "stdev_cov_numeric_features": 1284.7760009765625,
    "min_cov_numeric_features": -1929.9512939453125,
    "q1_cov_numeric_features": -454.5754747390747,
    "median_cov_numeric_features": 244.34099006652832,
    "q3_cov_numeric_features": 748.0448760986328,
    "max_cov_numeric_features": 1637.782958984375,
    "mean_entropy_categorical_features": NaN,
    "stdev_entropy_categorical_features": NaN,
    "min_entropy_categorical_features": NaN,
    "median_entropy_categorical_features": NaN,
    "max_entropy_categorical_features": NaN,
    "knn_5_mse": 227.55811728395062,
    "knn_5_mae": 10.94683641975309,
    "knn_5_r2": 0.9718398555260946,
    "decision_tree_3_mse": 638.9146795261521,
    "decision_tree_3_mae": 20.167184074974664,
    "decision_tree_3_r2": 0.9253619986136443,
    "decision_tree_1_mse": 3336.3673874660103,
    "decision_tree_1_mae": 48.837915982580526,
    "decision_tree_1_r2": 0.6209847834058047,
    "random_tree_2_mse": 2500.345463258575,
    "random_tree_2_mae": 40.35903496324925,
    "random_tree_2_r2": 0.7149539377757866,
    "mean_correlation_features_target": 0.04627501219511032,
    "stdev_correlation_features_target": 0.5917291641235352,
    "min_correlation_features_target": -0.8944955468177795,
    "q1_correlation_features_target": -0.2158816799055785,
    "median_correlation_features_target": 0.2042536656372249,
    "q3_correlation_features_target": 0.4664103612303734,
    "max_correlation_features_target": 0.6710882782936096
}