{
    "nb_instances": 235,
    "log_nb_instances": 5.459585514144159,
    "nb_features": 12,
    "dataset_dimensionality": 19.583333333333332,
    "log_dataset_dimensionality": 2.9746788643561586,
    "dataset_ratio": 0.05106382978723404,
    "nb_missing_vals": 0,
    "ratio_features_with_missing_vals": 0.0,
    "ratio_instances_with_missing_vals": 0.0,
    "nb_numeric_features": 12,
    "nb_categorical_features": 0,
    "ratio_numeric_categorical_features": 0.0,
    "ratio_categorical_numeric_features": 0.0,
    "mean__target": 51.51446533203125,
    "stdev__target": 44.969970703125,
    "min__target": 0.0,
    "q1__target": 17.25,
    "median__target": 41.20000076293945,
    "q3__target": 74.70000076293945,
    "max__target": 239.39999389648438,
    "mean_mean_numeric_features": 202.47308349609375,
    "stdev_mean_numeric_features": 501.5730895996094,
    "min_mean_numeric_features": 49.111915588378906,
    "q1_mean_numeric_features": 50.912659645080566,
    "median_mean_numeric_features": 51.5074462890625,
    "q3_mean_numeric_features": 52.11925506591797,
    "max_mean_numeric_features": 1866.0,
    "mean_stdev_numeric_features": 45.41032028198242,
    "stdev_stdev_numeric_features": 6.938582897186279,
    "min_stdev_numeric_features": 40.68973159790039,
    "q1_stdev_numeric_features": 42.67721652984619,
    "median_stdev_numeric_features": 43.3299617767334,
    "q3_stdev_numeric_features": 44.8391637802124,
    "max_stdev_numeric_features": 67.98284149169922,
    "mean_var_numeric_features": 2110.241455078125,
    "stdev_var_numeric_features": 766.2182006835938,
    "min_var_numeric_features": 1655.654296875,
    "q1_var_numeric_features": 1821.3538513183594,
    "median_var_numeric_features": 1877.5247192382812,
    "q3_var_numeric_features": 2010.5711975097656,
    "max_var_numeric_features": 4621.66650390625,
    "mean_min_numeric_features": 145.75,
    "stdev_min_numeric_features": 483.39801025390625,
    "min_min_numeric_features": 0.0,
    "q1_min_numeric_features": 0.0,
    "median_min_numeric_features": 0.0,
    "q3_min_numeric_features": 0.0,
    "max_min_numeric_features": 1749.0,
    "mean_median_numeric_features": 194.04998779296875,
    "stdev_median_numeric_features": 504.1143798828125,
    "min_median_numeric_features": 40.5,
    "q1_median_numeric_features": 40.67500019073486,
    "median_median_numeric_features": 41.60000038146973,
    "q3_median_numeric_features": 43.84999942779541,
    "max_median_numeric_features": 1866.0,
    "mean_max_numeric_features": 358.4250183105469,
    "stdev_max_numeric_features": 490.2812805175781,
    "min_max_numeric_features": 182.3000030517578,
    "q1_max_numeric_features": 194.8499984741211,
    "median_max_numeric_features": 205.79999542236328,
    "q3_max_numeric_features": 236.57500076293945,
    "max_max_numeric_features": 1983.0,
    "pca_1": 0.7262257461563894,
    "pca_2": 0.17608142257972664,
    "pca_3": 0.03316716815202947,
    "mean_cov_numeric_features": 1539.2662353515625,
    "stdev_cov_numeric_features": 358.8444519042969,
    "min_cov_numeric_features": 432.44146728515625,
    "q1_cov_numeric_features": 1471.46630859375,
    "median_cov_numeric_features": 1626.1010131835938,
    "q3_cov_numeric_features": 1756.3394775390625,
    "max_cov_numeric_features": 1820.64599609375,
    "mean_entropy_categorical_features": NaN,
    "stdev_entropy_categorical_features": NaN,
    "min_entropy_categorical_features": NaN,
    "median_entropy_categorical_features": NaN,
    "max_entropy_categorical_features": NaN,
    "knn_5_mse": 412.98386548801875,
    "knn_5_mae": 14.136225891291643,
    "knn_5_r2": 0.7887586784538769,
    "decision_tree_3_mse": 395.8403547186348,
    "decision_tree_3_mae": 14.21841612352847,
    "decision_tree_3_r2": 0.8031665922500684,
    "decision_tree_1_mse": 824.5964660239554,
    "decision_tree_1_mae": 22.689064063589065,
    "decision_tree_1_r2": 0.5755819171016804,
    "random_tree_2_mse": 534.5372407484814,
    "random_tree_2_mae": 17.31950958634285,
    "random_tree_2_r2": 0.7208325870536536,
    "mean_correlation_features_target": 0.7802958488464355,
    "stdev_correlation_features_target": 0.19939856231212616,
    "min_correlation_features_target": 0.14114952087402344,
    "q1_correlation_features_target": 0.7772235572338104,
    "median_correlation_features_target": 0.8326987028121948,
    "q3_correlation_features_target": 0.8684342950582504,
    "max_correlation_features_target": 0.9257264137268066
}