{
    "nb_instances": 526,
    "log_nb_instances": 6.26530121273771,
    "nb_features": 5,
    "dataset_dimensionality": 105.2,
    "log_dataset_dimensionality": 4.65586330030361,
    "dataset_ratio": 0.009505703422053232,
    "nb_missing_vals": 0,
    "ratio_features_with_missing_vals": 0.0,
    "ratio_instances_with_missing_vals": 0.0,
    "nb_numeric_features": 3,
    "nb_categorical_features": 2,
    "ratio_numeric_categorical_features": 1.5,
    "ratio_categorical_numeric_features": 0.6666666666666666,
    "mean__target": 89.99620056152344,
    "stdev__target": 0.8226734399795532,
    "min__target": 89.0,
    "q1__target": 89.0,
    "median__target": 90.0,
    "q3__target": 91.0,
    "max__target": 91.0,
    "mean_mean_numeric_features": 3.303548812866211,
    "stdev_mean_numeric_features": 3.9424314498901367,
    "min_mean_numeric_features": 0.3707224428653717,
    "q1_mean_numeric_features": 0.5171102732419968,
    "median_mean_numeric_features": 0.6634981036186218,
    "q3_mean_numeric_features": 4.769961923360825,
    "max_mean_numeric_features": 8.876425743103027,
    "mean_stdev_numeric_features": 2.093695878982544,
    "stdev_stdev_numeric_features": 1.999524712562561,
    "min_stdev_numeric_features": 0.4729626178741455,
    "q1_stdev_numeric_features": 0.6851349174976349,
    "median_stdev_numeric_features": 0.8973072171211243,
    "q3_stdev_numeric_features": 2.904062420129776,
    "max_stdev_numeric_features": 4.910817623138428,
    "mean_var_numeric_features": 8.381661415100098,
    "stdev_var_numeric_features": 11.1284818649292,
    "min_var_numeric_features": 0.2236936390399933,
    "q1_var_numeric_features": 0.5144269317388535,
    "median_var_numeric_features": 0.8051602244377136,
    "q3_var_numeric_features": 12.460644572973251,
    "max_var_numeric_features": 24.11612892150879,
    "mean_min_numeric_features": 0.3333333432674408,
    "stdev_min_numeric_features": 0.471404492855072,
    "min_min_numeric_features": 0.0,
    "q1_min_numeric_features": 0.0,
    "median_min_numeric_features": 0.0,
    "q3_min_numeric_features": 0.5,
    "max_min_numeric_features": 1.0,
    "mean_median_numeric_features": 3.3333332538604736,
    "stdev_median_numeric_features": 4.027682304382324,
    "min_median_numeric_features": 0.0,
    "q1_median_numeric_features": 0.5,
    "median_median_numeric_features": 1.0,
    "q3_median_numeric_features": 5.0,
    "max_median_numeric_features": 9.0,
    "mean_max_numeric_features": 7.333333492279053,
    "stdev_max_numeric_features": 6.9442219734191895,
    "min_max_numeric_features": 1.0,
    "q1_max_numeric_features": 2.5,
    "median_max_numeric_features": 4.0,
    "q3_max_numeric_features": 10.5,
    "max_max_numeric_features": 17.0,
    "pca_1": 0.9601597120035987,
    "pca_2": 0.03105022865339622,
    "pca_3": 0.008790059343004995,
    "mean_cov_numeric_features": 0.05385478958487511,
    "stdev_cov_numeric_features": 0.08434849977493286,
    "min_cov_numeric_features": -0.012710483744740486,
    "q1_cov_numeric_features": -0.005649103899486363,
    "median_cov_numeric_features": 0.0014122759457677603,
    "q3_cov_numeric_features": 0.087137425201945,
    "max_cov_numeric_features": 0.17286257445812225,
    "mean_entropy_categorical_features": 3.1336324214935303,
    "stdev_entropy_categorical_features": 2.33124041557312,
    "min_entropy_categorical_features": 0.8023920059204102,
    "median_entropy_categorical_features": 3.1336324214935303,
    "max_entropy_categorical_features": 5.46487283706665,
    "knn_5_mse": NaN,
    "knn_5_mae": NaN,
    "knn_5_r2": NaN,
    "decision_tree_3_mse": NaN,
    "decision_tree_3_mae": NaN,
    "decision_tree_3_r2": NaN,
    "decision_tree_1_mse": NaN,
    "decision_tree_1_mae": NaN,
    "decision_tree_1_r2": NaN,
    "random_tree_2_mse": NaN,
    "random_tree_2_mae": NaN,
    "random_tree_2_r2": NaN,
    "mean_correlation_features_target": 0.0040075331926345825,
    "stdev_correlation_features_target": 0.030810613185167313,
    "min_correlation_features_target": -0.03263581916689873,
    "q1_correlation_features_target": -0.015362240141257644,
    "median_correlation_features_target": 0.00191133888438344,
    "q3_correlation_features_target": 0.02232920960523188,
    "max_correlation_features_target": 0.04274708032608032
}