{
    "nb_instances": 526,
    "log_nb_instances": 6.26530121273771,
    "nb_features": 5,
    "dataset_dimensionality": 105.2,
    "log_dataset_dimensionality": 4.65586330030361,
    "dataset_ratio": 0.009505703422053232,
    "nb_missing_vals": 0,
    "ratio_features_with_missing_vals": 0.0,
    "ratio_instances_with_missing_vals": 0.0,
    "nb_numeric_features": 3,
    "nb_categorical_features": 2,
    "ratio_numeric_categorical_features": 1.5,
    "ratio_categorical_numeric_features": 0.6666666666666666,
    "mean__target": 89.99620056152344,
    "stdev__target": 89.99620056152344,
    "min__target": 89.0,
    "q1__target": 89.0,
    "median__target": 90.0,
    "q3__target": 91.0,
    "max__target": 91.0,
    "mean_mean_numeric_features": 32.21064376831055,
    "stdev_mean_numeric_features": 32.21064376831055,
    "mean_stdev_numeric_features": 19.037874221801758,
    "stdev_stdev_numeric_features": 19.037874221801758,
    "mean_var_numeric_features": 1551.287353515625,
    "stdev_var_numeric_features": 1551.287353515625,
    "mean_min_numeric_features": 0.20000000298023224,
    "stdev_min_numeric_features": 0.20000000298023224,
    "mean_median_numeric_features": 32.400001525878906,
    "stdev_median_numeric_features": 32.400001525878906,
    "mean_max_numeric_features": 65.4000015258789,
    "stdev_max_numeric_features": 65.4000015258789,
    "mean_skew_numeric_features": 0.36949628591537476,
    "stdev_skew_numeric_features": 0.36949628591537476,
    "mean_kurtosis_numeric_features": 0.07876966148614883,
    "stdev_kurtosis_numeric_features": 0.07876966148614883,
    "pca_1": 0.996640926839332,
    "pca_2": 0.003104671247436582,
    "pca_3": 0.00012577024669806826,
    "mean_cov_numeric_features": 0.15889769792556763,
    "stdev_cov_numeric_features": 0.15889769792556763,
    "mean_entropy_categorical_features": NaN,
    "stdev_entropy_categorical_features": NaN,
    "decision_tree_1_mse": 0.6768920918450202,
    "decision_tree_1_mae": 0.6877917884674267,
    "decision_tree_1_r2": -0.005698332244368803,
    "decision_tree_2_mse": 0.6953555625320477,
    "decision_tree_2_mae": 0.7073474753804828,
    "decision_tree_2_r2": -0.032948764963823374,
    "random_tree_2_mse": 0.7001678930943436,
    "random_tree_2_mae": 0.7053713817565413,
    "random_tree_2_r2": -0.03615296262039486,
    "mean_correlation_features_target": 0.00974984373897314,
    "stdev_correlation_features_target": 0.00974984373897314,
    "min_correlation_features_target": -0.03263581916689873,
    "max_correlation_features_target": 0.04274708032608032
}