{
    "nb_instances": 662,
    "log_nb_instances": 6.495265555937008,
    "nb_features": 3,
    "dataset_dimensionality": 220.66666666666666,
    "log_dataset_dimensionality": 5.396653267268898,
    "dataset_ratio": 0.004531722054380665,
    "nb_missing_vals": 0,
    "ratio_features_with_missing_vals": 0.0,
    "ratio_instances_with_missing_vals": 0.0,
    "nb_numeric_features": 3,
    "nb_categorical_features": 0,
    "ratio_numeric_categorical_features": 0.0,
    "ratio_categorical_numeric_features": 0.0,
    "mean__target": 72812.1484375,
    "stdev__target": 29938.64453125,
    "min__target": -21417.2109375,
    "q1__target": 54477.7431640625,
    "median__target": 73091.91796875,
    "q3__target": 90111.08203125,
    "max__target": 213711.25,
    "mean_mean_numeric_features": 23.487977981567383,
    "stdev_mean_numeric_features": 13.771245002746582,
    "min_mean_numeric_features": 9.887109756469727,
    "q1_mean_numeric_features": 14.051764488220215,
    "median_mean_numeric_features": 18.216419219970703,
    "q3_mean_numeric_features": 30.288414001464844,
    "max_mean_numeric_features": 42.360408782958984,
    "mean_stdev_numeric_features": 8.947933197021484,
    "stdev_stdev_numeric_features": 4.91256856918335,
    "min_stdev_numeric_features": 4.25605583190918,
    "q1_stdev_numeric_features": 5.55630898475647,
    "median_stdev_numeric_features": 6.85656213760376,
    "q3_stdev_numeric_features": 11.293871641159058,
    "max_stdev_numeric_features": 15.731181144714355,
    "mean_var_numeric_features": 104.19884490966797,
    "stdev_var_numeric_features": 101.99268341064453,
    "min_var_numeric_features": 18.114009857177734,
    "q1_var_numeric_features": 32.5632266998291,
    "median_var_numeric_features": 47.01244354248047,
    "q3_var_numeric_features": 147.24125289916992,
    "max_var_numeric_features": 247.47006225585938,
    "mean_min_numeric_features": -1.5373954772949219,
    "stdev_min_numeric_features": 3.707754135131836,
    "min_min_numeric_features": -6.310781955718994,
    "q1_min_numeric_features": -3.670455574989319,
    "median_min_numeric_features": -1.0301291942596436,
    "q3_min_numeric_features": 0.8492978811264038,
    "max_min_numeric_features": 2.728724956512451,
    "mean_median_numeric_features": 23.272310256958008,
    "stdev_median_numeric_features": 13.48183536529541,
    "min_median_numeric_features": 9.710885047912598,
    "q1_median_numeric_features": 14.078816890716553,
    "median_median_numeric_features": 18.446748733520508,
    "q3_median_numeric_features": 30.05302333831787,
    "max_median_numeric_features": 41.659297943115234,
    "mean_max_numeric_features": 52.768917083740234,
    "stdev_max_numeric_features": 28.077024459838867,
    "min_max_numeric_features": 25.35291862487793,
    "q1_max_numeric_features": 33.477559089660645,
    "median_max_numeric_features": 41.60219955444336,
    "q3_max_numeric_features": 66.4769115447998,
    "max_max_numeric_features": 91.35162353515625,
    "pca_1": 0.7916822201920664,
    "pca_2": 0.15039803095047588,
    "pca_3": 0.05791974885745784,
    "mean_cov_numeric_features": -13405.7421875,
    "stdev_cov_numeric_features": 15353.021484375,
    "min_cov_numeric_features": -32761.103515625,
    "q1_cov_numeric_features": -22504.875,
    "median_cov_numeric_features": -12248.646484375,
    "q3_cov_numeric_features": -3728.060302734375,
    "max_cov_numeric_features": 4792.52587890625,
    "mean_entropy_categorical_features": NaN,
    "stdev_entropy_categorical_features": NaN,
    "min_entropy_categorical_features": NaN,
    "median_entropy_categorical_features": NaN,
    "max_entropy_categorical_features": NaN,
    "knn_5_mse": 1071967085.2317796,
    "knn_5_mae": 25585.894685742973,
    "knn_5_r2": -0.2074419174591624,
    "decision_tree_3_mse": 941161795.0331457,
    "decision_tree_3_mae": 23760.426772369592,
    "decision_tree_3_r2": -0.05322661238419385,
    "decision_tree_1_mse": 890039192.7760105,
    "decision_tree_1_mae": 23017.36958616592,
    "decision_tree_1_r2": 0.004307524808088825,
    "random_tree_2_mse": 905248741.6599847,
    "random_tree_2_mae": 23242.328749071807,
    "random_tree_2_r2": -0.009588352910889553,
    "mean_correlation_features_target": -0.047411445528268814,
    "stdev_correlation_features_target": 0.05118170008063316,
    "min_correlation_features_target": -0.09605509787797928,
    "q1_correlation_features_target": -0.08278170973062515,
    "median_correlation_features_target": -0.06950832158327103,
    "q3_correlation_features_target": -0.023089619353413582,
    "max_correlation_features_target": 0.023329082876443863
}