{
    "nb_instances": 662,
    "log_nb_instances": 6.495265555937008,
    "nb_features": 3,
    "dataset_dimensionality": 220.66666666666666,
    "log_dataset_dimensionality": 5.396653267268898,
    "dataset_ratio": 0.004531722054380665,
    "nb_missing_vals": 0,
    "ratio_features_with_missing_vals": 0.0,
    "ratio_instances_with_missing_vals": 0.0,
    "nb_numeric_features": 3,
    "nb_categorical_features": 0,
    "ratio_numeric_categorical_features": 0.0,
    "ratio_categorical_numeric_features": 0.0,
    "mean__target": 73241.03125,
    "stdev__target": 24049.5,
    "min__target": 10425.4599609375,
    "q1__target": 56909.5224609375,
    "median__target": 71368.59765625,
    "q3__target": 86381.16796875,
    "max__target": 223057.328125,
    "mean_mean_numeric_features": 23.42897605895996,
    "stdev_mean_numeric_features": 13.841934204101562,
    "min_mean_numeric_features": 9.88188362121582,
    "q1_mean_numeric_features": 13.923462867736816,
    "median_mean_numeric_features": 17.965042114257812,
    "q3_mean_numeric_features": 30.20252227783203,
    "max_mean_numeric_features": 42.44000244140625,
    "mean_stdev_numeric_features": 7.532171249389648,
    "stdev_stdev_numeric_features": 5.302525043487549,
    "min_stdev_numeric_features": 3.0065112113952637,
    "q1_stdev_numeric_features": 3.8116464614868164,
    "median_stdev_numeric_features": 4.616781711578369,
    "q3_stdev_numeric_features": 9.79500126838684,
    "max_stdev_numeric_features": 14.973220825195312,
    "mean_var_numeric_features": 84.85037231445312,
    "stdev_var_numeric_features": 98.6605453491211,
    "min_var_numeric_features": 9.039109230041504,
    "q1_var_numeric_features": 15.176890850067139,
    "median_var_numeric_features": 21.314672470092773,
    "q3_var_numeric_features": 122.75600719451904,
    "max_var_numeric_features": 224.1973419189453,
    "mean_min_numeric_features": 3.9657504558563232,
    "stdev_min_numeric_features": 1.2842180728912354,
    "min_min_numeric_features": 2.1829628944396973,
    "q1_min_numeric_features": 3.3699898719787598,
    "median_min_numeric_features": 4.557016849517822,
    "q3_min_numeric_features": 4.857143878936768,
    "max_min_numeric_features": 5.157270908355713,
    "mean_median_numeric_features": 23.07308006286621,
    "stdev_median_numeric_features": 13.384644508361816,
    "min_median_numeric_features": 9.619783401489258,
    "q1_median_numeric_features": 13.943915367126465,
    "median_median_numeric_features": 18.268047332763672,
    "q3_median_numeric_features": 29.799728393554688,
    "max_median_numeric_features": 41.3314094543457,
    "mean_max_numeric_features": 48.07516098022461,
    "stdev_max_numeric_features": 32.766685485839844,
    "min_max_numeric_features": 19.704967498779297,
    "q1_max_numeric_features": 25.11729621887207,
    "median_max_numeric_features": 30.529624938964844,
    "q3_max_numeric_features": 62.26025390625,
    "max_max_numeric_features": 93.99088287353516,
    "pca_1": 0.8807854373789052,
    "pca_2": 0.08404471612708678,
    "pca_3": 0.035169846494008,
    "mean_cov_numeric_features": -8055.02001953125,
    "stdev_cov_numeric_features": 16087.490234375,
    "min_cov_numeric_features": -27952.7734375,
    "q1_cov_numeric_features": -17806.239990234375,
    "median_cov_numeric_features": -7659.70654296875,
    "q3_cov_numeric_features": 1893.856689453125,
    "max_cov_numeric_features": 11447.419921875,
    "mean_entropy_categorical_features": NaN,
    "stdev_entropy_categorical_features": NaN,
    "min_entropy_categorical_features": NaN,
    "median_entropy_categorical_features": NaN,
    "max_entropy_categorical_features": NaN,
    "knn_5_mse": 645645376.1452065,
    "knn_5_mae": 19618.2497620847,
    "knn_5_r2": -0.13201044121622596,
    "decision_tree_3_mse": 610798932.5858529,
    "decision_tree_3_mae": 18615.249561149278,
    "decision_tree_3_r2": -0.05412991607636147,
    "decision_tree_1_mse": 594805327.0967172,
    "decision_tree_1_mae": 18448.078450829835,
    "decision_tree_1_r2": -0.02999870272651539,
    "random_tree_2_mse": 583012290.0485742,
    "random_tree_2_mae": 18229.89628043343,
    "random_tree_2_r2": -0.012493047758036224,
    "mean_correlation_features_target": -0.026799878105521202,
    "stdev_correlation_features_target": 0.09252222627401352,
    "min_correlation_features_target": -0.10585587471723557,
    "q1_correlation_features_target": -0.09171129018068314,
    "median_correlation_features_target": -0.0775667056441307,
    "q3_correlation_features_target": 0.012728121131658554,
    "max_correlation_features_target": 0.10302294790744781
}