{
    "nb_instances": 662,
    "log_nb_instances": 6.495265555937008,
    "nb_features": 3,
    "dataset_dimensionality": 220.66666666666666,
    "log_dataset_dimensionality": 5.396653267268898,
    "dataset_ratio": 0.004531722054380665,
    "nb_missing_vals": 0,
    "ratio_features_with_missing_vals": 0.0,
    "ratio_instances_with_missing_vals": 0.0,
    "nb_numeric_features": 3,
    "nb_categorical_features": 0,
    "ratio_numeric_categorical_features": 0.0,
    "ratio_categorical_numeric_features": 0.0,
    "mean__target": 73241.03125,
    "stdev__target": 73241.03125,
    "min__target": 10425.4599609375,
    "q1__target": 56909.5224609375,
    "median__target": 71368.59375,
    "q3__target": 86381.16796875,
    "max__target": 223057.328125,
    "mean_mean_numeric_features": 23.42897605895996,
    "stdev_mean_numeric_features": 23.42897605895996,
    "mean_stdev_numeric_features": 7.532171249389648,
    "stdev_stdev_numeric_features": 7.532171249389648,
    "mean_var_numeric_features": 84.85037231445312,
    "stdev_var_numeric_features": 84.85037231445312,
    "mean_min_numeric_features": 3.9657504558563232,
    "stdev_min_numeric_features": 3.9657504558563232,
    "mean_median_numeric_features": 23.07308006286621,
    "stdev_median_numeric_features": 23.07308006286621,
    "mean_max_numeric_features": 48.07516098022461,
    "stdev_max_numeric_features": 48.07516098022461,
    "mean_skew_numeric_features": 0.1398673951625824,
    "stdev_skew_numeric_features": 0.1398673951625824,
    "mean_kurtosis_numeric_features": 0.014492414891719818,
    "stdev_kurtosis_numeric_features": 0.014492414891719818,
    "pca_1": 0.8807854373789052,
    "pca_2": 0.08404471612708678,
    "pca_3": 0.035169846494008,
    "mean_cov_numeric_features": -8055.02001953125,
    "stdev_cov_numeric_features": -8055.02001953125,
    "mean_entropy_categorical_features": NaN,
    "stdev_entropy_categorical_features": NaN,
    "decision_tree_1_mse": 586139816.8276275,
    "decision_tree_1_mae": 18236.55664422749,
    "decision_tree_1_r2": -0.014989831843344181,
    "decision_tree_2_mse": 652982119.0056046,
    "decision_tree_2_mae": 19110.348152763472,
    "decision_tree_2_r2": -0.1532947469699093,
    "random_tree_2_mse": 586910169.7026763,
    "random_tree_2_mae": 18376.49869305377,
    "random_tree_2_r2": -0.019688849595820235,
    "mean_correlation_features_target": -0.026799878105521202,
    "stdev_correlation_features_target": -0.026799878105521202,
    "min_correlation_features_target": -0.10585587471723557,
    "max_correlation_features_target": 0.10302294790744781
}