{
    "nb_instances": 222,
    "log_nb_instances": 5.402677381872279,
    "nb_features": 2,
    "dataset_dimensionality": 111.0,
    "log_dataset_dimensionality": 4.709530201312334,
    "dataset_ratio": 0.009009009009009009,
    "nb_missing_vals": 0,
    "ratio_features_with_missing_vals": 0.0,
    "ratio_instances_with_missing_vals": 0.0,
    "nb_numeric_features": 2,
    "nb_categorical_features": 0,
    "ratio_numeric_categorical_features": 0.0,
    "ratio_categorical_numeric_features": 0.0,
    "mean__target": 71.0090103149414,
    "stdev__target": 71.0090103149414,
    "min__target": 42.0,
    "q1__target": 60.0,
    "median__target": 75.0,
    "q3__target": 81.0,
    "max__target": 95.0,
    "mean_mean_numeric_features": 7.93671178817749,
    "stdev_mean_numeric_features": 7.93671178817749,
    "mean_stdev_numeric_features": 4.473282814025879,
    "stdev_stdev_numeric_features": 4.473282814025879,
    "mean_var_numeric_features": 31.497833251953125,
    "stdev_var_numeric_features": 31.497833251953125,
    "mean_min_numeric_features": 1.350000023841858,
    "stdev_min_numeric_features": 1.350000023841858,
    "mean_median_numeric_features": 10.0,
    "stdev_median_numeric_features": 10.0,
    "mean_max_numeric_features": 14.100000381469727,
    "stdev_max_numeric_features": 14.100000381469727,
    "mean_skew_numeric_features": -0.3302302062511444,
    "stdev_skew_numeric_features": -0.3302302062511444,
    "mean_kurtosis_numeric_features": -1.4425908327102661,
    "stdev_kurtosis_numeric_features": -1.4425908327102661,
    "pca_1": 0.9814814659282488,
    "pca_2": 0.018518534071751133,
    "pca_3": NaN,
    "mean_cov_numeric_features": 5.896048069000244,
    "stdev_cov_numeric_features": 5.896048069000244,
    "mean_entropy_categorical_features": NaN,
    "stdev_entropy_categorical_features": NaN,
    "decision_tree_1_mse": 53.913242803327805,
    "decision_tree_1_mae": 5.616046575055653,
    "decision_tree_1_r2": 0.6676567029340262,
    "decision_tree_2_mse": 42.06259746036997,
    "decision_tree_2_mae": 5.0897145315355825,
    "decision_tree_2_r2": 0.7362081629106153,
    "random_tree_2_mse": 45.19631144194404,
    "random_tree_2_mae": 5.281514877879529,
    "random_tree_2_r2": 0.7197581232244492,
    "mean_correlation_features_target": 0.43673399090766907,
    "stdev_correlation_features_target": 0.43673399090766907,
    "min_correlation_features_target": -0.003758693113923073,
    "max_correlation_features_target": 0.8772266507148743
}