{
    "nb_instances": 345,
    "log_nb_instances": 5.84354441703136,
    "nb_features": 5,
    "dataset_dimensionality": 69.0,
    "log_dataset_dimensionality": 4.23410650459726,
    "dataset_ratio": 0.014492753623188406,
    "nb_missing_vals": 0,
    "ratio_features_with_missing_vals": 0.0,
    "ratio_instances_with_missing_vals": 0.0,
    "nb_numeric_features": 5,
    "nb_categorical_features": 0,
    "ratio_numeric_categorical_features": 0.0,
    "ratio_categorical_numeric_features": 0.0,
    "mean__target": 3.4550724029541016,
    "stdev__target": 3.4550724029541016,
    "min__target": 0.0,
    "q1__target": 0.5,
    "median__target": 3.0,
    "q3__target": 6.0,
    "max__target": 20.0,
    "mean_mean_numeric_features": 50.672462463378906,
    "stdev_mean_numeric_features": 50.672462463378906,
    "mean_stdev_numeric_features": 18.325435638427734,
    "stdev_stdev_numeric_features": 18.325435638427734,
    "mean_var_numeric_features": 475.87432861328125,
    "stdev_var_numeric_features": 475.87432861328125,
    "mean_min_numeric_features": 20.399999618530273,
    "stdev_min_numeric_features": 20.399999618530273,
    "mean_median_numeric_features": 46.20000076293945,
    "stdev_median_numeric_features": 46.20000076293945,
    "mean_max_numeric_features": 155.0,
    "stdev_max_numeric_features": 155.0,
    "mean_skew_numeric_features": 1.7175796031951904,
    "stdev_skew_numeric_features": 1.7175796031951904,
    "mean_kurtosis_numeric_features": 7.152732849121094,
    "stdev_kurtosis_numeric_features": 7.152732849121094,
    "pca_1": 0.7156819860532074,
    "pca_2": 0.13846656851889785,
    "pca_3": 0.12226797509457424,
    "mean_cov_numeric_features": 15.677682876586914,
    "stdev_cov_numeric_features": 15.677682876586914,
    "mean_entropy_categorical_features": NaN,
    "stdev_entropy_categorical_features": NaN,
    "decision_tree_1_mse": 10.924918639501355,
    "decision_tree_1_mae": 2.5931099910905924,
    "decision_tree_1_r2": 0.001056439029870293,
    "decision_tree_2_mse": 11.403976022094769,
    "decision_tree_2_mae": 2.613316910083128,
    "decision_tree_2_r2": -0.07517805934458033,
    "random_tree_2_mse": 10.475888609568187,
    "random_tree_2_mae": 2.5329434929058756,
    "random_tree_2_r2": 0.0314032178042119,
    "mean_correlation_features_target": 0.2482270449399948,
    "stdev_correlation_features_target": 0.2482270449399948,
    "min_correlation_features_target": 0.10079605877399445,
    "max_correlation_features_target": 0.34122395515441895
}