{
    "nb_instances": 898,
    "log_nb_instances": 6.8001700683022,
    "nb_features": 38,
    "dataset_dimensionality": 23.63157894736842,
    "log_dataset_dimensionality": 3.162583908575814,
    "dataset_ratio": 0.042316258351893093,
    "nb_missing_vals": 0,
    "ratio_features_with_missing_vals": 0.0,
    "ratio_instances_with_missing_vals": 0.0,
    "nb_numeric_features": 6,
    "nb_categorical_features": 32,
    "ratio_numeric_categorical_features": 0.1875,
    "ratio_categorical_numeric_features": 5.333333333333333,
    "nb_classes": 6,
    "class_entropy": 0.8247299827628457,
    "mean_target_class_ratio": 0.1666666716337204,
    "stdev_target_class_ratio": 0.26872944831848145,
    "minority_target_class_ratio": 0.0,
    "median_target_class_ratio": 0.059576839208602905,
    "majority_target_class_ratio": 0.7616926431655884,
    "mean_mean_numeric_features": 348.5042419433594,
    "stdev_mean_numeric_features": 496.1838073730469,
    "min_mean_numeric_features": 1.1985490322113037,
    "q1_mean_numeric_features": 5.670100152492523,
    "median_mean_numeric_features": 21.22216033935547,
    "q3_mean_numeric_features": 593.1570281982422,
    "max_mean_numeric_features": 1263.0946044921875,
    "mean_stdev_numeric_features": 405.1732482910156,
    "stdev_stdev_numeric_features": 670.2566528320312,
    "min_stdev_numeric_features": 0.8712083101272583,
    "q1_stdev_numeric_features": 16.475265502929688,
    "median_stdev_numeric_features": 69.85338687896729,
    "q3_stdev_numeric_features": 332.7483386993408,
    "max_stdev_numeric_features": 1871.3990478515625,
    "mean_var_numeric_features": 613409.3125,
    "stdev_var_numeric_features": 1293219.0,
    "min_var_numeric_features": 0.7590038776397705,
    "q1_var_numeric_features": 294.26103591918945,
    "median_var_numeric_features": 6913.7630615234375,
    "q3_var_numeric_features": 126532.578125,
    "max_var_numeric_features": 3502134.5,
    "mean_min_numeric_features": 0.03999999910593033,
    "stdev_min_numeric_features": 0.08944271504878998,
    "min_min_numeric_features": 0.0,
    "q1_min_numeric_features": 0.0,
    "median_min_numeric_features": 0.0,
    "q3_min_numeric_features": 0.0,
    "max_min_numeric_features": 0.23999999463558197,
    "mean_median_numeric_features": 203.6333465576172,
    "stdev_median_numeric_features": 287.6984558105469,
    "min_median_numeric_features": 0.0,
    "q1_median_numeric_features": 0.0,
    "median_median_numeric_features": 0.4000000059604645,
    "q3_median_numeric_features": 457.70000000298023,
    "max_median_numeric_features": 611.0,
    "mean_max_numeric_features": 1210.6666259765625,
    "stdev_max_numeric_features": 1724.716552734375,
    "min_max_numeric_features": 4.0,
    "q1_max_numeric_features": 73.75,
    "median_max_numeric_features": 392.5,
    "q3_max_numeric_features": 1318.75,
    "max_max_numeric_features": 4880.0,
    "pca_1": 0.9524590253319084,
    "pca_2": 0.04375339035837259,
    "pca_3": 0.003576076335624821,
    "mean_entropy_categorical_features": 0.3213450312614441,
    "stdev_entropy_categorical_features": 0.3983927369117737,
    "min_entropy_categorical_features": 0.0,
    "median_entropy_categorical_features": 0.18222244828939438,
    "max_entropy_categorical_features": 1.4215143918991089,
    "mean_information_gain_categorical_features": NaN,
    "stdev_information_gain_categorical_features": NaN,
    "min_information_gain_categorical_features": NaN,
    "median_information_gain_categorical_features": NaN,
    "max_information_gain_categorical_features": NaN,
    "mean_mutual_informaiton_categorical_features": 0.05672953650355339,
    "stdev_mutual_informaiton_categorical_features": 0.08262109756469727,
    "min_mutual_informaiton_categorical_features": -2.7755575615628914e-17,
    "median_mutual_informaiton_categorical_features": 0.02157148625701666,
    "max_mutual_informaiton_categorical_features": 0.3016422986984253,
    "knn_5_accuracy": NaN,
    "knn_5_balanced_accuracy": NaN,
    "gaussian_nb_accuracy": NaN,
    "gaussian_nb_balanced_accuracy": NaN,
    "lda_accuracy": NaN,
    "lda_balanced_accuracy": NaN,
    "decision_tree_3_accuracy": NaN,
    "decision_tree_3_balanced_accuracy": NaN,
    "decision_tree_1_accuracy": NaN,
    "decision_tree_1_balanced_accuracy": NaN,
    "random_tree_2_accuracy": NaN,
    "random_tree_2_balanced_accuracy": NaN
}