{
    "nb_instances": 155,
    "log_nb_instances": 5.043425116919247,
    "nb_features": 8,
    "dataset_dimensionality": 19.375,
    "log_dataset_dimensionality": 2.9639835752394106,
    "dataset_ratio": 0.05161290322580645,
    "nb_missing_vals": 0,
    "ratio_features_with_missing_vals": 0.0,
    "ratio_instances_with_missing_vals": 0.0,
    "nb_numeric_features": 2,
    "nb_categorical_features": 6,
    "ratio_numeric_categorical_features": 0.3333333333333333,
    "ratio_categorical_numeric_features": 3.0,
    "nb_classes": 2,
    "class_entropy": 0.6239171260592478,
    "mean_target_class_ratio": 0.5,
    "stdev_target_class_ratio": 0.18387097120285034,
    "minority_target_class_ratio": 0.31612902879714966,
    "median_target_class_ratio": 0.5,
    "majority_target_class_ratio": 0.6838709712028503,
    "mean_mean_numeric_features": 3.7580647468566895,
    "stdev_mean_numeric_features": 1.5774195194244385,
    "min_mean_numeric_features": 2.180645227432251,
    "q1_mean_numeric_features": 2.9693549275398254,
    "median_mean_numeric_features": 3.7580646276474,
    "q3_mean_numeric_features": 4.546774327754974,
    "max_mean_numeric_features": 5.335484027862549,
    "mean_stdev_numeric_features": 2.0863735675811768,
    "stdev_stdev_numeric_features": 1.0205466747283936,
    "min_stdev_numeric_features": 1.0658267736434937,
    "q1_stdev_numeric_features": 1.5761001408100128,
    "median_stdev_numeric_features": 2.086373507976532,
    "q3_stdev_numeric_features": 2.596646875143051,
    "max_stdev_numeric_features": 3.1069202423095703,
    "mean_var_numeric_features": 5.394469738006592,
    "stdev_var_numeric_features": 4.258482933044434,
    "min_var_numeric_features": 1.135986566543579,
    "q1_var_numeric_features": 3.2652282118797302,
    "median_var_numeric_features": 5.394469857215881,
    "q3_var_numeric_features": 7.5237115025520325,
    "max_var_numeric_features": 9.652953147888184,
    "mean_min_numeric_features": 0.5,
    "stdev_min_numeric_features": 0.5,
    "min_min_numeric_features": 0.0,
    "q1_min_numeric_features": 0.25,
    "median_min_numeric_features": 0.5,
    "q3_min_numeric_features": 0.75,
    "max_min_numeric_features": 1.0,
    "mean_median_numeric_features": 3.5,
    "stdev_median_numeric_features": 1.5,
    "min_median_numeric_features": 2.0,
    "q1_median_numeric_features": 2.75,
    "median_median_numeric_features": 3.5,
    "q3_median_numeric_features": 4.25,
    "max_median_numeric_features": 5.0,
    "mean_max_numeric_features": 7.5,
    "stdev_max_numeric_features": 2.5,
    "min_max_numeric_features": 5.0,
    "q1_max_numeric_features": 6.25,
    "median_max_numeric_features": 7.5,
    "q3_max_numeric_features": 8.75,
    "max_max_numeric_features": 10.0,
    "pca_1": 0.8950835630959694,
    "pca_2": 0.10491643690403073,
    "mean_entropy_categorical_features": 1.6697626113891602,
    "stdev_entropy_categorical_features": 0.7318513989448547,
    "min_entropy_categorical_features": 0.6486679911613464,
    "median_entropy_categorical_features": 1.694143831729889,
    "max_entropy_categorical_features": 2.987257719039917,
    "mean_information_gain_categorical_features": 0.834653913974762,
    "stdev_information_gain_categorical_features": 0.7146806120872498,
    "min_information_gain_categorical_features": 0.022208312526345253,
    "median_information_gain_categorical_features": 0.8040916174650192,
    "max_information_gain_categorical_features": 2.073411226272583,
    "mean_mutual_informaiton_categorical_features": 0.09752488136291504,
    "stdev_mutual_informaiton_categorical_features": 0.04817373305559158,
    "min_mutual_informaiton_categorical_features": 0.02351035363972187,
    "median_mutual_informaiton_categorical_features": 0.09398254007101059,
    "max_mutual_informaiton_categorical_features": 0.1741982400417328,
    "knn_5_accuracy": NaN,
    "knn_5_balanced_accuracy": NaN,
    "gaussian_nb_accuracy": NaN,
    "gaussian_nb_balanced_accuracy": NaN,
    "lda_accuracy": NaN,
    "lda_balanced_accuracy": NaN,
    "decision_tree_3_accuracy": NaN,
    "decision_tree_3_balanced_accuracy": NaN,
    "decision_tree_1_accuracy": NaN,
    "decision_tree_1_balanced_accuracy": NaN,
    "random_tree_2_accuracy": NaN,
    "random_tree_2_balanced_accuracy": NaN
}