{
    "nb_instances": 14395,
    "log_nb_instances": 9.574636203046277,
    "nb_features": 216,
    "dataset_dimensionality": 66.64351851851852,
    "log_dataset_dimensionality": 4.199357795362111,
    "dataset_ratio": 0.015005210142410559,
    "nb_missing_vals": 0,
    "ratio_features_with_missing_vals": 0.0,
    "ratio_instances_with_missing_vals": 0.0,
    "nb_numeric_features": 216,
    "nb_categorical_features": 0,
    "ratio_numeric_categorical_features": 0.0,
    "ratio_categorical_numeric_features": 0.0,
    "nb_classes": 2,
    "class_entropy": 0.23120895455669463,
    "mean_target_class_ratio": 0.5,
    "stdev_target_class_ratio": 0.4384508430957794,
    "minority_target_class_ratio": 0.061549149453639984,
    "median_target_class_ratio": 0.5000000111758709,
    "majority_target_class_ratio": 0.9384508728981018,
    "mean_mean_numeric_features": 84.29136657714844,
    "stdev_mean_numeric_features": 203.44720458984375,
    "min_mean_numeric_features": 0.0,
    "q1_mean_numeric_features": 0.0033692254801280797,
    "median_mean_numeric_features": 0.022820424288511276,
    "q3_mean_numeric_features": 0.10067731887102127,
    "max_mean_numeric_features": 879.134521484375,
    "mean_stdev_numeric_features": 28.39818000793457,
    "stdev_stdev_numeric_features": 66.04729461669922,
    "min_stdev_numeric_features": 0.0,
    "q1_stdev_numeric_features": 0.057946826331317425,
    "median_stdev_numeric_features": 0.1493358239531517,
    "q3_stdev_numeric_features": 0.30091143399477005,
    "max_stdev_numeric_features": 312.03857421875,
    "mean_var_numeric_features": 5168.70068359375,
    "stdev_var_numeric_features": 15539.5908203125,
    "min_var_numeric_features": 0.0,
    "q1_var_numeric_features": 0.003358103334903717,
    "median_var_numeric_features": 0.02230120077729225,
    "q3_var_numeric_features": 0.09054768644273281,
    "max_var_numeric_features": 97368.0625,
    "mean_min_numeric_features": 8.384259223937988,
    "stdev_min_numeric_features": 47.30354690551758,
    "min_min_numeric_features": 0.0,
    "q1_min_numeric_features": 0.0,
    "median_min_numeric_features": 0.0,
    "q3_min_numeric_features": 0.0,
    "max_min_numeric_features": 389.0,
    "mean_median_numeric_features": 80.68518829345703,
    "stdev_median_numeric_features": 201.72463989257812,
    "min_median_numeric_features": 0.0,
    "q1_median_numeric_features": 0.0,
    "median_median_numeric_features": 0.0,
    "q3_median_numeric_features": 0.0,
    "max_median_numeric_features": 889.0,
    "mean_max_numeric_features": 180.49073791503906,
    "stdev_max_numeric_features": 377.2821350097656,
    "min_max_numeric_features": 0.0,
    "q1_max_numeric_features": 1.0,
    "median_max_numeric_features": 1.0,
    "q3_max_numeric_features": 1.0,
    "max_max_numeric_features": 999.0,
    "pca_1": 0.10382577864865435,
    "pca_2": 0.10184046398504065,
    "pca_3": 0.10052597272176414,
    "mean_entropy_categorical_features": NaN,
    "stdev_entropy_categorical_features": NaN,
    "min_entropy_categorical_features": NaN,
    "median_entropy_categorical_features": NaN,
    "max_entropy_categorical_features": NaN,
    "mean_information_gain_categorical_features": NaN,
    "stdev_information_gain_categorical_features": NaN,
    "min_information_gain_categorical_features": NaN,
    "median_information_gain_categorical_features": NaN,
    "max_information_gain_categorical_features": NaN,
    "mean_mutual_informaiton_categorical_features": NaN,
    "stdev_mutual_informaiton_categorical_features": NaN,
    "min_mutual_informaiton_categorical_features": NaN,
    "median_mutual_informaiton_categorical_features": NaN,
    "max_mutual_informaiton_categorical_features": NaN,
    "knn_5_accuracy": 0.9669329628343176,
    "knn_5_balanced_accuracy": 0.7645713834632701,
    "gaussian_nb_accuracy": 0.9817297672803058,
    "gaussian_nb_balanced_accuracy": 0.9818243142161123,
    "lda_accuracy": 0.9845085098992706,
    "lda_balanced_accuracy": 0.9663803229518247,
    "decision_tree_3_accuracy": 0.9860368183397012,
    "decision_tree_3_balanced_accuracy": 0.937694729455494,
    "decision_tree_1_accuracy": 0.938450850989927,
    "decision_tree_1_balanced_accuracy": 0.5,
    "random_tree_2_accuracy": 0.9681139284473776,
    "random_tree_2_balanced_accuracy": 0.8385362275759622
}