{
    "nb_instances": 4562,
    "log_nb_instances": 8.425516402844334,
    "nb_features": 14,
    "dataset_dimensionality": 325.85714285714283,
    "log_dataset_dimensionality": 5.786459073229075,
    "dataset_ratio": 0.003068829460762823,
    "nb_missing_vals": 88,
    "ratio_features_with_missing_vals": 0.00021920210434020167,
    "ratio_instances_with_missing_vals": 0.019289785181937746,
    "nb_numeric_features": 6,
    "nb_categorical_features": 8,
    "ratio_numeric_categorical_features": 0.75,
    "ratio_categorical_numeric_features": 1.3333333333333333,
    "nb_classes": 2,
    "class_entropy": 0.5602789176035153,
    "mean_target_class_ratio": 0.5,
    "stdev_target_class_ratio": 0.2518632411956787,
    "minority_target_class_ratio": 0.24813678860664368,
    "median_target_class_ratio": 0.5000000149011612,
    "majority_target_class_ratio": 0.7518632411956787,
    "mean_mean_numeric_features": 32082.9140625,
    "stdev_mean_numeric_features": 71108.609375,
    "min_mean_numeric_features": 10.142377853393555,
    "q1_mean_numeric_features": 39.01704216003418,
    "median_mean_numeric_features": 67.99329376220703,
    "q3_mean_numeric_features": 945.7613372802734,
    "max_mean_numeric_features": 191083.65625,
    "mean_stdev_numeric_features": 19529.771484375,
    "stdev_stdev_numeric_features": 39782.30078125,
    "min_stdev_numeric_features": 2.518267869949341,
    "q1_stdev_numeric_features": 12.22992467880249,
    "median_stdev_numeric_features": 217.3522491455078,
    "q3_stdev_numeric_features": 6487.11026763916,
    "max_stdev_numeric_features": 108220.515625,
    "mean_var_numeric_features": 1964043264.0,
    "stdev_var_numeric_features": 4359355392.0,
    "min_var_numeric_features": 6.341673374176025,
    "q1_var_numeric_features": 149.92307662963867,
    "median_var_numeric_features": 88896.63938140869,
    "q3_var_numeric_features": 54346684.37890625,
    "max_var_numeric_features": 11711679488.0,
    "mean_min_numeric_features": 3388.0,
    "stdev_min_numeric_features": 7566.8564453125,
    "min_min_numeric_features": 0.0,
    "q1_min_numeric_features": 0.25,
    "median_min_numeric_features": 1.5,
    "q3_min_numeric_features": 13.25,
    "max_min_numeric_features": 20308.0,
    "mean_median_numeric_features": 29801.166015625,
    "stdev_median_numeric_features": 66598.5234375,
    "min_median_numeric_features": 0.0,
    "q1_median_numeric_features": 2.5,
    "median_median_numeric_features": 23.5,
    "q3_median_numeric_features": 39.25,
    "max_median_numeric_features": 178720.0,
    "mean_max_numeric_features": 214751.5,
    "stdev_max_numeric_features": 435245.78125,
    "min_max_numeric_features": 16.0,
    "q1_max_numeric_features": 92.25,
    "median_max_numeric_features": 1891.0,
    "q3_max_numeric_features": 75920.0,
    "max_max_numeric_features": 1184622.0,
    "pca_1": 0.9938422749786476,
    "pca_2": 0.0061426445883156445,
    "pca_3": 1.5053434167479547e-05,
    "mean_entropy_categorical_features": 1.2292124032974243,
    "stdev_entropy_categorical_features": 0.6368566155433655,
    "min_entropy_categorical_features": 0.5594258904457092,
    "median_entropy_categorical_features": 1.125253975391388,
    "max_entropy_categorical_features": 2.357210397720337,
    "mean_information_gain_categorical_features": 0.2984316945075989,
    "stdev_information_gain_categorical_features": 0.22635005414485931,
    "min_information_gain_categorical_features": 0.0055439951829612255,
    "median_information_gain_categorical_features": 0.28263578563928604,
    "max_information_gain_categorical_features": 0.5681199431419373,
    "mean_mutual_informaiton_categorical_features": 0.04947870969772339,
    "stdev_mutual_informaiton_categorical_features": 0.039107900112867355,
    "min_mutual_informaiton_categorical_features": 0.0055439951829612255,
    "median_mutual_informaiton_categorical_features": 0.04352747369557619,
    "max_mutual_informaiton_categorical_features": 0.1082930937409401,
    "knn_5_accuracy": NaN,
    "knn_5_balanced_accuracy": NaN,
    "gaussian_nb_accuracy": NaN,
    "gaussian_nb_balanced_accuracy": NaN,
    "lda_accuracy": NaN,
    "lda_balanced_accuracy": NaN,
    "decision_tree_3_accuracy": NaN,
    "decision_tree_3_balanced_accuracy": NaN,
    "decision_tree_1_accuracy": NaN,
    "decision_tree_1_balanced_accuracy": NaN,
    "random_tree_2_accuracy": NaN,
    "random_tree_2_balanced_accuracy": NaN
}