{
    "nb_instances": 3468,
    "log_nb_instances": 8.151333337900432,
    "nb_features": 970,
    "dataset_dimensionality": 3.575257731958763,
    "log_dataset_dimensionality": 1.274037266403004,
    "dataset_ratio": 0.27970011534025374,
    "nb_missing_vals": 0,
    "ratio_features_with_missing_vals": 0.0,
    "ratio_instances_with_missing_vals": 0.0,
    "nb_numeric_features": 970,
    "nb_categorical_features": 0,
    "ratio_numeric_categorical_features": 0.0,
    "ratio_categorical_numeric_features": 0.0,
    "nb_classes": 2,
    "class_entropy": 0.6930073223191227,
    "mean_target_class_ratio": 0.5,
    "stdev_target_class_ratio": 0.008362174034118652,
    "minority_target_class_ratio": 0.49163782596588135,
    "median_target_class_ratio": 0.5,
    "majority_target_class_ratio": 0.5083621740341187,
    "mean_mean_numeric_features": 53.99496078491211,
    "stdev_mean_numeric_features": 42.762474060058594,
    "min_mean_numeric_features": 0.931949257850647,
    "q1_mean_numeric_features": 11.693699359893799,
    "median_mean_numeric_features": 46.79498291015625,
    "q3_mean_numeric_features": 93.46352195739746,
    "max_mean_numeric_features": 140.39590454101562,
    "mean_stdev_numeric_features": 77.24974822998047,
    "stdev_stdev_numeric_features": 33.147361755371094,
    "min_stdev_numeric_features": 12.220429420471191,
    "q1_stdev_numeric_features": 46.458961486816406,
    "median_stdev_numeric_features": 88.14108657836914,
    "q3_stdev_numeric_features": 108.57661628723145,
    "max_stdev_numeric_features": 114.0252685546875,
    "mean_var_numeric_features": 7066.27197265625,
    "stdev_var_numeric_features": 4629.03857421875,
    "min_var_numeric_features": 149.33889770507812,
    "q1_var_numeric_features": 2158.4351806640625,
    "median_var_numeric_features": 7768.85693359375,
    "q3_var_numeric_features": 11788.88134765625,
    "max_var_numeric_features": 13001.76171875,
    "mean_min_numeric_features": 0.0,
    "stdev_min_numeric_features": 0.0,
    "min_min_numeric_features": 0.0,
    "q1_min_numeric_features": 0.0,
    "median_min_numeric_features": 0.0,
    "q3_min_numeric_features": 0.0,
    "max_min_numeric_features": 0.0,
    "mean_median_numeric_features": 19.905670166015625,
    "stdev_median_numeric_features": 40.239479064941406,
    "min_median_numeric_features": 0.0,
    "q1_median_numeric_features": 0.0,
    "median_median_numeric_features": 0.0,
    "q3_median_numeric_features": 13.0,
    "max_median_numeric_features": 174.5,
    "mean_max_numeric_features": 254.95567321777344,
    "stdev_max_numeric_features": 0.21561184525489807,
    "min_max_numeric_features": 253.0,
    "q1_max_numeric_features": 255.0,
    "median_max_numeric_features": 255.0,
    "q3_max_numeric_features": 255.0,
    "max_max_numeric_features": 255.0,
    "pca_1": 0.05027614202038811,
    "pca_2": 0.04940705563971918,
    "pca_3": 0.037734924261719954,
    "mean_entropy_categorical_features": NaN,
    "stdev_entropy_categorical_features": NaN,
    "min_entropy_categorical_features": NaN,
    "median_entropy_categorical_features": NaN,
    "max_entropy_categorical_features": NaN,
    "mean_information_gain_categorical_features": NaN,
    "stdev_information_gain_categorical_features": NaN,
    "min_information_gain_categorical_features": NaN,
    "median_information_gain_categorical_features": NaN,
    "max_information_gain_categorical_features": NaN,
    "mean_mutual_informaiton_categorical_features": NaN,
    "stdev_mutual_informaiton_categorical_features": NaN,
    "min_mutual_informaiton_categorical_features": NaN,
    "median_mutual_informaiton_categorical_features": NaN,
    "max_mutual_informaiton_categorical_features": NaN,
    "knn_5_accuracy": 0.8402543342024609,
    "knn_5_balanced_accuracy": 0.8387587790286902,
    "gaussian_nb_accuracy": 0.7874999480186801,
    "gaussian_nb_balanced_accuracy": 0.7865129294865485,
    "lda_accuracy": 0.8241135105688422,
    "lda_balanced_accuracy": 0.8239762152429225,
    "decision_tree_3_accuracy": 0.7921059088206064,
    "decision_tree_3_balanced_accuracy": 0.7907531542922543,
    "decision_tree_1_accuracy": 0.7260675923500133,
    "decision_tree_1_balanced_accuracy": 0.7235932921865944,
    "random_tree_2_accuracy": 0.7612473021694923,
    "random_tree_2_balanced_accuracy": 0.7612450859468932
}