{
    "nb_instances": 14395,
    "log_nb_instances": 9.574636203046277,
    "nb_features": 108,
    "dataset_dimensionality": 133.28703703703704,
    "log_dataset_dimensionality": 4.892504975922057,
    "dataset_ratio": 0.007502605071205279,
    "nb_missing_vals": 0,
    "ratio_features_with_missing_vals": 0.0,
    "ratio_instances_with_missing_vals": 0.0,
    "nb_numeric_features": 108,
    "nb_categorical_features": 0,
    "ratio_numeric_categorical_features": 0.0,
    "ratio_categorical_numeric_features": 0.0,
    "nb_classes": 2,
    "class_entropy": 0.23120895455669463,
    "mean_target_class_ratio": 0.5,
    "stdev_target_class_ratio": 0.4384508430957794,
    "minority_target_class_ratio": 0.061549149453639984,
    "median_target_class_ratio": 0.5000000111758709,
    "majority_target_class_ratio": 0.9384508728981018,
    "mean_mean_numeric_features": 84.19905853271484,
    "stdev_mean_numeric_features": 203.32862854003906,
    "min_mean_numeric_features": 0.0,
    "q1_mean_numeric_features": 0.0034213268663734198,
    "median_mean_numeric_features": 0.022820424288511276,
    "q3_mean_numeric_features": 0.10067731887102127,
    "max_mean_numeric_features": 878.6981811523438,
    "mean_stdev_numeric_features": 28.352237701416016,
    "stdev_stdev_numeric_features": 65.95501708984375,
    "min_stdev_numeric_features": 0.0,
    "q1_stdev_numeric_features": 0.058388798497617245,
    "median_stdev_numeric_features": 0.1493358239531517,
    "q3_stdev_numeric_features": 0.30091143399477005,
    "max_stdev_numeric_features": 309.8299865722656,
    "mean_var_numeric_features": 5153.91259765625,
    "stdev_var_numeric_features": 15495.7001953125,
    "min_var_numeric_features": 0.0,
    "q1_var_numeric_features": 0.0034098500618711114,
    "median_var_numeric_features": 0.02230120077729225,
    "q3_var_numeric_features": 0.09054768644273281,
    "max_var_numeric_features": 95994.625,
    "mean_min_numeric_features": 7.814815044403076,
    "stdev_min_numeric_features": 44.99057388305664,
    "min_min_numeric_features": 0.0,
    "q1_min_numeric_features": 0.0,
    "median_min_numeric_features": 0.0,
    "q3_min_numeric_features": 0.0,
    "max_min_numeric_features": 378.0,
    "mean_median_numeric_features": 80.53704071044922,
    "stdev_median_numeric_features": 201.58242797851562,
    "min_median_numeric_features": 0.0,
    "q1_median_numeric_features": 0.0,
    "median_median_numeric_features": 0.0,
    "q3_median_numeric_features": 0.0,
    "max_median_numeric_features": 889.0,
    "mean_max_numeric_features": 180.5833282470703,
    "stdev_max_numeric_features": 377.30169677734375,
    "min_max_numeric_features": 0.0,
    "q1_max_numeric_features": 1.0,
    "median_max_numeric_features": 1.0,
    "q3_max_numeric_features": 1.0,
    "max_max_numeric_features": 999.0,
    "pca_1": 0.20471833479255896,
    "pca_2": 0.2001066229371884,
    "pca_3": 0.12424075973975958,
    "mean_entropy_categorical_features": NaN,
    "stdev_entropy_categorical_features": NaN,
    "min_entropy_categorical_features": NaN,
    "median_entropy_categorical_features": NaN,
    "max_entropy_categorical_features": NaN,
    "mean_information_gain_categorical_features": NaN,
    "stdev_information_gain_categorical_features": NaN,
    "min_information_gain_categorical_features": NaN,
    "median_information_gain_categorical_features": NaN,
    "max_information_gain_categorical_features": NaN,
    "mean_mutual_informaiton_categorical_features": NaN,
    "stdev_mutual_informaiton_categorical_features": NaN,
    "min_mutual_informaiton_categorical_features": NaN,
    "median_mutual_informaiton_categorical_features": NaN,
    "max_mutual_informaiton_categorical_features": NaN,
    "knn_5_accuracy": 0.9838138242445293,
    "knn_5_balanced_accuracy": 0.9354177816555242,
    "gaussian_nb_accuracy": 0.9836054185481069,
    "gaussian_nb_balanced_accuracy": 0.9865572580059722,
    "lda_accuracy": 0.9844390413337966,
    "lda_balanced_accuracy": 0.9683085919408736,
    "decision_tree_3_accuracy": 0.9865925668634944,
    "decision_tree_3_balanced_accuracy": 0.9455086843470379,
    "decision_tree_1_accuracy": 0.938450850989927,
    "decision_tree_1_balanced_accuracy": 0.5,
    "random_tree_2_accuracy": 0.9670024313997916,
    "random_tree_2_balanced_accuracy": 0.8664901165536485
}