{
    "nb_instances": 3468,
    "log_nb_instances": 8.151333337900432,
    "nb_features": 784,
    "dataset_dimensionality": 4.423469387755102,
    "log_dataset_dimensionality": 1.4869243175500246,
    "dataset_ratio": 0.22606689734717417,
    "nb_missing_vals": 0,
    "ratio_features_with_missing_vals": 0.0,
    "ratio_instances_with_missing_vals": 0.0,
    "nb_numeric_features": 784,
    "nb_categorical_features": 0,
    "ratio_numeric_categorical_features": 0.0,
    "ratio_categorical_numeric_features": 0.0,
    "nb_classes": 10,
    "class_entropy": 2.3003953532663117,
    "mean_target_class_ratio": 0.10000000149011612,
    "stdev_target_class_ratio": 0.0066154953092336655,
    "minority_target_class_ratio": 0.09083045274019241,
    "median_target_class_ratio": 0.10020184516906738,
    "majority_target_class_ratio": 0.11043829470872879,
    "mean_mean_numeric_features": 33.4616813659668,
    "stdev_mean_numeric_features": 42.49108123779297,
    "min_mean_numeric_features": 0.0,
    "q1_mean_numeric_features": 0.10185986384749413,
    "median_mean_numeric_features": 6.967848777770996,
    "q3_mean_numeric_features": 68.7582893371582,
    "max_mean_numeric_features": 137.57237243652344,
    "mean_stdev_numeric_features": 49.10647201538086,
    "stdev_stdev_numeric_features": 44.45912551879883,
    "min_stdev_numeric_features": 0.0,
    "q1_stdev_numeric_features": 3.782153308391571,
    "median_stdev_numeric_features": 36.70174980163574,
    "q3_stdev_numeric_features": 100.96615409851074,
    "max_stdev_numeric_features": 113.78280639648438,
    "mean_var_numeric_features": 4388.06005859375,
    "stdev_var_numeric_features": 4987.5947265625,
    "min_var_numeric_features": 0.0,
    "q1_var_numeric_features": 14.30470895767212,
    "median_var_numeric_features": 1347.0332641601562,
    "q3_var_numeric_features": 10194.202880859375,
    "max_var_numeric_features": 12946.52734375,
    "mean_min_numeric_features": 0.0,
    "stdev_min_numeric_features": 0.0,
    "min_min_numeric_features": 0.0,
    "q1_min_numeric_features": 0.0,
    "median_min_numeric_features": 0.0,
    "q3_min_numeric_features": 0.0,
    "max_min_numeric_features": 0.0,
    "mean_median_numeric_features": 12.182397842407227,
    "stdev_median_numeric_features": 32.704437255859375,
    "min_median_numeric_features": 0.0,
    "q1_median_numeric_features": 0.0,
    "median_median_numeric_features": 0.0,
    "q3_median_numeric_features": 0.0,
    "max_median_numeric_features": 167.0,
    "mean_max_numeric_features": 196.30612182617188,
    "stdev_max_numeric_features": 101.62344360351562,
    "min_max_numeric_features": 0.0,
    "q1_max_numeric_features": 181.0,
    "median_max_numeric_features": 255.0,
    "q3_max_numeric_features": 255.0,
    "max_max_numeric_features": 255.0,
    "pca_1": 0.09801666921332322,
    "pca_2": 0.06961428507845288,
    "pca_3": 0.06347031216995204,
    "mean_entropy_categorical_features": NaN,
    "stdev_entropy_categorical_features": NaN,
    "min_entropy_categorical_features": NaN,
    "median_entropy_categorical_features": NaN,
    "max_entropy_categorical_features": NaN,
    "mean_information_gain_categorical_features": NaN,
    "stdev_information_gain_categorical_features": NaN,
    "min_information_gain_categorical_features": NaN,
    "median_information_gain_categorical_features": NaN,
    "max_information_gain_categorical_features": NaN,
    "mean_mutual_informaiton_categorical_features": NaN,
    "stdev_mutual_informaiton_categorical_features": NaN,
    "min_mutual_informaiton_categorical_features": NaN,
    "median_mutual_informaiton_categorical_features": NaN,
    "max_mutual_informaiton_categorical_features": NaN,
    "knn_5_accuracy": 0.9160938325203454,
    "knn_5_balanced_accuracy": 0.9135358532710859,
    "gaussian_nb_accuracy": 0.5769868300127666,
    "gaussian_nb_balanced_accuracy": 0.5615221697807848,
    "lda_accuracy": 0.8030627393739787,
    "lda_balanced_accuracy": 0.7999723293140546,
    "decision_tree_3_accuracy": 0.4847249772321819,
    "decision_tree_3_balanced_accuracy": 0.4750090604038359,
    "decision_tree_1_accuracy": 0.20184346553222632,
    "decision_tree_1_balanced_accuracy": 0.1901577411821634,
    "random_tree_2_accuracy": 0.3169014143077543,
    "random_tree_2_balanced_accuracy": 0.3001102857140167
}