{
    "nb_instances": 4562,
    "log_nb_instances": 8.425516402844334,
    "nb_features": 48,
    "dataset_dimensionality": 95.04166666666667,
    "log_dataset_dimensionality": 4.554315391936442,
    "dataset_ratio": 0.01052170100832968,
    "nb_missing_vals": 0,
    "ratio_features_with_missing_vals": 0.0,
    "ratio_instances_with_missing_vals": 0.0,
    "nb_numeric_features": 48,
    "nb_categorical_features": 0,
    "ratio_numeric_categorical_features": 0.0,
    "ratio_categorical_numeric_features": 0.0,
    "nb_classes": 2,
    "class_entropy": 0.5602789176035153,
    "mean_target_class_ratio": 0.5,
    "stdev_target_class_ratio": 0.2518632411956787,
    "minority_target_class_ratio": 0.24813678860664368,
    "median_target_class_ratio": 0.5000000149011612,
    "majority_target_class_ratio": 0.7518632411956787,
    "mean_mean_numeric_features": 34.15561294555664,
    "stdev_mean_numeric_features": 121.95063781738281,
    "min_mean_numeric_features": 0.0,
    "q1_mean_numeric_features": 0.032003507018089294,
    "median_mean_numeric_features": 0.09381850063800812,
    "q3_mean_numeric_features": 0.25898728519678116,
    "max_mean_numeric_features": 634.0243530273438,
    "mean_stdev_numeric_features": 14.345588684082031,
    "stdev_stdev_numeric_features": 38.93179702758789,
    "min_stdev_numeric_features": 0.0,
    "q1_stdev_numeric_features": 0.17602862417697906,
    "median_stdev_numeric_features": 0.2913274019956589,
    "q3_stdev_numeric_features": 0.37675026804208755,
    "max_stdev_numeric_features": 158.0221710205078,
    "mean_var_numeric_features": 1721.48095703125,
    "stdev_var_numeric_features": 5242.28076171875,
    "min_var_numeric_features": 0.0,
    "q1_var_numeric_features": 0.03098607435822487,
    "median_var_numeric_features": 0.08497967198491096,
    "q3_var_numeric_features": 0.14280081167817116,
    "max_var_numeric_features": 24971.0078125,
    "mean_min_numeric_features": 5.9375,
    "stdev_min_numeric_features": 28.309602737426758,
    "min_min_numeric_features": 0.0,
    "q1_min_numeric_features": 0.0,
    "median_min_numeric_features": 0.0,
    "q3_min_numeric_features": 0.0,
    "max_min_numeric_features": 189.0,
    "mean_median_numeric_features": 32.54166793823242,
    "stdev_median_numeric_features": 119.46807861328125,
    "min_median_numeric_features": 0.0,
    "q1_median_numeric_features": 0.0,
    "median_median_numeric_features": 0.0,
    "q3_median_numeric_features": 0.0,
    "max_median_numeric_features": 624.0,
    "mean_max_numeric_features": 118.25,
    "stdev_max_numeric_features": 311.759765625,
    "min_max_numeric_features": 0.0,
    "q1_max_numeric_features": 1.0,
    "median_max_numeric_features": 1.0,
    "q3_max_numeric_features": 1.0,
    "max_max_numeric_features": 999.0,
    "pca_1": 0.32552091577599607,
    "pca_2": 0.2550783520493736,
    "pca_3": 0.16354332598295138,
    "mean_entropy_categorical_features": NaN,
    "stdev_entropy_categorical_features": NaN,
    "min_entropy_categorical_features": NaN,
    "median_entropy_categorical_features": NaN,
    "max_entropy_categorical_features": NaN,
    "mean_information_gain_categorical_features": NaN,
    "stdev_information_gain_categorical_features": NaN,
    "min_information_gain_categorical_features": NaN,
    "median_information_gain_categorical_features": NaN,
    "max_information_gain_categorical_features": NaN,
    "mean_mutual_informaiton_categorical_features": NaN,
    "stdev_mutual_informaiton_categorical_features": NaN,
    "min_mutual_informaiton_categorical_features": NaN,
    "median_mutual_informaiton_categorical_features": NaN,
    "max_mutual_informaiton_categorical_features": NaN,
    "knn_5_accuracy": 0.7836441459618377,
    "knn_5_balanced_accuracy": 0.6690155602218825,
    "gaussian_nb_accuracy": 0.7222843527218923,
    "gaussian_nb_balanced_accuracy": 0.770308553315983,
    "lda_accuracy": 0.8353805172844488,
    "lda_balanced_accuracy": 0.7438871087672376,
    "decision_tree_3_accuracy": 0.8351626602102188,
    "decision_tree_3_balanced_accuracy": 0.7343114835239296,
    "decision_tree_1_accuracy": 0.7518648757710267,
    "decision_tree_1_balanced_accuracy": 0.5,
    "random_tree_2_accuracy": 0.8049223208623969,
    "random_tree_2_balanced_accuracy": 0.6588663708424202
}