{
    "nb_instances": 10936,
    "log_nb_instances": 9.299815378403785,
    "nb_features": 27,
    "dataset_dimensionality": 405.037037037037,
    "log_dataset_dimensionality": 6.003978512399456,
    "dataset_ratio": 0.002468910021945867,
    "nb_missing_vals": 0,
    "ratio_features_with_missing_vals": 0.0,
    "ratio_instances_with_missing_vals": 0.0,
    "nb_numeric_features": 24,
    "nb_categorical_features": 3,
    "ratio_numeric_categorical_features": 8.0,
    "ratio_categorical_numeric_features": 0.125,
    "nb_classes": 3,
    "class_entropy": 1.0856402641667202,
    "mean_target_class_ratio": 0.3333333432674408,
    "stdev_target_class_ratio": 0.052967336028814316,
    "minority_target_class_ratio": 0.26243600249290466,
    "median_target_class_ratio": 0.3478419780731201,
    "majority_target_class_ratio": 0.3897220194339752,
    "mean_mean_numeric_features": 349.4521484375,
    "stdev_mean_numeric_features": 1074.9696044921875,
    "min_mean_numeric_features": 0.030665582045912743,
    "q1_mean_numeric_features": 2.4966624677181244,
    "median_mean_numeric_features": 161.6479034423828,
    "q3_mean_numeric_features": 207.98340225219727,
    "max_mean_numeric_features": 5468.5,
    "mean_stdev_numeric_features": 303.3383483886719,
    "stdev_stdev_numeric_features": 714.0059814453125,
    "min_stdev_numeric_features": 0.026749419048428535,
    "q1_stdev_numeric_features": 1.332426980137825,
    "median_stdev_numeric_features": 81.3510513305664,
    "q3_stdev_numeric_features": 141.62278747558594,
    "max_stdev_numeric_features": 3157.095703125,
    "mean_var_numeric_features": 601818.6875,
    "stdev_var_numeric_features": 2091423.0,
    "min_var_numeric_features": 0.0007155314087867737,
    "q1_var_numeric_features": 1.908608429133892,
    "median_var_numeric_features": 6620.576416015625,
    "q3_var_numeric_features": 21130.148193359375,
    "max_var_numeric_features": 9967253.0,
    "mean_min_numeric_features": 3.381725311279297,
    "stdev_min_numeric_features": 7.5597710609436035,
    "min_min_numeric_features": -4.325500011444092,
    "q1_min_numeric_features": 0.0,
    "median_min_numeric_features": 0.75,
    "q3_min_numeric_features": 1.0,
    "max_min_numeric_features": 20.0,
    "mean_median_numeric_features": 301.5809020996094,
    "stdev_median_numeric_features": 1080.0582275390625,
    "min_median_numeric_features": 0.0,
    "q1_median_numeric_features": 0.8043249994516373,
    "median_median_numeric_features": 62.72184944152832,
    "q3_median_numeric_features": 160.25,
    "max_median_numeric_features": 5468.5,
    "mean_max_numeric_features": 3054.542236328125,
    "stdev_max_numeric_features": 7357.46044921875,
    "min_max_numeric_features": 0.36230000853538513,
    "q1_max_numeric_features": 10.0,
    "median_max_numeric_features": 1053.1807861328125,
    "q3_max_numeric_features": 1648.25,
    "max_max_numeric_features": 35448.0,
    "pca_1": 0.6911449462817953,
    "pca_2": 0.2633791693842397,
    "pca_3": 0.032193312522322756,
    "mean_entropy_categorical_features": 0.5641350150108337,
    "stdev_entropy_categorical_features": 0.07885871082544327,
    "min_entropy_categorical_features": 0.49254587292671204,
    "median_entropy_categorical_features": 0.5258736610412598,
    "max_entropy_categorical_features": 0.6739856004714966,
    "mean_information_gain_categorical_features": 0.015771960839629173,
    "stdev_information_gain_categorical_features": 0.012834388762712479,
    "min_information_gain_categorical_features": 0.000613246054854244,
    "median_information_gain_categorical_features": 0.014705951325595379,
    "max_information_gain_categorical_features": 0.03199668228626251,
    "mean_mutual_informaiton_categorical_features": 0.013557295314967632,
    "stdev_mutual_informaiton_categorical_features": 0.010917497798800468,
    "min_mutual_informaiton_categorical_features": 0.00011354514572303742,
    "median_mutual_informaiton_categorical_features": 0.013703696429729462,
    "max_mutual_informaiton_categorical_features": 0.02685464173555374,
    "knn_5_accuracy": 0.4849139714567299,
    "knn_5_balanced_accuracy": 0.47843916041873574,
    "gaussian_nb_accuracy": 0.43425321974873965,
    "gaussian_nb_balanced_accuracy": 0.43188783476095194,
    "lda_accuracy": 0.5064912408289302,
    "lda_balanced_accuracy": 0.5048500468730981,
    "decision_tree_3_accuracy": 0.4728438111526563,
    "decision_tree_3_balanced_accuracy": 0.482450285453746,
    "decision_tree_1_accuracy": 0.42126935882550115,
    "decision_tree_1_balanced_accuracy": 0.4501917512606387,
    "random_tree_2_accuracy": 0.4324255677348868,
    "random_tree_2_balanced_accuracy": 0.45350574372705194
}