{
    "nb_instances": 1458,
    "log_nb_instances": 7.284820912568604,
    "nb_features": 37,
    "dataset_dimensionality": 39.4054054054054,
    "log_dataset_dimensionality": 3.673902999924379,
    "dataset_ratio": 0.025377229080932786,
    "nb_missing_vals": 0,
    "ratio_features_with_missing_vals": 0.0,
    "ratio_instances_with_missing_vals": 0.0,
    "nb_numeric_features": 37,
    "nb_categorical_features": 0,
    "ratio_numeric_categorical_features": 0.0,
    "ratio_categorical_numeric_features": 0.0,
    "nb_classes": 2,
    "class_entropy": 0.3710588214839124,
    "mean_target_class_ratio": 0.5,
    "stdev_target_class_ratio": 0.3779149651527405,
    "minority_target_class_ratio": 0.12208504974842072,
    "median_target_class_ratio": 0.5000000074505806,
    "majority_target_class_ratio": 0.8779149651527405,
    "mean_mean_numeric_features": 583.4639892578125,
    "stdev_mean_numeric_features": 3159.54150390625,
    "min_mean_numeric_features": 0.07064472138881683,
    "q1_mean_numeric_features": 1.9684499502182007,
    "median_mean_numeric_features": 6.997256278991699,
    "q3_mean_numeric_features": 18.80384063720703,
    "max_mean_numeric_features": 19505.51953125,
    "mean_stdev_numeric_features": 1837.8292236328125,
    "stdev_stdev_numeric_features": 10144.1103515625,
    "min_stdev_numeric_features": 0.11986237019300461,
    "q1_stdev_numeric_features": 2.8914730548858643,
    "median_stdev_numeric_features": 9.487405776977539,
    "q3_stdev_numeric_features": 25.234081268310547,
    "max_stdev_numeric_features": 62600.25390625,
    "mean_var_numeric_features": 106280584.0,
    "stdev_var_numeric_features": 635421568.0,
    "min_var_numeric_features": 0.014366988092660904,
    "q1_var_numeric_features": 8.360616683959961,
    "median_var_numeric_features": 90.01087188720703,
    "q3_var_numeric_features": 636.7588500976562,
    "max_var_numeric_features": 3918791936.0,
    "mean_min_numeric_features": 0.21675677597522736,
    "stdev_min_numeric_features": 0.472538024187088,
    "min_min_numeric_features": 0.0,
    "q1_min_numeric_features": 0.0,
    "median_min_numeric_features": 0.0,
    "q3_min_numeric_features": 0.0,
    "max_min_numeric_features": 2.0,
    "mean_median_numeric_features": 83.70851135253906,
    "stdev_median_numeric_features": 403.7092590332031,
    "min_median_numeric_features": 0.0,
    "q1_median_numeric_features": 0.07000000029802322,
    "median_median_numeric_features": 3.0,
    "q3_median_numeric_features": 11.25,
    "max_median_numeric_features": 2493.06005859375,
    "mean_max_numeric_features": 41034.6484375,
    "stdev_max_numeric_features": 227161.5,
    "min_max_numeric_features": 0.6700000166893005,
    "q1_max_numeric_features": 24.0,
    "median_max_numeric_features": 94.0,
    "q3_max_numeric_features": 372.0,
    "max_max_numeric_features": 1401719.5,
    "pca_1": 0.9998659527536348,
    "pca_2": 0.00013231281239239938,
    "pca_3": 7.330379573906772e-07,
    "mean_entropy_categorical_features": NaN,
    "stdev_entropy_categorical_features": NaN,
    "min_entropy_categorical_features": NaN,
    "median_entropy_categorical_features": NaN,
    "max_entropy_categorical_features": NaN,
    "mean_information_gain_categorical_features": NaN,
    "stdev_information_gain_categorical_features": NaN,
    "min_information_gain_categorical_features": NaN,
    "median_information_gain_categorical_features": NaN,
    "max_information_gain_categorical_features": NaN,
    "mean_mutual_informaiton_categorical_features": NaN,
    "stdev_mutual_informaiton_categorical_features": NaN,
    "min_mutual_informaiton_categorical_features": NaN,
    "median_mutual_informaiton_categorical_features": NaN,
    "max_mutual_informaiton_categorical_features": NaN,
    "knn_5_accuracy": 0.8593983900579015,
    "knn_5_balanced_accuracy": 0.5105856874047217,
    "gaussian_nb_accuracy": 0.8621239937861883,
    "gaussian_nb_balanced_accuracy": 0.621885938068468,
    "lda_accuracy": 0.9067292755260556,
    "lda_balanced_accuracy": 0.6842935381998425,
    "decision_tree_3_accuracy": 0.8930165230899589,
    "decision_tree_3_balanced_accuracy": 0.6048069241157172,
    "decision_tree_1_accuracy": 0.8779103704749801,
    "decision_tree_1_balanced_accuracy": 0.5,
    "random_tree_2_accuracy": 0.8792849409217155,
    "random_tree_2_balanced_accuracy": 0.517449002716158
}