{
    "nb_instances": 1563,
    "log_nb_instances": 7.354362330421477,
    "nb_features": 37,
    "dataset_dimensionality": 42.24324324324324,
    "log_dataset_dimensionality": 3.743444417777252,
    "dataset_ratio": 0.023672424824056303,
    "nb_missing_vals": 0,
    "ratio_features_with_missing_vals": 0.0,
    "ratio_instances_with_missing_vals": 0.0,
    "nb_numeric_features": 37,
    "nb_categorical_features": 0,
    "ratio_numeric_categorical_features": 0.0,
    "ratio_categorical_numeric_features": 0.0,
    "nb_classes": 2,
    "class_entropy": 0.3302534201072316,
    "mean_target_class_ratio": 0.5,
    "stdev_target_class_ratio": 0.39763274788856506,
    "minority_target_class_ratio": 0.10236724466085434,
    "median_target_class_ratio": 0.5000000111758709,
    "majority_target_class_ratio": 0.8976327776908875,
    "mean_mean_numeric_features": 1008.1458740234375,
    "stdev_mean_numeric_features": 5520.4375,
    "min_mean_numeric_features": 0.12455534189939499,
    "q1_mean_numeric_features": 1.5663787126541138,
    "median_mean_numeric_features": 7.637876033782959,
    "q3_mean_numeric_features": 22.017913818359375,
    "max_mean_numeric_features": 34072.82421875,
    "mean_stdev_numeric_features": 10334.5029296875,
    "stdev_stdev_numeric_features": 58062.6171875,
    "min_stdev_numeric_features": 0.12943828105926514,
    "q1_stdev_numeric_features": 2.9111056327819824,
    "median_stdev_numeric_features": 15.9282808303833,
    "q3_stdev_numeric_features": 41.49692916870117,
    "max_stdev_numeric_features": 358165.9375,
    "mean_var_numeric_features": 3478068992.0,
    "stdev_var_numeric_features": 20800892928.0,
    "min_var_numeric_features": 0.0167542677372694,
    "q1_var_numeric_features": 8.474535942077637,
    "median_var_numeric_features": 253.71011352539062,
    "q3_var_numeric_features": 1721.9951171875,
    "max_var_numeric_features": 128282836992.0,
    "mean_min_numeric_features": 0.2989189326763153,
    "stdev_min_numeric_features": 0.5118845701217651,
    "min_min_numeric_features": 0.0,
    "q1_min_numeric_features": 0.0,
    "median_min_numeric_features": 0.0,
    "q3_min_numeric_features": 1.0,
    "max_min_numeric_features": 2.0,
    "mean_median_numeric_features": 105.6581039428711,
    "stdev_median_numeric_features": 514.72705078125,
    "min_median_numeric_features": 0.0,
    "q1_median_numeric_features": 1.0,
    "median_median_numeric_features": 4.0,
    "q3_median_numeric_features": 13.0,
    "max_median_numeric_features": 3178.669921875,
    "mean_max_numeric_features": 367116.375,
    "stdev_max_numeric_features": 2067270.5,
    "min_max_numeric_features": 1.0,
    "q1_max_numeric_features": 30.950000762939453,
    "median_max_numeric_features": 289.0,
    "q3_max_numeric_features": 963.0,
    "max_max_numeric_features": 12751451.0,
    "pca_1": 0.999983476566125,
    "pca_2": 1.6455407768436314e-05,
    "pca_3": 3.454133642064541e-08,
    "mean_entropy_categorical_features": NaN,
    "stdev_entropy_categorical_features": NaN,
    "min_entropy_categorical_features": NaN,
    "median_entropy_categorical_features": NaN,
    "max_entropy_categorical_features": NaN,
    "mean_information_gain_categorical_features": NaN,
    "stdev_information_gain_categorical_features": NaN,
    "min_information_gain_categorical_features": NaN,
    "median_information_gain_categorical_features": NaN,
    "max_information_gain_categorical_features": NaN,
    "mean_mutual_informaiton_categorical_features": NaN,
    "stdev_mutual_informaiton_categorical_features": NaN,
    "min_mutual_informaiton_categorical_features": NaN,
    "median_mutual_informaiton_categorical_features": NaN,
    "max_mutual_informaiton_categorical_features": NaN,
    "knn_5_accuracy": 0.882917588269026,
    "knn_5_balanced_accuracy": 0.5122872368143736,
    "gaussian_nb_accuracy": 0.2889735397722618,
    "gaussian_nb_balanced_accuracy": 0.5539363051932253,
    "lda_accuracy": 0.889970918325551,
    "lda_balanced_accuracy": 0.6079077264487541,
    "decision_tree_3_accuracy": 0.8938068321454903,
    "decision_tree_3_balanced_accuracy": 0.5085686780850163,
    "decision_tree_1_accuracy": 0.8976304579339723,
    "decision_tree_1_balanced_accuracy": 0.5,
    "random_tree_2_accuracy": 0.8976263619234865,
    "random_tree_2_balanced_accuracy": 0.5
}