{
    "nb_instances": 10885,
    "log_nb_instances": 9.295140973668648,
    "nb_features": 21,
    "dataset_dimensionality": 518.3333333333334,
    "log_dataset_dimensionality": 6.250618535945225,
    "dataset_ratio": 0.0019292604501607716,
    "nb_missing_vals": 25,
    "ratio_features_with_missing_vals": 0.00045934772622875517,
    "ratio_instances_with_missing_vals": 0.00045934772622875517,
    "nb_numeric_features": 21,
    "nb_categorical_features": 0,
    "ratio_numeric_categorical_features": 0.0,
    "ratio_categorical_numeric_features": 0.0,
    "nb_classes": 2,
    "class_entropy": 0.4912259288656543,
    "mean_target_class_ratio": 0.5,
    "stdev_target_class_ratio": 0.3065227270126343,
    "minority_target_class_ratio": 0.19347725808620453,
    "median_target_class_ratio": 0.4999999925494194,
    "majority_target_class_ratio": 0.8065227270126343,
    "mean_mean_numeric_features": 1903.2489013671875,
    "stdev_mean_numeric_features": 7826.08251953125,
    "min_mean_numeric_features": 0.1353520154953003,
    "q1_mean_numeric_features": 4.001415252685547,
    "median_mean_numeric_features": 14.177339553833008,
    "q3_mean_numeric_features": 46.38898849487305,
    "max_mean_numeric_features": 36845.62890625,
    "mean_stdev_numeric_features": 21968.767578125,
    "stdev_stdev_numeric_features": 92379.390625,
    "min_stdev_numeric_features": 0.16055162250995636,
    "q1_stdev_numeric_features": 9.118681907653809,
    "median_stdev_numeric_features": 22.597618103027344,
    "q3_stdev_numeric_features": 100.35184478759766,
    "max_stdev_numeric_features": 434467.15625,
    "mean_var_numeric_features": 9016579072.0,
    "stdev_var_numeric_features": 40192425984.0,
    "min_var_numeric_features": 0.025776822119951248,
    "q1_var_numeric_features": 83.15036010742188,
    "median_var_numeric_features": 510.6523132324219,
    "q3_var_numeric_features": 10070.4931640625,
    "max_var_numeric_features": 188761702400.0,
    "mean_min_numeric_features": 0.2380952388048172,
    "stdev_min_numeric_features": 0.42591768503189087,
    "min_min_numeric_features": 0.0,
    "q1_min_numeric_features": 0.0,
    "median_min_numeric_features": 0.0,
    "q3_min_numeric_features": 0.0,
    "max_min_numeric_features": 1.0,
    "mean_median_numeric_features": 121.91166687011719,
    "stdev_median_numeric_features": 429.7261657714844,
    "min_median_numeric_features": 0.0,
    "q1_median_numeric_features": 2.0,
    "median_median_numeric_features": 11.0,
    "q3_median_numeric_features": 23.0,
    "max_median_numeric_features": 2031.02001953125,
    "mean_max_numeric_features": 1567411.5,
    "stdev_max_numeric_features": 6609331.5,
    "min_max_numeric_features": 1.2999999523162842,
    "q1_max_numeric_features": 402.0,
    "median_max_numeric_features": 569.780029296875,
    "q3_max_numeric_features": 3442.0,
    "max_max_numeric_features": 31079782.0,
    "pca_1": 0.9999925725790882,
    "pca_2": 7.402866056809693e-06,
    "pca_3": 9.428231703373973e-09,
    "mean_entropy_categorical_features": NaN,
    "stdev_entropy_categorical_features": NaN,
    "min_entropy_categorical_features": NaN,
    "median_entropy_categorical_features": NaN,
    "max_entropy_categorical_features": NaN,
    "mean_information_gain_categorical_features": NaN,
    "stdev_information_gain_categorical_features": NaN,
    "min_information_gain_categorical_features": NaN,
    "median_information_gain_categorical_features": NaN,
    "max_information_gain_categorical_features": NaN,
    "mean_mutual_informaiton_categorical_features": NaN,
    "stdev_mutual_informaiton_categorical_features": NaN,
    "min_mutual_informaiton_categorical_features": NaN,
    "median_mutual_informaiton_categorical_features": NaN,
    "max_mutual_informaiton_categorical_features": NaN,
    "knn_5_accuracy": 0.7867647058823529,
    "knn_5_balanced_accuracy": 0.5617564973925151,
    "gaussian_nb_accuracy": 0.8043198529411765,
    "gaussian_nb_balanced_accuracy": 0.5571028943488259,
    "lda_accuracy": 0.8118566176470589,
    "lda_balanced_accuracy": 0.5543952663325049,
    "decision_tree_3_accuracy": 0.8083639705882353,
    "decision_tree_3_balanced_accuracy": 0.5076590114094257,
    "decision_tree_1_accuracy": 0.8067095588235293,
    "decision_tree_1_balanced_accuracy": 0.5,
    "random_tree_2_accuracy": 0.8088235294117647,
    "random_tree_2_balanced_accuracy": 0.5115661696232803
}