{
    "nb_instances": 161,
    "log_nb_instances": 5.081404364984463,
    "nb_features": 39,
    "dataset_dimensionality": 4.128205128205129,
    "log_dataset_dimensionality": 1.4178427188548166,
    "dataset_ratio": 0.2422360248447205,
    "nb_missing_vals": 0,
    "ratio_features_with_missing_vals": 0.0,
    "ratio_instances_with_missing_vals": 0.0,
    "nb_numeric_features": 39,
    "nb_categorical_features": 0,
    "ratio_numeric_categorical_features": 0.0,
    "ratio_categorical_numeric_features": 0.0,
    "nb_classes": 2,
    "class_entropy": 0.6290963368527184,
    "mean_target_class_ratio": 0.5,
    "stdev_target_class_ratio": 0.1770186424255371,
    "minority_target_class_ratio": 0.3229813575744629,
    "median_target_class_ratio": 0.5,
    "majority_target_class_ratio": 0.6770186424255371,
    "mean_mean_numeric_features": 1526.550537109375,
    "stdev_mean_numeric_features": 8638.5341796875,
    "min_mean_numeric_features": 0.10801242291927338,
    "q1_mean_numeric_features": 1.7777639627456665,
    "median_mean_numeric_features": 10.714285850524902,
    "q3_mean_numeric_features": 31.67332363128662,
    "max_mean_numeric_features": 54688.7421875,
    "mean_stdev_numeric_features": 4006.825439453125,
    "stdev_stdev_numeric_features": 22977.880859375,
    "min_stdev_numeric_features": 0.11122207343578339,
    "q1_stdev_numeric_features": 2.020172953605652,
    "median_stdev_numeric_features": 15.13626480102539,
    "q3_stdev_numeric_features": 37.889556884765625,
    "max_stdev_numeric_features": 145427.390625,
    "mean_var_numeric_features": 544037568.0,
    "stdev_var_numeric_features": 3342602496.0,
    "min_var_numeric_features": 0.01237034983932972,
    "q1_var_numeric_features": 5.047709584236145,
    "median_var_numeric_features": 229.1065216064453,
    "q3_var_numeric_features": 1444.9993286132812,
    "max_var_numeric_features": 21149124608.0,
    "mean_min_numeric_features": 0.38769230246543884,
    "stdev_min_numeric_features": 0.6629748940467834,
    "min_min_numeric_features": 0.0,
    "q1_min_numeric_features": 0.0,
    "median_min_numeric_features": 0.0,
    "q3_min_numeric_features": 1.0,
    "max_min_numeric_features": 3.0,
    "mean_median_numeric_features": 193.0728302001953,
    "stdev_median_numeric_features": 998.531982421875,
    "min_median_numeric_features": 0.0,
    "q1_median_numeric_features": 1.0,
    "median_median_numeric_features": 4.0,
    "q3_median_numeric_features": 18.5,
    "max_median_numeric_features": 6324.89013671875,
    "mean_max_numeric_features": 27278.92578125,
    "stdev_max_numeric_features": 156685.5625,
    "min_max_numeric_features": 0.6700000166893005,
    "q1_max_numeric_features": 11.5,
    "median_max_numeric_features": 102.0,
    "q3_max_numeric_features": 231.5,
    "max_max_numeric_features": 991629.5625,
    "pca_1": 0.9999804841822184,
    "pca_2": 1.9281680217510306e-05,
    "pca_3": 1.1493413910046783e-07,
    "mean_entropy_categorical_features": NaN,
    "stdev_entropy_categorical_features": NaN,
    "min_entropy_categorical_features": NaN,
    "median_entropy_categorical_features": NaN,
    "max_entropy_categorical_features": NaN,
    "mean_information_gain_categorical_features": NaN,
    "stdev_information_gain_categorical_features": NaN,
    "min_information_gain_categorical_features": NaN,
    "median_information_gain_categorical_features": NaN,
    "max_information_gain_categorical_features": NaN,
    "mean_mutual_informaiton_categorical_features": NaN,
    "stdev_mutual_informaiton_categorical_features": NaN,
    "min_mutual_informaiton_categorical_features": NaN,
    "median_mutual_informaiton_categorical_features": NaN,
    "max_mutual_informaiton_categorical_features": NaN,
    "knn_5_accuracy": 0.7020833333333333,
    "knn_5_balanced_accuracy": 0.6060067287784678,
    "gaussian_nb_accuracy": 0.7204545454545455,
    "gaussian_nb_balanced_accuracy": 0.6013636363636363,
    "lda_accuracy": 0.6401515151515151,
    "lda_balanced_accuracy": 0.556950985927968,
    "decision_tree_3_accuracy": 0.7017045454545455,
    "decision_tree_3_balanced_accuracy": 0.6178304868281984,
    "decision_tree_1_accuracy": 0.6767045454545455,
    "decision_tree_1_balanced_accuracy": 0.5819201330070896,
    "random_tree_2_accuracy": 0.7017045454545455,
    "random_tree_2_balanced_accuracy": 0.6007641117052882
}