{
    "nb_instances": 522,
    "log_nb_instances": 6.257667587882639,
    "nb_features": 21,
    "dataset_dimensionality": 24.857142857142858,
    "log_dataset_dimensionality": 3.2131451501592156,
    "dataset_ratio": 0.040229885057471264,
    "nb_missing_vals": 0,
    "ratio_features_with_missing_vals": 0.0,
    "ratio_instances_with_missing_vals": 0.0,
    "nb_numeric_features": 21,
    "nb_categorical_features": 0,
    "ratio_numeric_categorical_features": 0.0,
    "ratio_categorical_numeric_features": 0.0,
    "nb_classes": 2,
    "class_entropy": 0.5072302867654668,
    "mean_target_class_ratio": 0.5,
    "stdev_target_class_ratio": 0.29501914978027344,
    "minority_target_class_ratio": 0.20498085021972656,
    "median_target_class_ratio": 0.5,
    "majority_target_class_ratio": 0.7950191497802734,
    "mean_mean_numeric_features": 977.8936767578125,
    "stdev_mean_numeric_features": 3935.703125,
    "min_mean_numeric_features": 0.18896551430225372,
    "q1_mean_numeric_features": 3.65019154548645,
    "median_mean_numeric_features": 9.7352876663208,
    "q3_mean_numeric_features": 37.023372650146484,
    "max_mean_numeric_features": 18542.9921875,
    "mean_stdev_numeric_features": 5875.72998046875,
    "stdev_stdev_numeric_features": 24069.20703125,
    "min_stdev_numeric_features": 0.2756088972091675,
    "q1_stdev_numeric_features": 6.665003299713135,
    "median_stdev_numeric_features": 21.942779541015625,
    "q3_stdev_numeric_features": 90.39862060546875,
    "max_stdev_numeric_features": 113271.21875,
    "mean_var_numeric_features": 613850816.0,
    "stdev_var_numeric_features": 2731723264.0,
    "min_var_numeric_features": 0.07596027106046677,
    "q1_var_numeric_features": 44.42226791381836,
    "median_var_numeric_features": 481.48553466796875,
    "q3_var_numeric_features": 8171.91064453125,
    "max_var_numeric_features": 12830368768.0,
    "mean_min_numeric_features": 0.380952388048172,
    "stdev_min_numeric_features": 0.4856209456920624,
    "min_min_numeric_features": 0.0,
    "q1_min_numeric_features": 0.0,
    "median_min_numeric_features": 0.0,
    "q3_min_numeric_features": 1.0,
    "max_min_numeric_features": 1.0,
    "mean_median_numeric_features": 42.05356979370117,
    "stdev_median_numeric_features": 129.9062042236328,
    "min_median_numeric_features": 0.0,
    "q1_median_numeric_features": 1.0,
    "median_median_numeric_features": 7.0,
    "q3_median_numeric_features": 16.5,
    "max_median_numeric_features": 613.5900268554688,
    "mean_max_numeric_features": 111741.90625,
    "stdev_max_numeric_features": 456386.9375,
    "min_max_numeric_features": 2.0,
    "q1_max_numeric_features": 103.52999877929688,
    "median_max_numeric_features": 325.0,
    "q3_max_numeric_features": 1513.0,
    "max_max_numeric_features": 2147483.75,
    "pca_1": 0.9999294824900387,
    "pca_2": 5.4077927821622115e-05,
    "pca_3": 1.637259048999409e-05,
    "mean_entropy_categorical_features": NaN,
    "stdev_entropy_categorical_features": NaN,
    "min_entropy_categorical_features": NaN,
    "median_entropy_categorical_features": NaN,
    "max_entropy_categorical_features": NaN,
    "mean_information_gain_categorical_features": NaN,
    "stdev_information_gain_categorical_features": NaN,
    "min_information_gain_categorical_features": NaN,
    "median_information_gain_categorical_features": NaN,
    "max_information_gain_categorical_features": NaN,
    "mean_mutual_informaiton_categorical_features": NaN,
    "stdev_mutual_informaiton_categorical_features": NaN,
    "min_mutual_informaiton_categorical_features": NaN,
    "median_mutual_informaiton_categorical_features": NaN,
    "max_mutual_informaiton_categorical_features": NaN,
    "knn_5_accuracy": 0.8140842490842491,
    "knn_5_balanced_accuracy": 0.6644775196183318,
    "gaussian_nb_accuracy": 0.841025641025641,
    "gaussian_nb_balanced_accuracy": 0.6837251138030457,
    "lda_accuracy": 0.8313736263736263,
    "lda_balanced_accuracy": 0.6815115181340922,
    "decision_tree_3_accuracy": 0.8161721611721612,
    "decision_tree_3_balanced_accuracy": 0.6454658033952099,
    "decision_tree_1_accuracy": 0.8142124542124544,
    "decision_tree_1_balanced_accuracy": 0.7835601993210446,
    "random_tree_2_accuracy": 0.8334615384615385,
    "random_tree_2_balanced_accuracy": 0.6820441875312802
}