{
    "nb_instances": 458,
    "log_nb_instances": 6.126869184114185,
    "nb_features": 39,
    "dataset_dimensionality": 11.743589743589743,
    "log_dataset_dimensionality": 2.4633075379845386,
    "dataset_ratio": 0.0851528384279476,
    "nb_missing_vals": 0,
    "ratio_features_with_missing_vals": 0.0,
    "ratio_instances_with_missing_vals": 0.0,
    "nb_numeric_features": 39,
    "nb_categorical_features": 0,
    "ratio_numeric_categorical_features": 0.0,
    "ratio_categorical_numeric_features": 0.0,
    "nb_classes": 2,
    "class_entropy": 0.3114386363618641,
    "mean_target_class_ratio": 0.5,
    "stdev_target_class_ratio": 0.40611353516578674,
    "minority_target_class_ratio": 0.09388646483421326,
    "median_target_class_ratio": 0.5000000149011612,
    "majority_target_class_ratio": 0.9061135649681091,
    "mean_mean_numeric_features": 395.49468994140625,
    "stdev_mean_numeric_features": 2167.67724609375,
    "min_mean_numeric_features": 0.09646288305521011,
    "q1_mean_numeric_features": 0.9324344992637634,
    "median_mean_numeric_features": 3.4475982189178467,
    "q3_mean_numeric_features": 17.03165912628174,
    "max_mean_numeric_features": 13728.2431640625,
    "mean_stdev_numeric_features": 1244.992431640625,
    "stdev_stdev_numeric_features": 7012.39111328125,
    "min_stdev_numeric_features": 0.13050726056098938,
    "q1_stdev_numeric_features": 0.9675652086734772,
    "median_stdev_numeric_features": 5.79677152633667,
    "q3_stdev_numeric_features": 26.337493896484375,
    "max_stdev_numeric_features": 44394.8671875,
    "mean_var_numeric_features": 50723628.0,
    "stdev_var_numeric_features": 311495936.0,
    "min_var_numeric_features": 0.017032144591212273,
    "q1_var_numeric_features": 0.9488451778888702,
    "median_var_numeric_features": 33.60255813598633,
    "q3_var_numeric_features": 693.6817321777344,
    "max_var_numeric_features": 1970904192.0,
    "mean_min_numeric_features": 0.2943589687347412,
    "stdev_min_numeric_features": 0.4996911883354187,
    "min_min_numeric_features": 0.0,
    "q1_min_numeric_features": 0.0,
    "median_min_numeric_features": 0.0,
    "q3_min_numeric_features": 0.6650000065565109,
    "max_min_numeric_features": 2.0,
    "mean_median_numeric_features": 36.362693786621094,
    "stdev_median_numeric_features": 164.74856567382812,
    "min_median_numeric_features": 0.0,
    "q1_median_numeric_features": 0.0,
    "median_median_numeric_features": 1.0,
    "q3_median_numeric_features": 8.25,
    "max_median_numeric_features": 1039.489990234375,
    "mean_max_numeric_features": 16179.203125,
    "stdev_max_numeric_features": 92076.953125,
    "min_max_numeric_features": 0.6700000166893005,
    "q1_max_numeric_features": 6.5,
    "median_max_numeric_features": 38.0,
    "q3_max_numeric_features": 235.54000091552734,
    "max_max_numeric_features": 582830.375,
    "pca_1": 0.9999403129948415,
    "pca_2": 5.9297117510312866e-05,
    "pca_3": 1.9529010416999541e-07,
    "mean_entropy_categorical_features": NaN,
    "stdev_entropy_categorical_features": NaN,
    "min_entropy_categorical_features": NaN,
    "median_entropy_categorical_features": NaN,
    "max_entropy_categorical_features": NaN,
    "mean_information_gain_categorical_features": NaN,
    "stdev_information_gain_categorical_features": NaN,
    "min_information_gain_categorical_features": NaN,
    "median_information_gain_categorical_features": NaN,
    "max_information_gain_categorical_features": NaN,
    "mean_mutual_informaiton_categorical_features": NaN,
    "stdev_mutual_informaiton_categorical_features": NaN,
    "min_mutual_informaiton_categorical_features": NaN,
    "median_mutual_informaiton_categorical_features": NaN,
    "max_mutual_informaiton_categorical_features": NaN,
    "knn_5_accuracy": 0.8822264691829911,
    "knn_5_balanced_accuracy": 0.4955448196841525,
    "gaussian_nb_accuracy": 0.8668896321070234,
    "gaussian_nb_balanced_accuracy": 0.6750442373089265,
    "lda_accuracy": 0.8929049211657908,
    "lda_balanced_accuracy": 0.6027888740287114,
    "decision_tree_3_accuracy": 0.8953416149068323,
    "decision_tree_3_balanced_accuracy": 0.5859659310878824,
    "decision_tree_1_accuracy": 0.9061156235069279,
    "decision_tree_1_balanced_accuracy": 0.5,
    "random_tree_2_accuracy": 0.9061634018155758,
    "random_tree_2_balanced_accuracy": 0.5338855421686747
}