{
    "nb_instances": 2109,
    "log_nb_instances": 7.653969180478774,
    "nb_features": 21,
    "dataset_dimensionality": 100.42857142857143,
    "log_dataset_dimensionality": 4.609446742755352,
    "dataset_ratio": 0.00995732574679943,
    "nb_missing_vals": 0,
    "ratio_features_with_missing_vals": 0.0,
    "ratio_instances_with_missing_vals": 0.0,
    "nb_numeric_features": 21,
    "nb_categorical_features": 0,
    "ratio_numeric_categorical_features": 0.0,
    "ratio_categorical_numeric_features": 0.0,
    "nb_classes": 2,
    "class_entropy": 0.4305645508080653,
    "mean_target_class_ratio": 0.5,
    "stdev_target_class_ratio": 0.3454243540763855,
    "minority_target_class_ratio": 0.1545756310224533,
    "median_target_class_ratio": 0.4999999925494194,
    "majority_target_class_ratio": 0.8454243540763855,
    "mean_mean_numeric_features": 285.096923828125,
    "stdev_mean_numeric_features": 1111.25390625,
    "min_mean_numeric_features": 0.08673778921365738,
    "q1_mean_numeric_features": 1.7596017122268677,
    "median_mean_numeric_features": 7.631673812866211,
    "q3_mean_numeric_features": 21.240070343017578,
    "max_mean_numeric_features": 5242.38623046875,
    "mean_stdev_numeric_features": 915.4548950195312,
    "stdev_stdev_numeric_features": 3702.939208984375,
    "min_stdev_numeric_features": 0.17550653219223022,
    "q1_stdev_numeric_features": 3.375859260559082,
    "median_stdev_numeric_features": 7.863645553588867,
    "q3_stdev_numeric_features": 32.074398040771484,
    "max_stdev_numeric_features": 17444.98046875,
    "mean_var_numeric_features": 14549819.0,
    "stdev_var_numeric_features": 64796552.0,
    "min_var_numeric_features": 0.030802540481090546,
    "q1_var_numeric_features": 11.3964262008667,
    "median_var_numeric_features": 61.83692169189453,
    "q3_var_numeric_features": 1028.76708984375,
    "max_var_numeric_features": 304327360.0,
    "mean_min_numeric_features": 0.2380952388048172,
    "stdev_min_numeric_features": 0.42591768503189087,
    "min_min_numeric_features": 0.0,
    "q1_min_numeric_features": 0.0,
    "median_min_numeric_features": 0.0,
    "q3_min_numeric_features": 0.0,
    "max_min_numeric_features": 1.0,
    "mean_median_numeric_features": 17.239999771118164,
    "stdev_median_numeric_features": 45.6286506652832,
    "min_median_numeric_features": 0.0,
    "q1_median_numeric_features": 1.0,
    "median_median_numeric_features": 5.0,
    "q3_median_numeric_features": 10.0,
    "max_median_numeric_features": 213.97000122070312,
    "mean_max_numeric_features": 16869.353515625,
    "stdev_max_numeric_features": 68976.0703125,
    "min_max_numeric_features": 2.0,
    "q1_max_numeric_features": 44.0,
    "median_max_numeric_features": 89.0,
    "q3_max_numeric_features": 428.0,
    "max_max_numeric_features": 324803.5,
    "pca_1": 0.9998810537382442,
    "pca_2": 0.00011780036236268243,
    "pca_3": 4.4369641512157506e-07,
    "mean_entropy_categorical_features": NaN,
    "stdev_entropy_categorical_features": NaN,
    "min_entropy_categorical_features": NaN,
    "median_entropy_categorical_features": NaN,
    "max_entropy_categorical_features": NaN,
    "mean_information_gain_categorical_features": NaN,
    "stdev_information_gain_categorical_features": NaN,
    "min_information_gain_categorical_features": NaN,
    "median_information_gain_categorical_features": NaN,
    "max_information_gain_categorical_features": NaN,
    "mean_mutual_informaiton_categorical_features": NaN,
    "stdev_mutual_informaiton_categorical_features": NaN,
    "min_mutual_informaiton_categorical_features": NaN,
    "median_mutual_informaiton_categorical_features": NaN,
    "max_mutual_informaiton_categorical_features": NaN,
    "knn_5_accuracy": 0.8402123132690166,
    "knn_5_balanced_accuracy": 0.5997485920995191,
    "gaussian_nb_accuracy": 0.8245657484436739,
    "gaussian_nb_balanced_accuracy": 0.634788136046233,
    "lda_accuracy": 0.8563316860105143,
    "lda_balanced_accuracy": 0.6219600541170194,
    "decision_tree_3_accuracy": 0.8463779536423097,
    "decision_tree_3_balanced_accuracy": 0.5686933502179151,
    "decision_tree_1_accuracy": 0.8454041944816563,
    "decision_tree_1_balanced_accuracy": 0.5,
    "random_tree_2_accuracy": 0.8529983902016187,
    "random_tree_2_balanced_accuracy": 0.5635433933861332
}