{
    "nb_instances": 1109,
    "log_nb_instances": 7.011213987350367,
    "nb_features": 21,
    "dataset_dimensionality": 52.80952380952381,
    "log_dataset_dimensionality": 3.966691549626944,
    "dataset_ratio": 0.018935978358881875,
    "nb_missing_vals": 0,
    "ratio_features_with_missing_vals": 0.0,
    "ratio_instances_with_missing_vals": 0.0,
    "nb_numeric_features": 21,
    "nb_categorical_features": 0,
    "ratio_numeric_categorical_features": 0.0,
    "ratio_categorical_numeric_features": 0.0,
    "nb_classes": 2,
    "class_entropy": 0.25216701728943836,
    "mean_target_class_ratio": 0.5,
    "stdev_target_class_ratio": 0.4305680990219116,
    "minority_target_class_ratio": 0.06943192332983017,
    "median_target_class_ratio": 0.5000000111758709,
    "majority_target_class_ratio": 0.9305680990219116,
    "mean_mean_numeric_features": 1500.9949951171875,
    "stdev_mean_numeric_features": 6119.9267578125,
    "min_mean_numeric_features": 0.1294138878583908,
    "q1_mean_numeric_features": 4.696122646331787,
    "median_mean_numeric_features": 15.39626693725586,
    "q3_mean_numeric_features": 50.901893615722656,
    "max_mean_numeric_features": 28822.8828125,
    "mean_stdev_numeric_features": 8678.6103515625,
    "stdev_stdev_numeric_features": 36272.62890625,
    "min_stdev_numeric_features": 0.14695194363594055,
    "q1_stdev_numeric_features": 8.18222427368164,
    "median_stdev_numeric_features": 16.54067611694336,
    "q3_stdev_numeric_features": 86.3086929321289,
    "max_stdev_numeric_features": 170643.609375,
    "mean_var_numeric_features": 1391021696.0,
    "stdev_var_numeric_features": 6200247296.0,
    "min_var_numeric_features": 0.021594872698187828,
    "q1_var_numeric_features": 66.94879150390625,
    "median_var_numeric_features": 273.5939636230469,
    "q3_var_numeric_features": 7449.18994140625,
    "max_var_numeric_features": 29119240192.0,
    "mean_min_numeric_features": 0.3333333432674408,
    "stdev_min_numeric_features": 0.471404492855072,
    "min_min_numeric_features": 0.0,
    "q1_min_numeric_features": 0.0,
    "median_min_numeric_features": 0.0,
    "q3_min_numeric_features": 1.0,
    "max_min_numeric_features": 1.0,
    "mean_median_numeric_features": 183.56190490722656,
    "stdev_median_numeric_features": 675.3013305664062,
    "min_median_numeric_features": 0.0,
    "q1_median_numeric_features": 2.0,
    "median_median_numeric_features": 12.0,
    "q3_median_numeric_features": 24.0,
    "max_median_numeric_features": 3189.169921875,
    "mean_max_numeric_features": 216793.90625,
    "stdev_max_numeric_features": 909879.125,
    "min_max_numeric_features": 2.0,
    "q1_max_numeric_features": 123.0,
    "median_max_numeric_features": 270.6600036621094,
    "q3_max_numeric_features": 1144.0,
    "max_max_numeric_features": 4279633.0,
    "pca_1": 0.999971428291996,
    "pca_2": 2.8478744323981702e-05,
    "pca_3": 5.1744549643355414e-08,
    "mean_entropy_categorical_features": NaN,
    "stdev_entropy_categorical_features": NaN,
    "min_entropy_categorical_features": NaN,
    "median_entropy_categorical_features": NaN,
    "max_entropy_categorical_features": NaN,
    "mean_information_gain_categorical_features": NaN,
    "stdev_information_gain_categorical_features": NaN,
    "min_information_gain_categorical_features": NaN,
    "median_information_gain_categorical_features": NaN,
    "max_information_gain_categorical_features": NaN,
    "mean_mutual_informaiton_categorical_features": NaN,
    "stdev_mutual_informaiton_categorical_features": NaN,
    "min_mutual_informaiton_categorical_features": NaN,
    "median_mutual_informaiton_categorical_features": NaN,
    "max_mutual_informaiton_categorical_features": NaN,
    "knn_5_accuracy": 0.9287880640821816,
    "knn_5_balanced_accuracy": 0.5546808599144745,
    "gaussian_nb_accuracy": 0.8926868044515104,
    "gaussian_nb_balanced_accuracy": 0.6118361989046786,
    "lda_accuracy": 0.9251559251559252,
    "lda_balanced_accuracy": 0.5892553291184381,
    "decision_tree_3_accuracy": 0.9296645061350943,
    "decision_tree_3_balanced_accuracy": 0.570917315051827,
    "decision_tree_1_accuracy": 0.9305694835106599,
    "decision_tree_1_balanced_accuracy": 0.5,
    "random_tree_2_accuracy": 0.9314622314622316,
    "random_tree_2_balanced_accuracy": 0.5106553147574819
}