{
    "nb_instances": 403,
    "log_nb_instances": 5.998936561946683,
    "nb_features": 37,
    "dataset_dimensionality": 10.891891891891891,
    "log_dataset_dimensionality": 2.3880186493024587,
    "dataset_ratio": 0.09181141439205956,
    "nb_missing_vals": 0,
    "ratio_features_with_missing_vals": 0.0,
    "ratio_instances_with_missing_vals": 0.0,
    "nb_numeric_features": 37,
    "nb_categorical_features": 0,
    "ratio_numeric_categorical_features": 0.0,
    "ratio_categorical_numeric_features": 0.0,
    "nb_classes": 2,
    "class_entropy": 0.2711893730418441,
    "mean_target_class_ratio": 0.5,
    "stdev_target_class_ratio": 0.42307692766189575,
    "minority_target_class_ratio": 0.07692307978868484,
    "median_target_class_ratio": 0.5000000037252903,
    "majority_target_class_ratio": 0.9230769276618958,
    "mean_mean_numeric_features": 251.88784790039062,
    "stdev_mean_numeric_features": 1292.822509765625,
    "min_mean_numeric_features": 0.05210918188095093,
    "q1_mean_numeric_features": 1.5004962682724,
    "median_mean_numeric_features": 4.940446853637695,
    "q3_mean_numeric_features": 20.560794830322266,
    "max_mean_numeric_features": 7985.32958984375,
    "mean_stdev_numeric_features": 556.7655639648438,
    "stdev_stdev_numeric_features": 3005.862548828125,
    "min_stdev_numeric_features": 0.09267538040876389,
    "q1_stdev_numeric_features": 1.7737334966659546,
    "median_stdev_numeric_features": 6.4433441162109375,
    "q3_stdev_numeric_features": 18.42061424255371,
    "max_stdev_numeric_features": 18556.572265625,
    "mean_var_numeric_features": 9345200.0,
    "stdev_var_numeric_features": 55833820.0,
    "min_var_numeric_features": 0.008588726632297039,
    "q1_var_numeric_features": 3.146130323410034,
    "median_var_numeric_features": 41.516685485839844,
    "q3_var_numeric_features": 339.3190612792969,
    "max_var_numeric_features": 344346400.0,
    "mean_min_numeric_features": 1.865675687789917,
    "stdev_min_numeric_features": 3.4558632373809814,
    "min_min_numeric_features": 0.0,
    "q1_min_numeric_features": 0.0,
    "median_min_numeric_features": 0.9700000286102295,
    "q3_min_numeric_features": 2.0,
    "max_min_numeric_features": 17.40999984741211,
    "mean_median_numeric_features": 67.43621063232422,
    "stdev_median_numeric_features": 301.4447326660156,
    "min_median_numeric_features": 0.0,
    "q1_median_numeric_features": 1.0,
    "median_median_numeric_features": 3.0,
    "q3_median_numeric_features": 15.0,
    "max_median_numeric_features": 1858.47998046875,
    "mean_max_numeric_features": 5807.04931640625,
    "stdev_max_numeric_features": 31507.958984375,
    "min_max_numeric_features": 0.6700000166893005,
    "q1_max_numeric_features": 16.0,
    "median_max_numeric_features": 44.0,
    "q3_max_numeric_features": 112.0,
    "max_max_numeric_features": 194481.828125,
    "pca_1": 0.9998528137213067,
    "pca_2": 0.00014278912966442985,
    "pca_3": 1.7129929849599987e-06,
    "mean_entropy_categorical_features": NaN,
    "stdev_entropy_categorical_features": NaN,
    "min_entropy_categorical_features": NaN,
    "median_entropy_categorical_features": NaN,
    "max_entropy_categorical_features": NaN,
    "mean_information_gain_categorical_features": NaN,
    "stdev_information_gain_categorical_features": NaN,
    "min_information_gain_categorical_features": NaN,
    "median_information_gain_categorical_features": NaN,
    "max_information_gain_categorical_features": NaN,
    "mean_mutual_informaiton_categorical_features": NaN,
    "stdev_mutual_informaiton_categorical_features": NaN,
    "min_mutual_informaiton_categorical_features": NaN,
    "median_mutual_informaiton_categorical_features": NaN,
    "max_mutual_informaiton_categorical_features": NaN,
    "knn_5_accuracy": 0.9205246913580247,
    "knn_5_balanced_accuracy": 0.4987012987012987,
    "gaussian_nb_accuracy": 0.8311419753086421,
    "gaussian_nb_balanced_accuracy": 0.7121408025517615,
    "lda_accuracy": 0.9132098765432097,
    "lda_balanced_accuracy": 0.6653504030346136,
    "decision_tree_3_accuracy": 0.9055864197530864,
    "decision_tree_3_balanced_accuracy": 0.6064635688319899,
    "decision_tree_1_accuracy": 0.9132407407407408,
    "decision_tree_1_balanced_accuracy": 0.5420341394025604,
    "random_tree_2_accuracy": 0.9107407407407407,
    "random_tree_2_balanced_accuracy": 0.5155352797476086
}