{
    "nb_instances": 478,
    "log_nb_instances": 6.169610732491456,
    "nb_features": 10,
    "dataset_dimensionality": 47.8,
    "log_dataset_dimensionality": 3.86702563949741,
    "dataset_ratio": 0.02092050209205021,
    "nb_missing_vals": 0,
    "ratio_features_with_missing_vals": 0.0,
    "ratio_instances_with_missing_vals": 0.0,
    "nb_numeric_features": 6,
    "nb_categorical_features": 4,
    "ratio_numeric_categorical_features": 1.5,
    "ratio_categorical_numeric_features": 0.6666666666666666,
    "nb_classes": 3,
    "class_entropy": 1.0156840922819246,
    "mean_target_class_ratio": 0.3333333432674408,
    "stdev_target_class_ratio": 0.13680507242679596,
    "minority_target_class_ratio": 0.1882845163345337,
    "median_target_class_ratio": 0.294979065656662,
    "majority_target_class_ratio": 0.5167363882064819,
    "mean_mean_numeric_features": 4.259414196014404,
    "stdev_mean_numeric_features": 2.942842960357666,
    "min_mean_numeric_features": 2.0857739448547363,
    "q1_mean_numeric_features": 2.2296024560928345,
    "median_mean_numeric_features": 2.9069037437438965,
    "q3_mean_numeric_features": 4.649581491947174,
    "max_mean_numeric_features": 10.42259407043457,
    "mean_stdev_numeric_features": 0.9741489887237549,
    "stdev_stdev_numeric_features": 0.09756368398666382,
    "min_stdev_numeric_features": 0.7843208909034729,
    "q1_stdev_numeric_features": 0.9562956392765045,
    "median_stdev_numeric_features": 0.9810109436511993,
    "q3_stdev_numeric_features": 1.0477111339569092,
    "max_stdev_numeric_features": 1.080549716949463,
    "mean_var_numeric_features": 0.958484947681427,
    "stdev_var_numeric_features": 0.18214847147464752,
    "min_var_numeric_features": 0.615159273147583,
    "q1_var_numeric_features": 0.9146645218133926,
    "median_var_numeric_features": 0.9623891413211823,
    "q3_var_numeric_features": 1.0990686416625977,
    "max_var_numeric_features": 1.1675876379013062,
    "mean_min_numeric_features": 2.5,
    "stdev_min_numeric_features": 2.291287899017334,
    "min_min_numeric_features": 1.0,
    "q1_min_numeric_features": 1.0,
    "median_min_numeric_features": 1.0,
    "q3_min_numeric_features": 3.25,
    "max_min_numeric_features": 7.0,
    "mean_median_numeric_features": 4.333333492279053,
    "stdev_median_numeric_features": 3.144660472869873,
    "min_median_numeric_features": 2.0,
    "q1_median_numeric_features": 2.25,
    "median_median_numeric_features": 3.0,
    "q3_median_numeric_features": 4.5,
    "max_median_numeric_features": 11.0,
    "mean_max_numeric_features": 5.833333492279053,
    "stdev_max_numeric_features": 3.2871806621551514,
    "min_max_numeric_features": 4.0,
    "q1_max_numeric_features": 4.0,
    "median_max_numeric_features": 4.0,
    "q3_max_numeric_features": 5.5,
    "max_max_numeric_features": 13.0,
    "pca_1": 0.34893962479094165,
    "pca_2": 0.2656403297463157,
    "pca_3": 0.19429498204429563,
    "mean_entropy_categorical_features": 1.0461359024047852,
    "stdev_entropy_categorical_features": 0.6910148859024048,
    "min_entropy_categorical_features": 0.2671721279621124,
    "median_entropy_categorical_features": 0.8935573101043701,
    "max_entropy_categorical_features": 2.1302571296691895,
    "mean_information_gain_categorical_features": 0.02025584876537323,
    "stdev_information_gain_categorical_features": 0.012724376283586025,
    "min_information_gain_categorical_features": 0.0015361763071268797,
    "median_information_gain_categorical_features": 0.021098080091178417,
    "max_information_gain_categorical_features": 0.03729105368256569,
    "mean_mutual_informaiton_categorical_features": 0.02025584876537323,
    "stdev_mutual_informaiton_categorical_features": 0.012724376283586025,
    "min_mutual_informaiton_categorical_features": 0.0015361763071268797,
    "median_mutual_informaiton_categorical_features": 0.021098080091178417,
    "max_mutual_informaiton_categorical_features": 0.03729105368256569,
    "knn_5_accuracy": NaN,
    "knn_5_balanced_accuracy": NaN,
    "gaussian_nb_accuracy": NaN,
    "gaussian_nb_balanced_accuracy": NaN,
    "lda_accuracy": NaN,
    "lda_balanced_accuracy": NaN,
    "decision_tree_3_accuracy": NaN,
    "decision_tree_3_balanced_accuracy": NaN,
    "decision_tree_1_accuracy": NaN,
    "decision_tree_1_balanced_accuracy": NaN,
    "random_tree_2_accuracy": NaN,
    "random_tree_2_balanced_accuracy": NaN
}