{
    "nb_instances": 151,
    "log_nb_instances": 5.017279836814924,
    "nb_features": 6,
    "dataset_dimensionality": 25.166666666666668,
    "log_dataset_dimensionality": 3.2255203675868693,
    "dataset_ratio": 0.039735099337748346,
    "nb_missing_vals": 0,
    "ratio_features_with_missing_vals": 0.0,
    "ratio_instances_with_missing_vals": 0.0,
    "nb_numeric_features": 2,
    "nb_categorical_features": 4,
    "ratio_numeric_categorical_features": 0.5,
    "ratio_categorical_numeric_features": 2.0,
    "nb_classes": 3,
    "class_entropy": 1.0983062060529227,
    "mean_target_class_ratio": 0.3333333432674408,
    "stdev_target_class_ratio": 0.008259736932814121,
    "minority_target_class_ratio": 0.3245033025741577,
    "median_target_class_ratio": 0.33112582564353943,
    "majority_target_class_ratio": 0.34437087178230286,
    "mean_mean_numeric_features": 51.93377685546875,
    "stdev_mean_numeric_features": 24.066225051879883,
    "min_mean_numeric_features": 27.867549896240234,
    "q1_mean_numeric_features": 39.900662422180176,
    "median_mean_numeric_features": 51.93377494812012,
    "q3_mean_numeric_features": 63.96688747406006,
    "max_mean_numeric_features": 76.0,
    "mean_stdev_numeric_features": 28.313899993896484,
    "stdev_stdev_numeric_features": 15.42014217376709,
    "min_stdev_numeric_features": 12.893758773803711,
    "q1_stdev_numeric_features": 20.603829860687256,
    "median_stdev_numeric_features": 28.3139009475708,
    "q3_stdev_numeric_features": 36.023972034454346,
    "max_stdev_numeric_features": 43.73404312133789,
    "mean_var_numeric_features": 1039.457763671875,
    "stdev_var_numeric_features": 873.2088012695312,
    "min_var_numeric_features": 166.24900817871094,
    "q1_var_numeric_features": 602.8534126281738,
    "median_var_numeric_features": 1039.4578170776367,
    "q3_var_numeric_features": 1476.0622215270996,
    "max_var_numeric_features": 1912.6666259765625,
    "mean_min_numeric_features": 2.0,
    "stdev_min_numeric_features": 1.0,
    "min_min_numeric_features": 1.0,
    "q1_min_numeric_features": 1.5,
    "median_min_numeric_features": 2.0,
    "q3_min_numeric_features": 2.5,
    "max_min_numeric_features": 3.0,
    "mean_median_numeric_features": 51.5,
    "stdev_median_numeric_features": 24.5,
    "min_median_numeric_features": 27.0,
    "q1_median_numeric_features": 39.25,
    "median_median_numeric_features": 51.5,
    "q3_median_numeric_features": 63.75,
    "max_median_numeric_features": 76.0,
    "mean_max_numeric_features": 108.5,
    "stdev_max_numeric_features": 42.5,
    "min_max_numeric_features": 66.0,
    "q1_max_numeric_features": 87.25,
    "median_max_numeric_features": 108.5,
    "q3_max_numeric_features": 129.75,
    "max_max_numeric_features": 151.0,
    "pca_1": 0.9225574614083379,
    "pca_2": 0.07744253859166204,
    "mean_entropy_categorical_features": 1.6238250732421875,
    "stdev_entropy_categorical_features": 1.175575852394104,
    "min_entropy_categorical_features": 0.4267086982727051,
    "median_entropy_categorical_features": 1.5340406149625778,
    "max_entropy_categorical_features": 3.0005104541778564,
    "mean_information_gain_categorical_features": 1.4189565181732178,
    "stdev_information_gain_categorical_features": 1.3788294792175293,
    "min_information_gain_categorical_features": 0.04488702863454819,
    "median_information_gain_categorical_features": 1.3152143023908138,
    "max_information_gain_categorical_features": 3.0005104541778564,
    "mean_mutual_informaiton_categorical_features": 0.16562119126319885,
    "stdev_mutual_informaiton_categorical_features": 0.12503428757190704,
    "min_mutual_informaiton_categorical_features": 0.0386190339922905,
    "median_mutual_informaiton_categorical_features": 0.16164063848555088,
    "max_mutual_informaiton_categorical_features": 0.30058443546295166,
    "knn_5_accuracy": 0.6286021505376344,
    "knn_5_balanced_accuracy": 0.6221167721167722,
    "gaussian_nb_accuracy": 0.5152688172043011,
    "gaussian_nb_balanced_accuracy": 0.5319517519517518,
    "lda_accuracy": 0.5496774193548386,
    "lda_balanced_accuracy": 0.5638119288119289,
    "decision_tree_3_accuracy": 0.46365591397849465,
    "decision_tree_3_balanced_accuracy": 0.4733044733044733,
    "decision_tree_1_accuracy": 0.35698924731182796,
    "decision_tree_1_balanced_accuracy": 0.4032323232323233,
    "random_tree_2_accuracy": 0.4043010752688172,
    "random_tree_2_balanced_accuracy": 0.43532661782661786
}