{
    "nb_instances": 2000,
    "log_nb_instances": 7.600902459542082,
    "nb_features": 216,
    "dataset_dimensionality": 9.25925925925926,
    "log_dataset_dimensionality": 2.2256240518579173,
    "dataset_ratio": 0.108,
    "nb_missing_vals": 0,
    "ratio_features_with_missing_vals": 0.0,
    "ratio_instances_with_missing_vals": 0.0,
    "nb_numeric_features": 216,
    "nb_categorical_features": 0,
    "ratio_numeric_categorical_features": 0.0,
    "ratio_categorical_numeric_features": 0.0,
    "nb_classes": 10,
    "class_entropy": 2.3025850929940455,
    "mean_target_class_ratio": 0.10000000149011612,
    "stdev_target_class_ratio": 0.0,
    "minority_target_class_ratio": 0.10000000149011612,
    "median_target_class_ratio": 0.10000000149011612,
    "majority_target_class_ratio": 0.10000000149011612,
    "mean_mean_numeric_features": 318.2703857421875,
    "stdev_mean_numeric_features": 345.94158935546875,
    "min_mean_numeric_features": 6.767499923706055,
    "q1_mean_numeric_features": 14.945375204086304,
    "median_mean_numeric_features": 146.47975635528564,
    "q3_mean_numeric_features": 684.4822387695312,
    "max_mean_numeric_features": 1141.570556640625,
    "mean_stdev_numeric_features": 49.58131790161133,
    "stdev_stdev_numeric_features": 46.078590393066406,
    "min_stdev_numeric_features": 1.9854850769042969,
    "q1_stdev_numeric_features": 5.5604753494262695,
    "median_stdev_numeric_features": 30.290066242218018,
    "q3_stdev_numeric_features": 91.3825912475586,
    "max_stdev_numeric_features": 153.51158142089844,
    "mean_var_numeric_features": 4581.54296875,
    "stdev_var_numeric_features": 5571.18408203125,
    "min_var_numeric_features": 3.942150831222534,
    "q1_var_numeric_features": 30.919123649597168,
    "median_var_numeric_features": 1248.9016036987305,
    "q3_var_numeric_features": 8350.8125,
    "max_var_numeric_features": 23565.8046875,
    "mean_min_numeric_features": 188.0601806640625,
    "stdev_min_numeric_features": 237.13735961914062,
    "min_min_numeric_features": 0.0,
    "q1_min_numeric_features": 0.0,
    "median_min_numeric_features": 31.5,
    "q3_min_numeric_features": 455.25,
    "max_min_numeric_features": 761.0,
    "mean_median_numeric_features": 318.1134338378906,
    "stdev_median_numeric_features": 348.13372802734375,
    "min_median_numeric_features": 7.0,
    "q1_median_numeric_features": 14.0,
    "median_median_numeric_features": 144.0,
    "q3_median_numeric_features": 677.5,
    "max_median_numeric_features": 1181.0,
    "mean_max_numeric_features": 474.6111145019531,
    "stdev_max_numeric_features": 479.5164489746094,
    "min_max_numeric_features": 17.0,
    "q1_max_numeric_features": 28.75,
    "median_max_numeric_features": 259.0,
    "q3_max_numeric_features": 992.0,
    "max_max_numeric_features": 1353.0,
    "pca_1": 0.31069675987456324,
    "pca_2": 0.19747181368750924,
    "pca_3": 0.1633117930045286,
    "mean_entropy_categorical_features": NaN,
    "stdev_entropy_categorical_features": NaN,
    "min_entropy_categorical_features": NaN,
    "median_entropy_categorical_features": NaN,
    "max_entropy_categorical_features": NaN,
    "mean_information_gain_categorical_features": NaN,
    "stdev_information_gain_categorical_features": NaN,
    "min_information_gain_categorical_features": NaN,
    "median_information_gain_categorical_features": NaN,
    "max_information_gain_categorical_features": NaN,
    "mean_mutual_informaiton_categorical_features": NaN,
    "stdev_mutual_informaiton_categorical_features": NaN,
    "min_mutual_informaiton_categorical_features": NaN,
    "median_mutual_informaiton_categorical_features": NaN,
    "max_mutual_informaiton_categorical_features": NaN,
    "knn_5_accuracy": 0.9434999999999999,
    "knn_5_balanced_accuracy": 0.9446788796586713,
    "gaussian_nb_accuracy": 0.9269999999999999,
    "gaussian_nb_balanced_accuracy": 0.9266366314695466,
    "lda_accuracy": 0.9789999999999999,
    "lda_balanced_accuracy": 0.9789572007483907,
    "decision_tree_3_accuracy": 0.625,
    "decision_tree_3_balanced_accuracy": 0.6382205533251349,
    "decision_tree_1_accuracy": 0.1645,
    "decision_tree_1_balanced_accuracy": 0.19395369361820974,
    "random_tree_2_accuracy": 0.3525,
    "random_tree_2_balanced_accuracy": 0.36580902763467205
}