{
    "nb_instances": 149639,
    "log_nb_instances": 11.915981005734594,
    "nb_features": 11,
    "dataset_dimensionality": 13603.545454545454,
    "log_dataset_dimensionality": 9.518085732936223,
    "dataset_ratio": 7.351024799684575e-05,
    "nb_missing_vals": 0,
    "ratio_features_with_missing_vals": 0.0,
    "ratio_instances_with_missing_vals": 0.0,
    "nb_numeric_features": 11,
    "nb_categorical_features": 0,
    "ratio_numeric_categorical_features": 0.0,
    "ratio_categorical_numeric_features": 0.0,
    "nb_classes": 2,
    "class_entropy": 0.18262683231646143,
    "mean_target_class_ratio": 0.5,
    "stdev_target_class_ratio": 0.45529240369796753,
    "minority_target_class_ratio": 0.04470759630203247,
    "median_target_class_ratio": 0.5,
    "majority_target_class_ratio": 0.9552924036979675,
    "mean_mean_numeric_features": 8.797582173268869e+17,
    "stdev_mean_numeric_features": 2.782040120813945e+18,
    "min_mean_numeric_features": 1.488248348236084,
    "q1_mean_numeric_features": 11256.991015434265,
    "median_mean_numeric_features": 108395.7734375,
    "q3_mean_numeric_features": 3445443.75,
    "max_mean_numeric_features": 9.677340596754186e+18,
    "mean_stdev_numeric_features": 4.51863235650388e+17,
    "stdev_stdev_numeric_features": 1.4289170651204813e+18,
    "min_stdev_numeric_features": 0.6451550722122192,
    "q1_stdev_numeric_features": 5905.644819259644,
    "median_stdev_numeric_features": 321093.65625,
    "q3_stdev_numeric_features": 5711971.0,
    "max_stdev_numeric_features": 4.970495695233483e+18,
    "mean_var_numeric_features": 2.2459841947720948e+36,
    "stdev_var_numeric_features": Infinity,
    "min_var_numeric_features": 0.41622504591941833,
    "q1_var_numeric_features": 69066196.87426758,
    "median_var_numeric_features": 103101128704.0,
    "q3_var_numeric_features": 32690619285504.0,
    "max_var_numeric_features": 2.470582566712407e+37,
    "mean_min_numeric_features": 46363668643840.0,
    "stdev_min_numeric_features": 146614782001152.0,
    "min_min_numeric_features": 0.0,
    "q1_min_numeric_features": 0.0,
    "median_min_numeric_features": 1.0,
    "q3_min_numeric_features": 41.5,
    "max_min_numeric_features": 510000355082240.0,
    "mean_median_numeric_features": 9.482380005280317e+17,
    "stdev_median_numeric_features": 2.9985922344393114e+18,
    "min_median_numeric_features": 1.0,
    "q1_median_numeric_features": 1632.5,
    "median_median_numeric_features": 10603.0,
    "q3_median_numeric_features": 468870.0,
    "max_median_numeric_features": 1.043061821196678e+19,
    "mean_max_numeric_features": 1.676892121556058e+18,
    "stdev_max_numeric_features": 5.302798345717154e+18,
    "min_max_numeric_features": 3.0,
    "q1_max_numeric_features": 30455.0,
    "median_max_numeric_features": 3171177.0,
    "q3_max_numeric_features": 23067371.0,
    "max_max_numeric_features": 1.8445812787360825e+19,
    "pca_1": 0.9999999999999984,
    "pca_2": 2.1079797082780706e-24,
    "pca_3": 1.5071728688892258e-24,
    "mean_entropy_categorical_features": NaN,
    "stdev_entropy_categorical_features": NaN,
    "min_entropy_categorical_features": NaN,
    "median_entropy_categorical_features": NaN,
    "max_entropy_categorical_features": NaN,
    "mean_information_gain_categorical_features": NaN,
    "stdev_information_gain_categorical_features": NaN,
    "min_information_gain_categorical_features": NaN,
    "median_information_gain_categorical_features": NaN,
    "max_information_gain_categorical_features": NaN,
    "mean_mutual_informaiton_categorical_features": NaN,
    "stdev_mutual_informaiton_categorical_features": NaN,
    "min_mutual_informaiton_categorical_features": NaN,
    "median_mutual_informaiton_categorical_features": NaN,
    "max_mutual_informaiton_categorical_features": NaN,
    "knn_5_accuracy": 0.9534747038876306,
    "knn_5_balanced_accuracy": 0.5070978750053714,
    "gaussian_nb_accuracy": 0.9552924090695003,
    "gaussian_nb_balanced_accuracy": 0.5,
    "lda_accuracy": 0.9553124516024724,
    "lda_balanced_accuracy": 0.5003030197160792,
    "decision_tree_3_accuracy": 0.9552924092928006,
    "decision_tree_3_balanced_accuracy": 0.5,
    "decision_tree_1_accuracy": 0.9552923999141919,
    "decision_tree_1_balanced_accuracy": 0.5,
    "random_tree_2_accuracy": 0.9552924099627012,
    "random_tree_2_balanced_accuracy": 0.5
}