{
    "nb_instances": 399482,
    "log_nb_instances": 12.897923986853,
    "nb_features": 11,
    "dataset_dimensionality": 36316.545454545456,
    "log_dataset_dimensionality": 10.50002871405463,
    "dataset_ratio": 2.7535658677987993e-05,
    "nb_missing_vals": 0,
    "ratio_features_with_missing_vals": 0.0,
    "ratio_instances_with_missing_vals": 0.0,
    "nb_numeric_features": 11,
    "nb_categorical_features": 0,
    "ratio_numeric_categorical_features": 0.0,
    "ratio_categorical_numeric_features": 0.0,
    "nb_classes": 2,
    "class_entropy": 0.4526047063304873,
    "mean_target_class_ratio": 0.5,
    "stdev_target_class_ratio": 0.3320600390434265,
    "minority_target_class_ratio": 0.16793997585773468,
    "median_target_class_ratio": 0.5000000074505806,
    "majority_target_class_ratio": 0.8320600390434265,
    "mean_mean_numeric_features": 8.770587101222666e+17,
    "stdev_mean_numeric_features": 2.773503237657985e+18,
    "min_mean_numeric_features": 1.4630045890808105,
    "q1_mean_numeric_features": 11223.802214324474,
    "median_mean_numeric_features": 108735.140625,
    "q3_mean_numeric_features": 3437817.0,
    "max_mean_numeric_features": 9.64764608622284e+18,
    "mean_stdev_numeric_features": 4.529518552411013e+17,
    "stdev_stdev_numeric_features": 1.432359361149141e+18,
    "min_stdev_numeric_features": 0.6330713629722595,
    "q1_stdev_numeric_features": 5906.891359329224,
    "median_stdev_numeric_features": 321535.625,
    "q3_stdev_numeric_features": 5696646.25,
    "max_stdev_numeric_features": 4.982470476371591e+18,
    "mean_var_numeric_features": 2.2568192798212206e+36,
    "stdev_var_numeric_features": Infinity,
    "min_var_numeric_features": 0.4007793664932251,
    "q1_var_numeric_features": 69381827.14611816,
    "median_var_numeric_features": 103385153536.0,
    "q3_var_numeric_features": 32489512894464.0,
    "max_var_numeric_features": 2.4825012711858726e+37,
    "mean_min_numeric_features": 43857899159552.0,
    "stdev_min_numeric_features": 138690860941312.0,
    "min_min_numeric_features": 0.0,
    "q1_min_numeric_features": 0.0,
    "median_min_numeric_features": 1.0,
    "q3_min_numeric_features": 41.0,
    "max_min_numeric_features": 482436899143680.0,
    "mean_median_numeric_features": 9.436364756463124e+17,
    "stdev_median_numeric_features": 2.984040472923603e+18,
    "min_median_numeric_features": 1.0,
    "q1_median_numeric_features": 1636.0,
    "median_median_numeric_features": 10559.0,
    "q3_median_numeric_features": 506444.25,
    "max_median_numeric_features": 1.0380001094670483e+19,
    "mean_max_numeric_features": 1.676899955576406e+18,
    "stdev_max_numeric_features": 5.302823634484593e+18,
    "min_max_numeric_features": 3.0,
    "q1_max_numeric_features": 25451.5,
    "median_max_numeric_features": 3171590.0,
    "q3_max_numeric_features": 23071829.0,
    "max_max_numeric_features": 1.844589964877942e+19,
    "pca_1": 0.9999999999999966,
    "pca_2": 2.1075117712589523e-24,
    "pca_3": 1.4732201435422052e-24,
    "mean_entropy_categorical_features": NaN,
    "stdev_entropy_categorical_features": NaN,
    "min_entropy_categorical_features": NaN,
    "median_entropy_categorical_features": NaN,
    "max_entropy_categorical_features": NaN,
    "mean_information_gain_categorical_features": NaN,
    "stdev_information_gain_categorical_features": NaN,
    "min_information_gain_categorical_features": NaN,
    "median_information_gain_categorical_features": NaN,
    "max_information_gain_categorical_features": NaN,
    "mean_mutual_informaiton_categorical_features": NaN,
    "stdev_mutual_informaiton_categorical_features": NaN,
    "min_mutual_informaiton_categorical_features": NaN,
    "median_mutual_informaiton_categorical_features": NaN,
    "max_mutual_informaiton_categorical_features": NaN,
    "knn_5_accuracy": 0.8123444857264843,
    "knn_5_balanced_accuracy": 0.5417309223857326,
    "gaussian_nb_accuracy": 0.8320600217082086,
    "gaussian_nb_balanced_accuracy": 0.5,
    "lda_accuracy": 0.8321226001815176,
    "lda_balanced_accuracy": 0.5003525977082093,
    "decision_tree_3_accuracy": 0.8332916101318839,
    "decision_tree_3_balanced_accuracy": 0.5128781617408646,
    "decision_tree_1_accuracy": 0.8320600140947716,
    "decision_tree_1_balanced_accuracy": 0.5,
    "random_tree_2_accuracy": 0.8320600182931278,
    "random_tree_2_balanced_accuracy": 0.5
}