{
    "nb_instances": 2000,
    "log_nb_instances": 7.600902459542082,
    "nb_features": 76,
    "dataset_dimensionality": 26.31578947368421,
    "log_dataset_dimensionality": 3.270169119255751,
    "dataset_ratio": 0.038,
    "nb_missing_vals": 0,
    "ratio_features_with_missing_vals": 0.0,
    "ratio_instances_with_missing_vals": 0.0,
    "nb_numeric_features": 76,
    "nb_categorical_features": 0,
    "ratio_numeric_categorical_features": 0.0,
    "ratio_categorical_numeric_features": 0.0,
    "nb_classes": 10,
    "class_entropy": 2.3025850929940455,
    "mean_target_class_ratio": 0.10000000149011612,
    "stdev_target_class_ratio": 0.0,
    "minority_target_class_ratio": 0.10000000149011612,
    "median_target_class_ratio": 0.10000000149011612,
    "majority_target_class_ratio": 0.10000000149011612,
    "mean_mean_numeric_features": 0.13203206658363342,
    "stdev_mean_numeric_features": 0.06801141053438187,
    "min_mean_numeric_features": 0.07169202715158463,
    "q1_mean_numeric_features": 0.08636137843132019,
    "median_mean_numeric_features": 0.10649987682700157,
    "q3_mean_numeric_features": 0.15306640043854713,
    "max_mean_numeric_features": 0.377310574054718,
    "mean_stdev_numeric_features": 0.06710795313119888,
    "stdev_stdev_numeric_features": 0.03188738599419594,
    "min_stdev_numeric_features": 0.037555497139692307,
    "q1_stdev_numeric_features": 0.04316387791186571,
    "median_stdev_numeric_features": 0.05275929905474186,
    "q3_stdev_numeric_features": 0.08631789311766624,
    "max_stdev_numeric_features": 0.17623066902160645,
    "mean_var_numeric_features": 0.005520282778888941,
    "stdev_var_numeric_features": 0.0058400691486895084,
    "min_var_numeric_features": 0.001410415512509644,
    "q1_var_numeric_features": 0.0018632786523085088,
    "median_var_numeric_features": 0.0027835540240630507,
    "q3_var_numeric_features": 0.007450778502970934,
    "max_var_numeric_features": 0.031057249754667282,
    "mean_min_numeric_features": 0.0031921565532684326,
    "stdev_min_numeric_features": 0.0024628618266433477,
    "min_min_numeric_features": 0.00017629000649321824,
    "q1_min_numeric_features": 0.0017303100321441889,
    "median_min_numeric_features": 0.0024383750278502703,
    "q3_min_numeric_features": 0.0035901350202038884,
    "max_min_numeric_features": 0.011918609961867332,
    "mean_median_numeric_features": 0.12622766196727753,
    "stdev_median_numeric_features": 0.0694107860326767,
    "min_median_numeric_features": 0.06586991250514984,
    "q1_median_numeric_features": 0.08244714513421059,
    "median_median_numeric_features": 0.10271168500185013,
    "q3_median_numeric_features": 0.13989758491516113,
    "max_median_numeric_features": 0.40120840072631836,
    "mean_max_numeric_features": 0.38195136189460754,
    "stdev_max_numeric_features": 0.14897483587265015,
    "min_max_numeric_features": 0.2290237843990326,
    "q1_max_numeric_features": 0.2653959318995476,
    "median_max_numeric_features": 0.3201903700828552,
    "q3_max_numeric_features": 0.4591532349586487,
    "max_max_numeric_features": 0.7964872121810913,
    "pca_1": 0.19237015981482555,
    "pca_2": 0.1313031067018105,
    "pca_3": 0.096699246945052,
    "mean_entropy_categorical_features": NaN,
    "stdev_entropy_categorical_features": NaN,
    "min_entropy_categorical_features": NaN,
    "median_entropy_categorical_features": NaN,
    "max_entropy_categorical_features": NaN,
    "mean_information_gain_categorical_features": NaN,
    "stdev_information_gain_categorical_features": NaN,
    "min_information_gain_categorical_features": NaN,
    "median_information_gain_categorical_features": NaN,
    "max_information_gain_categorical_features": NaN,
    "mean_mutual_informaiton_categorical_features": NaN,
    "stdev_mutual_informaiton_categorical_features": NaN,
    "min_mutual_informaiton_categorical_features": NaN,
    "median_mutual_informaiton_categorical_features": NaN,
    "max_mutual_informaiton_categorical_features": NaN,
    "knn_5_accuracy": 0.8380000000000001,
    "knn_5_balanced_accuracy": 0.8401476324055961,
    "gaussian_nb_accuracy": 0.7634999999999998,
    "gaussian_nb_balanced_accuracy": 0.7646766814307394,
    "lda_accuracy": 0.8089999999999999,
    "lda_balanced_accuracy": 0.8095374538961227,
    "decision_tree_3_accuracy": 0.5945,
    "decision_tree_3_balanced_accuracy": 0.6067296037790536,
    "decision_tree_1_accuracy": 0.17200000000000001,
    "decision_tree_1_balanced_accuracy": 0.1934634359947453,
    "random_tree_2_accuracy": 0.287,
    "random_tree_2_balanced_accuracy": 0.28791102867265633
}