{
    "nb_instances": 661,
    "log_nb_instances": 6.493753839851686,
    "nb_features": 37,
    "dataset_dimensionality": 17.864864864864863,
    "log_dataset_dimensionality": 2.882835927207462,
    "dataset_ratio": 0.05597579425113464,
    "nb_missing_vals": 0,
    "ratio_features_with_missing_vals": 0.0,
    "ratio_instances_with_missing_vals": 0.0,
    "nb_numeric_features": 37,
    "nb_categorical_features": 0,
    "ratio_numeric_categorical_features": 0.0,
    "ratio_categorical_numeric_features": 0.0,
    "nb_classes": 2,
    "class_entropy": 0.27550573334402895,
    "mean_target_class_ratio": 0.5,
    "stdev_target_class_ratio": 0.4213313162326813,
    "minority_target_class_ratio": 0.07866868376731873,
    "median_target_class_ratio": 0.4999999850988388,
    "majority_target_class_ratio": 0.9213312864303589,
    "mean_mean_numeric_features": 962.8440551757812,
    "stdev_mean_numeric_features": 5236.37890625,
    "min_mean_numeric_features": 0.07862329483032227,
    "q1_mean_numeric_features": 2.1562178134918213,
    "median_mean_numeric_features": 10.378214836120605,
    "q3_mean_numeric_features": 28.275341033935547,
    "max_mean_numeric_features": 32323.666015625,
    "mean_stdev_numeric_features": 3961.851318359375,
    "stdev_stdev_numeric_features": 22126.685546875,
    "min_stdev_numeric_features": 0.0577985942363739,
    "q1_stdev_numeric_features": 3.3322641849517822,
    "median_stdev_numeric_features": 14.453736305236816,
    "q3_stdev_numeric_features": 37.554298400878906,
    "max_stdev_numeric_features": 136511.375,
    "mean_var_numeric_features": 505286496.0,
    "stdev_var_numeric_features": 3021692416.0,
    "min_var_numeric_features": 0.0033406775910407305,
    "q1_var_numeric_features": 11.103983879089355,
    "median_var_numeric_features": 208.9104766845703,
    "q3_var_numeric_features": 1410.3253173828125,
    "max_var_numeric_features": 18635356160.0,
    "mean_min_numeric_features": 3.946216583251953,
    "stdev_min_numeric_features": 9.914377212524414,
    "min_min_numeric_features": 0.0,
    "q1_min_numeric_features": 0.009999999776482582,
    "median_min_numeric_features": 1.0,
    "q3_min_numeric_features": 3.119999885559082,
    "max_min_numeric_features": 56.150001525878906,
    "mean_median_numeric_features": 203.9794464111328,
    "stdev_median_numeric_features": 1035.601806640625,
    "min_median_numeric_features": 0.0,
    "q1_median_numeric_features": 0.6000000238418579,
    "median_median_numeric_features": 6.0,
    "q3_median_numeric_features": 17.0,
    "max_median_numeric_features": 6396.35986328125,
    "mean_max_numeric_features": 78916.8359375,
    "stdev_max_numeric_features": 442647.125,
    "min_max_numeric_features": 0.5,
    "q1_max_numeric_features": 24.0,
    "median_max_numeric_features": 136.0,
    "q3_max_numeric_features": 581.0,
    "max_max_numeric_features": 2730637.25,
    "pca_1": 0.9999799975961076,
    "pca_2": 1.97817110954852e-05,
    "pca_3": 9.646069063546289e-08,
    "mean_entropy_categorical_features": NaN,
    "stdev_entropy_categorical_features": NaN,
    "min_entropy_categorical_features": NaN,
    "median_entropy_categorical_features": NaN,
    "max_entropy_categorical_features": NaN,
    "mean_information_gain_categorical_features": NaN,
    "stdev_information_gain_categorical_features": NaN,
    "min_information_gain_categorical_features": NaN,
    "median_information_gain_categorical_features": NaN,
    "max_information_gain_categorical_features": NaN,
    "mean_mutual_informaiton_categorical_features": NaN,
    "stdev_mutual_informaiton_categorical_features": NaN,
    "min_mutual_informaiton_categorical_features": NaN,
    "median_mutual_informaiton_categorical_features": NaN,
    "max_mutual_informaiton_categorical_features": NaN,
    "knn_5_accuracy": 0.9137958532695374,
    "knn_5_balanced_accuracy": 0.5034730421094057,
    "gaussian_nb_accuracy": 0.8910230120756436,
    "gaussian_nb_balanced_accuracy": 0.6535775473312972,
    "lda_accuracy": 0.9137616769195717,
    "lda_balanced_accuracy": 0.6387539857803457,
    "decision_tree_3_accuracy": 0.9318865345181134,
    "decision_tree_3_balanced_accuracy": 0.5833903974813065,
    "decision_tree_1_accuracy": 0.921291866028708,
    "decision_tree_1_balanced_accuracy": 0.5,
    "random_tree_2_accuracy": 0.9228298017771701,
    "random_tree_2_balanced_accuracy": 0.509090909090909
}