{
    "nb_instances": 296,
    "log_nb_instances": 5.69035945432406,
    "nb_features": 37,
    "dataset_dimensionality": 8.0,
    "log_dataset_dimensionality": 2.0794415416798357,
    "dataset_ratio": 0.125,
    "nb_missing_vals": 0,
    "ratio_features_with_missing_vals": 0.0,
    "ratio_instances_with_missing_vals": 0.0,
    "nb_numeric_features": 37,
    "nb_categorical_features": 0,
    "ratio_numeric_categorical_features": 0.0,
    "ratio_categorical_numeric_features": 0.0,
    "nb_classes": 2,
    "class_entropy": 0.383292403718047,
    "mean_target_class_ratio": 0.5,
    "stdev_target_class_ratio": 0.37162160873413086,
    "minority_target_class_ratio": 0.12837837636470795,
    "median_target_class_ratio": 0.4999999925494194,
    "majority_target_class_ratio": 0.8716216087341309,
    "mean_mean_numeric_features": 1214.3013916015625,
    "stdev_mean_numeric_features": 6600.421875,
    "min_mean_numeric_features": 0.0785810798406601,
    "q1_mean_numeric_features": 2.827702760696411,
    "median_mean_numeric_features": 14.827702522277832,
    "q3_mean_numeric_features": 37.195945739746094,
    "max_mean_numeric_features": 40743.95703125,
    "mean_stdev_numeric_features": 4061.626220703125,
    "stdev_stdev_numeric_features": 22688.51953125,
    "min_stdev_numeric_features": 0.055921997874975204,
    "q1_stdev_numeric_features": 3.5049192905426025,
    "median_stdev_numeric_features": 13.847535133361816,
    "q3_stdev_numeric_features": 36.28632354736328,
    "max_stdev_numeric_features": 139977.234375,
    "mean_var_numeric_features": 531265696.0,
    "stdev_var_numeric_features": 3177075456.0,
    "min_var_numeric_features": 0.0031272699125111103,
    "q1_var_numeric_features": 12.284459114074707,
    "median_var_numeric_features": 191.75424194335938,
    "q3_var_numeric_features": 1316.697265625,
    "max_var_numeric_features": 19593627648.0,
    "mean_min_numeric_features": 7.032432556152344,
    "stdev_min_numeric_features": 20.62190818786621,
    "min_min_numeric_features": 0.0,
    "q1_min_numeric_features": 0.019999999552965164,
    "median_min_numeric_features": 2.0,
    "q3_min_numeric_features": 5.0,
    "max_min_numeric_features": 124.0199966430664,
    "mean_median_numeric_features": 265.3197326660156,
    "stdev_median_numeric_features": 1345.7840576171875,
    "min_median_numeric_features": 0.0,
    "q1_median_numeric_features": 2.0,
    "median_median_numeric_features": 7.0,
    "q3_median_numeric_features": 27.0,
    "max_median_numeric_features": 8312.8701171875,
    "mean_max_numeric_features": 60863.5546875,
    "stdev_max_numeric_features": 342001.625,
    "min_max_numeric_features": 0.4300000071525574,
    "q1_max_numeric_features": 25.0,
    "median_max_numeric_features": 124.0,
    "q3_max_numeric_features": 345.0,
    "max_max_numeric_features": 2109679.5,
    "pca_1": 0.9999652245497025,
    "pca_2": 3.460040809935863e-05,
    "pca_3": 6.782122492672084e-08,
    "mean_entropy_categorical_features": NaN,
    "stdev_entropy_categorical_features": NaN,
    "min_entropy_categorical_features": NaN,
    "median_entropy_categorical_features": NaN,
    "max_entropy_categorical_features": NaN,
    "mean_information_gain_categorical_features": NaN,
    "stdev_information_gain_categorical_features": NaN,
    "min_information_gain_categorical_features": NaN,
    "median_information_gain_categorical_features": NaN,
    "max_information_gain_categorical_features": NaN,
    "mean_mutual_informaiton_categorical_features": NaN,
    "stdev_mutual_informaiton_categorical_features": NaN,
    "min_mutual_informaiton_categorical_features": NaN,
    "median_mutual_informaiton_categorical_features": NaN,
    "max_mutual_informaiton_categorical_features": NaN,
    "knn_5_accuracy": 0.8545762711864405,
    "knn_5_balanced_accuracy": 0.5210713687184276,
    "gaussian_nb_accuracy": 0.8075706214689266,
    "gaussian_nb_balanced_accuracy": 0.629748178323095,
    "lda_accuracy": 0.8412429378531072,
    "lda_balanced_accuracy": 0.5823852977088271,
    "decision_tree_3_accuracy": 0.8615819209039547,
    "decision_tree_3_balanced_accuracy": 0.5245305880455714,
    "decision_tree_1_accuracy": 0.871638418079096,
    "decision_tree_1_balanced_accuracy": 0.5,
    "random_tree_2_accuracy": 0.8648587570621469,
    "random_tree_2_balanced_accuracy": 0.49615384615384617
}