{
    "nb_instances": 327,
    "log_nb_instances": 5.7899601708972535,
    "nb_features": 37,
    "dataset_dimensionality": 8.837837837837839,
    "log_dataset_dimensionality": 2.179042258253029,
    "dataset_ratio": 0.11314984709480122,
    "nb_missing_vals": 0,
    "ratio_features_with_missing_vals": 0.0,
    "ratio_instances_with_missing_vals": 0.0,
    "nb_numeric_features": 37,
    "nb_categorical_features": 0,
    "ratio_numeric_categorical_features": 0.0,
    "ratio_categorical_numeric_features": 0.0,
    "nb_classes": 2,
    "class_entropy": 0.3834111178560703,
    "mean_target_class_ratio": 0.5,
    "stdev_target_class_ratio": 0.37155961990356445,
    "minority_target_class_ratio": 0.12844036519527435,
    "median_target_class_ratio": 0.4999999925494194,
    "majority_target_class_ratio": 0.8715596199035645,
    "mean_mean_numeric_features": 1462.3875732421875,
    "stdev_mean_numeric_features": 7972.0478515625,
    "min_mean_numeric_features": 0.07663608342409134,
    "q1_mean_numeric_features": 3.0856268405914307,
    "median_mean_numeric_features": 16.7675838470459,
    "q3_mean_numeric_features": 41.18654251098633,
    "max_mean_numeric_features": 49208.265625,
    "mean_stdev_numeric_features": 4655.66845703125,
    "stdev_stdev_numeric_features": 25989.541015625,
    "min_stdev_numeric_features": 0.05572604387998581,
    "q1_stdev_numeric_features": 3.941781997680664,
    "median_stdev_numeric_features": 15.101056098937988,
    "q3_stdev_numeric_features": 41.514129638671875,
    "max_stdev_numeric_features": 160345.25,
    "mean_var_numeric_features": 697131392.0,
    "stdev_var_numeric_features": 4168930560.0,
    "min_var_numeric_features": 0.0031053919810801744,
    "q1_var_numeric_features": 15.537644386291504,
    "median_var_numeric_features": 228.04188537597656,
    "q3_var_numeric_features": 1723.4228515625,
    "max_var_numeric_features": 25710598144.0,
    "mean_min_numeric_features": 7.032432556152344,
    "stdev_min_numeric_features": 20.62190818786621,
    "min_min_numeric_features": 0.0,
    "q1_min_numeric_features": 0.019999999552965164,
    "median_min_numeric_features": 2.0,
    "q3_min_numeric_features": 5.0,
    "max_min_numeric_features": 124.0199966430664,
    "mean_median_numeric_features": 299.5329895019531,
    "stdev_median_numeric_features": 1530.8907470703125,
    "min_median_numeric_features": 0.0,
    "q1_median_numeric_features": 2.0,
    "median_median_numeric_features": 8.0,
    "q3_median_numeric_features": 28.0,
    "max_median_numeric_features": 9456.2802734375,
    "mean_max_numeric_features": 60873.546875,
    "stdev_max_numeric_features": 341999.8125,
    "min_max_numeric_features": 0.4300000071525574,
    "q1_max_numeric_features": 26.0,
    "median_max_numeric_features": 124.0,
    "q3_max_numeric_features": 345.0,
    "max_max_numeric_features": 2109679.5,
    "pca_1": 0.9999653043626308,
    "pca_2": 3.4520991125291276e-05,
    "pca_3": 6.073772695879038e-08,
    "mean_entropy_categorical_features": NaN,
    "stdev_entropy_categorical_features": NaN,
    "min_entropy_categorical_features": NaN,
    "median_entropy_categorical_features": NaN,
    "max_entropy_categorical_features": NaN,
    "mean_information_gain_categorical_features": NaN,
    "stdev_information_gain_categorical_features": NaN,
    "min_information_gain_categorical_features": NaN,
    "median_information_gain_categorical_features": NaN,
    "max_information_gain_categorical_features": NaN,
    "mean_mutual_informaiton_categorical_features": NaN,
    "stdev_mutual_informaiton_categorical_features": NaN,
    "min_mutual_informaiton_categorical_features": NaN,
    "median_mutual_informaiton_categorical_features": NaN,
    "max_mutual_informaiton_categorical_features": NaN,
    "knn_5_accuracy": 0.8563170163170163,
    "knn_5_balanced_accuracy": 0.5005523867139112,
    "gaussian_nb_accuracy": 0.8165967365967365,
    "gaussian_nb_balanced_accuracy": 0.6127523965280434,
    "lda_accuracy": 0.8505361305361305,
    "lda_balanced_accuracy": 0.5642644446364955,
    "decision_tree_3_accuracy": 0.8474125874125875,
    "decision_tree_3_balanced_accuracy": 0.5419651401230349,
    "decision_tree_1_accuracy": 0.8716550116550117,
    "decision_tree_1_balanced_accuracy": 0.5,
    "random_tree_2_accuracy": 0.8716550116550117,
    "random_tree_2_balanced_accuracy": 0.5
}