{
    "nb_instances": 253,
    "log_nb_instances": 5.53338948872752,
    "nb_features": 37,
    "dataset_dimensionality": 6.837837837837838,
    "log_dataset_dimensionality": 1.9224715760832958,
    "dataset_ratio": 0.14624505928853754,
    "nb_missing_vals": 0,
    "ratio_features_with_missing_vals": 0.0,
    "ratio_instances_with_missing_vals": 0.0,
    "nb_numeric_features": 37,
    "nb_categorical_features": 0,
    "ratio_numeric_categorical_features": 0.0,
    "ratio_categorical_numeric_features": 0.0,
    "nb_classes": 2,
    "class_entropy": 0.3396009305549768,
    "mean_target_class_ratio": 0.5,
    "stdev_target_class_ratio": 0.39328062534332275,
    "minority_target_class_ratio": 0.10671936720609665,
    "median_target_class_ratio": 0.4999999962747097,
    "majority_target_class_ratio": 0.8932806253433228,
    "mean_mean_numeric_features": 344.99951171875,
    "stdev_mean_numeric_features": 1782.212646484375,
    "min_mean_numeric_features": 0.07509881258010864,
    "q1_mean_numeric_features": 2.2873518466949463,
    "median_mean_numeric_features": 7.375494003295898,
    "q3_mean_numeric_features": 26.584980010986328,
    "max_mean_numeric_features": 11007.662109375,
    "mean_stdev_numeric_features": 576.1685791015625,
    "stdev_stdev_numeric_features": 3116.925048828125,
    "min_stdev_numeric_features": 0.0740789920091629,
    "q1_stdev_numeric_features": 1.8162153959274292,
    "median_stdev_numeric_features": 6.541390895843506,
    "q3_stdev_numeric_features": 19.83777618408203,
    "max_stdev_numeric_features": 19242.037109375,
    "mean_var_numeric_features": 10047191.0,
    "stdev_var_numeric_features": 60035104.0,
    "min_var_numeric_features": 0.00548769673332572,
    "q1_var_numeric_features": 3.2986385822296143,
    "median_var_numeric_features": 42.789791107177734,
    "q3_var_numeric_features": 393.5373840332031,
    "max_var_numeric_features": 370256000.0,
    "mean_min_numeric_features": 5.690810680389404,
    "stdev_min_numeric_features": 15.478157043457031,
    "min_min_numeric_features": 0.0,
    "q1_min_numeric_features": 0.03999999910593033,
    "median_min_numeric_features": 2.0,
    "q3_min_numeric_features": 4.0,
    "max_min_numeric_features": 91.3499984741211,
    "mean_median_numeric_features": 124.7805404663086,
    "stdev_median_numeric_features": 587.4169311523438,
    "min_median_numeric_features": 0.0,
    "q1_median_numeric_features": 1.0,
    "median_median_numeric_features": 4.0,
    "q3_median_numeric_features": 20.0,
    "max_median_numeric_features": 3624.820068359375,
    "mean_max_numeric_features": 5201.06298828125,
    "stdev_max_numeric_features": 28573.41796875,
    "min_max_numeric_features": 0.4000000059604645,
    "q1_max_numeric_features": 16.0,
    "median_max_numeric_features": 44.0,
    "q3_max_numeric_features": 112.0,
    "max_max_numeric_features": 176348.546875,
    "pca_1": 0.999837615566908,
    "pca_2": 0.00015879318651786922,
    "pca_3": 1.1487460868282667e-06,
    "mean_entropy_categorical_features": NaN,
    "stdev_entropy_categorical_features": NaN,
    "min_entropy_categorical_features": NaN,
    "median_entropy_categorical_features": NaN,
    "max_entropy_categorical_features": NaN,
    "mean_information_gain_categorical_features": NaN,
    "stdev_information_gain_categorical_features": NaN,
    "min_information_gain_categorical_features": NaN,
    "median_information_gain_categorical_features": NaN,
    "max_information_gain_categorical_features": NaN,
    "mean_mutual_informaiton_categorical_features": NaN,
    "stdev_mutual_informaiton_categorical_features": NaN,
    "min_mutual_informaiton_categorical_features": NaN,
    "median_mutual_informaiton_categorical_features": NaN,
    "max_mutual_informaiton_categorical_features": NaN,
    "knn_5_accuracy": 0.8813333333333333,
    "knn_5_balanced_accuracy": 0.49347195357833656,
    "gaussian_nb_accuracy": 0.8101176470588236,
    "gaussian_nb_balanced_accuracy": 0.6644608033553454,
    "lda_accuracy": 0.8816470588235295,
    "lda_balanced_accuracy": 0.6040136054421769,
    "decision_tree_3_accuracy": 0.9012549019607844,
    "decision_tree_3_balanced_accuracy": 0.6009592728729294,
    "decision_tree_1_accuracy": 0.8814901960784314,
    "decision_tree_1_balanced_accuracy": 0.6117899491812535,
    "random_tree_2_accuracy": 0.8616470588235294,
    "random_tree_2_balanced_accuracy": 0.6081246134817564
}