{
    "nb_instances": 705,
    "log_nb_instances": 6.558197802812269,
    "nb_features": 37,
    "dataset_dimensionality": 19.054054054054053,
    "log_dataset_dimensionality": 2.947279890168044,
    "dataset_ratio": 0.0524822695035461,
    "nb_missing_vals": 0,
    "ratio_features_with_missing_vals": 0.0,
    "ratio_instances_with_missing_vals": 0.0,
    "nb_numeric_features": 37,
    "nb_categorical_features": 0,
    "ratio_numeric_categorical_features": 0.0,
    "ratio_categorical_numeric_features": 0.0,
    "nb_classes": 2,
    "class_entropy": 0.29442293000974995,
    "mean_target_class_ratio": 0.5,
    "stdev_target_class_ratio": 0.4134751558303833,
    "minority_target_class_ratio": 0.08652482181787491,
    "median_target_class_ratio": 0.4999999888241291,
    "majority_target_class_ratio": 0.9134751558303833,
    "mean_mean_numeric_features": 1283.6397705078125,
    "stdev_mean_numeric_features": 7034.2041015625,
    "min_mean_numeric_features": 0.07685106247663498,
    "q1_mean_numeric_features": 2.1666808128356934,
    "median_mean_numeric_features": 11.034042358398438,
    "q3_mean_numeric_features": 30.391489028930664,
    "max_mean_numeric_features": 43415.67578125,
    "mean_stdev_numeric_features": 6136.7119140625,
    "stdev_stdev_numeric_features": 34450.7421875,
    "min_stdev_numeric_features": 0.05741111561655998,
    "q1_stdev_numeric_features": 3.6268084049224854,
    "median_stdev_numeric_features": 15.249482154846191,
    "q3_stdev_numeric_features": 39.2322998046875,
    "max_stdev_numeric_features": 212518.875,
    "mean_var_numeric_features": 1224512768.0,
    "stdev_var_numeric_features": 7323328000.0,
    "min_var_numeric_features": 0.0032960360404103994,
    "q1_var_numeric_features": 13.153739929199219,
    "median_var_numeric_features": 232.5467071533203,
    "q3_var_numeric_features": 1539.17333984375,
    "max_var_numeric_features": 45164269568.0,
    "mean_min_numeric_features": 3.9448649883270264,
    "stdev_min_numeric_features": 9.914911270141602,
    "min_min_numeric_features": 0.0,
    "q1_min_numeric_features": 0.0,
    "median_min_numeric_features": 1.0,
    "q3_min_numeric_features": 3.119999885559082,
    "max_min_numeric_features": 56.150001525878906,
    "mean_median_numeric_features": 217.36163330078125,
    "stdev_median_numeric_features": 1103.7603759765625,
    "min_median_numeric_features": 0.0,
    "q1_median_numeric_features": 0.6000000238418579,
    "median_median_numeric_features": 6.0,
    "q3_median_numeric_features": 18.0,
    "max_median_numeric_features": 6817.14013671875,
    "mean_max_numeric_features": 123113.921875,
    "stdev_max_numeric_features": 693827.3125,
    "min_max_numeric_features": 0.5,
    "q1_max_numeric_features": 24.0,
    "median_max_numeric_features": 188.0,
    "q3_max_numeric_features": 581.0,
    "max_max_numeric_features": 4279633.0,
    "pca_1": 0.9999757233163518,
    "pca_2": 2.4160549104967973e-05,
    "pca_3": 4.7452939587806784e-08,
    "mean_entropy_categorical_features": NaN,
    "stdev_entropy_categorical_features": NaN,
    "min_entropy_categorical_features": NaN,
    "median_entropy_categorical_features": NaN,
    "max_entropy_categorical_features": NaN,
    "mean_information_gain_categorical_features": NaN,
    "stdev_information_gain_categorical_features": NaN,
    "min_information_gain_categorical_features": NaN,
    "median_information_gain_categorical_features": NaN,
    "max_information_gain_categorical_features": NaN,
    "mean_mutual_informaiton_categorical_features": NaN,
    "stdev_mutual_informaiton_categorical_features": NaN,
    "min_mutual_informaiton_categorical_features": NaN,
    "median_mutual_informaiton_categorical_features": NaN,
    "max_mutual_informaiton_categorical_features": NaN,
    "knn_5_accuracy": 0.9063829787234041,
    "knn_5_balanced_accuracy": 0.5030677373706227,
    "gaussian_nb_accuracy": 0.876595744680851,
    "gaussian_nb_balanced_accuracy": 0.6286443037407261,
    "lda_accuracy": 0.897872340425532,
    "lda_balanced_accuracy": 0.5775365933498529,
    "decision_tree_3_accuracy": 0.9106382978723404,
    "decision_tree_3_balanced_accuracy": 0.5788938197022944,
    "decision_tree_1_accuracy": 0.9134751773049643,
    "decision_tree_1_balanced_accuracy": 0.5,
    "random_tree_2_accuracy": 0.9148936170212766,
    "random_tree_2_balanced_accuracy": 0.5504552045177045
}