{
    "nb_instances": 10218,
    "log_nb_instances": 9.231906149890744,
    "nb_features": 7,
    "dataset_dimensionality": 1459.7142857142858,
    "log_dataset_dimensionality": 7.28599600083543,
    "dataset_ratio": 0.0006850655705617538,
    "nb_missing_vals": 0,
    "ratio_features_with_missing_vals": 0.0,
    "ratio_instances_with_missing_vals": 0.0,
    "nb_numeric_features": 7,
    "nb_categorical_features": 0,
    "ratio_numeric_categorical_features": 0.0,
    "ratio_categorical_numeric_features": 0.0,
    "nb_classes": 10,
    "class_entropy": 2.2768678881982374,
    "mean_target_class_ratio": 0.10000000149011612,
    "stdev_target_class_ratio": 0.02231089398264885,
    "minority_target_class_ratio": 0.05871990695595741,
    "median_target_class_ratio": 0.09825797751545906,
    "majority_target_class_ratio": 0.13857898116111755,
    "mean_mean_numeric_features": 15.677499771118164,
    "stdev_mean_numeric_features": 11.691927909851074,
    "min_mean_numeric_features": 2.2227442264556885,
    "q1_mean_numeric_features": 7.701506853103638,
    "median_mean_numeric_features": 15.246036529541016,
    "q3_mean_numeric_features": 18.20359182357788,
    "max_mean_numeric_features": 40.463523864746094,
    "mean_stdev_numeric_features": 9.504522323608398,
    "stdev_stdev_numeric_features": 3.805382490158081,
    "min_stdev_numeric_features": 1.7196317911148071,
    "q1_stdev_numeric_features": 8.338750839233398,
    "median_stdev_numeric_features": 9.730990409851074,
    "q3_stdev_numeric_features": 12.112278461456299,
    "max_stdev_numeric_features": 14.178974151611328,
    "mean_var_numeric_features": 104.81687927246094,
    "stdev_var_numeric_features": 62.30112075805664,
    "min_var_numeric_features": 2.9571335315704346,
    "q1_var_numeric_features": 69.82964515686035,
    "median_var_numeric_features": 94.69217681884766,
    "q3_var_numeric_features": 147.68312072753906,
    "max_var_numeric_features": 201.04330444335938,
    "mean_min_numeric_features": 1.8414286375045776,
    "stdev_min_numeric_features": 4.988502502441406,
    "min_min_numeric_features": -2.0,
    "q1_min_numeric_features": 0.0,
    "median_min_numeric_features": 0.0,
    "q3_min_numeric_features": 0.5,
    "max_min_numeric_features": 13.890000343322754,
    "mean_median_numeric_features": 13.74571418762207,
    "stdev_median_numeric_features": 12.609723091125488,
    "min_median_numeric_features": 0.0,
    "q1_median_numeric_features": 4.5,
    "median_median_numeric_features": 13.0,
    "q3_median_numeric_features": 17.0,
    "max_median_numeric_features": 40.220001220703125,
    "mean_max_numeric_features": 51.131431579589844,
    "stdev_max_numeric_features": 20.248517990112305,
    "min_max_numeric_features": 7.0,
    "q1_max_numeric_features": 49.0,
    "median_max_numeric_features": 50.70000076293945,
    "q3_max_numeric_features": 63.0,
    "max_max_numeric_features": 76.22000122070312,
    "pca_1": 0.4780363663235794,
    "pca_2": 0.19468575901144747,
    "pca_3": 0.1578454717535318,
    "mean_entropy_categorical_features": NaN,
    "stdev_entropy_categorical_features": NaN,
    "min_entropy_categorical_features": NaN,
    "median_entropy_categorical_features": NaN,
    "max_entropy_categorical_features": NaN,
    "mean_information_gain_categorical_features": NaN,
    "stdev_information_gain_categorical_features": NaN,
    "min_information_gain_categorical_features": NaN,
    "median_information_gain_categorical_features": NaN,
    "max_information_gain_categorical_features": NaN,
    "mean_mutual_informaiton_categorical_features": NaN,
    "stdev_mutual_informaiton_categorical_features": NaN,
    "min_mutual_informaiton_categorical_features": NaN,
    "median_mutual_informaiton_categorical_features": NaN,
    "max_mutual_informaiton_categorical_features": NaN,
    "knn_5_accuracy": 0.6291822681237924,
    "knn_5_balanced_accuracy": 0.6262329633841637,
    "gaussian_nb_accuracy": 0.26472897287573527,
    "gaussian_nb_balanced_accuracy": 0.2869349275371156,
    "lda_accuracy": 0.34390343428422,
    "lda_balanced_accuracy": 0.33016616455898967,
    "decision_tree_3_accuracy": 0.2835187787423621,
    "decision_tree_3_balanced_accuracy": 0.29000202120840557,
    "decision_tree_1_accuracy": 0.17341827805891533,
    "decision_tree_1_balanced_accuracy": 0.16446043411785943,
    "random_tree_2_accuracy": 0.21100100289950027,
    "random_tree_2_balanced_accuracy": 0.17306132912556568
}