{
    "nb_instances": 5300,
    "log_nb_instances": 8.575462099540212,
    "nb_features": 2,
    "dataset_dimensionality": 2650.0,
    "log_dataset_dimensionality": 7.882314918980268,
    "dataset_ratio": 0.0003773584905660377,
    "nb_missing_vals": 0,
    "ratio_features_with_missing_vals": 0.0,
    "ratio_instances_with_missing_vals": 0.0,
    "nb_numeric_features": 2,
    "nb_categorical_features": 0,
    "ratio_numeric_categorical_features": 0.0,
    "ratio_categorical_numeric_features": 0.0,
    "nb_classes": 2,
    "class_entropy": 0.6877922253799458,
    "mean_target_class_ratio": 0.5,
    "stdev_target_class_ratio": 0.05169810354709625,
    "minority_target_class_ratio": 0.44830188155174255,
    "median_target_class_ratio": 0.4999999850988388,
    "majority_target_class_ratio": 0.5516980886459351,
    "mean_mean_numeric_features": 1.665754825808108e-05,
    "stdev_mean_numeric_features": 9.113200576393865e-07,
    "min_mean_numeric_features": 1.574622729094699e-05,
    "q1_mean_numeric_features": 1.6201887319766684e-05,
    "median_mean_numeric_features": 1.6657547348586377e-05,
    "q3_mean_numeric_features": 1.711320737740607e-05,
    "max_mean_numeric_features": 1.7568867406225763e-05,
    "mean_stdev_numeric_features": 0.9999591708183289,
    "stdev_stdev_numeric_features": 7.909536361694336e-05,
    "min_stdev_numeric_features": 0.9998800754547119,
    "q1_stdev_numeric_features": 0.9999196231365204,
    "median_stdev_numeric_features": 0.9999591708183289,
    "q3_stdev_numeric_features": 0.9999987185001373,
    "max_stdev_numeric_features": 1.0000382661819458,
    "mean_var_numeric_features": 0.9999183416366577,
    "stdev_var_numeric_features": 0.00015816092491149902,
    "min_var_numeric_features": 0.9997602105140686,
    "q1_var_numeric_features": 0.9998392909765244,
    "median_var_numeric_features": 0.9999183714389801,
    "q3_var_numeric_features": 0.9999974519014359,
    "max_var_numeric_features": 1.0000765323638916,
    "mean_min_numeric_features": -2.740000009536743,
    "stdev_min_numeric_features": 0.34999990463256836,
    "min_min_numeric_features": -3.0899999141693115,
    "q1_min_numeric_features": -2.9149999618530273,
    "median_min_numeric_features": -2.740000009536743,
    "q3_min_numeric_features": -2.565000057220459,
    "max_min_numeric_features": -2.390000104904175,
    "mean_median_numeric_features": -0.026225000619888306,
    "stdev_median_numeric_features": 0.010975000448524952,
    "min_median_numeric_features": -0.03720000013709068,
    "q1_median_numeric_features": -0.03171250014565885,
    "median_median_numeric_features": -0.02622500015422702,
    "q3_median_numeric_features": -0.020737500162795186,
    "max_median_numeric_features": -0.015250000171363354,
    "mean_max_numeric_features": 3.0,
    "stdev_max_numeric_features": 0.19000005722045898,
    "min_max_numeric_features": 2.809999942779541,
    "q1_max_numeric_features": 2.9049999713897705,
    "median_max_numeric_features": 3.0,
    "q3_max_numeric_features": 3.0950000286102295,
    "max_max_numeric_features": 3.190000057220459,
    "pca_1": 0.5947116151837176,
    "pca_2": 0.4052883848162824,
    "mean_entropy_categorical_features": NaN,
    "stdev_entropy_categorical_features": NaN,
    "min_entropy_categorical_features": NaN,
    "median_entropy_categorical_features": NaN,
    "max_entropy_categorical_features": NaN,
    "mean_information_gain_categorical_features": NaN,
    "stdev_information_gain_categorical_features": NaN,
    "min_information_gain_categorical_features": NaN,
    "median_information_gain_categorical_features": NaN,
    "max_information_gain_categorical_features": NaN,
    "mean_mutual_informaiton_categorical_features": NaN,
    "stdev_mutual_informaiton_categorical_features": NaN,
    "min_mutual_informaiton_categorical_features": NaN,
    "median_mutual_informaiton_categorical_features": NaN,
    "max_mutual_informaiton_categorical_features": NaN,
    "knn_5_accuracy": 0.8884905660377358,
    "knn_5_balanced_accuracy": 0.8862576853388765,
    "gaussian_nb_accuracy": 0.6152830188679245,
    "gaussian_nb_balanced_accuracy": 0.5872975199504438,
    "lda_accuracy": 0.56,
    "lda_balanced_accuracy": 0.5200238369855681,
    "decision_tree_3_accuracy": 0.8041509433962265,
    "decision_tree_3_balanced_accuracy": 0.7927588213299558,
    "decision_tree_1_accuracy": 0.5862264150943396,
    "decision_tree_1_balanced_accuracy": 0.6048566546141814,
    "random_tree_2_accuracy": 0.5722641509433963,
    "random_tree_2_balanced_accuracy": 0.5351449914773386
}