{
    "nb_instances": 748,
    "log_nb_instances": 6.617402977974478,
    "nb_features": 4,
    "dataset_dimensionality": 187.0,
    "log_dataset_dimensionality": 5.231108616854587,
    "dataset_ratio": 0.0053475935828877,
    "nb_missing_vals": 0,
    "ratio_features_with_missing_vals": 0.0,
    "ratio_instances_with_missing_vals": 0.0,
    "nb_numeric_features": 4,
    "nb_categorical_features": 0,
    "ratio_numeric_categorical_features": 0.0,
    "ratio_categorical_numeric_features": 0.0,
    "nb_classes": 2,
    "class_entropy": 0.5487262431826446,
    "mean_target_class_ratio": 0.5,
    "stdev_target_class_ratio": 0.26203209161758423,
    "minority_target_class_ratio": 0.23796790838241577,
    "median_target_class_ratio": 0.5,
    "majority_target_class_ratio": 0.7620320916175842,
    "mean_mean_numeric_features": 356.9949951171875,
    "stdev_mean_numeric_features": 589.9710083007812,
    "min_mean_numeric_features": 5.514705657958984,
    "q1_mean_numeric_features": 8.508689641952515,
    "median_mean_numeric_features": 21.89438486099243,
    "q3_mean_numeric_features": 370.38069248199463,
    "max_mean_numeric_features": 1378.676513671875,
    "mean_stdev_numeric_features": 374.5345458984375,
    "stdev_stdev_numeric_features": 626.6345825195312,
    "min_stdev_numeric_features": 5.8393073081970215,
    "q1_stdev_numeric_features": 7.531373858451843,
    "median_stdev_numeric_features": 16.236055374145508,
    "q3_stdev_numeric_features": 383.2392315864563,
    "max_stdev_numeric_features": 1459.8267822265625,
    "mean_var_numeric_features": 532947.0625,
    "stdev_var_numeric_features": 922690.75,
    "min_var_numeric_features": 34.09750747680664,
    "q1_var_numeric_features": 57.675950050354004,
    "median_var_numeric_features": 329.8798065185547,
    "q3_var_numeric_features": 533219.2306365967,
    "max_var_numeric_features": 2131094.25,
    "mean_min_numeric_features": 63.25,
    "stdev_min_numeric_features": 107.82247924804688,
    "min_min_numeric_features": 0.0,
    "q1_min_numeric_features": 0.75,
    "median_min_numeric_features": 1.5,
    "q3_min_numeric_features": 64.0,
    "max_min_numeric_features": 250.0,
    "mean_median_numeric_features": 259.75,
    "stdev_median_numeric_features": 427.4835510253906,
    "min_median_numeric_features": 4.0,
    "q1_median_numeric_features": 6.25,
    "median_median_numeric_features": 17.5,
    "q3_median_numeric_features": 271.0,
    "max_median_numeric_features": 1000.0,
    "mean_max_numeric_features": 3180.5,
    "stdev_max_numeric_features": 5380.642578125,
    "min_max_numeric_features": 50.0,
    "q1_max_numeric_features": 68.0,
    "median_max_numeric_features": 86.0,
    "q3_max_numeric_features": 3198.5,
    "max_max_numeric_features": 12500.0,
    "pca_1": 0.9998039339469013,
    "pca_2": 0.00017099258643706337,
    "pca_3": 2.507346666292199e-05,
    "mean_entropy_categorical_features": NaN,
    "stdev_entropy_categorical_features": NaN,
    "min_entropy_categorical_features": NaN,
    "median_entropy_categorical_features": NaN,
    "max_entropy_categorical_features": NaN,
    "mean_information_gain_categorical_features": NaN,
    "stdev_information_gain_categorical_features": NaN,
    "min_information_gain_categorical_features": NaN,
    "median_information_gain_categorical_features": NaN,
    "max_information_gain_categorical_features": NaN,
    "mean_mutual_informaiton_categorical_features": NaN,
    "stdev_mutual_informaiton_categorical_features": NaN,
    "min_mutual_informaiton_categorical_features": NaN,
    "median_mutual_informaiton_categorical_features": NaN,
    "max_mutual_informaiton_categorical_features": NaN,
    "knn_5_accuracy": 0.7634451901565995,
    "knn_5_balanced_accuracy": 0.6085525251476669,
    "gaussian_nb_accuracy": 0.7513646532438478,
    "gaussian_nb_balanced_accuracy": 0.5600975293427217,
    "lda_accuracy": 0.7713914988814318,
    "lda_balanced_accuracy": 0.5436377415281866,
    "decision_tree_3_accuracy": 0.7847427293064877,
    "decision_tree_3_balanced_accuracy": 0.6496681314196808,
    "decision_tree_1_accuracy": 0.7620850111856823,
    "decision_tree_1_balanced_accuracy": 0.5,
    "random_tree_2_accuracy": 0.7620760626398211,
    "random_tree_2_balanced_accuracy": 0.5
}