{
    "nb_instances": 2126,
    "log_nb_instances": 7.661997558901893,
    "nb_features": 35,
    "dataset_dimensionality": 60.74285714285714,
    "log_dataset_dimensionality": 4.106649497412479,
    "dataset_ratio": 0.016462841015992474,
    "nb_missing_vals": 0,
    "ratio_features_with_missing_vals": 0.0,
    "ratio_instances_with_missing_vals": 0.0,
    "nb_numeric_features": 35,
    "nb_categorical_features": 0,
    "ratio_numeric_categorical_features": 0.0,
    "ratio_categorical_numeric_features": 0.0,
    "nb_classes": 10,
    "class_entropy": 2.019384766510779,
    "mean_target_class_ratio": 0.10000000149011612,
    "stdev_target_class_ratio": 0.07786104828119278,
    "minority_target_class_ratio": 0.02492944523692131,
    "median_target_class_ratio": 0.07149576582014561,
    "majority_target_class_ratio": 0.27234241366386414,
    "mean_mean_numeric_features": 106.21292114257812,
    "stdev_mean_numeric_features": 312.24090576171875,
    "min_mean_numeric_features": 0.0032925682608038187,
    "q1_mean_numeric_features": 0.14111006259918213,
    "median_mean_numeric_features": 3.6599247455596924,
    "q3_mean_numeric_features": 82.01269912719727,
    "max_mean_numeric_features": 1702.877197265625,
    "mean_stdev_numeric_features": 60.49882888793945,
    "stdev_stdev_numeric_features": 210.08001708984375,
    "min_stdev_numeric_features": 0.057299837470054626,
    "q1_stdev_numeric_features": 0.37394416332244873,
    "median_stdev_numeric_features": 2.949385643005371,
    "q3_stdev_numeric_features": 16.7870512008667,
    "max_stdev_numeric_features": 930.9191284179688,
    "mean_var_numeric_features": 47793.71875,
    "stdev_var_numeric_features": 193471.453125,
    "min_var_numeric_features": 0.0032832715660333633,
    "q1_var_numeric_features": 0.13995196670293808,
    "median_var_numeric_features": 8.698875427246094,
    "q3_var_numeric_features": 281.96974182128906,
    "max_var_numeric_features": 866610.4375,
    "mean_min_numeric_features": 25.605714797973633,
    "stdev_min_numeric_features": 57.143985748291016,
    "min_min_numeric_features": -1.0,
    "q1_min_numeric_features": 0.0,
    "median_min_numeric_features": 0.0,
    "q3_min_numeric_features": 7.5,
    "max_min_numeric_features": 287.0,
    "mean_median_numeric_features": 82.34571838378906,
    "stdev_median_numeric_features": 222.16648864746094,
    "min_median_numeric_features": 0.0,
    "q1_median_numeric_features": 0.0,
    "median_median_numeric_features": 1.0,
    "q3_median_numeric_features": 80.25,
    "max_median_numeric_features": 1241.0,
    "mean_max_numeric_features": 273.5057067871094,
    "stdev_max_numeric_features": 790.6522827148438,
    "min_max_numeric_features": 1.0,
    "q1_max_numeric_features": 1.0,
    "median_max_numeric_features": 23.0,
    "q3_max_numeric_features": 170.0,
    "max_max_numeric_features": 3599.0,
    "pca_1": 0.968585227628151,
    "pca_2": 0.027420442888570935,
    "pca_3": 0.0018194467434086402,
    "mean_entropy_categorical_features": NaN,
    "stdev_entropy_categorical_features": NaN,
    "min_entropy_categorical_features": NaN,
    "median_entropy_categorical_features": NaN,
    "max_entropy_categorical_features": NaN,
    "mean_information_gain_categorical_features": NaN,
    "stdev_information_gain_categorical_features": NaN,
    "min_information_gain_categorical_features": NaN,
    "median_information_gain_categorical_features": NaN,
    "max_information_gain_categorical_features": NaN,
    "mean_mutual_informaiton_categorical_features": NaN,
    "stdev_mutual_informaiton_categorical_features": NaN,
    "min_mutual_informaiton_categorical_features": NaN,
    "median_mutual_informaiton_categorical_features": NaN,
    "max_mutual_informaiton_categorical_features": NaN,
    "knn_5_accuracy": 0.3969809444904723,
    "knn_5_balanced_accuracy": 0.2918870805321564,
    "gaussian_nb_accuracy": 0.999529411764706,
    "gaussian_nb_balanced_accuracy": 0.9981818181818181,
    "lda_accuracy": 0.7408229770781553,
    "lda_balanced_accuracy": 0.6939885159286758,
    "decision_tree_3_accuracy": 0.7276674951670808,
    "decision_tree_3_balanced_accuracy": 0.4,
    "decision_tree_1_accuracy": 0.4529643744821873,
    "decision_tree_1_balanced_accuracy": 0.2,
    "random_tree_2_accuracy": 0.6091179232256283,
    "random_tree_2_balanced_accuracy": 0.3
}