{
    "nb_instances": 540,
    "log_nb_instances": 6.29156913955832,
    "nb_features": 20,
    "dataset_dimensionality": 27.0,
    "log_dataset_dimensionality": 3.295836866004329,
    "dataset_ratio": 0.037037037037037035,
    "nb_missing_vals": 0,
    "ratio_features_with_missing_vals": 0.0,
    "ratio_instances_with_missing_vals": 0.0,
    "nb_numeric_features": 20,
    "nb_categorical_features": 0,
    "ratio_numeric_categorical_features": 0.0,
    "ratio_categorical_numeric_features": 0.0,
    "nb_classes": 2,
    "class_entropy": 0.29125423265214945,
    "mean_target_class_ratio": 0.5,
    "stdev_target_class_ratio": 0.414814829826355,
    "minority_target_class_ratio": 0.08518518507480621,
    "median_target_class_ratio": 0.5000000074505806,
    "majority_target_class_ratio": 0.914814829826355,
    "mean_mean_numeric_features": 18.575016021728516,
    "stdev_mean_numeric_features": 61.01971435546875,
    "min_mean_numeric_features": 0.49991312623023987,
    "q1_mean_numeric_features": 0.4999970719218254,
    "median_mean_numeric_features": 0.5000378489494324,
    "q3_mean_numeric_features": 0.5001001358032227,
    "max_mean_numeric_features": 270.5,
    "mean_stdev_numeric_features": 10.688349723815918,
    "stdev_stdev_numeric_features": 35.19033432006836,
    "min_stdev_numeric_features": 0.28881338238716125,
    "q1_stdev_numeric_features": 0.28889700770378113,
    "median_stdev_numeric_features": 0.2889571934938431,
    "q3_stdev_numeric_features": 0.2890268340706825,
    "max_stdev_numeric_features": 156.02883911132812,
    "mean_var_numeric_features": 1352.600830078125,
    "stdev_var_numeric_features": 5307.56591796875,
    "min_var_numeric_features": 0.08341316133737564,
    "q1_var_numeric_features": 0.08346147835254669,
    "median_var_numeric_features": 0.08349626138806343,
    "q3_var_numeric_features": 0.08353650942444801,
    "max_var_numeric_features": 24345.0,
    "mean_min_numeric_features": 0.1512037217617035,
    "stdev_min_numeric_features": 0.3565673232078552,
    "min_min_numeric_features": 0.00021899999410379678,
    "q1_min_numeric_features": 0.0006679999860352837,
    "median_min_numeric_features": 0.0012499999720603228,
    "q3_min_numeric_features": 0.0026894999900832772,
    "max_min_numeric_features": 1.0,
    "mean_median_numeric_features": 18.574951171875,
    "stdev_median_numeric_features": 61.01974105834961,
    "min_median_numeric_features": 0.49895450472831726,
    "q1_median_numeric_features": 0.4995543733239174,
    "median_median_numeric_features": 0.5002227425575256,
    "q3_median_numeric_features": 0.5004987567663193,
    "max_median_numeric_features": 270.5,
    "mean_max_numeric_features": 36.9987678527832,
    "stdev_max_numeric_features": 121.78829193115234,
    "min_max_numeric_features": 0.9971420168876648,
    "q1_max_numeric_features": 0.997706726193428,
    "median_max_numeric_features": 0.9989369809627533,
    "q3_max_numeric_features": 0.9996900111436844,
    "max_max_numeric_features": 540.0,
    "pca_1": 0.9003233926756746,
    "pca_2": 0.09960268551224076,
    "pca_3": 2.468960337032894e-05,
    "mean_entropy_categorical_features": NaN,
    "stdev_entropy_categorical_features": NaN,
    "min_entropy_categorical_features": NaN,
    "median_entropy_categorical_features": NaN,
    "max_entropy_categorical_features": NaN,
    "mean_information_gain_categorical_features": NaN,
    "stdev_information_gain_categorical_features": NaN,
    "min_information_gain_categorical_features": NaN,
    "median_information_gain_categorical_features": NaN,
    "max_information_gain_categorical_features": NaN,
    "mean_mutual_informaiton_categorical_features": NaN,
    "stdev_mutual_informaiton_categorical_features": NaN,
    "min_mutual_informaiton_categorical_features": NaN,
    "median_mutual_informaiton_categorical_features": NaN,
    "max_mutual_informaiton_categorical_features": NaN,
    "knn_5_accuracy": 0.9,
    "knn_5_balanced_accuracy": 0.502197312935177,
    "gaussian_nb_accuracy": 0.8981481481481481,
    "gaussian_nb_balanced_accuracy": 0.7399805238360991,
    "lda_accuracy": 0.9055555555555557,
    "lda_balanced_accuracy": 0.585338231754114,
    "decision_tree_3_accuracy": 0.9018518518518517,
    "decision_tree_3_balanced_accuracy": 0.52886276370538,
    "decision_tree_1_accuracy": 0.9148148148148149,
    "decision_tree_1_balanced_accuracy": 0.5,
    "random_tree_2_accuracy": 0.9148148148148149,
    "random_tree_2_balanced_accuracy": 0.5
}