{
    "nb_instances": 1080,
    "log_nb_instances": 6.984716320118266,
    "nb_features": 856,
    "dataset_dimensionality": 1.2616822429906542,
    "log_dataset_dimensionality": 0.2324459439765233,
    "dataset_ratio": 0.7925925925925926,
    "nb_missing_vals": 0,
    "ratio_features_with_missing_vals": 0.0,
    "ratio_instances_with_missing_vals": 0.0,
    "nb_numeric_features": 856,
    "nb_categorical_features": 0,
    "ratio_numeric_categorical_features": 0.0,
    "ratio_categorical_numeric_features": 0.0,
    "nb_classes": 9,
    "class_entropy": 2.1972245773362196,
    "mean_target_class_ratio": 0.1111111119389534,
    "stdev_target_class_ratio": 0.0,
    "minority_target_class_ratio": 0.1111111119389534,
    "median_target_class_ratio": 0.1111111119389534,
    "majority_target_class_ratio": 0.1111111119389534,
    "mean_mean_numeric_features": 0.008213265798985958,
    "stdev_mean_numeric_features": 0.02743399329483509,
    "min_mean_numeric_features": 0.0009259259095415473,
    "q1_mean_numeric_features": 0.0009259259095415473,
    "median_mean_numeric_features": 0.0018518518190830946,
    "q3_mean_numeric_features": 0.004629629664123058,
    "max_mean_numeric_features": 0.43703705072402954,
    "mean_stdev_numeric_features": 0.06570781767368317,
    "stdev_stdev_numeric_features": 0.0627177357673645,
    "min_stdev_numeric_features": 0.03042903169989586,
    "q1_stdev_numeric_features": 0.03042903169989586,
    "median_stdev_numeric_features": 0.043013203889131546,
    "q3_stdev_numeric_features": 0.07436270266771317,
    "max_stdev_numeric_features": 0.617716908454895,
    "mean_var_numeric_features": 0.00825103186070919,
    "stdev_var_numeric_features": 0.024025388062000275,
    "min_var_numeric_features": 0.0009259259095415473,
    "q1_var_numeric_features": 0.0009259259095415473,
    "median_var_numeric_features": 0.001850135624408722,
    "q3_var_numeric_features": 0.005529811605811119,
    "max_var_numeric_features": 0.3815741539001465,
    "mean_min_numeric_features": 0.0,
    "stdev_min_numeric_features": 0.0,
    "min_min_numeric_features": 0.0,
    "q1_min_numeric_features": 0.0,
    "median_min_numeric_features": 0.0,
    "q3_min_numeric_features": 0.0,
    "max_min_numeric_features": 0.0,
    "mean_median_numeric_features": 0.0,
    "stdev_median_numeric_features": 0.0,
    "min_median_numeric_features": 0.0,
    "q1_median_numeric_features": 0.0,
    "median_median_numeric_features": 0.0,
    "q3_median_numeric_features": 0.0,
    "max_median_numeric_features": 0.0,
    "mean_max_numeric_features": 1.1471962928771973,
    "stdev_max_numeric_features": 0.4261505603790283,
    "min_max_numeric_features": 1.0,
    "q1_max_numeric_features": 1.0,
    "median_max_numeric_features": 1.0,
    "q3_max_numeric_features": 1.0,
    "max_max_numeric_features": 4.0,
    "pca_1": 0.07398556443252204,
    "pca_2": 0.0646900111288487,
    "pca_3": 0.046811220174175626,
    "mean_entropy_categorical_features": NaN,
    "stdev_entropy_categorical_features": NaN,
    "min_entropy_categorical_features": NaN,
    "median_entropy_categorical_features": NaN,
    "max_entropy_categorical_features": NaN,
    "mean_information_gain_categorical_features": NaN,
    "stdev_information_gain_categorical_features": NaN,
    "min_information_gain_categorical_features": NaN,
    "median_information_gain_categorical_features": NaN,
    "max_information_gain_categorical_features": NaN,
    "mean_mutual_informaiton_categorical_features": NaN,
    "stdev_mutual_informaiton_categorical_features": NaN,
    "min_mutual_informaiton_categorical_features": NaN,
    "median_mutual_informaiton_categorical_features": NaN,
    "max_mutual_informaiton_categorical_features": NaN,
    "knn_5_accuracy": 0.8574074074074074,
    "knn_5_balanced_accuracy": 0.8569630195032246,
    "gaussian_nb_accuracy": 0.8907407407407408,
    "gaussian_nb_balanced_accuracy": 0.8907809214675442,
    "lda_accuracy": 0.8685185185185185,
    "lda_balanced_accuracy": 0.8670798145225843,
    "decision_tree_3_accuracy": 0.33611111111111114,
    "decision_tree_3_balanced_accuracy": 0.365137008880488,
    "decision_tree_1_accuracy": 0.16666666666666669,
    "decision_tree_1_balanced_accuracy": 0.1988878850617981,
    "random_tree_2_accuracy": 0.23703703703703702,
    "random_tree_2_balanced_accuracy": 0.2781065345555557
}