{
    "nb_instances": 500,
    "log_nb_instances": 6.214608098422191,
    "nb_features": 12,
    "dataset_dimensionality": 41.666666666666664,
    "log_dataset_dimensionality": 3.7297014486341915,
    "dataset_ratio": 0.024,
    "nb_missing_vals": 0,
    "ratio_features_with_missing_vals": 0.0,
    "ratio_instances_with_missing_vals": 0.0,
    "nb_numeric_features": 1,
    "nb_categorical_features": 11,
    "ratio_numeric_categorical_features": 0.09090909090909091,
    "ratio_categorical_numeric_features": 11.0,
    "nb_classes": 2,
    "class_entropy": 0.6802920001921535,
    "mean_target_class_ratio": 0.5,
    "stdev_target_class_ratio": 0.07999999821186066,
    "minority_target_class_ratio": 0.41999998688697815,
    "median_target_class_ratio": 0.4999999850988388,
    "majority_target_class_ratio": 0.5799999833106995,
    "mean_mean_numeric_features": 3.528599977493286,
    "stdev_mean_numeric_features": 0.0,
    "min_mean_numeric_features": 3.528599977493286,
    "q1_mean_numeric_features": 3.528599977493286,
    "median_mean_numeric_features": 3.528599977493286,
    "q3_mean_numeric_features": 3.528599977493286,
    "max_mean_numeric_features": 3.528599977493286,
    "mean_stdev_numeric_features": 2.005363941192627,
    "stdev_stdev_numeric_features": 0.0,
    "min_stdev_numeric_features": 2.005363941192627,
    "q1_stdev_numeric_features": 2.005363941192627,
    "median_stdev_numeric_features": 2.005363941192627,
    "q3_stdev_numeric_features": 2.005363941192627,
    "max_stdev_numeric_features": 2.005363941192627,
    "mean_var_numeric_features": 4.021484851837158,
    "stdev_var_numeric_features": 0.0,
    "min_var_numeric_features": 4.021484851837158,
    "q1_var_numeric_features": 4.021484851837158,
    "median_var_numeric_features": 4.021484851837158,
    "q3_var_numeric_features": 4.021484851837158,
    "max_var_numeric_features": 4.021484851837158,
    "mean_min_numeric_features": 0.0,
    "stdev_min_numeric_features": 0.0,
    "min_min_numeric_features": 0.0,
    "q1_min_numeric_features": 0.0,
    "median_min_numeric_features": 0.0,
    "q3_min_numeric_features": 0.0,
    "max_min_numeric_features": 0.0,
    "mean_median_numeric_features": 4.599999904632568,
    "stdev_median_numeric_features": 0.0,
    "min_median_numeric_features": 4.599999904632568,
    "q1_median_numeric_features": 4.599999904632568,
    "median_median_numeric_features": 4.599999904632568,
    "q3_median_numeric_features": 4.599999904632568,
    "max_median_numeric_features": 4.599999904632568,
    "mean_max_numeric_features": 5.0,
    "stdev_max_numeric_features": 0.0,
    "min_max_numeric_features": 5.0,
    "q1_max_numeric_features": 5.0,
    "median_max_numeric_features": 5.0,
    "q3_max_numeric_features": 5.0,
    "max_max_numeric_features": 5.0,
    "pca_1": 1.0,
    "mean_entropy_categorical_features": 1.581332802772522,
    "stdev_entropy_categorical_features": 0.27758124470710754,
    "min_entropy_categorical_features": 0.9844635725021362,
    "median_entropy_categorical_features": 1.6130825281143188,
    "max_entropy_categorical_features": 1.9880701303482056,
    "mean_information_gain_categorical_features": 1.2310315370559692,
    "stdev_information_gain_categorical_features": 0.5470425486564636,
    "min_information_gain_categorical_features": 0.5474732518196106,
    "median_information_gain_categorical_features": 1.4576435089111328,
    "max_information_gain_categorical_features": 1.9880701303482056,
    "mean_mutual_informaiton_categorical_features": 0.023932278156280518,
    "stdev_mutual_informaiton_categorical_features": 0.010276319459080696,
    "min_mutual_informaiton_categorical_features": 0.003632987616583705,
    "median_mutual_informaiton_categorical_features": 0.02563946321606636,
    "max_mutual_informaiton_categorical_features": 0.0362495519220829,
    "knn_5_accuracy": NaN,
    "knn_5_balanced_accuracy": NaN,
    "gaussian_nb_accuracy": NaN,
    "gaussian_nb_balanced_accuracy": NaN,
    "lda_accuracy": NaN,
    "lda_balanced_accuracy": NaN,
    "decision_tree_3_accuracy": NaN,
    "decision_tree_3_balanced_accuracy": NaN,
    "decision_tree_1_accuracy": NaN,
    "decision_tree_1_balanced_accuracy": NaN,
    "random_tree_2_accuracy": NaN,
    "random_tree_2_balanced_accuracy": NaN
}