{
    "nb_instances": 14980,
    "log_nb_instances": 9.61447125707121,
    "nb_features": 14,
    "dataset_dimensionality": 1070.0,
    "log_dataset_dimensionality": 6.975413927455952,
    "dataset_ratio": 0.0009345794392523365,
    "nb_missing_vals": 0,
    "ratio_features_with_missing_vals": 0.0,
    "ratio_instances_with_missing_vals": 0.0,
    "nb_numeric_features": 14,
    "nb_categorical_features": 0,
    "ratio_numeric_categorical_features": 0.0,
    "ratio_categorical_numeric_features": 0.0,
    "nb_classes": 2,
    "class_entropy": 0.6878947700382305,
    "mean_target_class_ratio": 0.5,
    "stdev_target_class_ratio": 0.05120159685611725,
    "minority_target_class_ratio": 0.44879838824272156,
    "median_target_class_ratio": 0.4999999850988388,
    "majority_target_class_ratio": 0.551201581954956,
    "mean_mean_numeric_features": 4316.88232421875,
    "stdev_mean_numeric_features": 187.15106201171875,
    "min_mean_numeric_features": 4009.767578125,
    "q1_mean_numeric_features": 4206.5494384765625,
    "median_mean_numeric_features": 4271.627685546875,
    "q3_mean_numeric_features": 4397.7623291015625,
    "max_mean_numeric_features": 4644.0224609375,
    "mean_stdev_numeric_features": 1767.288330078125,
    "stdev_stdev_numeric_features": 2072.960205078125,
    "min_stdev_numeric_features": 29.2926025390625,
    "q1_stdev_numeric_features": 38.92425537109375,
    "median_stdev_numeric_features": 627.155834197998,
    "q3_stdev_numeric_features": 2816.6102294921875,
    "max_stdev_numeric_features": 5891.28515625,
    "mean_var_numeric_features": 7420472.0,
    "stdev_var_numeric_features": 11202533.0,
    "min_var_numeric_features": 858.0565795898438,
    "q1_var_numeric_features": 1517.3858642578125,
    "median_var_numeric_features": 731134.3186035156,
    "q3_var_numeric_features": 7968401.375,
    "max_var_numeric_features": 34707240.0,
    "mean_min_numeric_features": 2073.18603515625,
    "stdev_min_numeric_features": 1071.520751953125,
    "min_min_numeric_features": 86.66670227050781,
    "q1_min_numeric_features": 1359.9999694824219,
    "median_min_numeric_features": 2087.9449462890625,
    "q3_min_numeric_features": 2689.489990234375,
    "max_min_numeric_features": 4567.18017578125,
    "mean_median_numeric_features": 4299.1201171875,
    "stdev_median_numeric_features": 187.8951873779297,
    "min_median_numeric_features": 4005.639892578125,
    "q1_median_numeric_features": 4199.7451171875,
    "median_median_numeric_features": 4269.739990234375,
    "q3_median_numeric_features": 4350.8951416015625,
    "max_median_numeric_features": 4617.9501953125,
    "mean_max_numeric_features": 218879.09375,
    "stdev_max_numeric_features": 253202.140625,
    "min_max_numeric_features": 6474.35986328125,
    "q1_max_numeric_features": 6911.0223388671875,
    "median_max_numeric_features": 80056.31005859375,
    "q3_max_numeric_features": 349230.75,
    "max_max_numeric_features": 715897.0,
    "pca_1": 0.5052446998053024,
    "pca_2": 0.37693630892085683,
    "pca_3": 0.11772945954460613,
    "mean_entropy_categorical_features": NaN,
    "stdev_entropy_categorical_features": NaN,
    "min_entropy_categorical_features": NaN,
    "median_entropy_categorical_features": NaN,
    "max_entropy_categorical_features": NaN,
    "mean_information_gain_categorical_features": NaN,
    "stdev_information_gain_categorical_features": NaN,
    "min_information_gain_categorical_features": NaN,
    "median_information_gain_categorical_features": NaN,
    "max_information_gain_categorical_features": NaN,
    "mean_mutual_informaiton_categorical_features": NaN,
    "stdev_mutual_informaiton_categorical_features": NaN,
    "min_mutual_informaiton_categorical_features": NaN,
    "median_mutual_informaiton_categorical_features": NaN,
    "max_mutual_informaiton_categorical_features": NaN,
    "knn_5_accuracy": 0.9677570093457945,
    "knn_5_balanced_accuracy": 0.9670561769516702,
    "gaussian_nb_accuracy": 0.4541388518024032,
    "gaussian_nb_balanced_accuracy": 0.5014686344637973,
    "lda_accuracy": 0.640320427236315,
    "lda_balanced_accuracy": 0.6255214257309121,
    "decision_tree_3_accuracy": 0.6630841121495328,
    "decision_tree_3_balanced_accuracy": 0.6586143092914785,
    "decision_tree_1_accuracy": 0.5888518024032043,
    "decision_tree_1_balanced_accuracy": 0.5542283694985274,
    "random_tree_2_accuracy": 0.5576769025367156,
    "random_tree_2_balanced_accuracy": 0.5096886101295979
}