{
    "nb_instances": 6118,
    "log_nb_instances": 8.718990524710849,
    "nb_features": 51,
    "dataset_dimensionality": 119.96078431372548,
    "log_dataset_dimensionality": 4.787164891986523,
    "dataset_ratio": 0.008336057535142204,
    "nb_missing_vals": 0,
    "ratio_features_with_missing_vals": 0.0,
    "ratio_instances_with_missing_vals": 0.0,
    "nb_numeric_features": 51,
    "nb_categorical_features": 0,
    "ratio_numeric_categorical_features": 0.0,
    "ratio_categorical_numeric_features": 0.0,
    "nb_classes": 6,
    "class_entropy": 1.594243407567355,
    "mean_target_class_ratio": 0.1666666567325592,
    "stdev_target_class_ratio": 0.1162748858332634,
    "minority_target_class_ratio": 0.0794377252459526,
    "median_target_class_ratio": 0.11212814599275589,
    "majority_target_class_ratio": 0.4174566864967346,
    "mean_mean_numeric_features": -0.0005510328337550163,
    "stdev_mean_numeric_features": 0.019586805254220963,
    "min_mean_numeric_features": -0.040910568088293076,
    "q1_mean_numeric_features": -0.00801469711586833,
    "median_mean_numeric_features": -0.0024692323058843613,
    "q3_mean_numeric_features": 0.0023803552612662315,
    "max_mean_numeric_features": 0.052954625338315964,
    "mean_stdev_numeric_features": 0.9916437864303589,
    "stdev_stdev_numeric_features": 0.08302677422761917,
    "min_stdev_numeric_features": 0.8394622206687927,
    "q1_stdev_numeric_features": 0.9752140045166016,
    "median_stdev_numeric_features": 0.9971926808357239,
    "q3_stdev_numeric_features": 1.0036457777023315,
    "max_stdev_numeric_features": 1.50636625289917,
    "mean_var_numeric_features": 0.9902510046958923,
    "stdev_var_numeric_features": 0.1960057020187378,
    "min_var_numeric_features": 0.7046968340873718,
    "q1_var_numeric_features": 0.9510482549667358,
    "median_var_numeric_features": 0.9943932890892029,
    "q3_var_numeric_features": 1.007304847240448,
    "max_var_numeric_features": 2.269139289855957,
    "mean_min_numeric_features": -1.1762866973876953,
    "stdev_min_numeric_features": 1.0112088918685913,
    "min_min_numeric_features": -3.735599994659424,
    "q1_min_numeric_features": -1.7574000358581543,
    "median_min_numeric_features": -0.7845900058746338,
    "q3_min_numeric_features": -0.41978999972343445,
    "max_min_numeric_features": -0.09248200058937073,
    "mean_median_numeric_features": -0.16255655884742737,
    "stdev_median_numeric_features": 0.28287002444267273,
    "min_median_numeric_features": -0.5470499992370605,
    "q1_median_numeric_features": -0.3607799857854843,
    "median_median_numeric_features": -0.25332000851631165,
    "q3_median_numeric_features": -0.057270499877631664,
    "max_median_numeric_features": 0.5867300033569336,
    "mean_max_numeric_features": 14.915953636169434,
    "stdev_max_numeric_features": 15.30427360534668,
    "min_max_numeric_features": 0.7514299750328064,
    "q1_max_numeric_features": 3.018149971961975,
    "median_max_numeric_features": 9.993399620056152,
    "q3_max_numeric_features": 17.161499977111816,
    "max_max_numeric_features": 68.46099853515625,
    "pca_1": 0.291225581905428,
    "pca_2": 0.09714826415798643,
    "pca_3": 0.08817827835184425,
    "mean_entropy_categorical_features": NaN,
    "stdev_entropy_categorical_features": NaN,
    "min_entropy_categorical_features": NaN,
    "median_entropy_categorical_features": NaN,
    "max_entropy_categorical_features": NaN,
    "mean_information_gain_categorical_features": NaN,
    "stdev_information_gain_categorical_features": NaN,
    "min_information_gain_categorical_features": NaN,
    "median_information_gain_categorical_features": NaN,
    "max_information_gain_categorical_features": NaN,
    "mean_mutual_informaiton_categorical_features": NaN,
    "stdev_mutual_informaiton_categorical_features": NaN,
    "min_mutual_informaiton_categorical_features": NaN,
    "median_mutual_informaiton_categorical_features": NaN,
    "max_mutual_informaiton_categorical_features": NaN,
    "knn_5_accuracy": 0.552142353261828,
    "knn_5_balanced_accuracy": 0.43982713064219486,
    "gaussian_nb_accuracy": 0.1698294935308547,
    "gaussian_nb_balanced_accuracy": 0.23449024968052923,
    "lda_accuracy": 0.4722140723283045,
    "lda_balanced_accuracy": 0.32167373619608,
    "decision_tree_3_accuracy": 0.45341774485755054,
    "decision_tree_3_balanced_accuracy": 0.253852157023842,
    "decision_tree_1_accuracy": 0.41418308669883863,
    "decision_tree_1_balanced_accuracy": 0.17147994630135913,
    "random_tree_2_accuracy": 0.43102343962932677,
    "random_tree_2_balanced_accuracy": 0.2032415541516003
}