{
    "nb_instances": 1212,
    "log_nb_instances": 7.10002716662926,
    "nb_features": 100,
    "dataset_dimensionality": 12.12,
    "log_dataset_dimensionality": 2.4948569806411682,
    "dataset_ratio": 0.08250825082508251,
    "nb_missing_vals": 0,
    "ratio_features_with_missing_vals": 0.0,
    "ratio_instances_with_missing_vals": 0.0,
    "nb_numeric_features": 100,
    "nb_categorical_features": 0,
    "ratio_numeric_categorical_features": 0.0,
    "ratio_categorical_numeric_features": 0.0,
    "nb_classes": 2,
    "class_entropy": 0.6931471805599453,
    "mean_target_class_ratio": 0.5,
    "stdev_target_class_ratio": 0.0,
    "minority_target_class_ratio": 0.5,
    "median_target_class_ratio": 0.5,
    "majority_target_class_ratio": 0.5,
    "mean_mean_numeric_features": 8174.05126953125,
    "stdev_mean_numeric_features": 43.577659606933594,
    "min_mean_numeric_features": 8089.07080078125,
    "q1_mean_numeric_features": 8140.7127685546875,
    "median_mean_numeric_features": 8169.533203125,
    "q3_mean_numeric_features": 8197.21630859375,
    "max_mean_numeric_features": 8315.0126953125,
    "mean_stdev_numeric_features": 18000.3125,
    "stdev_stdev_numeric_features": 172.35853576660156,
    "min_stdev_numeric_features": 17668.984375,
    "q1_stdev_numeric_features": 17873.39306640625,
    "median_stdev_numeric_features": 17981.7021484375,
    "q3_stdev_numeric_features": 18112.54541015625,
    "max_stdev_numeric_features": 18604.5078125,
    "mean_var_numeric_features": 324040960.0,
    "stdev_var_numeric_features": 6221188.5,
    "min_var_numeric_features": 312192992.0,
    "q1_var_numeric_features": 319458224.0,
    "median_var_numeric_features": 323341616.0,
    "q3_var_numeric_features": 328064328.0,
    "max_var_numeric_features": 346127680.0,
    "mean_min_numeric_features": 0.8157000541687012,
    "stdev_min_numeric_features": 0.10235483199357986,
    "min_min_numeric_features": 0.47999998927116394,
    "q1_min_numeric_features": 0.7599999904632568,
    "median_min_numeric_features": 0.8500000238418579,
    "q3_min_numeric_features": 0.8899999856948853,
    "max_min_numeric_features": 0.949999988079071,
    "mean_median_numeric_features": 295.926025390625,
    "stdev_median_numeric_features": 4.970269203186035,
    "min_median_numeric_features": 285.7300109863281,
    "q1_median_numeric_features": 292.3500061035156,
    "median_median_numeric_features": 295.7200012207031,
    "q3_median_numeric_features": 298.8550033569336,
    "max_median_numeric_features": 310.20001220703125,
    "mean_max_numeric_features": 118120.5,
    "stdev_max_numeric_features": 8413.6787109375,
    "min_max_numeric_features": 108456.703125,
    "q1_max_numeric_features": 112924.26953125,
    "median_max_numeric_features": 114981.58203125,
    "q3_max_numeric_features": 120824.119140625,
    "max_max_numeric_features": 156612.0625,
    "pca_1": 0.9920574807493625,
    "pca_2": 0.0015139996694296279,
    "pca_3": 0.0011026887509259567,
    "mean_entropy_categorical_features": NaN,
    "stdev_entropy_categorical_features": NaN,
    "min_entropy_categorical_features": NaN,
    "median_entropy_categorical_features": NaN,
    "max_entropy_categorical_features": NaN,
    "mean_information_gain_categorical_features": NaN,
    "stdev_information_gain_categorical_features": NaN,
    "min_information_gain_categorical_features": NaN,
    "median_information_gain_categorical_features": NaN,
    "max_information_gain_categorical_features": NaN,
    "mean_mutual_informaiton_categorical_features": NaN,
    "stdev_mutual_informaiton_categorical_features": NaN,
    "min_mutual_informaiton_categorical_features": NaN,
    "median_mutual_informaiton_categorical_features": NaN,
    "max_mutual_informaiton_categorical_features": NaN,
    "knn_5_accuracy": 0.5099037513178928,
    "knn_5_balanced_accuracy": 0.5140707673085515,
    "gaussian_nb_accuracy": 0.508223650647893,
    "gaussian_nb_balanced_accuracy": 0.5032383895930113,
    "lda_accuracy": 0.6749651396116043,
    "lda_balanced_accuracy": 0.6803139617266216,
    "decision_tree_3_accuracy": 0.49915654865149817,
    "decision_tree_3_balanced_accuracy": 0.5073929266186189,
    "decision_tree_1_accuracy": 0.5057783219399381,
    "decision_tree_1_balanced_accuracy": 0.5134705465181646,
    "random_tree_2_accuracy": 0.5041220283644525,
    "random_tree_2_balanced_accuracy": 0.509790700464307
}