{
    "nb_instances": 583,
    "log_nb_instances": 6.368187186350492,
    "nb_features": 10,
    "dataset_dimensionality": 58.3,
    "log_dataset_dimensionality": 4.065602093356446,
    "dataset_ratio": 0.017152658662092625,
    "nb_missing_vals": 0,
    "ratio_features_with_missing_vals": 0.0,
    "ratio_instances_with_missing_vals": 0.0,
    "nb_numeric_features": 9,
    "nb_categorical_features": 1,
    "ratio_numeric_categorical_features": 9.0,
    "ratio_categorical_numeric_features": 0.1111111111111111,
    "nb_classes": 2,
    "class_entropy": 0.5989418433963181,
    "mean_target_class_ratio": 0.5,
    "stdev_target_class_ratio": 0.2135506123304367,
    "minority_target_class_ratio": 0.2864494025707245,
    "median_target_class_ratio": 0.5000000149011612,
    "majority_target_class_ratio": 0.7135506272315979,
    "mean_mean_numeric_features": 60.14487075805664,
    "stdev_mean_numeric_features": 89.7781982421875,
    "min_mean_numeric_features": 0.9470639228820801,
    "q1_mean_numeric_features": 3.141852378845215,
    "median_mean_numeric_features": 6.483190536499023,
    "q3_mean_numeric_features": 80.71355438232422,
    "max_mean_numeric_features": 290.5763244628906,
    "mean_stdev_numeric_features": 82.43157196044922,
    "stdev_stdev_numeric_features": 113.03821563720703,
    "min_stdev_numeric_features": 0.31849196553230286,
    "q1_stdev_numeric_features": 1.0854514837265015,
    "median_stdev_numeric_features": 6.209521770477295,
    "q3_stdev_numeric_features": 182.620361328125,
    "max_stdev_numeric_features": 288.91851806640625,
    "mean_var_numeric_features": 19572.603515625,
    "stdev_var_numeric_features": 30028.958984375,
    "min_var_numeric_features": 0.10143712908029556,
    "q1_var_numeric_features": 1.178204894065857,
    "median_var_numeric_features": 38.55815887451172,
    "q3_var_numeric_features": 33350.1953125,
    "max_var_numeric_features": 83473.9140625,
    "mean_min_numeric_features": 10.155555725097656,
    "stdev_min_numeric_features": 19.047142028808594,
    "min_min_numeric_features": 0.10000000149011612,
    "q1_min_numeric_features": 0.4000000059604645,
    "median_min_numeric_features": 2.700000047683716,
    "q3_min_numeric_features": 10.0,
    "max_min_numeric_features": 63.0,
    "mean_median_numeric_features": 37.994117736816406,
    "stdev_median_numeric_features": 62.66416549682617,
    "min_median_numeric_features": 0.30000001192092896,
    "q1_median_numeric_features": 1.0,
    "median_median_numeric_features": 6.599999904632568,
    "q3_median_numeric_features": 42.0,
    "max_median_numeric_features": 208.0,
    "mean_max_numeric_features": 1026.8443603515625,
    "stdev_max_numeric_features": 1608.02490234375,
    "min_max_numeric_features": 2.799999952316284,
    "q1_max_numeric_features": 9.600000381469727,
    "median_max_numeric_features": 75.0,
    "q3_max_numeric_features": 2000.0,
    "max_max_numeric_features": 4929.0,
    "pca_1": 0.626781831344529,
    "pca_2": 0.3166074082200295,
    "pca_3": 0.05490403642317644,
    "mean_entropy_categorical_features": 0.5551576018333435,
    "stdev_entropy_categorical_features": 0.0,
    "min_entropy_categorical_features": 0.5551576018333435,
    "median_entropy_categorical_features": 0.5551576018333435,
    "max_entropy_categorical_features": 0.5551576018333435,
    "mean_information_gain_categorical_features": 0.003306708997115493,
    "stdev_information_gain_categorical_features": 0.0,
    "min_information_gain_categorical_features": 0.003306708997115493,
    "median_information_gain_categorical_features": 0.003306708997115493,
    "max_information_gain_categorical_features": 0.003306708997115493,
    "mean_mutual_informaiton_categorical_features": 0.003306708997115493,
    "stdev_mutual_informaiton_categorical_features": 0.0,
    "min_mutual_informaiton_categorical_features": 0.003306708997115493,
    "median_mutual_informaiton_categorical_features": 0.003306708997115493,
    "max_mutual_informaiton_categorical_features": 0.003306708997115493,
    "knn_5_accuracy": NaN,
    "knn_5_balanced_accuracy": NaN,
    "gaussian_nb_accuracy": NaN,
    "gaussian_nb_balanced_accuracy": NaN,
    "lda_accuracy": NaN,
    "lda_balanced_accuracy": NaN,
    "decision_tree_3_accuracy": NaN,
    "decision_tree_3_balanced_accuracy": NaN,
    "decision_tree_1_accuracy": NaN,
    "decision_tree_1_balanced_accuracy": NaN,
    "random_tree_2_accuracy": NaN,
    "random_tree_2_balanced_accuracy": NaN
}