{
    "nb_instances": 28056,
    "log_nb_instances": 10.241957791820013,
    "nb_features": 6,
    "dataset_dimensionality": 4676.0,
    "log_dataset_dimensionality": 8.450198322591959,
    "dataset_ratio": 0.000213857998289136,
    "nb_missing_vals": 0,
    "ratio_features_with_missing_vals": 0.0,
    "ratio_instances_with_missing_vals": 0.0,
    "nb_numeric_features": 3,
    "nb_categorical_features": 3,
    "ratio_numeric_categorical_features": 1.0,
    "ratio_categorical_numeric_features": 1.0,
    "nb_classes": 18,
    "class_entropy": 2.4288979453173543,
    "mean_target_class_ratio": 0.0555555559694767,
    "stdev_target_class_ratio": 0.05206741392612457,
    "minority_target_class_ratio": 0.0009623609948903322,
    "median_target_class_ratio": 0.037710294127464294,
    "majority_target_class_ratio": 0.1622825711965561,
    "mean_mean_numeric_features": 3.6060736179351807,
    "stdev_mean_numeric_features": 1.2391456365585327,
    "min_mean_numeric_features": 1.854006290435791,
    "q1_mean_numeric_features": 3.1529085636138916,
    "median_mean_numeric_features": 4.451810836791992,
    "q3_mean_numeric_features": 4.482107400894165,
    "max_mean_numeric_features": 4.512403964996338,
    "mean_stdev_numeric_features": 1.8191746473312378,
    "stdev_stdev_numeric_features": 0.6314327120780945,
    "min_stdev_numeric_features": 0.9264140725135803,
    "q1_stdev_numeric_features": 1.5874004662036896,
    "median_stdev_numeric_features": 2.248386859893799,
    "q3_stdev_numeric_features": 2.265554904937744,
    "max_stdev_numeric_features": 2.2827229499816895,
    "mean_var_numeric_features": 3.7081034183502197,
    "stdev_var_numeric_features": 2.0161561965942383,
    "min_var_numeric_features": 0.8582431077957153,
    "q1_var_numeric_features": 2.956743061542511,
    "median_var_numeric_features": 5.055243015289307,
    "q3_var_numeric_features": 5.133033752441406,
    "max_var_numeric_features": 5.210824489593506,
    "mean_min_numeric_features": 1.0,
    "stdev_min_numeric_features": 0.0,
    "min_min_numeric_features": 1.0,
    "q1_min_numeric_features": 1.0,
    "median_min_numeric_features": 1.0,
    "q3_min_numeric_features": 1.0,
    "max_min_numeric_features": 1.0,
    "mean_median_numeric_features": 3.6666667461395264,
    "stdev_median_numeric_features": 1.247219204902649,
    "min_median_numeric_features": 2.0,
    "q1_median_numeric_features": 3.0,
    "median_median_numeric_features": 4.0,
    "q3_median_numeric_features": 4.5,
    "max_median_numeric_features": 5.0,
    "mean_max_numeric_features": 6.666666507720947,
    "stdev_max_numeric_features": 1.885617971420288,
    "min_max_numeric_features": 4.0,
    "q1_max_numeric_features": 6.0,
    "median_max_numeric_features": 8.0,
    "q3_max_numeric_features": 8.0,
    "max_max_numeric_features": 8.0,
    "pca_1": 0.4736639549409034,
    "pca_2": 0.45063345384758363,
    "pca_3": 0.07570259121151296,
    "mean_entropy_categorical_features": 1.7826837301254272,
    "stdev_entropy_categorical_features": 0.3967280983924866,
    "min_entropy_categorical_features": 1.2219315767288208,
    "median_entropy_categorical_features": 2.047013998031616,
    "max_entropy_categorical_features": 2.079105854034424,
    "mean_information_gain_categorical_features": 0.5504493713378906,
    "stdev_information_gain_categorical_features": 0.08098925650119781,
    "min_information_gain_categorical_features": 0.4462869167327881,
    "median_information_gain_categorical_features": 0.5612809658050537,
    "max_information_gain_categorical_features": 0.6437801718711853,
    "mean_mutual_informaiton_categorical_features": 0.09253660589456558,
    "stdev_mutual_informaiton_categorical_features": 0.04127280041575432,
    "min_mutual_informaiton_categorical_features": 0.03470829501748085,
    "median_mutual_informaiton_categorical_features": 0.11458924412727356,
    "max_mutual_informaiton_categorical_features": 0.12831228971481323,
    "knn_5_accuracy": 0.7297545562993373,
    "knn_5_balanced_accuracy": 0.6826755654255015,
    "gaussian_nb_accuracy": 0.2390934122503742,
    "gaussian_nb_balanced_accuracy": 0.2598231715037037,
    "lda_accuracy": 0.27252639117770017,
    "lda_balanced_accuracy": 0.20075403987118184,
    "decision_tree_3_accuracy": 0.2811166094804359,
    "decision_tree_3_balanced_accuracy": 0.18666806467197702,
    "decision_tree_1_accuracy": 0.19083233435798969,
    "decision_tree_1_balanced_accuracy": 0.09451449771246154,
    "random_tree_2_accuracy": 0.2479684671426773,
    "random_tree_2_balanced_accuracy": 0.09894984881904714
}