{
    "nb_instances": 2534,
    "log_nb_instances": 7.837554360881084,
    "nb_features": 72,
    "dataset_dimensionality": 35.19444444444444,
    "log_dataset_dimensionality": 3.560888241865029,
    "dataset_ratio": 0.028413575374901343,
    "nb_missing_vals": 0,
    "ratio_features_with_missing_vals": 0.0,
    "ratio_instances_with_missing_vals": 0.0,
    "nb_numeric_features": 72,
    "nb_categorical_features": 0,
    "ratio_numeric_categorical_features": 0.0,
    "ratio_categorical_numeric_features": 0.0,
    "nb_classes": 2,
    "class_entropy": 0.23552477528910556,
    "mean_target_class_ratio": 0.5,
    "stdev_target_class_ratio": 0.4368587136268616,
    "minority_target_class_ratio": 0.06314127892255783,
    "median_target_class_ratio": 0.4999999962747097,
    "majority_target_class_ratio": 0.9368587136268616,
    "mean_mean_numeric_features": 296.4945983886719,
    "stdev_mean_numeric_features": 1409.7532958984375,
    "min_mean_numeric_features": -10.511409759521484,
    "q1_mean_numeric_features": 1.9047330021858215,
    "median_mean_numeric_features": 4.8158628940582275,
    "q3_mean_numeric_features": 20.671635150909424,
    "max_mean_numeric_features": 10164.1982421875,
    "mean_stdev_numeric_features": 7.570160865783691,
    "stdev_stdev_numeric_features": 12.635009765625,
    "min_stdev_numeric_features": 0.24285788834095,
    "q1_stdev_numeric_features": 1.166978120803833,
    "median_stdev_numeric_features": 6.228337287902832,
    "q3_stdev_numeric_features": 7.043254375457764,
    "max_stdev_numeric_features": 77.41011047363281,
    "mean_var_numeric_features": 216.95079040527344,
    "stdev_var_numeric_features": 819.0059814453125,
    "min_var_numeric_features": 0.058979958295822144,
    "q1_var_numeric_features": 1.3618386089801788,
    "median_var_numeric_features": 38.848623275756836,
    "q3_var_numeric_features": 49.60743045806885,
    "max_var_numeric_features": 5992.3251953125,
    "mean_min_numeric_features": 268.71527099609375,
    "stdev_min_numeric_features": 1367.796630859375,
    "min_min_numeric_features": -135.0,
    "q1_min_numeric_features": -2.2249999046325684,
    "median_min_numeric_features": 0.0,
    "q3_min_numeric_features": 0.10000000149011612,
    "max_min_numeric_features": 9975.0,
    "mean_median_numeric_features": 296.9181823730469,
    "stdev_median_numeric_features": 1409.8023681640625,
    "min_median_numeric_features": -10.399999618530273,
    "q1_median_numeric_features": 1.8787819743156433,
    "median_median_numeric_features": 4.8158628940582275,
    "q3_median_numeric_features": 21.09999990463257,
    "max_median_numeric_features": 10160.0,
    "mean_max_numeric_features": 316.4888916015625,
    "stdev_max_numeric_features": 1437.6318359375,
    "min_max_numeric_features": -1.7000000476837158,
    "q1_max_numeric_features": 8.450000047683716,
    "median_max_numeric_features": 26.820000648498535,
    "q3_max_numeric_features": 36.17499923706055,
    "max_max_numeric_features": 10350.0,
    "pca_1": 0.6162166835919985,
    "pca_2": 0.2502849544147835,
    "pca_3": 0.06616077998368218,
    "mean_entropy_categorical_features": NaN,
    "stdev_entropy_categorical_features": NaN,
    "min_entropy_categorical_features": NaN,
    "median_entropy_categorical_features": NaN,
    "max_entropy_categorical_features": NaN,
    "mean_information_gain_categorical_features": NaN,
    "stdev_information_gain_categorical_features": NaN,
    "min_information_gain_categorical_features": NaN,
    "median_information_gain_categorical_features": NaN,
    "max_information_gain_categorical_features": NaN,
    "mean_mutual_informaiton_categorical_features": NaN,
    "stdev_mutual_informaiton_categorical_features": NaN,
    "min_mutual_informaiton_categorical_features": NaN,
    "median_mutual_informaiton_categorical_features": NaN,
    "max_mutual_informaiton_categorical_features": NaN,
    "knn_5_accuracy": 0.9348894138191797,
    "knn_5_balanced_accuracy": 0.5286920657116916,
    "gaussian_nb_accuracy": 0.6929843846231807,
    "gaussian_nb_balanced_accuracy": 0.7525149721070764,
    "lda_accuracy": 0.9384342524810751,
    "lda_balanced_accuracy": 0.5995463302006911,
    "decision_tree_3_accuracy": 0.931724240085444,
    "decision_tree_3_balanced_accuracy": 0.5300832779160339,
    "decision_tree_1_accuracy": 0.9368625800063928,
    "decision_tree_1_balanced_accuracy": 0.5,
    "random_tree_2_accuracy": 0.9368625800063928,
    "random_tree_2_balanced_accuracy": 0.5
}