{
    "nb_instances": 195,
    "log_nb_instances": 5.272999558563747,
    "nb_features": 22,
    "dataset_dimensionality": 8.863636363636363,
    "log_dataset_dimensionality": 2.1819571052054307,
    "dataset_ratio": 0.11282051282051282,
    "nb_missing_vals": 0,
    "ratio_features_with_missing_vals": 0.0,
    "ratio_instances_with_missing_vals": 0.0,
    "nb_numeric_features": 22,
    "nb_categorical_features": 0,
    "ratio_numeric_categorical_features": 0.0,
    "ratio_categorical_numeric_features": 0.0,
    "nb_classes": 2,
    "class_entropy": 0.5580701289224494,
    "mean_target_class_ratio": 0.5,
    "stdev_target_class_ratio": 0.2538461685180664,
    "minority_target_class_ratio": 0.2461538463830948,
    "median_target_class_ratio": 0.5000000074505806,
    "majority_target_class_ratio": 0.7538461685180664,
    "mean_mean_numeric_features": 22.19798469543457,
    "stdev_mean_numeric_features": 54.70817565917969,
    "min_mean_numeric_features": -5.684396743774414,
    "q1_mean_numeric_features": 0.011356000322848558,
    "median_mean_numeric_features": 0.03835087176412344,
    "q3_mean_numeric_features": 0.6632081791758537,
    "max_mean_numeric_features": 197.10491943359375,
    "mean_stdev_numeric_features": 8.317173957824707,
    "stdev_stdev_numeric_features": 21.822723388671875,
    "min_stdev_numeric_features": 3.4821907320292667e-05,
    "q1_stdev_numeric_features": 0.010620797518640757,
    "median_stdev_numeric_features": 0.04787714034318924,
    "q3_stdev_numeric_features": 0.3358186185359955,
    "max_stdev_numeric_features": 91.49154663085938,
    "mean_var_numeric_features": 545.4066772460938,
    "stdev_var_numeric_features": 1784.3673095703125,
    "min_var_numeric_features": 1.2125652704142453e-09,
    "q1_var_numeric_features": 0.00011345739221724216,
    "median_var_numeric_features": 0.0023478525108657777,
    "q3_var_numeric_features": 0.11939562484622002,
    "max_var_numeric_features": 8370.703125,
    "mean_min_numeric_features": 11.7666597366333,
    "stdev_min_numeric_features": 29.85917854309082,
    "min_min_numeric_features": -7.964983940124512,
    "q1_min_numeric_features": 0.001769999973475933,
    "median_min_numeric_features": 0.00836499989964068,
    "q3_min_numeric_features": 0.49485399574041367,
    "max_min_numeric_features": 102.1449966430664,
    "mean_median_numeric_features": 20.43849754333496,
    "stdev_median_numeric_features": 50.12383270263672,
    "min_median_numeric_features": -5.720868110656738,
    "q1_median_numeric_features": 0.008532500243745744,
    "median_median_numeric_features": 0.030664999969303608,
    "q3_median_numeric_features": 0.6656789854168892,
    "max_median_numeric_features": 175.82899475097656,
    "mean_max_numeric_features": 51.381595611572266,
    "stdev_max_numeric_features": 137.90476989746094,
    "min_max_numeric_features": -2.4340310096740723,
    "q1_max_numeric_features": 0.058434998616576195,
    "median_max_numeric_features": 0.24211999773979187,
    "q3_max_numeric_features": 1.1828220337629318,
    "max_max_numeric_features": 592.030029296875,
    "pca_1": 0.7289926852958067,
    "pca_2": 0.21824461443936888,
    "pca_3": 0.05112088361602998,
    "mean_entropy_categorical_features": NaN,
    "stdev_entropy_categorical_features": NaN,
    "min_entropy_categorical_features": NaN,
    "median_entropy_categorical_features": NaN,
    "max_entropy_categorical_features": NaN,
    "mean_information_gain_categorical_features": NaN,
    "stdev_information_gain_categorical_features": NaN,
    "min_information_gain_categorical_features": NaN,
    "median_information_gain_categorical_features": NaN,
    "max_information_gain_categorical_features": NaN,
    "mean_mutual_informaiton_categorical_features": NaN,
    "stdev_mutual_informaiton_categorical_features": NaN,
    "min_mutual_informaiton_categorical_features": NaN,
    "median_mutual_informaiton_categorical_features": NaN,
    "max_mutual_informaiton_categorical_features": NaN,
    "knn_5_accuracy": 0.8461538461538461,
    "knn_5_balanced_accuracy": 0.7606927369997447,
    "gaussian_nb_accuracy": 0.7282051282051283,
    "gaussian_nb_balanced_accuracy": 0.8095977011494252,
    "lda_accuracy": 0.8512820512820513,
    "lda_balanced_accuracy": 0.7714031385281386,
    "decision_tree_3_accuracy": 0.8358974358974359,
    "decision_tree_3_balanced_accuracy": 0.7574406895374637,
    "decision_tree_1_accuracy": 0.7435897435897436,
    "decision_tree_1_balanced_accuracy": 0.6442027649769585,
    "random_tree_2_accuracy": 0.8205128205128205,
    "random_tree_2_balanced_accuracy": 0.700663082437276
}