{
    "nb_instances": 182,
    "log_nb_instances": 5.204006687076795,
    "nb_features": 12,
    "dataset_dimensionality": 15.166666666666666,
    "log_dataset_dimensionality": 2.719100037288795,
    "dataset_ratio": 0.06593406593406594,
    "nb_missing_vals": 0,
    "ratio_features_with_missing_vals": 0.0,
    "ratio_instances_with_missing_vals": 0.0,
    "nb_numeric_features": 12,
    "nb_categorical_features": 0,
    "ratio_numeric_categorical_features": 0.0,
    "ratio_categorical_numeric_features": 0.0,
    "nb_classes": 2,
    "class_entropy": 0.5982695885852573,
    "mean_target_class_ratio": 0.5,
    "stdev_target_class_ratio": 0.2142857164144516,
    "minority_target_class_ratio": 0.2857142984867096,
    "median_target_class_ratio": 0.5000000149011612,
    "majority_target_class_ratio": 0.7142857313156128,
    "mean_mean_numeric_features": -0.004839777015149593,
    "stdev_mean_numeric_features": 0.004403823055326939,
    "min_mean_numeric_features": -0.012153928168118,
    "q1_mean_numeric_features": -0.007822644198313355,
    "median_mean_numeric_features": -0.005572461523115635,
    "q3_mean_numeric_features": -0.0029654656536877155,
    "max_mean_numeric_features": 0.004161747172474861,
    "mean_stdev_numeric_features": 0.4121737480163574,
    "stdev_stdev_numeric_features": 0.0537431463599205,
    "min_stdev_numeric_features": 0.3341063857078552,
    "q1_stdev_numeric_features": 0.37390127778053284,
    "median_stdev_numeric_features": 0.4087554067373276,
    "q3_stdev_numeric_features": 0.46292147040367126,
    "max_stdev_numeric_features": 0.49031689763069153,
    "mean_var_numeric_features": 0.1727755069732666,
    "stdev_var_numeric_features": 0.04442594572901726,
    "min_var_numeric_features": 0.11162707209587097,
    "q1_var_numeric_features": 0.1401015091687441,
    "median_var_numeric_features": 0.16710137575864792,
    "q3_var_numeric_features": 0.2143600396811962,
    "max_var_numeric_features": 0.24041065573692322,
    "mean_min_numeric_features": -1.2768374681472778,
    "stdev_min_numeric_features": 0.38060441613197327,
    "min_min_numeric_features": -2.034600019454956,
    "q1_min_numeric_features": -1.6160500347614288,
    "median_min_numeric_features": -1.0823500156402588,
    "q3_min_numeric_features": -1.0189249813556671,
    "max_min_numeric_features": -0.8827700018882751,
    "mean_median_numeric_features": 0.00010766679042717442,
    "stdev_median_numeric_features": 0.016364913433790207,
    "min_median_numeric_features": -0.03039800003170967,
    "q1_median_numeric_features": -0.005301374883856624,
    "median_median_numeric_features": -0.0012002499715890735,
    "q3_median_numeric_features": 0.004494750173762441,
    "max_median_numeric_features": 0.03922250121831894,
    "mean_max_numeric_features": 1.0,
    "stdev_max_numeric_features": 0.0,
    "min_max_numeric_features": 1.0,
    "q1_max_numeric_features": 1.0,
    "median_max_numeric_features": 1.0,
    "q3_max_numeric_features": 1.0,
    "max_max_numeric_features": 1.0,
    "pca_1": 0.2705255999548188,
    "pca_2": 0.19439381673225825,
    "pca_3": 0.19152764735238711,
    "mean_entropy_categorical_features": NaN,
    "stdev_entropy_categorical_features": NaN,
    "min_entropy_categorical_features": NaN,
    "median_entropy_categorical_features": NaN,
    "max_entropy_categorical_features": NaN,
    "mean_information_gain_categorical_features": NaN,
    "stdev_information_gain_categorical_features": NaN,
    "min_information_gain_categorical_features": NaN,
    "median_information_gain_categorical_features": NaN,
    "max_information_gain_categorical_features": NaN,
    "mean_mutual_informaiton_categorical_features": NaN,
    "stdev_mutual_informaiton_categorical_features": NaN,
    "min_mutual_informaiton_categorical_features": NaN,
    "median_mutual_informaiton_categorical_features": NaN,
    "max_mutual_informaiton_categorical_features": NaN,
    "knn_5_accuracy": 0.6105105105105105,
    "knn_5_balanced_accuracy": 0.4499542124542124,
    "gaussian_nb_accuracy": 0.6313813813813814,
    "gaussian_nb_balanced_accuracy": 0.47334706034706037,
    "lda_accuracy": 0.7036036036036036,
    "lda_balanced_accuracy": 0.49198717948717957,
    "decision_tree_3_accuracy": 0.7027027027027029,
    "decision_tree_3_balanced_accuracy": 0.5183049134773273,
    "decision_tree_1_accuracy": 0.7141141141141142,
    "decision_tree_1_balanced_accuracy": 0.5,
    "random_tree_2_accuracy": 0.6647147147147147,
    "random_tree_2_balanced_accuracy": 0.4946428571428571
}