{
    "nb_instances": 1600,
    "log_nb_instances": 7.3777589082278725,
    "nb_features": 64,
    "dataset_dimensionality": 25.0,
    "log_dataset_dimensionality": 3.2188758248682006,
    "dataset_ratio": 0.04,
    "nb_missing_vals": 0,
    "ratio_features_with_missing_vals": 0.0,
    "ratio_instances_with_missing_vals": 0.0,
    "nb_numeric_features": 64,
    "nb_categorical_features": 0,
    "ratio_numeric_categorical_features": 0.0,
    "ratio_categorical_numeric_features": 0.0,
    "nb_classes": 100,
    "class_entropy": 4.60517018598809,
    "mean_target_class_ratio": 0.009999997913837433,
    "stdev_target_class_ratio": 1.862645149230957e-09,
    "minority_target_class_ratio": 0.009999999776482582,
    "median_target_class_ratio": 0.009999999776482582,
    "majority_target_class_ratio": 0.009999999776482582,
    "mean_mean_numeric_features": 0.015624954365193844,
    "stdev_mean_numeric_features": 0.009199267253279686,
    "min_mean_numeric_features": 0.00015502750466112047,
    "q1_mean_numeric_features": 0.008806403493508697,
    "median_mean_numeric_features": 0.015066486317664385,
    "q3_mean_numeric_features": 0.020359151531010866,
    "max_mean_numeric_features": 0.041258592158555984,
    "mean_stdev_numeric_features": 0.016837868839502335,
    "stdev_stdev_numeric_features": 0.009219772182404995,
    "min_stdev_numeric_features": 0.0014982408611103892,
    "q1_stdev_numeric_features": 0.011196563486009836,
    "median_stdev_numeric_features": 0.015704424120485783,
    "q3_stdev_numeric_features": 0.021061045583337545,
    "max_stdev_numeric_features": 0.05157053470611572,
    "mean_var_numeric_features": 0.0003685180563479662,
    "stdev_var_numeric_features": 0.000453894812380895,
    "min_var_numeric_features": 2.2447254650614923e-06,
    "q1_var_numeric_features": 0.00012538826740637887,
    "median_var_numeric_features": 0.000246681272983551,
    "q3_var_numeric_features": 0.0004436033414094709,
    "max_var_numeric_features": 0.002659520134329796,
    "mean_min_numeric_features": 0.0,
    "stdev_min_numeric_features": 0.0,
    "min_min_numeric_features": 0.0,
    "q1_min_numeric_features": 0.0,
    "median_min_numeric_features": 0.0,
    "q3_min_numeric_features": 0.0,
    "max_min_numeric_features": 0.0,
    "mean_median_numeric_features": 0.01025390625,
    "stdev_median_numeric_features": 0.007621412165462971,
    "min_median_numeric_features": 0.0,
    "q1_median_numeric_features": 0.0019529999699443579,
    "median_median_numeric_features": 0.010742499958723783,
    "q3_median_numeric_features": 0.015625,
    "max_median_numeric_features": 0.028320500627160072,
    "mean_max_numeric_features": 0.11288468539714813,
    "stdev_max_numeric_features": 0.07083426415920258,
    "min_max_numeric_features": 0.029296999797225,
    "q1_max_numeric_features": 0.07519550062716007,
    "median_max_numeric_features": 0.09082050248980522,
    "q3_max_numeric_features": 0.12548749893903732,
    "max_max_numeric_features": 0.416020005941391,
    "pca_1": 0.3663461599277238,
    "pca_2": 0.13647982687265547,
    "pca_3": 0.08761368798777115,
    "mean_entropy_categorical_features": NaN,
    "stdev_entropy_categorical_features": NaN,
    "min_entropy_categorical_features": NaN,
    "median_entropy_categorical_features": NaN,
    "max_entropy_categorical_features": NaN,
    "mean_information_gain_categorical_features": NaN,
    "stdev_information_gain_categorical_features": NaN,
    "min_information_gain_categorical_features": NaN,
    "median_information_gain_categorical_features": NaN,
    "max_information_gain_categorical_features": NaN,
    "mean_mutual_informaiton_categorical_features": NaN,
    "stdev_mutual_informaiton_categorical_features": NaN,
    "min_mutual_informaiton_categorical_features": NaN,
    "median_mutual_informaiton_categorical_features": NaN,
    "max_mutual_informaiton_categorical_features": NaN,
    "knn_5_accuracy": 0.743125,
    "knn_5_balanced_accuracy": 0.7507550897324462,
    "gaussian_nb_accuracy": 0.740625,
    "gaussian_nb_balanced_accuracy": 0.7475113096689839,
    "lda_accuracy": 0.8006249999999999,
    "lda_balanced_accuracy": 0.8034940923737917,
    "decision_tree_3_accuracy": 0.038125,
    "decision_tree_3_balanced_accuracy": 0.0612339136685602,
    "decision_tree_1_accuracy": 0.00125,
    "decision_tree_1_balanced_accuracy": 0.00404040404040404,
    "random_tree_2_accuracy": 0.009999999999999998,
    "random_tree_2_balanced_accuracy": 0.027167310598091153
}