{
    "nb_instances": 1599,
    "log_nb_instances": 7.377133712833954,
    "nb_features": 64,
    "dataset_dimensionality": 24.984375,
    "log_dataset_dimensionality": 3.2182506294742823,
    "dataset_ratio": 0.04002501563477173,
    "nb_missing_vals": 0,
    "ratio_features_with_missing_vals": 0.0,
    "ratio_instances_with_missing_vals": 0.0,
    "nb_numeric_features": 64,
    "nb_categorical_features": 0,
    "ratio_numeric_categorical_features": 0.0,
    "ratio_categorical_numeric_features": 0.0,
    "nb_classes": 100,
    "class_entropy": 4.60515041762173,
    "mean_target_class_ratio": 0.009999999776482582,
    "stdev_target_class_ratio": 6.222556839929894e-05,
    "minority_target_class_ratio": 0.009380863048136234,
    "median_target_class_ratio": 0.010006253607571125,
    "majority_target_class_ratio": 0.010006253607571125,
    "mean_mean_numeric_features": 0.01562502235174179,
    "stdev_mean_numeric_features": 0.006858257111161947,
    "min_mean_numeric_features": 0.0026365434750914574,
    "q1_mean_numeric_features": 0.010468586813658476,
    "median_mean_numeric_features": 0.015445169527083635,
    "q3_mean_numeric_features": 0.02021808736026287,
    "max_mean_numeric_features": 0.03681690990924835,
    "mean_stdev_numeric_features": 0.02696152590215206,
    "stdev_stdev_numeric_features": 0.014731605537235737,
    "min_stdev_numeric_features": 0.010187092237174511,
    "q1_stdev_numeric_features": 0.01606117421761155,
    "median_stdev_numeric_features": 0.02265927568078041,
    "q3_stdev_numeric_features": 0.03228157851845026,
    "max_stdev_numeric_features": 0.07377807050943375,
    "mean_var_numeric_features": 0.0009439440327696502,
    "stdev_var_numeric_features": 0.0011343053774908185,
    "min_var_numeric_features": 0.00010377685248386115,
    "q1_var_numeric_features": 0.000257964689808432,
    "median_var_numeric_features": 0.0005134665407240391,
    "q3_var_numeric_features": 0.0010422703344374895,
    "max_var_numeric_features": 0.005443204194307327,
    "mean_min_numeric_features": 0.0,
    "stdev_min_numeric_features": 0.0,
    "min_min_numeric_features": 0.0,
    "q1_min_numeric_features": 0.0,
    "median_min_numeric_features": 0.0,
    "q3_min_numeric_features": 0.0,
    "max_min_numeric_features": 0.0,
    "mean_median_numeric_features": 0.005493140779435635,
    "stdev_median_numeric_features": 0.00464665750041604,
    "min_median_numeric_features": 0.0,
    "q1_median_numeric_features": 0.0009769999887794256,
    "median_median_numeric_features": 0.004883000161498785,
    "q3_median_numeric_features": 0.008056249935179949,
    "max_median_numeric_features": 0.01660200022161007,
    "mean_max_numeric_features": 0.23623692989349365,
    "stdev_max_numeric_features": 0.14661993086338043,
    "min_max_numeric_features": 0.07519499957561493,
    "q1_max_numeric_features": 0.1369675062596798,
    "median_max_numeric_features": 0.18065999448299408,
    "q3_max_numeric_features": 0.30126749724149704,
    "max_max_numeric_features": 0.8535199761390686,
    "pca_1": 0.1887653515575246,
    "pca_2": 0.12187576962885723,
    "pca_3": 0.09512728442421306,
    "mean_entropy_categorical_features": NaN,
    "stdev_entropy_categorical_features": NaN,
    "min_entropy_categorical_features": NaN,
    "median_entropy_categorical_features": NaN,
    "max_entropy_categorical_features": NaN,
    "mean_information_gain_categorical_features": NaN,
    "stdev_information_gain_categorical_features": NaN,
    "min_information_gain_categorical_features": NaN,
    "median_information_gain_categorical_features": NaN,
    "max_information_gain_categorical_features": NaN,
    "mean_mutual_informaiton_categorical_features": NaN,
    "stdev_mutual_informaiton_categorical_features": NaN,
    "min_mutual_informaiton_categorical_features": NaN,
    "median_mutual_informaiton_categorical_features": NaN,
    "max_mutual_informaiton_categorical_features": NaN,
    "knn_5_accuracy": 0.6835462382445141,
    "knn_5_balanced_accuracy": 0.6933848936399958,
    "gaussian_nb_accuracy": 0.646673197492163,
    "gaussian_nb_balanced_accuracy": 0.667937702025515,
    "lda_accuracy": 0.7567378526645767,
    "lda_balanced_accuracy": 0.7581136661727643,
    "decision_tree_3_accuracy": 0.04127742946708464,
    "decision_tree_3_balanced_accuracy": 0.06803491468439923,
    "decision_tree_1_accuracy": 0.0031269592476489026,
    "decision_tree_1_balanced_accuracy": 0.010143488323164317,
    "random_tree_2_accuracy": 0.017505877742946707,
    "random_tree_2_balanced_accuracy": 0.03357167296784381
}