{
    "nb_instances": 1055,
    "log_nb_instances": 6.961296045910167,
    "nb_features": 41,
    "dataset_dimensionality": 25.73170731707317,
    "log_dataset_dimensionality": 3.247723979205859,
    "dataset_ratio": 0.03886255924170616,
    "nb_missing_vals": 0,
    "ratio_features_with_missing_vals": 0.0,
    "ratio_instances_with_missing_vals": 0.0,
    "nb_numeric_features": 41,
    "nb_categorical_features": 0,
    "ratio_numeric_categorical_features": 0.0,
    "ratio_categorical_numeric_features": 0.0,
    "nb_classes": 2,
    "class_entropy": 0.6393233359530519,
    "mean_target_class_ratio": 0.5,
    "stdev_target_class_ratio": 0.16255925595760345,
    "minority_target_class_ratio": 0.33744075894355774,
    "median_target_class_ratio": 0.5000000149011612,
    "majority_target_class_ratio": 0.6625592708587646,
    "mean_mean_numeric_features": 2.6835215091705322,
    "stdev_mean_numeric_features": 5.932986259460449,
    "min_mean_numeric_features": -0.19712890684604645,
    "q1_mean_numeric_features": 0.12985782325267792,
    "median_mean_numeric_features": 1.1311061382293701,
    "q3_mean_numeric_features": 2.5584170818328857,
    "max_mean_numeric_features": 37.055641174316406,
    "mean_stdev_numeric_features": 1.5943958759307861,
    "stdev_stdev_numeric_features": 2.3226892948150635,
    "min_stdev_numeric_features": 0.030142957344651222,
    "q1_stdev_numeric_features": 0.25601041316986084,
    "median_stdev_numeric_features": 0.8313081860542297,
    "q3_stdev_numeric_features": 1.963521122932434,
    "max_stdev_numeric_features": 11.895889282226562,
    "mean_var_numeric_features": 7.936984062194824,
    "stdev_var_numeric_features": 24.998262405395508,
    "min_var_numeric_features": 0.0009085978381335735,
    "q1_var_numeric_features": 0.0655413344502449,
    "median_var_numeric_features": 0.6910732984542847,
    "q3_var_numeric_features": 3.855415105819702,
    "max_var_numeric_features": 141.51217651367188,
    "mean_min_numeric_features": 0.3683878183364868,
    "stdev_min_numeric_features": 1.4236007928848267,
    "min_min_numeric_features": -5.25600004196167,
    "q1_min_numeric_features": 0.0,
    "median_min_numeric_features": 0.0,
    "q3_min_numeric_features": 0.8039000034332275,
    "max_min_numeric_features": 4.916999816894531,
    "mean_median_numeric_features": 2.204885244369507,
    "stdev_median_numeric_features": 5.989423751831055,
    "min_median_numeric_features": 0.0,
    "q1_median_numeric_features": 0.0,
    "median_median_numeric_features": 0.0,
    "q3_median_numeric_features": 2.0,
    "max_median_numeric_features": 37.5,
    "mean_max_numeric_features": 16.562965393066406,
    "stdev_max_numeric_features": 26.03028106689453,
    "min_max_numeric_features": 1.0,
    "q1_max_numeric_features": 3.0,
    "median_max_numeric_features": 8.0,
    "q3_max_numeric_features": 17.53700065612793,
    "max_max_numeric_features": 147.0,
    "pca_1": 0.48196340444878155,
    "pca_2": 0.2748113831853232,
    "pca_3": 0.08564403300788037,
    "mean_entropy_categorical_features": NaN,
    "stdev_entropy_categorical_features": NaN,
    "min_entropy_categorical_features": NaN,
    "median_entropy_categorical_features": NaN,
    "max_entropy_categorical_features": NaN,
    "mean_information_gain_categorical_features": NaN,
    "stdev_information_gain_categorical_features": NaN,
    "min_information_gain_categorical_features": NaN,
    "median_information_gain_categorical_features": NaN,
    "max_information_gain_categorical_features": NaN,
    "mean_mutual_informaiton_categorical_features": NaN,
    "stdev_mutual_informaiton_categorical_features": NaN,
    "min_mutual_informaiton_categorical_features": NaN,
    "median_mutual_informaiton_categorical_features": NaN,
    "max_mutual_informaiton_categorical_features": NaN,
    "knn_5_accuracy": 0.8113744075829384,
    "knn_5_balanced_accuracy": 0.7986849913605009,
    "gaussian_nb_accuracy": 0.7109004739336492,
    "gaussian_nb_balanced_accuracy": 0.767740050503236,
    "lda_accuracy": 0.8568720379146919,
    "lda_balanced_accuracy": 0.8382666495152116,
    "decision_tree_3_accuracy": 0.7819905213270142,
    "decision_tree_3_balanced_accuracy": 0.7392762010594855,
    "decision_tree_1_accuracy": 0.7156398104265403,
    "decision_tree_1_balanced_accuracy": 0.7286692503670802,
    "random_tree_2_accuracy": 0.757345971563981,
    "random_tree_2_balanced_accuracy": 0.6710196755931637
}