{
    "nb_instances": 7400,
    "log_nb_instances": 8.909235279192261,
    "nb_features": 20,
    "dataset_dimensionality": 370.0,
    "log_dataset_dimensionality": 5.91350300563827,
    "dataset_ratio": 0.002702702702702703,
    "nb_missing_vals": 0,
    "ratio_features_with_missing_vals": 0.0,
    "ratio_instances_with_missing_vals": 0.0,
    "nb_numeric_features": 20,
    "nb_categorical_features": 0,
    "ratio_numeric_categorical_features": 0.0,
    "ratio_categorical_numeric_features": 0.0,
    "nb_classes": 2,
    "class_entropy": 0.6930998459927801,
    "mean_target_class_ratio": 0.5,
    "stdev_target_class_ratio": 0.004864871501922607,
    "minority_target_class_ratio": 0.4951351284980774,
    "median_target_class_ratio": 0.5,
    "majority_target_class_ratio": 0.5048648715019226,
    "mean_mean_numeric_features": 204.23423767089844,
    "stdev_mean_numeric_features": 14.78651237487793,
    "min_mean_numeric_features": 176.5491943359375,
    "q1_mean_numeric_features": 193.4804344177246,
    "median_mean_numeric_features": 201.9837188720703,
    "q3_mean_numeric_features": 219.5658416748047,
    "max_mean_numeric_features": 225.82229614257812,
    "mean_stdev_numeric_features": 1503.282470703125,
    "stdev_stdev_numeric_features": 19.64887237548828,
    "min_stdev_numeric_features": 1471.2642822265625,
    "q1_stdev_numeric_features": 1486.2171936035156,
    "median_stdev_numeric_features": 1501.4307861328125,
    "q3_stdev_numeric_features": 1517.5680236816406,
    "max_stdev_numeric_features": 1542.925048828125,
    "mean_var_numeric_features": 2260244.5,
    "stdev_var_numeric_features": 59218.46875,
    "min_var_numeric_features": 2164618.5,
    "q1_var_numeric_features": 2208841.75,
    "median_var_numeric_features": 2254298.875,
    "q3_var_numeric_features": 2303014.25,
    "max_var_numeric_features": 2380617.75,
    "mean_min_numeric_features": -7301.7998046875,
    "stdev_min_numeric_features": 467.73773193359375,
    "min_min_numeric_features": -8778.0,
    "q1_min_numeric_features": -7492.5,
    "median_min_numeric_features": -7184.0,
    "q3_min_numeric_features": -7058.5,
    "max_min_numeric_features": -6627.0,
    "mean_median_numeric_features": 158.25,
    "stdev_median_numeric_features": 9.179460525512695,
    "min_median_numeric_features": 145.0,
    "q1_median_numeric_features": 151.75,
    "median_median_numeric_features": 156.0,
    "q3_median_numeric_features": 165.875,
    "max_median_numeric_features": 173.0,
    "mean_max_numeric_features": 6867.10009765625,
    "stdev_max_numeric_features": 497.18707275390625,
    "min_max_numeric_features": 5726.0,
    "q1_max_numeric_features": 6398.0,
    "median_max_numeric_features": 6900.5,
    "q3_max_numeric_features": 7221.25,
    "max_max_numeric_features": 7627.0,
    "pca_1": 0.06521701562482408,
    "pca_2": 0.05321204493500748,
    "pca_3": 0.05280238094871633,
    "mean_entropy_categorical_features": NaN,
    "stdev_entropy_categorical_features": NaN,
    "min_entropy_categorical_features": NaN,
    "median_entropy_categorical_features": NaN,
    "max_entropy_categorical_features": NaN,
    "mean_information_gain_categorical_features": NaN,
    "stdev_information_gain_categorical_features": NaN,
    "min_information_gain_categorical_features": NaN,
    "median_information_gain_categorical_features": NaN,
    "max_information_gain_categorical_features": NaN,
    "mean_mutual_informaiton_categorical_features": NaN,
    "stdev_mutual_informaiton_categorical_features": NaN,
    "min_mutual_informaiton_categorical_features": NaN,
    "median_mutual_informaiton_categorical_features": NaN,
    "max_mutual_informaiton_categorical_features": NaN,
    "knn_5_accuracy": 0.6870270270270271,
    "knn_5_balanced_accuracy": 0.6840585520770028,
    "gaussian_nb_accuracy": 0.9798648648648648,
    "gaussian_nb_balanced_accuracy": 0.9797240797588967,
    "lda_accuracy": 0.7608108108108107,
    "lda_balanced_accuracy": 0.7604490716509991,
    "decision_tree_3_accuracy": 0.7297297297297296,
    "decision_tree_3_balanced_accuracy": 0.7277420985683115,
    "decision_tree_1_accuracy": 0.6006756756756758,
    "decision_tree_1_balanced_accuracy": 0.5968631847885131,
    "random_tree_2_accuracy": 0.6821621621621622,
    "random_tree_2_balanced_accuracy": 0.6804147275244072
}