{
    "nb_instances": 5456,
    "log_nb_instances": 8.604471199523298,
    "nb_features": 24,
    "dataset_dimensionality": 227.33333333333334,
    "log_dataset_dimensionality": 5.426417369175352,
    "dataset_ratio": 0.004398826979472141,
    "nb_missing_vals": 0,
    "ratio_features_with_missing_vals": 0.0,
    "ratio_instances_with_missing_vals": 0.0,
    "nb_numeric_features": 24,
    "nb_categorical_features": 0,
    "ratio_numeric_categorical_features": 0.0,
    "ratio_categorical_numeric_features": 0.0,
    "nb_classes": 4,
    "class_entropy": 1.1884928509974293,
    "mean_target_class_ratio": 0.2499999850988388,
    "stdev_target_class_ratio": 0.14797623455524445,
    "minority_target_class_ratio": 0.06011730059981346,
    "median_target_class_ratio": 0.267870232462883,
    "majority_target_class_ratio": 0.40414223074913025,
    "mean_mean_numeric_features": 2.0457923412323,
    "stdev_mean_numeric_features": 0.7467731237411499,
    "min_mean_numeric_features": 0.9102730751037598,
    "q1_mean_numeric_features": 1.404240906238556,
    "median_mean_numeric_features": 2.1581315994262695,
    "q3_mean_numeric_features": 2.611173629760742,
    "max_mean_numeric_features": 3.3511130809783936,
    "mean_stdev_numeric_features": 1.2512398958206177,
    "stdev_stdev_numeric_features": 0.22188854217529297,
    "min_stdev_numeric_features": 0.8028011322021484,
    "q1_stdev_numeric_features": 1.13401198387146,
    "median_stdev_numeric_features": 1.2870112657546997,
    "q3_stdev_numeric_features": 1.3883134126663208,
    "max_stdev_numeric_features": 1.7154346704483032,
    "mean_var_numeric_features": 1.6148360967636108,
    "stdev_var_numeric_features": 0.5512483716011047,
    "min_var_numeric_features": 0.6444896459579468,
    "q1_var_numeric_features": 1.286151260137558,
    "median_var_numeric_features": 1.6564176082611084,
    "q3_var_numeric_features": 1.9275325536727905,
    "max_var_numeric_features": 2.942715883255005,
    "mean_min_numeric_features": 0.621791660785675,
    "stdev_min_numeric_features": 0.2665923833847046,
    "min_min_numeric_features": 0.3400000035762787,
    "q1_min_numeric_features": 0.3760000020265579,
    "median_min_numeric_features": 0.48250000178813934,
    "q3_min_numeric_features": 0.815750002861023,
    "max_min_numeric_features": 1.121999979019165,
    "mean_median_numeric_features": 1.6613750457763672,
    "stdev_median_numeric_features": 0.7753959894180298,
    "min_median_numeric_features": 0.6850000023841858,
    "q1_median_numeric_features": 0.9736250340938568,
    "median_median_numeric_features": 1.5509999990463257,
    "q3_median_numeric_features": 2.2434999346733093,
    "max_median_numeric_features": 3.2255001068115234,
    "mean_max_numeric_features": 5.008958339691162,
    "stdev_max_numeric_features": 0.018642401322722435,
    "min_max_numeric_features": 5.0,
    "q1_max_numeric_features": 5.0,
    "median_max_numeric_features": 5.0,
    "q3_max_numeric_features": 5.010249972343445,
    "max_max_numeric_features": 5.086999893188477,
    "pca_1": 0.1985011701843594,
    "pca_2": 0.14545372563096723,
    "pca_3": 0.08419379583336115,
    "mean_entropy_categorical_features": NaN,
    "stdev_entropy_categorical_features": NaN,
    "min_entropy_categorical_features": NaN,
    "median_entropy_categorical_features": NaN,
    "max_entropy_categorical_features": NaN,
    "mean_information_gain_categorical_features": NaN,
    "stdev_information_gain_categorical_features": NaN,
    "min_information_gain_categorical_features": NaN,
    "median_information_gain_categorical_features": NaN,
    "max_information_gain_categorical_features": NaN,
    "mean_mutual_informaiton_categorical_features": NaN,
    "stdev_mutual_informaiton_categorical_features": NaN,
    "min_mutual_informaiton_categorical_features": NaN,
    "median_mutual_informaiton_categorical_features": NaN,
    "max_mutual_informaiton_categorical_features": NaN,
    "knn_5_accuracy": 0.857222261392747,
    "knn_5_balanced_accuracy": 0.8486454419958228,
    "gaussian_nb_accuracy": 0.5260267993540222,
    "gaussian_nb_balanced_accuracy": 0.6623873685729411,
    "lda_accuracy": 0.6590895203177514,
    "lda_balanced_accuracy": 0.5998944038004387,
    "decision_tree_3_accuracy": 0.89204429850626,
    "decision_tree_3_balanced_accuracy": 0.690514590177904,
    "decision_tree_1_accuracy": 0.6990464775066058,
    "decision_tree_1_balanced_accuracy": 0.44188996523854307,
    "random_tree_2_accuracy": 0.5901746893497581,
    "random_tree_2_balanced_accuracy": 0.5551217741647966
}