{
    "nb_instances": 462,
    "log_nb_instances": 6.135564891081739,
    "nb_features": 9,
    "dataset_dimensionality": 51.333333333333336,
    "log_dataset_dimensionality": 3.9383403137455195,
    "dataset_ratio": 0.01948051948051948,
    "nb_missing_vals": 0,
    "ratio_features_with_missing_vals": 0.0,
    "ratio_instances_with_missing_vals": 0.0,
    "nb_numeric_features": 8,
    "nb_categorical_features": 1,
    "ratio_numeric_categorical_features": 8.0,
    "ratio_categorical_numeric_features": 0.125,
    "nb_classes": 2,
    "class_entropy": 0.6451389826734641,
    "mean_target_class_ratio": 0.5,
    "stdev_target_class_ratio": 0.15367965400218964,
    "minority_target_class_ratio": 0.34632036089897156,
    "median_target_class_ratio": 0.5000000149011612,
    "majority_target_class_ratio": 0.6536796689033508,
    "mean_mean_numeric_features": 38.889747619628906,
    "stdev_mean_numeric_features": 40.83235549926758,
    "min_mean_numeric_features": 3.6356494426727295,
    "q1_mean_numeric_features": 13.968376278877258,
    "median_mean_numeric_features": 25.725421905517578,
    "q3_mean_numeric_features": 45.38798713684082,
    "max_mean_numeric_features": 138.32684326171875,
    "mean_stdev_numeric_features": 11.007772445678711,
    "stdev_stdev_numeric_features": 7.611974716186523,
    "min_stdev_numeric_features": 2.070909261703491,
    "q1_stdev_numeric_features": 4.498188257217407,
    "median_stdev_numeric_features": 8.799116611480713,
    "q3_stdev_numeric_features": 16.080796480178833,
    "max_stdev_numeric_features": 24.48105812072754,
    "mean_var_numeric_features": 179.11322021484375,
    "stdev_var_numeric_features": 205.6393280029297,
    "min_var_numeric_features": 4.288664817810059,
    "q1_var_numeric_features": 20.2606782913208,
    "median_var_numeric_features": 78.46162605285645,
    "q3_var_numeric_features": 265.09096908569336,
    "max_var_numeric_features": 599.3222045898438,
    "mean_min_numeric_features": 18.927499771118164,
    "stdev_min_numeric_features": 31.605924606323242,
    "min_min_numeric_features": 0.0,
    "q1_min_numeric_features": 0.7350000143051147,
    "median_min_numeric_features": 9.869999885559082,
    "q3_min_numeric_features": 14.774999856948853,
    "max_min_numeric_features": 101.0,
    "mean_median_numeric_features": 37.22125244140625,
    "stdev_median_numeric_features": 40.51813507080078,
    "min_median_numeric_features": 2.0,
    "q1_median_numeric_features": 6.71750020980835,
    "median_median_numeric_features": 25.960000038146973,
    "q3_median_numeric_features": 47.0,
    "max_median_numeric_features": 134.0,
    "mean_max_numeric_features": 80.3487548828125,
    "stdev_max_numeric_features": 64.13371276855469,
    "min_max_numeric_features": 15.329999923706055,
    "q1_max_numeric_features": 39.66750144958496,
    "median_max_numeric_features": 55.290000915527344,
    "q3_max_numeric_features": 95.29750061035156,
    "max_max_numeric_features": 218.0,
    "pca_1": 0.4499624178265239,
    "pca_2": 0.3131036111699888,
    "pca_3": 0.12421272456138235,
    "mean_entropy_categorical_features": 0.6788266897201538,
    "stdev_entropy_categorical_features": 0.0,
    "min_entropy_categorical_features": 0.6788266897201538,
    "median_entropy_categorical_features": 0.6788266897201538,
    "max_entropy_categorical_features": 0.6788266897201538,
    "mean_information_gain_categorical_features": 0.03702820464968681,
    "stdev_information_gain_categorical_features": 0.0,
    "min_information_gain_categorical_features": 0.03702820464968681,
    "median_information_gain_categorical_features": 0.03702820464968681,
    "max_information_gain_categorical_features": 0.03702820464968681,
    "mean_mutual_informaiton_categorical_features": 0.03702820464968681,
    "stdev_mutual_informaiton_categorical_features": 0.0,
    "min_mutual_informaiton_categorical_features": 0.03702820464968681,
    "median_mutual_informaiton_categorical_features": 0.03702820464968681,
    "max_mutual_informaiton_categorical_features": 0.03702820464968681,
    "knn_5_accuracy": 0.6210846189808322,
    "knn_5_balanced_accuracy": 0.5475069700142171,
    "gaussian_nb_accuracy": 0.7034128097241703,
    "gaussian_nb_balanced_accuracy": 0.6821890601941536,
    "lda_accuracy": 0.725198690977092,
    "lda_balanced_accuracy": 0.6745502366310293,
    "decision_tree_3_accuracy": 0.6776531089294062,
    "decision_tree_3_balanced_accuracy": 0.6453831752285344,
    "decision_tree_1_accuracy": 0.6686535764375876,
    "decision_tree_1_balanced_accuracy": 0.5368421052631579,
    "random_tree_2_accuracy": 0.6623422159887798,
    "random_tree_2_balanced_accuracy": 0.6070185728250245
}