{
    "nb_instances": 210,
    "log_nb_instances": 5.3471075307174685,
    "nb_features": 7,
    "dataset_dimensionality": 30.0,
    "log_dataset_dimensionality": 3.4011973816621555,
    "dataset_ratio": 0.03333333333333333,
    "nb_missing_vals": 0,
    "ratio_features_with_missing_vals": 0.0,
    "ratio_instances_with_missing_vals": 0.0,
    "nb_numeric_features": 7,
    "nb_categorical_features": 0,
    "ratio_numeric_categorical_features": 0.0,
    "ratio_categorical_numeric_features": 0.0,
    "nb_classes": 3,
    "class_entropy": 1.0986122886681096,
    "mean_target_class_ratio": 0.3333333432674408,
    "stdev_target_class_ratio": 0.0,
    "minority_target_class_ratio": 0.3333333432674408,
    "median_target_class_ratio": 0.3333333432674408,
    "majority_target_class_ratio": 0.3333333432674408,
    "mean_mean_numeric_features": 6.896174907684326,
    "stdev_mean_numeric_features": 5.14805793762207,
    "min_mean_numeric_features": 0.8709985613822937,
    "q1_mean_numeric_features": 3.4794028997421265,
    "median_mean_numeric_features": 5.408071517944336,
    "q3_mean_numeric_features": 10.093909740447998,
    "max_mean_numeric_features": 14.84752368927002,
    "mean_stdev_numeric_features": 1.0078718662261963,
    "stdev_stdev_numeric_features": 0.9183065295219421,
    "min_stdev_numeric_features": 0.023629415780305862,
    "q1_stdev_numeric_features": 0.4103889614343643,
    "median_stdev_numeric_features": 0.4914804995059967,
    "q3_stdev_numeric_features": 1.4047579169273376,
    "max_stdev_numeric_features": 2.9096994400024414,
    "mean_var_numeric_features": 1.8590924739837646,
    "stdev_var_numeric_features": 2.8188717365264893,
    "min_var_numeric_features": 0.0005583493039011955,
    "q1_var_numeric_features": 0.16948672384023666,
    "median_var_numeric_features": 0.24155308306217194,
    "q3_var_numeric_features": 1.9831060767173767,
    "max_var_numeric_features": 8.466350555419922,
    "mean_min_numeric_features": 5.231600284576416,
    "stdev_min_numeric_features": 4.2618842124938965,
    "min_min_numeric_features": 0.7651000022888184,
    "q1_min_numeric_features": 1.7190500497817993,
    "median_min_numeric_features": 4.519000053405762,
    "q3_min_numeric_features": 7.744500160217285,
    "max_min_numeric_features": 12.40999984741211,
    "mean_median_numeric_features": 6.732992649078369,
    "stdev_median_numeric_features": 5.011112689971924,
    "min_median_numeric_features": 0.873449981212616,
    "q1_median_numeric_features": 3.4179999828338623,
    "median_median_numeric_features": 5.2230000495910645,
    "q3_median_numeric_features": 9.921749830245972,
    "max_median_numeric_features": 14.354999542236328,
    "mean_max_numeric_features": 9.294614791870117,
    "stdev_max_numeric_features": 6.734732627868652,
    "min_max_numeric_features": 0.9182999730110168,
    "q1_max_numeric_features": 5.291500091552734,
    "median_max_numeric_features": 6.675000190734863,
    "q3_max_numeric_features": 12.853000164031982,
    "max_max_numeric_features": 21.18000030517578,
    "pca_1": 0.8293851967000075,
    "pca_2": 0.1636324521286828,
    "pca_3": 0.0056579088033186925,
    "mean_entropy_categorical_features": NaN,
    "stdev_entropy_categorical_features": NaN,
    "min_entropy_categorical_features": NaN,
    "median_entropy_categorical_features": NaN,
    "max_entropy_categorical_features": NaN,
    "mean_information_gain_categorical_features": NaN,
    "stdev_information_gain_categorical_features": NaN,
    "min_information_gain_categorical_features": NaN,
    "median_information_gain_categorical_features": NaN,
    "max_information_gain_categorical_features": NaN,
    "mean_mutual_informaiton_categorical_features": NaN,
    "stdev_mutual_informaiton_categorical_features": NaN,
    "min_mutual_informaiton_categorical_features": NaN,
    "median_mutual_informaiton_categorical_features": NaN,
    "max_mutual_informaiton_categorical_features": NaN,
    "knn_5_accuracy": 0.880952380952381,
    "knn_5_balanced_accuracy": 0.8858145286086463,
    "gaussian_nb_accuracy": 0.9,
    "gaussian_nb_balanced_accuracy": 0.8957436082436082,
    "lda_accuracy": 0.9666666666666666,
    "lda_balanced_accuracy": 0.9686538461538461,
    "decision_tree_3_accuracy": 0.8904761904761905,
    "decision_tree_3_balanced_accuracy": 0.8918470418470417,
    "decision_tree_1_accuracy": 0.6190476190476191,
    "decision_tree_1_balanced_accuracy": 0.6540616246498598,
    "random_tree_2_accuracy": 0.8476190476190476,
    "random_tree_2_balanced_accuracy": 0.8394182915467745
}