{
    "nb_instances": 699,
    "log_nb_instances": 6.54965074223381,
    "nb_features": 9,
    "dataset_dimensionality": 77.66666666666667,
    "log_dataset_dimensionality": 4.352426164897591,
    "dataset_ratio": 0.012875536480686695,
    "nb_missing_vals": 16,
    "ratio_features_with_missing_vals": 0.001430615164520744,
    "ratio_instances_with_missing_vals": 0.022889842632331903,
    "nb_numeric_features": 9,
    "nb_categorical_features": 0,
    "ratio_numeric_categorical_features": 0.0,
    "ratio_categorical_numeric_features": 0.0,
    "nb_classes": 2,
    "class_entropy": 0.6441541080484818,
    "mean_target_class_ratio": 0.5,
    "stdev_target_class_ratio": 0.15522174537181854,
    "minority_target_class_ratio": 0.34477826952934265,
    "median_target_class_ratio": 0.5000000149011612,
    "majority_target_class_ratio": 0.6552217602729797,
    "mean_mean_numeric_features": 3.148365020751953,
    "stdev_mean_numeric_features": 0.7068910598754883,
    "min_mean_numeric_features": 1.60322105884552,
    "q1_mean_numeric_features": 2.86969256401062,
    "median_mean_numeric_features": 3.215226888656616,
    "q3_mean_numeric_features": 3.4450950622558594,
    "max_mean_numeric_features": 4.442166805267334,
    "mean_stdev_numeric_features": 2.7601141929626465,
    "stdev_stdev_numeric_features": 0.5235359072685242,
    "min_stdev_numeric_features": 1.7326741218566895,
    "q1_stdev_numeric_features": 2.4496965408325195,
    "median_stdev_numeric_features": 2.8645622730255127,
    "q3_stdev_numeric_features": 3.052666425704956,
    "max_stdev_numeric_features": 3.64385724067688,
    "mean_var_numeric_features": 7.89232063293457,
    "stdev_var_numeric_features": 2.8022284507751465,
    "min_var_numeric_features": 3.002159595489502,
    "q1_var_numeric_features": 6.001013278961182,
    "median_var_numeric_features": 8.205716133117676,
    "q3_var_numeric_features": 9.318772315979004,
    "max_var_numeric_features": 13.277694702148438,
    "mean_min_numeric_features": 1.0,
    "stdev_min_numeric_features": 0.0,
    "min_min_numeric_features": 1.0,
    "q1_min_numeric_features": 1.0,
    "median_min_numeric_features": 1.0,
    "q3_min_numeric_features": 1.0,
    "max_min_numeric_features": 1.0,
    "mean_median_numeric_features": 1.6666666269302368,
    "stdev_median_numeric_features": 1.054092526435852,
    "min_median_numeric_features": 1.0,
    "q1_median_numeric_features": 1.0,
    "median_median_numeric_features": 1.0,
    "q3_median_numeric_features": 2.0,
    "max_median_numeric_features": 4.0,
    "mean_max_numeric_features": 10.0,
    "stdev_max_numeric_features": 0.0,
    "min_max_numeric_features": 10.0,
    "q1_max_numeric_features": 10.0,
    "median_max_numeric_features": 10.0,
    "q3_max_numeric_features": 10.0,
    "max_max_numeric_features": 10.0,
    "pca_1": 0.690507564193611,
    "pca_2": 0.07195066439863017,
    "pca_3": 0.06055921297677471,
    "mean_entropy_categorical_features": NaN,
    "stdev_entropy_categorical_features": NaN,
    "min_entropy_categorical_features": NaN,
    "median_entropy_categorical_features": NaN,
    "max_entropy_categorical_features": NaN,
    "mean_information_gain_categorical_features": NaN,
    "stdev_information_gain_categorical_features": NaN,
    "min_information_gain_categorical_features": NaN,
    "median_information_gain_categorical_features": NaN,
    "max_information_gain_categorical_features": NaN,
    "mean_mutual_informaiton_categorical_features": NaN,
    "stdev_mutual_informaiton_categorical_features": NaN,
    "min_mutual_informaiton_categorical_features": NaN,
    "median_mutual_informaiton_categorical_features": NaN,
    "max_mutual_informaiton_categorical_features": NaN,
    "knn_5_accuracy": 0.9736474881923571,
    "knn_5_balanced_accuracy": 0.9726486632528065,
    "gaussian_nb_accuracy": 0.9604336625161013,
    "gaussian_nb_balanced_accuracy": 0.9640383848465394,
    "lda_accuracy": 0.9604765993988836,
    "lda_balanced_accuracy": 0.9507625077101884,
    "decision_tree_3_accuracy": 0.9487440961786173,
    "decision_tree_3_balanced_accuracy": 0.9489594880923043,
    "decision_tree_1_accuracy": 0.910744954916273,
    "decision_tree_1_balanced_accuracy": 0.9136469157320747,
    "random_tree_2_accuracy": 0.9385358522971232,
    "random_tree_2_balanced_accuracy": 0.935330903292758
}