{
    "nb_instances": 1593,
    "log_nb_instances": 7.373374309910049,
    "nb_features": 256,
    "dataset_dimensionality": 6.22265625,
    "log_dataset_dimensionality": 1.828196865430486,
    "dataset_ratio": 0.16070307595731326,
    "nb_missing_vals": 0,
    "ratio_features_with_missing_vals": 0.0,
    "ratio_instances_with_missing_vals": 0.0,
    "nb_numeric_features": 256,
    "nb_categorical_features": 0,
    "ratio_numeric_categorical_features": 0.0,
    "ratio_categorical_numeric_features": 0.0,
    "nb_classes": 10,
    "class_entropy": 2.302509813605468,
    "mean_target_class_ratio": 0.10000000149011612,
    "stdev_target_class_ratio": 0.0012253111926838756,
    "minority_target_class_ratio": 0.0973006933927536,
    "median_target_class_ratio": 0.09981167316436768,
    "majority_target_class_ratio": 0.10169491171836853,
    "mean_mean_numeric_features": 0.32862526178359985,
    "stdev_mean_numeric_features": 0.10725964605808258,
    "min_mean_numeric_features": 0.040803514420986176,
    "q1_mean_numeric_features": 0.25910232216119766,
    "median_mean_numeric_features": 0.32485875487327576,
    "q3_mean_numeric_features": 0.39014437794685364,
    "max_mean_numeric_features": 0.6465787887573242,
    "mean_stdev_numeric_features": 0.4553505480289459,
    "stdev_stdev_numeric_features": 0.04374135658144951,
    "min_stdev_numeric_features": 0.19789686799049377,
    "q1_stdev_numeric_features": 0.4382793679833412,
    "median_stdev_numeric_features": 0.4684689939022064,
    "q3_stdev_numeric_features": 0.4870714917778969,
    "max_stdev_numeric_features": 0.5000622868537903,
    "mean_var_numeric_features": 0.20925742387771606,
    "stdev_var_numeric_features": 0.03612198308110237,
    "min_var_numeric_features": 0.039163172245025635,
    "q1_var_numeric_features": 0.19208881631493568,
    "median_var_numeric_features": 0.21946321427822113,
    "q3_var_numeric_features": 0.23723864927887917,
    "max_var_numeric_features": 0.2500622868537903,
    "mean_min_numeric_features": 0.0,
    "stdev_min_numeric_features": 0.0,
    "min_min_numeric_features": 0.0,
    "q1_min_numeric_features": 0.0,
    "median_min_numeric_features": 0.0,
    "q3_min_numeric_features": 0.0,
    "max_min_numeric_features": 0.0,
    "mean_median_numeric_features": 0.05859375,
    "stdev_median_numeric_features": 0.2348627746105194,
    "min_median_numeric_features": 0.0,
    "q1_median_numeric_features": 0.0,
    "median_median_numeric_features": 0.0,
    "q3_median_numeric_features": 0.0,
    "max_median_numeric_features": 1.0,
    "mean_max_numeric_features": 1.0,
    "stdev_max_numeric_features": 0.0,
    "min_max_numeric_features": 1.0,
    "q1_max_numeric_features": 1.0,
    "median_max_numeric_features": 1.0,
    "q3_max_numeric_features": 1.0,
    "max_max_numeric_features": 1.0,
    "pca_1": 0.07828543735879365,
    "pca_2": 0.06658118082815678,
    "pca_3": 0.05626980135753751,
    "mean_entropy_categorical_features": NaN,
    "stdev_entropy_categorical_features": NaN,
    "min_entropy_categorical_features": NaN,
    "median_entropy_categorical_features": NaN,
    "max_entropy_categorical_features": NaN,
    "mean_information_gain_categorical_features": NaN,
    "stdev_information_gain_categorical_features": NaN,
    "min_information_gain_categorical_features": NaN,
    "median_information_gain_categorical_features": NaN,
    "max_information_gain_categorical_features": NaN,
    "mean_mutual_informaiton_categorical_features": NaN,
    "stdev_mutual_informaiton_categorical_features": NaN,
    "min_mutual_informaiton_categorical_features": NaN,
    "median_mutual_informaiton_categorical_features": NaN,
    "max_mutual_informaiton_categorical_features": NaN,
    "knn_5_accuracy": 0.9077009522682914,
    "knn_5_balanced_accuracy": 0.907341588310897,
    "gaussian_nb_accuracy": 0.7771159874608151,
    "gaussian_nb_balanced_accuracy": 0.7771007942833059,
    "lda_accuracy": 0.8719465310226534,
    "lda_balanced_accuracy": 0.872226710484053,
    "decision_tree_3_accuracy": 0.5185051556554485,
    "decision_tree_3_balanced_accuracy": 0.5222483258086894,
    "decision_tree_1_accuracy": 0.1732655113266694,
    "decision_tree_1_balanced_accuracy": 0.19368438959357615,
    "random_tree_2_accuracy": 0.33647207271150015,
    "random_tree_2_balanced_accuracy": 0.33785675128254555
}