{
    "nb_instances": 1941,
    "log_nb_instances": 7.57095858316901,
    "nb_features": 33,
    "dataset_dimensionality": 58.81818181818182,
    "log_dataset_dimensionality": 4.07445102170253,
    "dataset_ratio": 0.017001545595054096,
    "nb_missing_vals": 0,
    "ratio_features_with_missing_vals": 0.0,
    "ratio_instances_with_missing_vals": 0.0,
    "nb_numeric_features": 33,
    "nb_categorical_features": 0,
    "ratio_numeric_categorical_features": 0.0,
    "ratio_categorical_numeric_features": 0.0,
    "nb_classes": 2,
    "class_entropy": 0.6453978896979566,
    "mean_target_class_ratio": 0.5,
    "stdev_target_class_ratio": 0.15327149629592896,
    "minority_target_class_ratio": 0.34672850370407104,
    "median_target_class_ratio": 0.5,
    "majority_target_class_ratio": 0.653271496295929,
    "mean_mean_numeric_features": 106447.796875,
    "stdev_mean_numeric_features": 393829.03125,
    "min_mean_numeric_features": -0.1313050538301468,
    "q1_mean_numeric_features": 0.207109734416008,
    "median_mean_numeric_features": 0.6105286478996277,
    "q3_mean_numeric_features": 111.85523223876953,
    "max_mean_numeric_features": 1650738.75,
    "mean_stdev_numeric_features": 123291.9453125,
    "stdev_stdev_numeric_features": 428497.75,
    "min_stdev_numeric_features": 0.0589611679315567,
    "q1_stdev_numeric_features": 0.27352094650268555,
    "median_stdev_numeric_features": 0.48235198855400085,
    "q3_stdev_numeric_features": 144.57781982421875,
    "max_stdev_numeric_features": 1774590.125,
    "mean_var_numeric_features": 198811238400.0,
    "stdev_var_numeric_features": 750733099008.0,
    "min_var_numeric_features": 0.003476419486105442,
    "q1_var_numeric_features": 0.07481370866298676,
    "median_var_numeric_features": 0.23266343772411346,
    "q3_var_numeric_features": 20902.74609375,
    "max_var_numeric_features": 3149169950720.0,
    "mean_min_numeric_features": 454.4788818359375,
    "stdev_min_numeric_features": 1605.086181640625,
    "min_min_numeric_features": -0.9988999962806702,
    "q1_min_numeric_features": 0.0,
    "median_min_numeric_features": 0.001500000013038516,
    "q3_min_numeric_features": 2.0,
    "max_min_numeric_features": 6724.0,
    "mean_median_numeric_features": 73644.0625,
    "stdev_median_numeric_features": 287163.0,
    "min_median_numeric_features": -0.13300000131130219,
    "q1_median_numeric_features": 0.010099999606609344,
    "median_median_numeric_features": 1.0,
    "q3_median_numeric_features": 90.0,
    "max_median_numeric_features": 1204136.0,
    "mean_max_numeric_features": 1144061.25,
    "stdev_max_numeric_features": 3603664.75,
    "min_max_numeric_features": 0.6420999765396118,
    "q1_max_numeric_features": 1.0,
    "median_max_numeric_features": 1.0,
    "q3_max_numeric_features": 1705.0,
    "max_max_numeric_features": 12987692.0,
    "pca_1": 0.95999598010134,
    "pca_2": 0.040003750412430115,
    "pca_3": 1.929544888673354e-07,
    "mean_entropy_categorical_features": NaN,
    "stdev_entropy_categorical_features": NaN,
    "min_entropy_categorical_features": NaN,
    "median_entropy_categorical_features": NaN,
    "max_entropy_categorical_features": NaN,
    "mean_information_gain_categorical_features": NaN,
    "stdev_information_gain_categorical_features": NaN,
    "min_information_gain_categorical_features": NaN,
    "median_information_gain_categorical_features": NaN,
    "max_information_gain_categorical_features": NaN,
    "mean_mutual_informaiton_categorical_features": NaN,
    "stdev_mutual_informaiton_categorical_features": NaN,
    "min_mutual_informaiton_categorical_features": NaN,
    "median_mutual_informaiton_categorical_features": NaN,
    "max_mutual_informaiton_categorical_features": NaN,
    "knn_5_accuracy": 0.6378276309861395,
    "knn_5_balanced_accuracy": 0.5827748798077046,
    "gaussian_nb_accuracy": 0.49923011687382396,
    "gaussian_nb_balanced_accuracy": 0.6061659533918026,
    "lda_accuracy": 0.7681512204171415,
    "lda_balanced_accuracy": 0.7131184996981446,
    "decision_tree_3_accuracy": 0.8531656640076326,
    "decision_tree_3_balanced_accuracy": 0.887695813264209,
    "decision_tree_1_accuracy": 0.653253120610606,
    "decision_tree_1_balanced_accuracy": 0.5,
    "random_tree_2_accuracy": 0.755287149179763,
    "random_tree_2_balanced_accuracy": 0.8127656941551965
}