{
    "nb_instances": 470,
    "log_nb_instances": 6.152732694704104,
    "nb_features": 16,
    "dataset_dimensionality": 29.375,
    "log_dataset_dimensionality": 3.380143972464323,
    "dataset_ratio": 0.03404255319148936,
    "nb_missing_vals": 0,
    "ratio_features_with_missing_vals": 0.0,
    "ratio_instances_with_missing_vals": 0.0,
    "nb_numeric_features": 3,
    "nb_categorical_features": 13,
    "ratio_numeric_categorical_features": 0.23076923076923078,
    "ratio_categorical_numeric_features": 4.333333333333333,
    "nb_classes": 2,
    "class_entropy": 0.42085932068995974,
    "mean_target_class_ratio": 0.5,
    "stdev_target_class_ratio": 0.3510638475418091,
    "minority_target_class_ratio": 0.1489361673593521,
    "median_target_class_ratio": 0.5000000074505806,
    "majority_target_class_ratio": 0.8510638475418091,
    "mean_mean_numeric_features": 23.461462020874023,
    "stdev_mean_numeric_features": 27.633481979370117,
    "min_mean_numeric_features": 3.2816383838653564,
    "q1_mean_numeric_features": 3.9251703023910522,
    "median_mean_numeric_features": 4.568702220916748,
    "q3_mean_numeric_features": 33.55137228965759,
    "max_mean_numeric_features": 62.53404235839844,
    "mean_stdev_numeric_features": 7.115384578704834,
    "stdev_stdev_numeric_features": 4.5886030197143555,
    "min_stdev_numeric_features": 0.8713950514793396,
    "q1_stdev_numeric_features": 4.789148300886154,
    "median_stdev_numeric_features": 8.706901550292969,
    "q3_stdev_numeric_features": 10.237379550933838,
    "max_stdev_numeric_features": 11.767857551574707,
    "mean_var_numeric_features": 71.6839828491211,
    "stdev_var_numeric_features": 56.30088806152344,
    "min_var_numeric_features": 0.7593293190002441,
    "q1_var_numeric_features": 38.284735918045044,
    "median_var_numeric_features": 75.81014251708984,
    "q3_var_numeric_features": 107.14630508422852,
    "max_var_numeric_features": 138.4824676513672,
    "mean_min_numeric_features": 7.799999713897705,
    "stdev_min_numeric_features": 9.335866928100586,
    "min_min_numeric_features": 0.9599999785423279,
    "q1_min_numeric_features": 1.2000000178813934,
    "median_min_numeric_features": 1.440000057220459,
    "q3_min_numeric_features": 11.22000002861023,
    "max_min_numeric_features": 21.0,
    "mean_median_numeric_features": 22.51999855041504,
    "stdev_median_numeric_features": 27.91830062866211,
    "min_median_numeric_features": 2.4000000953674316,
    "q1_median_numeric_features": 2.78000009059906,
    "median_median_numeric_features": 3.1600000858306885,
    "q3_median_numeric_features": 32.580000042915344,
    "max_median_numeric_features": 62.0,
    "mean_max_numeric_features": 59.866668701171875,
    "stdev_max_numeric_features": 37.87843322753906,
    "min_max_numeric_features": 6.300000190734863,
    "q1_max_numeric_features": 46.30000162124634,
    "median_max_numeric_features": 86.30000305175781,
    "q3_max_numeric_features": 86.6500015258789,
    "max_max_numeric_features": 87.0,
    "pca_1": 0.6540790484317482,
    "pca_2": 0.34269010765210706,
    "pca_3": 0.0032308439161447405,
    "mean_entropy_categorical_features": 0.42042282223701477,
    "stdev_entropy_categorical_features": 0.3011198043823242,
    "min_entropy_categorical_features": 0.027478531002998352,
    "median_entropy_categorical_features": 0.41337043046951294,
    "max_entropy_categorical_features": 0.9476262331008911,
    "mean_information_gain_categorical_features": 0.028461681678891182,
    "stdev_information_gain_categorical_features": 0.22418974339962006,
    "min_information_gain_categorical_features": -0.13633260130882263,
    "median_information_gain_categorical_features": -0.03580893576145172,
    "max_information_gain_categorical_features": 0.7595996260643005,
    "mean_mutual_informaiton_categorical_features": 0.004827714525163174,
    "stdev_mutual_informaiton_categorical_features": 0.004902672953903675,
    "min_mutual_informaiton_categorical_features": 0.0006021321169100702,
    "median_mutual_informaiton_categorical_features": 0.0041608973406255245,
    "max_mutual_informaiton_categorical_features": 0.016832508146762848,
    "knn_5_accuracy": 0.8319148936170212,
    "knn_5_balanced_accuracy": 0.48841126412690405,
    "gaussian_nb_accuracy": 0.1829787234042553,
    "gaussian_nb_balanced_accuracy": 0.5099399396942211,
    "lda_accuracy": 0.8340425531914895,
    "lda_balanced_accuracy": 0.5124534416201083,
    "decision_tree_3_accuracy": 0.8319148936170212,
    "decision_tree_3_balanced_accuracy": 0.5159168318845,
    "decision_tree_1_accuracy": 0.851063829787234,
    "decision_tree_1_balanced_accuracy": 0.5,
    "random_tree_2_accuracy": 0.848936170212766,
    "random_tree_2_balanced_accuracy": 0.4987012987012987
}