{
    "nb_instances": 7400,
    "log_nb_instances": 8.909235279192261,
    "nb_features": 20,
    "dataset_dimensionality": 370.0,
    "log_dataset_dimensionality": 5.91350300563827,
    "dataset_ratio": 0.002702702702702703,
    "nb_missing_vals": 0,
    "ratio_features_with_missing_vals": 0.0,
    "ratio_instances_with_missing_vals": 0.0,
    "nb_numeric_features": 20,
    "nb_categorical_features": 0,
    "ratio_numeric_categorical_features": 0.0,
    "ratio_categorical_numeric_features": 0.0,
    "nb_classes": 2,
    "class_entropy": 0.6931468518528239,
    "mean_target_class_ratio": 0.5,
    "stdev_target_class_ratio": 0.0004054158926010132,
    "minority_target_class_ratio": 0.4995945990085602,
    "median_target_class_ratio": 0.5000000149011612,
    "majority_target_class_ratio": 0.5004054307937622,
    "mean_mean_numeric_features": 0.00231140642426908,
    "stdev_mean_numeric_features": 0.011127706617116928,
    "min_mean_numeric_features": -0.02211078442633152,
    "q1_mean_numeric_features": -0.0036949729546904564,
    "median_mean_numeric_features": 0.008024398470297456,
    "q3_mean_numeric_features": 0.010456763673573732,
    "max_mean_numeric_features": 0.013736527413129807,
    "mean_stdev_numeric_features": 1.0925791263580322,
    "stdev_stdev_numeric_features": 0.008824769407510757,
    "min_stdev_numeric_features": 1.0791394710540771,
    "q1_stdev_numeric_features": 1.0860474407672882,
    "median_stdev_numeric_features": 1.0932317972183228,
    "q3_stdev_numeric_features": 1.0974911451339722,
    "max_stdev_numeric_features": 1.1085137128829956,
    "mean_var_numeric_features": 1.193806529045105,
    "stdev_var_numeric_features": 0.019291823729872704,
    "min_var_numeric_features": 1.1645419597625732,
    "q1_var_numeric_features": 1.1794993579387665,
    "median_var_numeric_features": 1.1951565146446228,
    "q3_var_numeric_features": 1.2044899761676788,
    "max_var_numeric_features": 1.2288028001785278,
    "mean_min_numeric_features": -3.9835801124572754,
    "stdev_min_numeric_features": 0.2343830168247223,
    "min_min_numeric_features": -4.574399948120117,
    "q1_min_numeric_features": -4.079424977302551,
    "median_min_numeric_features": -3.931599974632263,
    "q3_min_numeric_features": -3.823050022125244,
    "max_min_numeric_features": -3.6975998878479004,
    "mean_median_numeric_features": -0.0008924997528083622,
    "stdev_median_numeric_features": 0.014090443029999733,
    "min_median_numeric_features": -0.030249999836087227,
    "q1_median_numeric_features": -0.01173750008456409,
    "median_median_numeric_features": 0.0016000000468920916,
    "q3_median_numeric_features": 0.009687499841675162,
    "max_median_numeric_features": 0.01810000091791153,
    "mean_max_numeric_features": 4.167355060577393,
    "stdev_max_numeric_features": 0.4265262186527252,
    "min_max_numeric_features": 3.5485000610351562,
    "q1_max_numeric_features": 3.9587749242782593,
    "median_max_numeric_features": 4.183849811553955,
    "q3_max_numeric_features": 4.3078248500823975,
    "max_max_numeric_features": 5.639500141143799,
    "pca_1": 0.20812095745080006,
    "pca_2": 0.0450780668813903,
    "pca_3": 0.04376787182277329,
    "mean_entropy_categorical_features": NaN,
    "stdev_entropy_categorical_features": NaN,
    "min_entropy_categorical_features": NaN,
    "median_entropy_categorical_features": NaN,
    "max_entropy_categorical_features": NaN,
    "mean_information_gain_categorical_features": NaN,
    "stdev_information_gain_categorical_features": NaN,
    "min_information_gain_categorical_features": NaN,
    "median_information_gain_categorical_features": NaN,
    "max_information_gain_categorical_features": NaN,
    "mean_mutual_informaiton_categorical_features": NaN,
    "stdev_mutual_informaiton_categorical_features": NaN,
    "min_mutual_informaiton_categorical_features": NaN,
    "median_mutual_informaiton_categorical_features": NaN,
    "max_mutual_informaiton_categorical_features": NaN,
    "knn_5_accuracy": 0.9691891891891892,
    "knn_5_balanced_accuracy": 0.9693188336407228,
    "gaussian_nb_accuracy": 0.977972972972973,
    "gaussian_nb_balanced_accuracy": 0.9779886886532017,
    "lda_accuracy": 0.9774324324324324,
    "lda_balanced_accuracy": 0.9773953669837493,
    "decision_tree_3_accuracy": 0.7451351351351351,
    "decision_tree_3_balanced_accuracy": 0.7453749255577259,
    "decision_tree_1_accuracy": 0.6798648648648647,
    "decision_tree_1_balanced_accuracy": 0.6796474419073546,
    "random_tree_2_accuracy": 0.7063513513513513,
    "random_tree_2_balanced_accuracy": 0.7068356086846885
}