{
    "nb_instances": 403,
    "log_nb_instances": 5.998936561946683,
    "nb_features": 5,
    "dataset_dimensionality": 80.6,
    "log_dataset_dimensionality": 4.389498649512583,
    "dataset_ratio": 0.01240694789081886,
    "nb_missing_vals": 0,
    "ratio_features_with_missing_vals": 0.0,
    "ratio_instances_with_missing_vals": 0.0,
    "nb_numeric_features": 5,
    "nb_categorical_features": 0,
    "ratio_numeric_categorical_features": 0.0,
    "ratio_categorical_numeric_features": 0.0,
    "nb_classes": 5,
    "class_entropy": 1.4189430222642563,
    "mean_target_class_ratio": 0.20000000298023224,
    "stdev_target_class_ratio": 0.11478511989116669,
    "minority_target_class_ratio": 0.0595533512532711,
    "median_target_class_ratio": 0.25310173630714417,
    "majority_target_class_ratio": 0.32009926438331604,
    "mean_mean_numeric_features": 0.41088786721229553,
    "stdev_mean_numeric_features": 0.0469619557261467,
    "min_mean_numeric_features": 0.3531414270401001,
    "q1_mean_numeric_features": 0.35594046115875244,
    "median_mean_numeric_features": 0.4313424229621887,
    "q3_mean_numeric_features": 0.4563598036766052,
    "max_mean_numeric_features": 0.45765507221221924,
    "mean_stdev_numeric_features": 0.23971042037010193,
    "stdev_stdev_numeric_features": 0.022139379754662514,
    "min_stdev_numeric_features": 0.21201764047145844,
    "q1_stdev_numeric_features": 0.2155306339263916,
    "median_stdev_numeric_features": 0.2466835230588913,
    "q3_stdev_numeric_features": 0.25754493474960327,
    "max_stdev_numeric_features": 0.2667754292488098,
    "mean_var_numeric_features": 0.05795123428106308,
    "stdev_var_numeric_features": 0.010531073436141014,
    "min_var_numeric_features": 0.04495147988200188,
    "q1_var_numeric_features": 0.04645345360040665,
    "median_var_numeric_features": 0.06085275858640671,
    "q3_var_numeric_features": 0.06632938981056213,
    "max_var_numeric_features": 0.07116912305355072,
    "mean_min_numeric_features": 0.0,
    "stdev_min_numeric_features": 0.0,
    "min_min_numeric_features": 0.0,
    "q1_min_numeric_features": 0.0,
    "median_min_numeric_features": 0.0,
    "q3_min_numeric_features": 0.0,
    "max_min_numeric_features": 0.0,
    "mean_median_numeric_features": 0.3540000021457672,
    "stdev_median_numeric_features": 0.056426938623189926,
    "min_median_numeric_features": 0.30000001192092896,
    "q1_median_numeric_features": 0.30000001192092896,
    "median_median_numeric_features": 0.33000001311302185,
    "q3_median_numeric_features": 0.4000000059604645,
    "max_median_numeric_features": 0.4399999976158142,
    "mean_max_numeric_features": 0.9639999270439148,
    "stdev_max_numeric_features": 0.03555279225111008,
    "min_max_numeric_features": 0.8999999761581421,
    "q1_max_numeric_features": 0.949999988079071,
    "median_max_numeric_features": 0.9900000095367432,
    "q3_max_numeric_features": 0.9900000095367432,
    "max_max_numeric_features": 0.9900000095367432,
    "pca_1": 0.2917875739342521,
    "pca_2": 0.23990726758340017,
    "pca_3": 0.20040694874276704,
    "mean_entropy_categorical_features": NaN,
    "stdev_entropy_categorical_features": NaN,
    "min_entropy_categorical_features": NaN,
    "median_entropy_categorical_features": NaN,
    "max_entropy_categorical_features": NaN,
    "mean_information_gain_categorical_features": NaN,
    "stdev_information_gain_categorical_features": NaN,
    "min_information_gain_categorical_features": NaN,
    "median_information_gain_categorical_features": NaN,
    "max_information_gain_categorical_features": NaN,
    "mean_mutual_informaiton_categorical_features": NaN,
    "stdev_mutual_informaiton_categorical_features": NaN,
    "min_mutual_informaiton_categorical_features": NaN,
    "median_mutual_informaiton_categorical_features": NaN,
    "max_mutual_informaiton_categorical_features": NaN,
    "knn_5_accuracy": 0.7992283950617284,
    "knn_5_balanced_accuracy": 0.6242560190429016,
    "gaussian_nb_accuracy": 0.855925925925926,
    "gaussian_nb_balanced_accuracy": 0.787050272496792,
    "lda_accuracy": 0.9055864197530864,
    "lda_balanced_accuracy": 0.7913751803751804,
    "decision_tree_3_accuracy": 0.8262654320987654,
    "decision_tree_3_balanced_accuracy": 0.7119568171442411,
    "decision_tree_1_accuracy": 0.546141975308642,
    "decision_tree_1_balanced_accuracy": 0.3906206896551724,
    "random_tree_2_accuracy": 0.46416666666666667,
    "random_tree_2_balanced_accuracy": 0.3300693528693529
}