{
    "nb_instances": 569,
    "log_nb_instances": 6.343880434126331,
    "nb_features": 30,
    "dataset_dimensionality": 18.966666666666665,
    "log_dataset_dimensionality": 2.9426830524641754,
    "dataset_ratio": 0.05272407732864675,
    "nb_missing_vals": 0,
    "ratio_features_with_missing_vals": 0.0,
    "ratio_instances_with_missing_vals": 0.0,
    "nb_numeric_features": 30,
    "nb_categorical_features": 0,
    "ratio_numeric_categorical_features": 0.0,
    "ratio_categorical_numeric_features": 0.0,
    "nb_classes": 2,
    "class_entropy": 0.6603163491952275,
    "mean_target_class_ratio": 0.5,
    "stdev_target_class_ratio": 0.12741650640964508,
    "minority_target_class_ratio": 0.3725834786891937,
    "median_target_class_ratio": 0.4999999850988388,
    "majority_target_class_ratio": 0.6274164915084839,
    "mean_mean_numeric_features": 61.89071273803711,
    "stdev_mean_numeric_features": 192.56936645507812,
    "min_mean_numeric_features": 0.00379490340128541,
    "q1_mean_numeric_features": 0.06808466464281082,
    "median_mean_numeric_features": 0.21771345287561417,
    "q3_mean_numeric_features": 15.733715295791626,
    "max_mean_numeric_features": 880.5831298828125,
    "mean_stdev_numeric_features": 34.90471649169922,
    "stdev_stdev_numeric_features": 117.66426086425781,
    "min_stdev_numeric_features": 0.0026460716035217047,
    "q1_stdev_numeric_features": 0.01925405766814947,
    "median_stdev_numeric_features": 0.07272607460618019,
    "q3_stdev_numeric_features": 4.1067891120910645,
    "max_stdev_numeric_features": 569.3569946289062,
    "mean_var_numeric_features": 15063.216796875,
    "stdev_var_numeric_features": 61541.484375,
    "min_var_numeric_features": 7.00169448464294e-06,
    "q1_var_numeric_features": 0.00037498700112337247,
    "median_var_numeric_features": 0.005337994312867522,
    "q3_var_numeric_features": 16.978911876678467,
    "max_var_numeric_features": 324167.375,
    "mean_min_numeric_features": 15.604080200195312,
    "stdev_min_numeric_features": 41.81021499633789,
    "min_min_numeric_features": 0.0,
    "q1_min_numeric_features": 0.0018477499834261835,
    "median_min_numeric_features": 0.06310500018298626,
    "q3_min_numeric_features": 6.9362499713897705,
    "max_min_numeric_features": 185.1999969482422,
    "mean_median_numeric_features": 50.799373626708984,
    "stdev_median_numeric_features": 154.54913330078125,
    "min_median_numeric_features": 0.0031870000530034304,
    "q1_median_numeric_features": 0.06154000014066696,
    "median_median_numeric_features": 0.19554999470710754,
    "q3_median_numeric_features": 14.570000171661377,
    "max_median_numeric_features": 686.5,
    "mean_max_numeric_features": 264.18548583984375,
    "stdev_max_numeric_features": 869.0400390625,
    "min_max_numeric_features": 0.029839999973773956,
    "q1_max_numeric_features": 0.2027749940752983,
    "median_max_numeric_features": 0.5453000068664551,
    "q3_max_numeric_features": 34.0575008392334,
    "max_max_numeric_features": 4254.0,
    "pca_1": 0.9820446715106615,
    "pca_2": 0.016176489863511,
    "pca_3": 0.0015575107450152422,
    "mean_entropy_categorical_features": NaN,
    "stdev_entropy_categorical_features": NaN,
    "min_entropy_categorical_features": NaN,
    "median_entropy_categorical_features": NaN,
    "max_entropy_categorical_features": NaN,
    "mean_information_gain_categorical_features": NaN,
    "stdev_information_gain_categorical_features": NaN,
    "min_information_gain_categorical_features": NaN,
    "median_information_gain_categorical_features": NaN,
    "max_information_gain_categorical_features": NaN,
    "mean_mutual_informaiton_categorical_features": NaN,
    "stdev_mutual_informaiton_categorical_features": NaN,
    "min_mutual_informaiton_categorical_features": NaN,
    "median_mutual_informaiton_categorical_features": NaN,
    "max_mutual_informaiton_categorical_features": NaN,
    "knn_5_accuracy": 0.9261915851575843,
    "knn_5_balanced_accuracy": 0.9173521214553283,
    "gaussian_nb_accuracy": 0.9384878124514827,
    "gaussian_nb_balanced_accuracy": 0.9292770056694855,
    "lda_accuracy": 0.9543393882937432,
    "lda_balanced_accuracy": 0.9424615384615385,
    "decision_tree_3_accuracy": 0.9262071106970966,
    "decision_tree_3_balanced_accuracy": 0.9173027524278415,
    "decision_tree_1_accuracy": 0.8945505356311132,
    "decision_tree_1_balanced_accuracy": 0.8835097732894399,
    "random_tree_2_accuracy": 0.8839776432231019,
    "random_tree_2_balanced_accuracy": 0.8832827265546227
}