{
    "nb_instances": 440,
    "log_nb_instances": 6.0867747269123065,
    "nb_features": 8,
    "dataset_dimensionality": 55.0,
    "log_dataset_dimensionality": 4.007333185232471,
    "dataset_ratio": 0.01818181818181818,
    "nb_missing_vals": 0,
    "ratio_features_with_missing_vals": 0.0,
    "ratio_instances_with_missing_vals": 0.0,
    "nb_numeric_features": 7,
    "nb_categorical_features": 1,
    "ratio_numeric_categorical_features": 7.0,
    "ratio_categorical_numeric_features": 0.14285714285714285,
    "nb_classes": 2,
    "class_entropy": 0.6289081333714215,
    "mean_target_class_ratio": 0.5,
    "stdev_target_class_ratio": 0.1772727370262146,
    "minority_target_class_ratio": 0.3227272629737854,
    "median_target_class_ratio": 0.5,
    "majority_target_class_ratio": 0.6772727370262146,
    "mean_mean_numeric_features": 4746.9541015625,
    "stdev_mean_numeric_features": 3838.836181640625,
    "min_mean_numeric_features": 2.543181896209717,
    "q1_mean_numeric_features": 2203.1818237304688,
    "median_mean_numeric_features": 3071.931884765625,
    "q3_mean_numeric_features": 6873.771728515625,
    "max_mean_numeric_features": 12000.2978515625,
    "mean_stdev_numeric_features": 5996.3251953125,
    "stdev_stdev_numeric_features": 3915.114990234375,
    "min_stdev_numeric_features": 0.7742724418640137,
    "q1_stdev_numeric_features": 3793.980224609375,
    "median_stdev_numeric_features": 4854.67333984375,
    "q3_stdev_numeric_features": 8441.77001953125,
    "max_stdev_numeric_features": 12647.3291015625,
    "mean_var_numeric_features": 51284040.0,
    "stdev_var_numeric_features": 52689872.0,
    "min_var_numeric_features": 0.5994978547096252,
    "q1_var_numeric_features": 15342716.75,
    "median_var_numeric_features": 23567854.0,
    "q3_var_numeric_features": 72390036.0,
    "max_var_numeric_features": 159954928.0,
    "mean_min_numeric_features": 13.285714149475098,
    "stdev_min_numeric_features": 18.713741302490234,
    "min_min_numeric_features": 1.0,
    "q1_min_numeric_features": 3.0,
    "median_min_numeric_features": 3.0,
    "q3_min_numeric_features": 14.0,
    "max_min_numeric_features": 55.0,
    "mean_median_numeric_features": 2885.357177734375,
    "stdev_median_numeric_features": 2770.726318359375,
    "min_median_numeric_features": 3.0,
    "q1_median_numeric_features": 891.0,
    "median_median_numeric_features": 1526.0,
    "q3_median_numeric_features": 4191.25,
    "max_median_numeric_features": 8504.0,
    "mean_max_numeric_features": 61153.0,
    "stdev_max_numeric_features": 33975.8671875,
    "min_max_numeric_features": 3.0,
    "q1_max_numeric_features": 44385.0,
    "median_max_numeric_features": 60869.0,
    "q3_max_numeric_features": 83139.0,
    "max_max_numeric_features": 112151.0,
    "pca_1": 0.45961361605119383,
    "pca_2": 0.40517226744898155,
    "pca_3": 0.07003008035471783,
    "mean_entropy_categorical_features": 0.7816736102104187,
    "stdev_entropy_categorical_features": 0.0,
    "min_entropy_categorical_features": 0.7816736102104187,
    "median_entropy_categorical_features": 0.7816736102104187,
    "max_entropy_categorical_features": 0.7816736102104187,
    "mean_information_gain_categorical_features": 0.005069216247648001,
    "stdev_information_gain_categorical_features": 0.0,
    "min_information_gain_categorical_features": 0.005069216247648001,
    "median_information_gain_categorical_features": 0.005069216247648001,
    "max_information_gain_categorical_features": 0.005069216247648001,
    "mean_mutual_informaiton_categorical_features": 0.005069216247648001,
    "stdev_mutual_informaiton_categorical_features": 0.0,
    "min_mutual_informaiton_categorical_features": 0.005069216247648001,
    "median_mutual_informaiton_categorical_features": 0.005069216247648001,
    "max_mutual_informaiton_categorical_features": 0.005069216247648001,
    "knn_5_accuracy": 0.8954545454545455,
    "knn_5_balanced_accuracy": 0.8811210551309216,
    "gaussian_nb_accuracy": 0.9045454545454545,
    "gaussian_nb_balanced_accuracy": 0.8803286147741579,
    "lda_accuracy": 0.85,
    "lda_balanced_accuracy": 0.7660875552522158,
    "decision_tree_3_accuracy": 0.9090909090909092,
    "decision_tree_3_balanced_accuracy": 0.9096455485655099,
    "decision_tree_1_accuracy": 0.9136363636363637,
    "decision_tree_1_balanced_accuracy": 0.9213655156711262,
    "random_tree_2_accuracy": 0.7977272727272726,
    "random_tree_2_balanced_accuracy": 0.7291798724794958
}