{
    "nb_instances": 164,
    "log_nb_instances": 5.099866427824199,
    "nb_features": 90,
    "dataset_dimensionality": 1.8222222222222222,
    "log_dataset_dimensionality": 0.6000567574939334,
    "dataset_ratio": 0.5487804878048781,
    "nb_missing_vals": 0,
    "ratio_features_with_missing_vals": 0.0,
    "ratio_instances_with_missing_vals": 0.0,
    "nb_numeric_features": 90,
    "nb_categorical_features": 0,
    "ratio_numeric_categorical_features": 0.0,
    "ratio_categorical_numeric_features": 0.0,
    "nb_classes": 5,
    "class_entropy": 1.5582976940309958,
    "mean_target_class_ratio": 0.20000000298023224,
    "stdev_target_class_ratio": 0.06446134299039841,
    "minority_target_class_ratio": 0.12804877758026123,
    "median_target_class_ratio": 0.15853658318519592,
    "majority_target_class_ratio": 0.28658536076545715,
    "mean_mean_numeric_features": -17.654539108276367,
    "stdev_mean_numeric_features": 38.15732192993164,
    "min_mean_numeric_features": -170.39024353027344,
    "q1_mean_numeric_features": -7.990853905677795,
    "median_mean_numeric_features": -3.7835365533828735,
    "q3_mean_numeric_features": -0.9893292635679245,
    "max_mean_numeric_features": 7.262195110321045,
    "mean_stdev_numeric_features": 125.8388442993164,
    "stdev_stdev_numeric_features": 173.05352783203125,
    "min_stdev_numeric_features": 10.4278564453125,
    "q1_stdev_numeric_features": 36.590200424194336,
    "median_stdev_numeric_features": 56.952274322509766,
    "q3_stdev_numeric_features": 82.75235366821289,
    "max_stdev_numeric_features": 665.2803955078125,
    "mean_var_numeric_features": 45782.9453125,
    "stdev_var_numeric_features": 103397.4609375,
    "min_var_numeric_features": 108.74019622802734,
    "q1_var_numeric_features": 1339.5059509277344,
    "median_var_numeric_features": 3243.860107421875,
    "q3_var_numeric_features": 6850.0753173828125,
    "max_var_numeric_features": 442598.03125,
    "mean_min_numeric_features": -791.54443359375,
    "stdev_min_numeric_features": 1092.61865234375,
    "min_min_numeric_features": -3617.0,
    "q1_min_numeric_features": -505.75,
    "median_min_numeric_features": -340.5,
    "q3_min_numeric_features": -203.0,
    "max_min_numeric_features": -49.0,
    "mean_median_numeric_features": 0.5444444417953491,
    "stdev_median_numeric_features": 5.195427894592285,
    "min_median_numeric_features": -6.0,
    "q1_median_numeric_features": -2.0,
    "median_median_numeric_features": -0.75,
    "q3_median_numeric_features": 0.0,
    "max_median_numeric_features": 16.0,
    "mean_max_numeric_features": 262.6333312988281,
    "stdev_max_numeric_features": 185.47084045410156,
    "min_max_numeric_features": 18.0,
    "q1_max_numeric_features": 116.25,
    "median_max_numeric_features": 215.0,
    "q3_max_numeric_features": 359.5,
    "max_max_numeric_features": 1016.0,
    "pca_1": 0.5311703948724071,
    "pca_2": 0.2118024573936528,
    "pca_3": 0.09942549656169818,
    "mean_entropy_categorical_features": NaN,
    "stdev_entropy_categorical_features": NaN,
    "min_entropy_categorical_features": NaN,
    "median_entropy_categorical_features": NaN,
    "max_entropy_categorical_features": NaN,
    "mean_information_gain_categorical_features": NaN,
    "stdev_information_gain_categorical_features": NaN,
    "min_information_gain_categorical_features": NaN,
    "median_information_gain_categorical_features": NaN,
    "max_information_gain_categorical_features": NaN,
    "mean_mutual_informaiton_categorical_features": NaN,
    "stdev_mutual_informaiton_categorical_features": NaN,
    "min_mutual_informaiton_categorical_features": NaN,
    "median_mutual_informaiton_categorical_features": NaN,
    "max_mutual_informaiton_categorical_features": NaN,
    "knn_5_accuracy": 0.6162878787878787,
    "knn_5_balanced_accuracy": 0.6227546897546897,
    "gaussian_nb_accuracy": 0.6215909090909091,
    "gaussian_nb_balanced_accuracy": 0.65901443001443,
    "lda_accuracy": 0.43314393939393936,
    "lda_balanced_accuracy": 0.41899999999999993,
    "decision_tree_3_accuracy": 0.6274621212121212,
    "decision_tree_3_balanced_accuracy": 0.595030303030303,
    "decision_tree_1_accuracy": 0.30492424242424243,
    "decision_tree_1_balanced_accuracy": 0.3362222222222222,
    "random_tree_2_accuracy": 0.40814393939393945,
    "random_tree_2_balanced_accuracy": 0.3641572871572872
}