{
    "nb_instances": 310,
    "log_nb_instances": 5.736572297479192,
    "nb_features": 6,
    "dataset_dimensionality": 51.666666666666664,
    "log_dataset_dimensionality": 3.9448128282511368,
    "dataset_ratio": 0.01935483870967742,
    "nb_missing_vals": 0,
    "ratio_features_with_missing_vals": 0.0,
    "ratio_instances_with_missing_vals": 0.0,
    "nb_numeric_features": 6,
    "nb_categorical_features": 0,
    "ratio_numeric_categorical_features": 0.0,
    "ratio_categorical_numeric_features": 0.0,
    "nb_classes": 2,
    "class_entropy": 0.6287993940937805,
    "mean_target_class_ratio": 0.5,
    "stdev_target_class_ratio": 0.17741936445236206,
    "minority_target_class_ratio": 0.32258063554763794,
    "median_target_class_ratio": 0.5,
    "majority_target_class_ratio": 0.6774193644523621,
    "mean_mean_numeric_features": 52.856929779052734,
    "stdev_mean_numeric_features": 32.5143928527832,
    "min_mean_numeric_features": 17.542821884155273,
    "q1_mean_numeric_features": 30.460978031158447,
    "median_mean_numeric_features": 47.44238090515137,
    "q3_mean_numeric_features": 58.355223655700684,
    "max_mean_numeric_features": 117.920654296875,
    "mean_stdev_numeric_features": 18.3497371673584,
    "stdev_stdev_numeric_features": 9.031917572021484,
    "min_stdev_numeric_features": 10.008330345153809,
    "q1_stdev_numeric_features": 13.34380841255188,
    "median_stdev_numeric_features": 15.329811573028564,
    "q3_stdev_numeric_features": 18.22467803955078,
    "max_stdev_numeric_features": 37.559024810791016,
    "mean_var_numeric_features": 418.2883605957031,
    "stdev_var_numeric_features": 451.1019287109375,
    "min_var_numeric_features": 100.16667175292969,
    "q1_var_numeric_features": 178.05932235717773,
    "median_var_numeric_features": 238.6386489868164,
    "q3_var_numeric_features": 332.4643783569336,
    "max_var_numeric_features": 1410.680419921875,
    "mean_min_numeric_features": 17.66404914855957,
    "stdev_min_numeric_features": 26.655502319335938,
    "min_min_numeric_features": -11.058178901672363,
    "q1_min_numeric_features": -1.5744781494140625,
    "median_min_numeric_features": 13.683465480804443,
    "q3_min_numeric_features": 23.11094045639038,
    "max_min_numeric_features": 70.08257293701172,
    "mean_median_numeric_features": 49.50869369506836,
    "stdev_median_numeric_features": 35.08561706542969,
    "min_median_numeric_features": 11.76793384552002,
    "q1_median_numeric_features": 22.869494438171387,
    "median_median_numeric_features": 45.9836540222168,
    "q3_median_numeric_features": 56.40887928009033,
    "max_median_numeric_features": 118.26818084716797,
    "mean_max_numeric_features": 168.0086669921875,
    "stdev_max_numeric_features": 117.09375762939453,
    "min_max_numeric_features": 49.43186569213867,
    "q1_max_numeric_features": 122.50777053833008,
    "median_max_numeric_features": 127.78821563720703,
    "q3_max_numeric_features": 154.7617950439453,
    "max_max_numeric_features": 418.5430908203125,
    "pca_1": 0.7096357117453059,
    "pca_2": 0.13759529061392917,
    "pca_3": 0.07521803776802803,
    "mean_entropy_categorical_features": NaN,
    "stdev_entropy_categorical_features": NaN,
    "min_entropy_categorical_features": NaN,
    "median_entropy_categorical_features": NaN,
    "max_entropy_categorical_features": NaN,
    "mean_information_gain_categorical_features": NaN,
    "stdev_information_gain_categorical_features": NaN,
    "min_information_gain_categorical_features": NaN,
    "median_information_gain_categorical_features": NaN,
    "max_information_gain_categorical_features": NaN,
    "mean_mutual_informaiton_categorical_features": NaN,
    "stdev_mutual_informaiton_categorical_features": NaN,
    "min_mutual_informaiton_categorical_features": NaN,
    "median_mutual_informaiton_categorical_features": NaN,
    "max_mutual_informaiton_categorical_features": NaN,
    "knn_5_accuracy": 0.8741935483870968,
    "knn_5_balanced_accuracy": 0.8601317938620371,
    "gaussian_nb_accuracy": 0.7741935483870968,
    "gaussian_nb_balanced_accuracy": 0.795257858083945,
    "lda_accuracy": 0.832258064516129,
    "lda_balanced_accuracy": 0.7924406627445114,
    "decision_tree_3_accuracy": 0.8225806451612903,
    "decision_tree_3_balanced_accuracy": 0.7676155757770589,
    "decision_tree_1_accuracy": 0.7709677419354838,
    "decision_tree_1_balanced_accuracy": 0.830315923065923,
    "random_tree_2_accuracy": 0.7935483870967742,
    "random_tree_2_balanced_accuracy": 0.7466597513783082
}