{
    "nb_instances": 5456,
    "log_nb_instances": 8.604471199523298,
    "nb_features": 4,
    "dataset_dimensionality": 1364.0,
    "log_dataset_dimensionality": 7.218176838403408,
    "dataset_ratio": 0.0007331378299120235,
    "nb_missing_vals": 0,
    "ratio_features_with_missing_vals": 0.0,
    "ratio_instances_with_missing_vals": 0.0,
    "nb_numeric_features": 4,
    "nb_categorical_features": 0,
    "ratio_numeric_categorical_features": 0.0,
    "ratio_categorical_numeric_features": 0.0,
    "nb_classes": 4,
    "class_entropy": 1.1884928509974293,
    "mean_target_class_ratio": 0.2499999850988388,
    "stdev_target_class_ratio": 0.14797623455524445,
    "minority_target_class_ratio": 0.06011730059981346,
    "median_target_class_ratio": 0.267870232462883,
    "majority_target_class_ratio": 0.40414223074913025,
    "mean_mean_numeric_features": 1.281770944595337,
    "stdev_mean_numeric_features": 0.4244990944862366,
    "min_mean_numeric_features": 0.6812692284584045,
    "q1_mean_numeric_features": 1.125583902001381,
    "median_mean_numeric_features": 1.281997799873352,
    "q3_mean_numeric_features": 1.4381847977638245,
    "max_mean_numeric_features": 1.8818187713623047,
    "mean_stdev_numeric_features": 0.5883942246437073,
    "stdev_stdev_numeric_features": 0.17103278636932373,
    "min_stdev_numeric_features": 0.3425942361354828,
    "q1_stdev_numeric_features": 0.507548101246357,
    "median_stdev_numeric_features": 0.5946161448955536,
    "q3_stdev_numeric_features": 0.6754622757434845,
    "max_stdev_numeric_features": 0.8217504024505615,
    "mean_var_numeric_features": 0.3754599690437317,
    "stdev_var_numeric_features": 0.20017512142658234,
    "min_var_numeric_features": 0.11737080663442612,
    "q1_var_numeric_features": 0.26667497120797634,
    "median_var_numeric_features": 0.35459768772125244,
    "q3_var_numeric_features": 0.46338269114494324,
    "max_var_numeric_features": 0.6752737164497375,
    "mean_min_numeric_features": 0.5095000267028809,
    "stdev_min_numeric_features": 0.19738858938217163,
    "min_min_numeric_features": 0.3400000035762787,
    "q1_min_numeric_features": 0.36025001108646393,
    "median_min_numeric_features": 0.4310000091791153,
    "q3_min_numeric_features": 0.580250009894371,
    "max_min_numeric_features": 0.8360000252723694,
    "mean_median_numeric_features": 1.1302499771118164,
    "stdev_median_numeric_features": 0.40685543417930603,
    "min_median_numeric_features": 0.6119999885559082,
    "q1_median_numeric_features": 0.9528749585151672,
    "median_median_numeric_features": 1.0779999494552612,
    "q3_median_numeric_features": 1.2553749680519104,
    "max_median_numeric_features": 1.753000020980835,
    "mean_max_numeric_features": 5.0,
    "stdev_max_numeric_features": 0.0,
    "min_max_numeric_features": 5.0,
    "q1_max_numeric_features": 5.0,
    "median_max_numeric_features": 5.0,
    "q3_max_numeric_features": 5.0,
    "max_max_numeric_features": 5.0,
    "pca_1": 0.4847380549057213,
    "pca_2": 0.25657315988782814,
    "pca_3": 0.1946456192807495,
    "mean_entropy_categorical_features": NaN,
    "stdev_entropy_categorical_features": NaN,
    "min_entropy_categorical_features": NaN,
    "median_entropy_categorical_features": NaN,
    "max_entropy_categorical_features": NaN,
    "mean_information_gain_categorical_features": NaN,
    "stdev_information_gain_categorical_features": NaN,
    "min_information_gain_categorical_features": NaN,
    "median_information_gain_categorical_features": NaN,
    "max_information_gain_categorical_features": NaN,
    "mean_mutual_informaiton_categorical_features": NaN,
    "stdev_mutual_informaiton_categorical_features": NaN,
    "min_mutual_informaiton_categorical_features": NaN,
    "median_mutual_informaiton_categorical_features": NaN,
    "max_mutual_informaiton_categorical_features": NaN,
    "knn_5_accuracy": 0.9596772460658803,
    "knn_5_balanced_accuracy": 0.9500536484045282,
    "gaussian_nb_accuracy": 0.8887450771043804,
    "gaussian_nb_balanced_accuracy": 0.8968454925154028,
    "lda_accuracy": 0.713706382221506,
    "lda_balanced_accuracy": 0.6275994825598177,
    "decision_tree_3_accuracy": 1.0,
    "decision_tree_3_balanced_accuracy": 1.0,
    "decision_tree_1_accuracy": 0.7884875588816928,
    "decision_tree_1_balanced_accuracy": 0.5,
    "random_tree_2_accuracy": 0.5458212883969071,
    "random_tree_2_balanced_accuracy": 0.5503452080236746
}