{
    "nb_instances": 3252,
    "log_nb_instances": 8.087025470667701,
    "nb_features": 3,
    "dataset_dimensionality": 1084.0,
    "log_dataset_dimensionality": 6.988413181999592,
    "dataset_ratio": 0.0009225092250922509,
    "nb_missing_vals": 0,
    "ratio_features_with_missing_vals": 0.0,
    "ratio_instances_with_missing_vals": 0.0,
    "nb_numeric_features": 3,
    "nb_categorical_features": 0,
    "ratio_numeric_categorical_features": 0.0,
    "ratio_categorical_numeric_features": 0.0,
    "nb_classes": 5,
    "class_entropy": 0.43429027695242955,
    "mean_target_class_ratio": 0.20000000298023224,
    "stdev_target_class_ratio": 0.3538913130760193,
    "minority_target_class_ratio": 0.01783517748117447,
    "median_target_class_ratio": 0.026445263996720314,
    "majority_target_class_ratio": 0.9077490568161011,
    "mean_mean_numeric_features": 335.91949462890625,
    "stdev_mean_numeric_features": 237.24378967285156,
    "min_mean_numeric_features": 0.434379518032074,
    "q1_mean_numeric_features": 250.1621513068676,
    "median_mean_numeric_features": 499.8899230957031,
    "q3_mean_numeric_features": 503.6620635986328,
    "max_mean_numeric_features": 507.4342041015625,
    "mean_stdev_numeric_features": 195.4342041015625,
    "stdev_stdev_numeric_features": 138.167236328125,
    "min_stdev_numeric_features": 0.08266051858663559,
    "q1_stdev_numeric_features": 144.75232879444957,
    "median_stdev_numeric_features": 289.4219970703125,
    "q3_stdev_numeric_features": 293.11000061035156,
    "max_stdev_numeric_features": 296.7980041503906,
    "mean_var_numeric_features": 57284.71484375,
    "stdev_var_numeric_features": 40544.8515625,
    "min_var_numeric_features": 0.006832761690020561,
    "q1_var_numeric_features": 41882.546385130845,
    "median_var_numeric_features": 83765.0859375,
    "q3_var_numeric_features": 85927.0703125,
    "max_var_numeric_features": 88089.0546875,
    "mean_min_numeric_features": 10.783337593078613,
    "stdev_min_numeric_features": 7.377474784851074,
    "min_min_numeric_features": 0.35001298785209656,
    "q1_min_numeric_features": 8.175006493926048,
    "median_min_numeric_features": 16.0,
    "q3_min_numeric_features": 16.0,
    "max_min_numeric_features": 16.0,
    "mean_median_numeric_features": 338.4690246582031,
    "stdev_median_numeric_features": 239.04727172851562,
    "min_median_numeric_features": 0.4071105122566223,
    "q1_median_numeric_features": 253.4535552561283,
    "median_median_numeric_features": 506.5,
    "q3_median_numeric_features": 507.5,
    "max_median_numeric_features": 508.5,
    "mean_max_numeric_features": 671.5909423828125,
    "stdev_max_numeric_features": 474.34002685546875,
    "min_max_numeric_features": 0.7728310227394104,
    "q1_max_numeric_features": 503.8864155113697,
    "median_max_numeric_features": 1007.0,
    "q3_max_numeric_features": 1007.0,
    "max_max_numeric_features": 1007.0,
    "pca_1": 0.5126058232651318,
    "pca_2": 0.48739413737721093,
    "pca_3": 3.935765721569081e-08,
    "mean_entropy_categorical_features": NaN,
    "stdev_entropy_categorical_features": NaN,
    "min_entropy_categorical_features": NaN,
    "median_entropy_categorical_features": NaN,
    "max_entropy_categorical_features": NaN,
    "mean_information_gain_categorical_features": NaN,
    "stdev_information_gain_categorical_features": NaN,
    "min_information_gain_categorical_features": NaN,
    "median_information_gain_categorical_features": NaN,
    "max_information_gain_categorical_features": NaN,
    "mean_mutual_informaiton_categorical_features": NaN,
    "stdev_mutual_informaiton_categorical_features": NaN,
    "min_mutual_informaiton_categorical_features": NaN,
    "median_mutual_informaiton_categorical_features": NaN,
    "max_mutual_informaiton_categorical_features": NaN,
    "knn_5_accuracy": 0.9058995628027887,
    "knn_5_balanced_accuracy": 0.27182183861505693,
    "gaussian_nb_accuracy": 0.9092870140612076,
    "gaussian_nb_balanced_accuracy": 0.3589712434984347,
    "lda_accuracy": 0.906517310646343,
    "lda_balanced_accuracy": 0.3158216326168836,
    "decision_tree_3_accuracy": 0.9163592106817913,
    "decision_tree_3_balanced_accuracy": 0.34249953157059554,
    "decision_tree_1_accuracy": 0.9077518610421835,
    "decision_tree_1_balanced_accuracy": 0.2,
    "random_tree_2_accuracy": 0.9114384969868843,
    "random_tree_2_balanced_accuracy": 0.23397680097680099
}