{
    "nb_instances": 1623,
    "log_nb_instances": 7.392031567514591,
    "nb_features": 3,
    "dataset_dimensionality": 541.0,
    "log_dataset_dimensionality": 6.293419278846481,
    "dataset_ratio": 0.0018484288354898336,
    "nb_missing_vals": 0,
    "ratio_features_with_missing_vals": 0.0,
    "ratio_instances_with_missing_vals": 0.0,
    "nb_numeric_features": 3,
    "nb_categorical_features": 0,
    "ratio_numeric_categorical_features": 0.0,
    "ratio_categorical_numeric_features": 0.0,
    "nb_classes": 5,
    "class_entropy": 0.4393964498243517,
    "mean_target_class_ratio": 0.20000000298023224,
    "stdev_target_class_ratio": 0.353190541267395,
    "minority_target_class_ratio": 0.017868146300315857,
    "median_target_class_ratio": 0.02711028978228569,
    "majority_target_class_ratio": 0.9063462615013123,
    "mean_mean_numeric_features": 335.8156433105469,
    "stdev_mean_numeric_features": 237.156005859375,
    "min_mean_numeric_features": 0.43577080965042114,
    "q1_mean_numeric_features": 250.88393154740334,
    "median_mean_numeric_features": 501.33209228515625,
    "q3_mean_numeric_features": 503.5055389404297,
    "max_mean_numeric_features": 505.6789855957031,
    "mean_stdev_numeric_features": 194.88136291503906,
    "stdev_stdev_numeric_features": 137.79757690429688,
    "min_stdev_numeric_features": 0.08535454422235489,
    "q1_stdev_numeric_features": 143.77711330726743,
    "median_stdev_numeric_features": 287.4688720703125,
    "q3_stdev_numeric_features": 292.2793884277344,
    "max_stdev_numeric_features": 297.08990478515625,
    "mean_var_numeric_features": 56966.92578125,
    "stdev_var_numeric_features": 40347.078125,
    "min_var_numeric_features": 0.007285398431122303,
    "q1_var_numeric_features": 41319.179423949216,
    "median_var_numeric_features": 82638.3515625,
    "q3_var_numeric_features": 85450.38671875,
    "max_var_numeric_features": 88262.421875,
    "mean_min_numeric_features": 10.78335189819336,
    "stdev_min_numeric_features": 7.3774542808532715,
    "min_min_numeric_features": 0.3500570058822632,
    "q1_min_numeric_features": 8.175028502941132,
    "median_min_numeric_features": 16.0,
    "q3_min_numeric_features": 16.0,
    "max_min_numeric_features": 16.0,
    "mean_median_numeric_features": 337.1357727050781,
    "stdev_median_numeric_features": 238.10610961914062,
    "min_median_numeric_features": 0.40736299753189087,
    "q1_median_numeric_features": 252.20368149876595,
    "median_median_numeric_features": 504.0,
    "q3_median_numeric_features": 505.5,
    "max_median_numeric_features": 507.0,
    "mean_max_numeric_features": 671.93115234375,
    "stdev_max_numeric_features": 474.5661926269531,
    "min_max_numeric_features": 0.7934409976005554,
    "q1_max_numeric_features": 503.8967204988003,
    "median_max_numeric_features": 1007.0,
    "q3_max_numeric_features": 1007.5,
    "max_max_numeric_features": 1008.0,
    "pca_1": 0.516647115645103,
    "pca_2": 0.4833528422279553,
    "pca_3": 4.212694160096672e-08,
    "mean_entropy_categorical_features": NaN,
    "stdev_entropy_categorical_features": NaN,
    "min_entropy_categorical_features": NaN,
    "median_entropy_categorical_features": NaN,
    "max_entropy_categorical_features": NaN,
    "mean_information_gain_categorical_features": NaN,
    "stdev_information_gain_categorical_features": NaN,
    "min_information_gain_categorical_features": NaN,
    "median_information_gain_categorical_features": NaN,
    "max_information_gain_categorical_features": NaN,
    "mean_mutual_informaiton_categorical_features": NaN,
    "stdev_mutual_informaiton_categorical_features": NaN,
    "min_mutual_informaiton_categorical_features": NaN,
    "median_mutual_informaiton_categorical_features": NaN,
    "max_mutual_informaiton_categorical_features": NaN,
    "knn_5_accuracy": 0.9063361823361824,
    "knn_5_balanced_accuracy": 0.20986622073578592,
    "gaussian_nb_accuracy": 0.9001899335232668,
    "gaussian_nb_balanced_accuracy": 0.29447809335184155,
    "lda_accuracy": 0.9032820512820512,
    "lda_balanced_accuracy": 0.30954843611860855,
    "decision_tree_3_accuracy": 0.9014245014245015,
    "decision_tree_3_balanced_accuracy": 0.25375036723854977,
    "decision_tree_1_accuracy": 0.9063494776828109,
    "decision_tree_1_balanced_accuracy": 0.2,
    "random_tree_2_accuracy": 0.906355175688509,
    "random_tree_2_balanced_accuracy": 0.2
}