{
    "nb_instances": 1521,
    "log_nb_instances": 7.327123292259293,
    "nb_features": 3,
    "dataset_dimensionality": 507.0,
    "log_dataset_dimensionality": 6.2285110035911835,
    "dataset_ratio": 0.0019723865877712033,
    "nb_missing_vals": 0,
    "ratio_features_with_missing_vals": 0.0,
    "ratio_instances_with_missing_vals": 0.0,
    "nb_numeric_features": 3,
    "nb_categorical_features": 0,
    "ratio_numeric_categorical_features": 0.0,
    "ratio_categorical_numeric_features": 0.0,
    "nb_classes": 5,
    "class_entropy": 0.46204065332015365,
    "mean_target_class_ratio": 0.19999998807907104,
    "stdev_target_class_ratio": 0.3500528633594513,
    "minority_target_class_ratio": 0.019066404551267624,
    "median_target_class_ratio": 0.02892833575606346,
    "majority_target_class_ratio": 0.9000657200813293,
    "mean_mean_numeric_features": 334.9066467285156,
    "stdev_mean_numeric_features": 236.51011657714844,
    "min_mean_numeric_features": 0.4358530342578888,
    "q1_mean_numeric_features": 250.49372912943363,
    "median_mean_numeric_features": 500.5516052246094,
    "q3_mean_numeric_features": 502.1420135498047,
    "max_mean_numeric_features": 503.732421875,
    "mean_stdev_numeric_features": 194.95484924316406,
    "stdev_stdev_numeric_features": 137.84091186523438,
    "min_stdev_numeric_features": 0.08326969295740128,
    "q1_stdev_numeric_features": 144.0593350417912,
    "median_stdev_numeric_features": 288.035400390625,
    "q3_stdev_numeric_features": 292.3906555175781,
    "max_stdev_numeric_features": 296.74591064453125,
    "mean_var_numeric_features": 57007.51171875,
    "stdev_var_numeric_features": 40363.9921875,
    "min_var_numeric_features": 0.006933842319995165,
    "q1_var_numeric_features": 41482.19877942116,
    "median_var_numeric_features": 82964.390625,
    "q3_var_numeric_features": 85511.26171875,
    "max_var_numeric_features": 88058.1328125,
    "mean_min_numeric_features": 10.783341407775879,
    "stdev_min_numeric_features": 7.377469062805176,
    "min_min_numeric_features": 0.3500249981880188,
    "q1_min_numeric_features": 8.17501249909401,
    "median_min_numeric_features": 16.0,
    "q3_min_numeric_features": 16.0,
    "max_min_numeric_features": 16.0,
    "mean_median_numeric_features": 334.1365661621094,
    "stdev_median_numeric_features": 236.0948944091797,
    "min_median_numeric_features": 0.40974798798561096,
    "q1_median_numeric_features": 246.2048739939928,
    "median_median_numeric_features": 492.0,
    "q3_median_numeric_features": 501.0,
    "max_median_numeric_features": 510.0,
    "mean_max_numeric_features": 671.5931396484375,
    "stdev_max_numeric_features": 474.337646484375,
    "min_max_numeric_features": 0.7793660163879395,
    "q1_max_numeric_features": 503.38968300819397,
    "median_max_numeric_features": 1006.0,
    "q3_max_numeric_features": 1007.0,
    "max_max_numeric_features": 1008.0,
    "pca_1": 0.5151377539871199,
    "pca_2": 0.4848622058736706,
    "pca_3": 4.013920944077691e-08,
    "mean_entropy_categorical_features": NaN,
    "stdev_entropy_categorical_features": NaN,
    "min_entropy_categorical_features": NaN,
    "median_entropy_categorical_features": NaN,
    "max_entropy_categorical_features": NaN,
    "mean_information_gain_categorical_features": NaN,
    "stdev_information_gain_categorical_features": NaN,
    "min_information_gain_categorical_features": NaN,
    "median_information_gain_categorical_features": NaN,
    "max_information_gain_categorical_features": NaN,
    "mean_mutual_informaiton_categorical_features": NaN,
    "stdev_mutual_informaiton_categorical_features": NaN,
    "min_mutual_informaiton_categorical_features": NaN,
    "median_mutual_informaiton_categorical_features": NaN,
    "max_mutual_informaiton_categorical_features": NaN,
    "knn_5_accuracy": 0.8961389128559102,
    "knn_5_balanced_accuracy": 0.1991280534175048,
    "gaussian_nb_accuracy": 0.8935030198446936,
    "gaussian_nb_balanced_accuracy": 0.28679727825178647,
    "lda_accuracy": 0.8948080241587576,
    "lda_balanced_accuracy": 0.30415492262478966,
    "decision_tree_3_accuracy": 0.9040012942191545,
    "decision_tree_3_balanced_accuracy": 0.25348457291446025,
    "decision_tree_1_accuracy": 0.9000949094046591,
    "decision_tree_1_balanced_accuracy": 0.2,
    "random_tree_2_accuracy": 0.9046678170836927,
    "random_tree_2_balanced_accuracy": 0.2934071490603626
}