{
    "nb_instances": 1515,
    "log_nb_instances": 7.323170717943469,
    "nb_features": 3,
    "dataset_dimensionality": 505.0,
    "log_dataset_dimensionality": 6.22455842927536,
    "dataset_ratio": 0.0019801980198019802,
    "nb_missing_vals": 0,
    "ratio_features_with_missing_vals": 0.0,
    "ratio_instances_with_missing_vals": 0.0,
    "nb_numeric_features": 3,
    "nb_categorical_features": 0,
    "ratio_numeric_categorical_features": 0.0,
    "ratio_categorical_numeric_features": 0.0,
    "nb_classes": 5,
    "class_entropy": 0.4585637895523763,
    "mean_target_class_ratio": 0.20000000298023224,
    "stdev_target_class_ratio": 0.35051730275154114,
    "minority_target_class_ratio": 0.019141914322972298,
    "median_target_class_ratio": 0.028382837772369385,
    "majority_target_class_ratio": 0.9009901285171509,
    "mean_mean_numeric_features": 335.839111328125,
    "stdev_mean_numeric_features": 237.1694793701172,
    "min_mean_numeric_features": 0.43613433837890625,
    "q1_mean_numeric_features": 251.17219924926758,
    "median_mean_numeric_features": 501.90826416015625,
    "q3_mean_numeric_features": 503.5406036376953,
    "max_mean_numeric_features": 505.1729431152344,
    "mean_stdev_numeric_features": 194.65135192871094,
    "stdev_stdev_numeric_features": 137.64553833007812,
    "min_stdev_numeric_features": 0.08380705863237381,
    "q1_stdev_numeric_features": 143.4091215468943,
    "median_stdev_numeric_features": 286.73443603515625,
    "q3_stdev_numeric_features": 291.93511962890625,
    "max_stdev_numeric_features": 297.13580322265625,
    "mean_var_numeric_features": 56835.44140625,
    "stdev_var_numeric_features": 40265.125,
    "min_var_numeric_features": 0.007023623213171959,
    "q1_var_numeric_features": 41108.32382431161,
    "median_var_numeric_features": 82216.640625,
    "q3_var_numeric_features": 85253.1640625,
    "max_var_numeric_features": 88289.6875,
    "mean_min_numeric_features": 10.783339500427246,
    "stdev_min_numeric_features": 7.3774733543396,
    "min_min_numeric_features": 0.3500159978866577,
    "q1_min_numeric_features": 8.175007998943329,
    "median_min_numeric_features": 16.0,
    "q3_min_numeric_features": 16.0,
    "max_min_numeric_features": 16.0,
    "mean_median_numeric_features": 337.8035583496094,
    "stdev_median_numeric_features": 238.6318359375,
    "min_median_numeric_features": 0.41063401103019714,
    "q1_median_numeric_features": 250.2053170055151,
    "median_median_numeric_features": 500.0,
    "q3_median_numeric_features": 506.5,
    "max_median_numeric_features": 513.0,
    "mean_max_numeric_features": 671.5957641601562,
    "stdev_max_numeric_features": 474.3338623046875,
    "min_max_numeric_features": 0.7873929738998413,
    "q1_max_numeric_features": 503.3936964869499,
    "median_max_numeric_features": 1006.0,
    "q3_max_numeric_features": 1007.0,
    "max_max_numeric_features": 1008.0,
    "pca_1": 0.5179185899035494,
    "pca_2": 0.4820813692118182,
    "pca_3": 4.0884632297775856e-08,
    "mean_entropy_categorical_features": NaN,
    "stdev_entropy_categorical_features": NaN,
    "min_entropy_categorical_features": NaN,
    "median_entropy_categorical_features": NaN,
    "max_entropy_categorical_features": NaN,
    "mean_information_gain_categorical_features": NaN,
    "stdev_information_gain_categorical_features": NaN,
    "min_information_gain_categorical_features": NaN,
    "median_information_gain_categorical_features": NaN,
    "max_information_gain_categorical_features": NaN,
    "mean_mutual_informaiton_categorical_features": NaN,
    "stdev_mutual_informaiton_categorical_features": NaN,
    "min_mutual_informaiton_categorical_features": NaN,
    "median_mutual_informaiton_categorical_features": NaN,
    "max_mutual_informaiton_categorical_features": NaN,
    "knn_5_accuracy": 0.9003300330033003,
    "knn_5_balanced_accuracy": 0.19985347985347984,
    "gaussian_nb_accuracy": 0.8963696369636963,
    "gaussian_nb_balanced_accuracy": 0.32755259530089814,
    "lda_accuracy": 0.8950495049504952,
    "lda_balanced_accuracy": 0.30969889160305375,
    "decision_tree_3_accuracy": 0.9003300330033003,
    "decision_tree_3_balanced_accuracy": 0.26115126863041704,
    "decision_tree_1_accuracy": 0.9009900990099009,
    "decision_tree_1_balanced_accuracy": 0.2,
    "random_tree_2_accuracy": 0.9023102310231023,
    "random_tree_2_balanced_accuracy": 0.2088888888888889
}