{
    "nb_instances": 10176,
    "log_nb_instances": 9.227787285579904,
    "nb_features": 3,
    "dataset_dimensionality": 3392.0,
    "log_dataset_dimensionality": 8.129174996911793,
    "dataset_ratio": 0.00029481132075471697,
    "nb_missing_vals": 0,
    "ratio_features_with_missing_vals": 0.0,
    "ratio_instances_with_missing_vals": 0.0,
    "nb_numeric_features": 3,
    "nb_categorical_features": 0,
    "ratio_numeric_categorical_features": 0.0,
    "ratio_categorical_numeric_features": 0.0,
    "nb_classes": 5,
    "class_entropy": 0.20434033014181982,
    "mean_target_class_ratio": 0.20000000298023224,
    "stdev_target_class_ratio": 0.3811313211917877,
    "minority_target_class_ratio": 0.0025550315622240305,
    "median_target_class_ratio": 0.007272012531757355,
    "majority_target_class_ratio": 0.962165892124176,
    "mean_mean_numeric_features": 343.8268737792969,
    "stdev_mean_numeric_features": 242.83642578125,
    "min_mean_numeric_features": 0.40582790970802307,
    "q1_mean_numeric_features": 257.52597303688526,
    "median_mean_numeric_features": 514.6461181640625,
    "q3_mean_numeric_features": 515.5373840332031,
    "max_mean_numeric_features": 516.4286499023438,
    "mean_stdev_numeric_features": 191.83326721191406,
    "stdev_stdev_numeric_features": 135.61312866210938,
    "min_stdev_numeric_features": 0.05745283141732216,
    "q1_stdev_numeric_features": 143.03772910125554,
    "median_stdev_numeric_features": 286.01800537109375,
    "q3_stdev_numeric_features": 287.72120666503906,
    "max_stdev_numeric_features": 289.4244079589844,
    "mean_var_numeric_features": 55190.92578125,
    "stdev_var_numeric_features": 39034.078125,
    "min_var_numeric_features": 0.003300827695056796,
    "q1_var_numeric_features": 40903.15008791385,
    "median_var_numeric_features": 81806.296875,
    "q3_var_numeric_features": 82786.390625,
    "max_var_numeric_features": 83766.484375,
    "mean_min_numeric_features": 10.666666984558105,
    "stdev_min_numeric_features": 7.5424723625183105,
    "min_min_numeric_features": 0.0,
    "q1_min_numeric_features": 8.0,
    "median_min_numeric_features": 16.0,
    "q3_min_numeric_features": 16.0,
    "max_min_numeric_features": 16.0,
    "mean_median_numeric_features": 344.46337890625,
    "stdev_median_numeric_features": 243.30506896972656,
    "min_median_numeric_features": 0.39016398787498474,
    "q1_median_numeric_features": 257.1950819939375,
    "median_median_numeric_features": 514.0,
    "q3_median_numeric_features": 516.5,
    "max_median_numeric_features": 519.0,
    "mean_max_numeric_features": 672.2646484375,
    "stdev_max_numeric_features": 474.801513671875,
    "min_max_numeric_features": 0.7939029932022095,
    "q1_max_numeric_features": 504.3969514966011,
    "median_max_numeric_features": 1008.0,
    "q3_max_numeric_features": 1008.0,
    "max_max_numeric_features": 1008.0,
    "pca_1": 0.5063498019736967,
    "pca_2": 0.4936501781032213,
    "pca_3": 1.9923081966758194e-08,
    "mean_entropy_categorical_features": NaN,
    "stdev_entropy_categorical_features": NaN,
    "min_entropy_categorical_features": NaN,
    "median_entropy_categorical_features": NaN,
    "max_entropy_categorical_features": NaN,
    "mean_information_gain_categorical_features": NaN,
    "stdev_information_gain_categorical_features": NaN,
    "min_information_gain_categorical_features": NaN,
    "median_information_gain_categorical_features": NaN,
    "max_information_gain_categorical_features": NaN,
    "mean_mutual_informaiton_categorical_features": NaN,
    "stdev_mutual_informaiton_categorical_features": NaN,
    "min_mutual_informaiton_categorical_features": NaN,
    "median_mutual_informaiton_categorical_features": NaN,
    "max_mutual_informaiton_categorical_features": NaN,
    "knn_5_accuracy": 0.9618706525779217,
    "knn_5_balanced_accuracy": 0.19993848213615878,
    "gaussian_nb_accuracy": 0.9615765846217712,
    "gaussian_nb_balanced_accuracy": 0.30003582050913946,
    "lda_accuracy": 0.9597097937372986,
    "lda_balanced_accuracy": 0.2853224637118758,
    "decision_tree_3_accuracy": 0.9658020013226298,
    "decision_tree_3_balanced_accuracy": 0.2735935966698565,
    "decision_tree_1_accuracy": 0.962166361753788,
    "decision_tree_1_balanced_accuracy": 0.2,
    "random_tree_2_accuracy": 0.9639343415571314,
    "random_tree_2_balanced_accuracy": 0.2235834023063505
}