{
    "nb_instances": 10190,
    "log_nb_instances": 9.229162126216771,
    "nb_features": 3,
    "dataset_dimensionality": 3396.6666666666665,
    "log_dataset_dimensionality": 8.13054983754866,
    "dataset_ratio": 0.0002944062806673209,
    "nb_missing_vals": 0,
    "ratio_features_with_missing_vals": 0.0,
    "ratio_instances_with_missing_vals": 0.0,
    "nb_numeric_features": 3,
    "nb_categorical_features": 0,
    "ratio_numeric_categorical_features": 0.0,
    "ratio_categorical_numeric_features": 0.0,
    "nb_classes": 5,
    "class_entropy": 0.20411121344517155,
    "mean_target_class_ratio": 0.20000000298023224,
    "stdev_target_class_ratio": 0.38115718960762024,
    "minority_target_class_ratio": 0.002551521174609661,
    "median_target_class_ratio": 0.007360157091170549,
    "majority_target_class_ratio": 0.9622178673744202,
    "mean_mean_numeric_features": 343.3160400390625,
    "stdev_mean_numeric_features": 242.4741668701172,
    "min_mean_numeric_features": 0.40681126713752747,
    "q1_mean_numeric_features": 257.22550036013126,
    "median_mean_numeric_features": 514.044189453125,
    "q3_mean_numeric_features": 514.7706298828125,
    "max_mean_numeric_features": 515.4970703125,
    "mean_stdev_numeric_features": 191.63804626464844,
    "stdev_stdev_numeric_features": 135.4722900390625,
    "min_stdev_numeric_features": 0.058081720024347305,
    "q1_stdev_numeric_features": 143.04500155337155,
    "median_stdev_numeric_features": 286.03192138671875,
    "q3_stdev_numeric_features": 287.4280090332031,
    "max_stdev_numeric_features": 288.8240966796875,
    "mean_var_numeric_features": 55077.875,
    "stdev_var_numeric_features": 38951.4453125,
    "min_var_numeric_features": 0.0033734862226992846,
    "q1_var_numeric_features": 40907.13449924311,
    "median_var_numeric_features": 81814.265625,
    "q3_var_numeric_features": 82616.80859375,
    "max_var_numeric_features": 83419.3515625,
    "mean_min_numeric_features": 10.333333015441895,
    "stdev_min_numeric_features": 7.3181657791137695,
    "min_min_numeric_features": 0.0,
    "q1_min_numeric_features": 7.5,
    "median_min_numeric_features": 15.0,
    "q3_min_numeric_features": 15.5,
    "max_min_numeric_features": 16.0,
    "mean_median_numeric_features": 344.13037109375,
    "stdev_median_numeric_features": 243.0658416748047,
    "min_median_numeric_features": 0.39114099740982056,
    "q1_median_numeric_features": 257.1955704987049,
    "median_median_numeric_features": 514.0,
    "q3_median_numeric_features": 516.0,
    "max_median_numeric_features": 518.0,
    "mean_max_numeric_features": 672.2640991210938,
    "stdev_max_numeric_features": 474.8022766113281,
    "min_max_numeric_features": 0.792218029499054,
    "q1_max_numeric_features": 504.3961090147495,
    "median_max_numeric_features": 1008.0,
    "q3_max_numeric_features": 1008.0,
    "max_max_numeric_features": 1008.0,
    "pca_1": 0.5053469888421654,
    "pca_2": 0.494652990758586,
    "pca_3": 2.0399248666627164e-08,
    "mean_entropy_categorical_features": NaN,
    "stdev_entropy_categorical_features": NaN,
    "min_entropy_categorical_features": NaN,
    "median_entropy_categorical_features": NaN,
    "max_entropy_categorical_features": NaN,
    "mean_information_gain_categorical_features": NaN,
    "stdev_information_gain_categorical_features": NaN,
    "min_information_gain_categorical_features": NaN,
    "median_information_gain_categorical_features": NaN,
    "max_information_gain_categorical_features": NaN,
    "mean_mutual_informaiton_categorical_features": NaN,
    "stdev_mutual_informaiton_categorical_features": NaN,
    "min_mutual_informaiton_categorical_features": NaN,
    "median_mutual_informaiton_categorical_features": NaN,
    "max_mutual_informaiton_categorical_features": NaN,
    "knn_5_accuracy": 0.9621197252208049,
    "knn_5_balanced_accuracy": 0.19997962302598066,
    "gaussian_nb_accuracy": 0.9615309126594701,
    "gaussian_nb_balanced_accuracy": 0.2990794581708479,
    "lda_accuracy": 0.9601570166830227,
    "lda_balanced_accuracy": 0.298817087066104,
    "decision_tree_3_accuracy": 0.966045142296369,
    "decision_tree_3_balanced_accuracy": 0.2730272526953567,
    "decision_tree_1_accuracy": 0.9622178606476938,
    "decision_tree_1_balanced_accuracy": 0.2,
    "random_tree_2_accuracy": 0.9626104023552502,
    "random_tree_2_balanced_accuracy": 0.20473297026272164
}