{
    "nb_instances": 8753,
    "log_nb_instances": 9.077151777732437,
    "nb_features": 3,
    "dataset_dimensionality": 2917.6666666666665,
    "log_dataset_dimensionality": 7.978539489064328,
    "dataset_ratio": 0.0003427396321261282,
    "nb_missing_vals": 0,
    "ratio_features_with_missing_vals": 0.0,
    "ratio_instances_with_missing_vals": 0.0,
    "nb_numeric_features": 3,
    "nb_categorical_features": 0,
    "ratio_numeric_categorical_features": 0.0,
    "ratio_categorical_numeric_features": 0.0,
    "nb_classes": 5,
    "class_entropy": 0.28416369516462603,
    "mean_target_class_ratio": 0.19999998807907104,
    "stdev_target_class_ratio": 0.37219077348709106,
    "minority_target_class_ratio": 0.006397806573659182,
    "median_target_class_ratio": 0.013138352893292904,
    "majority_target_class_ratio": 0.9442476630210876,
    "mean_mean_numeric_features": 338.3807373046875,
    "stdev_mean_numeric_features": 238.95364379882812,
    "min_mean_numeric_features": 0.4499169886112213,
    "q1_mean_numeric_features": 253.60865600407124,
    "median_mean_numeric_features": 506.76739501953125,
    "q3_mean_numeric_features": 507.3461608886719,
    "max_mean_numeric_features": 507.9249267578125,
    "mean_stdev_numeric_features": 192.07122802734375,
    "stdev_stdev_numeric_features": 135.74942016601562,
    "min_stdev_numeric_features": 0.09257896989583969,
    "q1_stdev_numeric_features": 144.03139690682292,
    "median_stdev_numeric_features": 287.97021484375,
    "q3_stdev_numeric_features": 288.060546875,
    "max_stdev_numeric_features": 288.15087890625,
    "mean_var_numeric_features": 55319.265625,
    "stdev_var_numeric_features": 39116.640625,
    "min_var_numeric_features": 0.008570865727961063,
    "q1_var_numeric_features": 41463.422254182864,
    "median_var_numeric_features": 82926.8359375,
    "q3_var_numeric_features": 82978.88671875,
    "max_var_numeric_features": 83030.9375,
    "mean_min_numeric_features": 10.666666984558105,
    "stdev_min_numeric_features": 7.5424723625183105,
    "min_min_numeric_features": 0.0,
    "q1_min_numeric_features": 8.0,
    "median_min_numeric_features": 16.0,
    "q3_min_numeric_features": 16.0,
    "max_min_numeric_features": 16.0,
    "mean_median_numeric_features": 339.4737243652344,
    "stdev_median_numeric_features": 239.7477264404297,
    "min_median_numeric_features": 0.4212130010128021,
    "q1_median_numeric_features": 254.2106065005064,
    "median_median_numeric_features": 508.0,
    "q3_median_numeric_features": 509.0,
    "max_median_numeric_features": 510.0,
    "mean_max_numeric_features": 672.2944946289062,
    "stdev_max_numeric_features": 474.7592468261719,
    "min_max_numeric_features": 0.8835260272026062,
    "q1_max_numeric_features": 504.4417630136013,
    "median_max_numeric_features": 1008.0,
    "q3_max_numeric_features": 1008.0,
    "max_max_numeric_features": 1008.0,
    "pca_1": 0.5081720106172227,
    "pca_2": 0.49182793773837313,
    "pca_3": 5.164440421019369e-08,
    "mean_entropy_categorical_features": NaN,
    "stdev_entropy_categorical_features": NaN,
    "min_entropy_categorical_features": NaN,
    "median_entropy_categorical_features": NaN,
    "max_entropy_categorical_features": NaN,
    "mean_information_gain_categorical_features": NaN,
    "stdev_information_gain_categorical_features": NaN,
    "min_information_gain_categorical_features": NaN,
    "median_information_gain_categorical_features": NaN,
    "max_information_gain_categorical_features": NaN,
    "mean_mutual_informaiton_categorical_features": NaN,
    "stdev_mutual_informaiton_categorical_features": NaN,
    "min_mutual_informaiton_categorical_features": NaN,
    "median_mutual_informaiton_categorical_features": NaN,
    "max_mutual_informaiton_categorical_features": NaN,
    "knn_5_accuracy": 0.9442469772374971,
    "knn_5_balanced_accuracy": 0.2,
    "gaussian_nb_accuracy": 0.9360216039813984,
    "gaussian_nb_balanced_accuracy": 0.2370523668195604,
    "lda_accuracy": 0.9368210165619646,
    "lda_balanced_accuracy": 0.22853323817771756,
    "decision_tree_3_accuracy": 0.9442478910010607,
    "decision_tree_3_balanced_accuracy": 0.2,
    "decision_tree_1_accuracy": 0.9442480868075386,
    "decision_tree_1_balanced_accuracy": 0.2,
    "random_tree_2_accuracy": 0.9442478257322346,
    "random_tree_2_balanced_accuracy": 0.2
}