{
    "nb_instances": 1000,
    "log_nb_instances": 6.907755278982137,
    "nb_features": 20,
    "dataset_dimensionality": 50.0,
    "log_dataset_dimensionality": 3.912023005428146,
    "dataset_ratio": 0.02,
    "nb_missing_vals": 0,
    "ratio_features_with_missing_vals": 0.0,
    "ratio_instances_with_missing_vals": 0.0,
    "nb_numeric_features": 20,
    "nb_categorical_features": 0,
    "ratio_numeric_categorical_features": 0.0,
    "ratio_categorical_numeric_features": 0.0,
    "nb_classes": 2,
    "class_entropy": 0.5720083476575564,
    "mean_target_class_ratio": 0.5,
    "stdev_target_class_ratio": 0.2409999966621399,
    "minority_target_class_ratio": 0.2590000033378601,
    "median_target_class_ratio": 0.5,
    "majority_target_class_ratio": 0.7409999966621399,
    "mean_mean_numeric_features": 0.4679999351501465,
    "stdev_mean_numeric_features": 0.11208701878786087,
    "min_mean_numeric_features": 0.21899999678134918,
    "q1_mean_numeric_features": 0.4259999990463257,
    "median_mean_numeric_features": 0.5049999952316284,
    "q3_mean_numeric_features": 0.5204999893903732,
    "max_mean_numeric_features": 0.7039999961853027,
    "mean_stdev_numeric_features": 0.48580747842788696,
    "stdev_stdev_numeric_features": 0.02530217170715332,
    "min_stdev_numeric_features": 0.41377556324005127,
    "q1_stdev_numeric_features": 0.49183289706707,
    "median_stdev_numeric_features": 0.4988510012626648,
    "q3_stdev_numeric_features": 0.49991514533758163,
    "max_stdev_numeric_features": 0.5002341866493225,
    "mean_var_numeric_features": 0.23664915561676025,
    "stdev_var_numeric_features": 0.023472551256418228,
    "min_var_numeric_features": 0.17121021449565887,
    "q1_var_numeric_features": 0.24190015345811844,
    "median_var_numeric_features": 0.24885285645723343,
    "q3_var_numeric_features": 0.24991516023874283,
    "max_var_numeric_features": 0.2502342462539673,
    "mean_min_numeric_features": 0.0,
    "stdev_min_numeric_features": 0.0,
    "min_min_numeric_features": 0.0,
    "q1_min_numeric_features": 0.0,
    "median_min_numeric_features": 0.0,
    "q3_min_numeric_features": 0.0,
    "max_min_numeric_features": 0.0,
    "mean_median_numeric_features": 0.550000011920929,
    "stdev_median_numeric_features": 0.4974937438964844,
    "min_median_numeric_features": 0.0,
    "q1_median_numeric_features": 0.0,
    "median_median_numeric_features": 1.0,
    "q3_median_numeric_features": 1.0,
    "max_median_numeric_features": 1.0,
    "mean_max_numeric_features": 1.0,
    "stdev_max_numeric_features": 0.0,
    "min_max_numeric_features": 1.0,
    "q1_max_numeric_features": 1.0,
    "median_max_numeric_features": 1.0,
    "q3_max_numeric_features": 1.0,
    "max_max_numeric_features": 1.0,
    "pca_1": 0.07820056858861799,
    "pca_2": 0.07489880130532835,
    "pca_3": 0.06610936835762675,
    "mean_entropy_categorical_features": NaN,
    "stdev_entropy_categorical_features": NaN,
    "min_entropy_categorical_features": NaN,
    "median_entropy_categorical_features": NaN,
    "max_entropy_categorical_features": NaN,
    "mean_information_gain_categorical_features": NaN,
    "stdev_information_gain_categorical_features": NaN,
    "min_information_gain_categorical_features": NaN,
    "median_information_gain_categorical_features": NaN,
    "max_information_gain_categorical_features": NaN,
    "mean_mutual_informaiton_categorical_features": NaN,
    "stdev_mutual_informaiton_categorical_features": NaN,
    "min_mutual_informaiton_categorical_features": NaN,
    "median_mutual_informaiton_categorical_features": NaN,
    "max_mutual_informaiton_categorical_features": NaN,
    "knn_5_accuracy": 0.732,
    "knn_5_balanced_accuracy": 0.567872544462838,
    "gaussian_nb_accuracy": 0.7230000000000001,
    "gaussian_nb_balanced_accuracy": 0.5638714301065402,
    "lda_accuracy": 0.7270000000000001,
    "lda_balanced_accuracy": 0.5296535034339644,
    "decision_tree_3_accuracy": 0.7559999999999999,
    "decision_tree_3_balanced_accuracy": 0.5800083829408489,
    "decision_tree_1_accuracy": 0.741,
    "decision_tree_1_balanced_accuracy": 0.5,
    "random_tree_2_accuracy": 0.7340000000000001,
    "random_tree_2_balanced_accuracy": 0.5004605869193315
}