{
    "nb_instances": 2500,
    "log_nb_instances": 7.824046010856292,
    "nb_features": 100,
    "dataset_dimensionality": 25.0,
    "log_dataset_dimensionality": 3.2188758248682006,
    "dataset_ratio": 0.04,
    "nb_missing_vals": 0,
    "ratio_features_with_missing_vals": 0.0,
    "ratio_instances_with_missing_vals": 0.0,
    "nb_numeric_features": 58,
    "nb_categorical_features": 42,
    "ratio_numeric_categorical_features": 1.380952380952381,
    "ratio_categorical_numeric_features": 0.7241379310344828,
    "nb_classes": 3,
    "class_entropy": 0.913495426389476,
    "mean_target_class_ratio": 0.3333333432674408,
    "stdev_target_class_ratio": 0.18039552867412567,
    "minority_target_class_ratio": 0.07840000092983246,
    "median_target_class_ratio": 0.45239999890327454,
    "majority_target_class_ratio": 0.4691999852657318,
    "mean_mean_numeric_features": 2902.2587890625,
    "stdev_mean_numeric_features": 10458.5390625,
    "min_mean_numeric_features": 0.2627359926700592,
    "q1_mean_numeric_features": 0.9854999929666519,
    "median_mean_numeric_features": 2.286600112915039,
    "q3_mean_numeric_features": 200.39509773254395,
    "max_mean_numeric_features": 57622.8125,
    "mean_stdev_numeric_features": 625.3194580078125,
    "stdev_stdev_numeric_features": 2882.87255859375,
    "min_stdev_numeric_features": 0.011306623928248882,
    "q1_stdev_numeric_features": 0.5300056785345078,
    "median_stdev_numeric_features": 1.2961461544036865,
    "q3_stdev_numeric_features": 22.75485610961914,
    "max_stdev_numeric_features": 20654.21484375,
    "mean_var_numeric_features": 8701978.0,
    "stdev_var_numeric_features": 56045916.0,
    "min_var_numeric_features": 0.00012783973943442106,
    "q1_var_numeric_features": 0.28358905017375946,
    "median_var_numeric_features": 1.6810532212257385,
    "q3_var_numeric_features": 525.0481033325195,
    "max_var_numeric_features": 426596576.0,
    "mean_min_numeric_features": 1968.2784423828125,
    "stdev_min_numeric_features": 6722.59375,
    "min_min_numeric_features": 0.0,
    "q1_min_numeric_features": 0.0,
    "median_min_numeric_features": 0.8559999763965607,
    "q3_min_numeric_features": 158.5,
    "max_min_numeric_features": 40050.0,
    "mean_median_numeric_features": 2850.617919921875,
    "stdev_median_numeric_features": 10257.244140625,
    "min_median_numeric_features": 0.0,
    "q1_median_numeric_features": 1.0,
    "median_median_numeric_features": 2.0,
    "q3_median_numeric_features": 203.67499923706055,
    "max_median_numeric_features": 56390.5,
    "mean_max_numeric_features": 4203.92138671875,
    "stdev_max_numeric_features": 16097.5693359375,
    "min_max_numeric_features": 0.49000000953674316,
    "q1_max_numeric_features": 2.0,
    "median_max_numeric_features": 4.5,
    "q3_max_numeric_features": 237.75,
    "max_max_numeric_features": 98510.0,
    "pca_1": 0.8453949069806526,
    "pca_2": 0.1334451884280844,
    "pca_3": 0.011836941239948483,
    "mean_entropy_categorical_features": 1.3095018863677979,
    "stdev_entropy_categorical_features": 0.393140584230423,
    "min_entropy_categorical_features": 0.68961501121521,
    "median_entropy_categorical_features": 1.385226845741272,
    "max_entropy_categorical_features": 1.7897169589996338,
    "mean_information_gain_categorical_features": 0.0025076300371438265,
    "stdev_information_gain_categorical_features": 0.005993703380227089,
    "min_information_gain_categorical_features": 5.387019882618915e-06,
    "median_information_gain_categorical_features": 0.0011235505808144808,
    "max_information_gain_categorical_features": 0.03878055512905121,
    "mean_mutual_informaiton_categorical_features": 0.002509949030354619,
    "stdev_mutual_informaiton_categorical_features": 0.00594982597976923,
    "min_mutual_informaiton_categorical_features": 6.796413345000474e-06,
    "median_mutual_informaiton_categorical_features": 0.0010868177050724626,
    "max_mutual_informaiton_categorical_features": 0.03847722336649895,
    "knn_5_accuracy": NaN,
    "knn_5_balanced_accuracy": NaN,
    "gaussian_nb_accuracy": NaN,
    "gaussian_nb_balanced_accuracy": NaN,
    "lda_accuracy": NaN,
    "lda_balanced_accuracy": NaN,
    "decision_tree_3_accuracy": NaN,
    "decision_tree_3_balanced_accuracy": NaN,
    "decision_tree_1_accuracy": NaN,
    "decision_tree_1_balanced_accuracy": NaN,
    "random_tree_2_accuracy": NaN,
    "random_tree_2_balanced_accuracy": NaN
}