{
    "nb_instances": 750,
    "log_nb_instances": 6.620073206530356,
    "nb_features": 40,
    "dataset_dimensionality": 18.75,
    "log_dataset_dimensionality": 2.9311937524164198,
    "dataset_ratio": 0.05333333333333334,
    "nb_missing_vals": 0,
    "ratio_features_with_missing_vals": 0.0,
    "ratio_instances_with_missing_vals": 0.0,
    "nb_numeric_features": 37,
    "nb_categorical_features": 3,
    "ratio_numeric_categorical_features": 12.333333333333334,
    "ratio_categorical_numeric_features": 0.08108108108108109,
    "nb_classes": 8,
    "class_entropy": 2.0057276841098277,
    "mean_target_class_ratio": 0.125,
    "stdev_target_class_ratio": 0.05029137060046196,
    "minority_target_class_ratio": 0.07599999755620956,
    "median_target_class_ratio": 0.10066666826605797,
    "majority_target_class_ratio": 0.2199999988079071,
    "mean_mean_numeric_features": 4179.3232421875,
    "stdev_mean_numeric_features": 13352.212890625,
    "min_mean_numeric_features": 0.29367733001708984,
    "q1_mean_numeric_features": 0.6834920048713684,
    "median_mean_numeric_features": 7.114880084991455,
    "q3_mean_numeric_features": 76.81147003173828,
    "max_mean_numeric_features": 52116.15234375,
    "mean_stdev_numeric_features": 1345.856201171875,
    "stdev_stdev_numeric_features": 5117.04931640625,
    "min_stdev_numeric_features": 0.04515308886766434,
    "q1_stdev_numeric_features": 0.18648995459079742,
    "median_stdev_numeric_features": 1.0477112531661987,
    "q3_stdev_numeric_features": 11.00206470489502,
    "max_stdev_numeric_features": 23983.76171875,
    "mean_var_numeric_features": 27995524.0,
    "stdev_var_numeric_features": 116580912.0,
    "min_var_numeric_features": 0.0020388015545904636,
    "q1_var_numeric_features": 0.03477850556373596,
    "median_var_numeric_features": 1.0976989269256592,
    "q3_var_numeric_features": 121.04542541503906,
    "max_var_numeric_features": 575220800.0,
    "mean_min_numeric_features": 2279.3115234375,
    "stdev_min_numeric_features": 8198.4873046875,
    "min_min_numeric_features": 0.0989999994635582,
    "q1_min_numeric_features": 0.3400000035762787,
    "median_min_numeric_features": 6.199999809265137,
    "q3_min_numeric_features": 51.0,
    "max_min_numeric_features": 45926.0,
    "mean_median_numeric_features": 4322.87646484375,
    "stdev_median_numeric_features": 13803.6171875,
    "min_median_numeric_features": 0.2800000011920929,
    "q1_median_numeric_features": 0.6690000295639038,
    "median_median_numeric_features": 7.085000038146973,
    "q3_median_numeric_features": 77.44999694824219,
    "max_median_numeric_features": 53156.5,
    "mean_max_numeric_features": 6788.19287109375,
    "stdev_max_numeric_features": 22442.328125,
    "min_max_numeric_features": 0.4699999988079071,
    "q1_max_numeric_features": 0.8899999856948853,
    "median_max_numeric_features": 8.739999771118164,
    "q3_max_numeric_features": 89.0999984741211,
    "max_max_numeric_features": 97149.0,
    "pca_1": 0.5573072688116415,
    "pca_2": 0.43074320604611305,
    "pca_3": 0.011018318203462725,
    "mean_entropy_categorical_features": 0.8263052105903625,
    "stdev_entropy_categorical_features": 0.19173628091812134,
    "min_entropy_categorical_features": 0.6903570294380188,
    "median_entropy_categorical_features": 0.6910977959632874,
    "max_entropy_categorical_features": 1.0974609851837158,
    "mean_information_gain_categorical_features": 0.004864766728132963,
    "stdev_information_gain_categorical_features": 0.0011887012515217066,
    "min_information_gain_categorical_features": 0.004021598957479,
    "median_information_gain_categorical_features": 0.004026859533041716,
    "max_information_gain_categorical_features": 0.0065458412282168865,
    "mean_mutual_informaiton_categorical_features": 0.004669284448027611,
    "stdev_mutual_informaiton_categorical_features": 0.001953485421836376,
    "min_mutual_informaiton_categorical_features": 0.0022531531285494566,
    "median_mutual_informaiton_categorical_features": 0.0047172242775559425,
    "max_mutual_informaiton_categorical_features": 0.007037475239485502,
    "knn_5_accuracy": NaN,
    "knn_5_balanced_accuracy": NaN,
    "gaussian_nb_accuracy": NaN,
    "gaussian_nb_balanced_accuracy": NaN,
    "lda_accuracy": NaN,
    "lda_balanced_accuracy": NaN,
    "decision_tree_3_accuracy": NaN,
    "decision_tree_3_balanced_accuracy": NaN,
    "decision_tree_1_accuracy": NaN,
    "decision_tree_1_balanced_accuracy": NaN,
    "random_tree_2_accuracy": NaN,
    "random_tree_2_balanced_accuracy": NaN
}