{
    "nb_instances": 829201,
    "log_nb_instances": 13.628217865524704,
    "nb_features": 10,
    "dataset_dimensionality": 82920.1,
    "log_dataset_dimensionality": 11.325632772530659,
    "dataset_ratio": 1.2059802146885979e-05,
    "nb_missing_vals": 0,
    "ratio_features_with_missing_vals": 0.0,
    "ratio_instances_with_missing_vals": 0.0,
    "nb_numeric_features": 5,
    "nb_categorical_features": 5,
    "ratio_numeric_categorical_features": 1.0,
    "ratio_categorical_numeric_features": 1.0,
    "nb_classes": 10,
    "class_entropy": 0.9821572116107635,
    "mean_target_class_ratio": 0.10000000149011612,
    "stdev_target_class_ratio": 0.18233048915863037,
    "minority_target_class_ratio": 2.4119603949657176e-06,
    "median_target_class_ratio": 0.0029437977354973555,
    "majority_target_class_ratio": 0.501116156578064,
    "mean_mean_numeric_features": 6.9996018409729,
    "stdev_mean_numeric_features": 3.106721878051758,
    "min_mean_numeric_features": 2.6131577491760254,
    "q1_mean_numeric_features": 4.788464069366455,
    "median_mean_numeric_features": 6.9996466636657715,
    "q3_mean_numeric_features": 9.210980415344238,
    "max_mean_numeric_features": 11.385760307312012,
    "mean_stdev_numeric_features": 2.068599224090576,
    "stdev_stdev_numeric_features": 0.27077892422676086,
    "min_stdev_numeric_features": 1.7411143779754639,
    "q1_stdev_numeric_features": 1.7435638904571533,
    "median_stdev_numeric_features": 2.241712808609009,
    "q3_stdev_numeric_features": 2.241865634918213,
    "max_stdev_numeric_features": 2.3747401237487793,
    "mean_var_numeric_features": 4.352424621582031,
    "stdev_var_numeric_features": 1.0981783866882324,
    "min_var_numeric_features": 3.0314793586730957,
    "q1_var_numeric_features": 3.04001522064209,
    "median_var_numeric_features": 5.025276184082031,
    "q3_var_numeric_features": 5.025961399078369,
    "max_var_numeric_features": 5.63939094543457,
    "mean_min_numeric_features": 1.2000000476837158,
    "stdev_min_numeric_features": 0.4000000059604645,
    "min_min_numeric_features": 1.0,
    "q1_min_numeric_features": 1.0,
    "median_min_numeric_features": 1.0,
    "q3_min_numeric_features": 1.0,
    "max_min_numeric_features": 2.0,
    "mean_median_numeric_features": 7.0,
    "stdev_median_numeric_features": 3.4058773517608643,
    "min_median_numeric_features": 2.0,
    "q1_median_numeric_features": 5.0,
    "median_median_numeric_features": 7.0,
    "q3_median_numeric_features": 9.0,
    "max_median_numeric_features": 12.0,
    "mean_max_numeric_features": 12.800000190734863,
    "stdev_max_numeric_features": 0.3999999761581421,
    "min_max_numeric_features": 12.0,
    "q1_max_numeric_features": 13.0,
    "median_max_numeric_features": 13.0,
    "q3_max_numeric_features": 13.0,
    "max_max_numeric_features": 13.0,
    "pca_1": 0.6346915368122183,
    "pca_2": 0.17027113006388045,
    "pca_3": 0.08640681391530715,
    "mean_entropy_categorical_features": 1.3837926387786865,
    "stdev_entropy_categorical_features": 0.0030435649678111076,
    "min_entropy_categorical_features": 1.3799644708633423,
    "median_entropy_categorical_features": 1.3862663507461548,
    "max_entropy_categorical_features": 1.3862929344177246,
    "mean_information_gain_categorical_features": 0.00696491589769721,
    "stdev_information_gain_categorical_features": 0.003977872896939516,
    "min_information_gain_categorical_features": 0.0005235876305960119,
    "median_information_gain_categorical_features": 0.005984960123896599,
    "max_information_gain_categorical_features": 0.011235279031097889,
    "mean_mutual_informaiton_categorical_features": 0.005766901653259993,
    "stdev_mutual_informaiton_categorical_features": 0.0037183514796197414,
    "min_mutual_informaiton_categorical_features": 0.0003608490223996341,
    "median_mutual_informaiton_categorical_features": 0.00428698118776083,
    "max_mutual_informaiton_categorical_features": 0.010015157982707024,
    "knn_5_accuracy": 0.9379233750919566,
    "knn_5_balanced_accuracy": 0.48512004265367237,
    "gaussian_nb_accuracy": 0.5937474763145946,
    "gaussian_nb_balanced_accuracy": 0.17259799983939533,
    "lda_accuracy": 0.5688053920133365,
    "lda_balanced_accuracy": 0.13843474797943725,
    "decision_tree_3_accuracy": 0.5698485623247903,
    "decision_tree_3_balanced_accuracy": 0.14904791311590698,
    "decision_tree_1_accuracy": 0.5334388143886521,
    "decision_tree_1_balanced_accuracy": 0.1172180751758406,
    "random_tree_2_accuracy": 0.5549173228850108,
    "random_tree_2_balanced_accuracy": 0.12671612317004316
}