{
    "nb_instances": 400,
    "log_nb_instances": 5.991464547107982,
    "nb_features": 40,
    "dataset_dimensionality": 10.0,
    "log_dataset_dimensionality": 2.302585092994046,
    "dataset_ratio": 0.1,
    "nb_missing_vals": 0,
    "ratio_features_with_missing_vals": 0.0,
    "ratio_instances_with_missing_vals": 0.0,
    "nb_numeric_features": 37,
    "nb_categorical_features": 3,
    "ratio_numeric_categorical_features": 12.333333333333334,
    "ratio_categorical_numeric_features": 0.08108108108108109,
    "nb_classes": 8,
    "class_entropy": 1.9193041845342318,
    "mean_target_class_ratio": 0.125,
    "stdev_target_class_ratio": 0.07563275098800659,
    "minority_target_class_ratio": 0.0625,
    "median_target_class_ratio": 0.08625000342726707,
    "majority_target_class_ratio": 0.2775000035762787,
    "mean_mean_numeric_features": 4183.00439453125,
    "stdev_mean_numeric_features": 13359.708984375,
    "min_mean_numeric_features": 0.2979150116443634,
    "q1_mean_numeric_features": 0.6840749979019165,
    "median_mean_numeric_features": 7.173250198364258,
    "q3_mean_numeric_features": 76.6875,
    "max_mean_numeric_features": 52300.40625,
    "mean_stdev_numeric_features": 1378.348876953125,
    "stdev_stdev_numeric_features": 5252.56396484375,
    "min_stdev_numeric_features": 0.04426385834813118,
    "q1_stdev_numeric_features": 0.18708594143390656,
    "median_stdev_numeric_features": 0.9815144538879395,
    "q3_stdev_numeric_features": 11.118529319763184,
    "max_stdev_numeric_features": 24670.875,
    "mean_var_numeric_features": 29489274.0,
    "stdev_var_numeric_features": 122966912.0,
    "min_var_numeric_features": 0.001959289191290736,
    "q1_var_numeric_features": 0.03500115126371384,
    "median_var_numeric_features": 0.963370680809021,
    "q3_var_numeric_features": 123.62168884277344,
    "max_var_numeric_features": 608652032.0,
    "mean_min_numeric_features": 2278.84423828125,
    "stdev_min_numeric_features": 8197.59765625,
    "min_min_numeric_features": 0.0989999994635582,
    "q1_min_numeric_features": 0.3400000035762787,
    "median_min_numeric_features": 6.199999809265137,
    "q3_min_numeric_features": 51.0,
    "max_min_numeric_features": 45928.0,
    "mean_median_numeric_features": 4354.568359375,
    "stdev_median_numeric_features": 13908.6806640625,
    "min_median_numeric_features": 0.2800000011920929,
    "q1_median_numeric_features": 0.671999990940094,
    "median_median_numeric_features": 7.099999904632568,
    "q3_median_numeric_features": 77.5,
    "max_median_numeric_features": 53345.5,
    "mean_max_numeric_features": 6792.86376953125,
    "stdev_max_numeric_features": 22456.751953125,
    "min_max_numeric_features": 0.4699999988079071,
    "q1_max_numeric_features": 0.8899999856948853,
    "median_max_numeric_features": 8.729999542236328,
    "q3_max_numeric_features": 88.9000015258789,
    "max_max_numeric_features": 96739.0,
    "pca_1": 0.5583927891616798,
    "pca_2": 0.43038004690409704,
    "pca_3": 0.01030994066041774,
    "mean_entropy_categorical_features": 0.8240237236022949,
    "stdev_entropy_categorical_features": 0.18853163719177246,
    "min_entropy_categorical_features": 0.6895303130149841,
    "median_entropy_categorical_features": 0.6918966770172119,
    "max_entropy_categorical_features": 1.0906442403793335,
    "mean_information_gain_categorical_features": 0.02191021479666233,
    "stdev_information_gain_categorical_features": 0.017978599295020103,
    "min_information_gain_categorical_features": 0.009183823131024837,
    "median_information_gain_categorical_features": 0.009211035445332527,
    "max_information_gain_categorical_features": 0.04733578860759735,
    "mean_mutual_informaiton_categorical_features": 0.013713568449020386,
    "stdev_mutual_informaiton_categorical_features": 0.007576644886285067,
    "min_mutual_informaiton_categorical_features": 0.007313957903534174,
    "median_mutual_informaiton_categorical_features": 0.009470788761973381,
    "max_mutual_informaiton_categorical_features": 0.02435595728456974,
    "knn_5_accuracy": NaN,
    "knn_5_balanced_accuracy": NaN,
    "gaussian_nb_accuracy": NaN,
    "gaussian_nb_balanced_accuracy": NaN,
    "lda_accuracy": NaN,
    "lda_balanced_accuracy": NaN,
    "decision_tree_3_accuracy": NaN,
    "decision_tree_3_balanced_accuracy": NaN,
    "decision_tree_1_accuracy": NaN,
    "decision_tree_1_balanced_accuracy": NaN,
    "random_tree_2_accuracy": NaN,
    "random_tree_2_balanced_accuracy": NaN
}