{
    "nb_instances": 1100,
    "log_nb_instances": 7.003065458786462,
    "nb_features": 12,
    "dataset_dimensionality": 91.66666666666667,
    "log_dataset_dimensionality": 4.518158808998462,
    "dataset_ratio": 0.01090909090909091,
    "nb_missing_vals": 0,
    "ratio_features_with_missing_vals": 0.0,
    "ratio_instances_with_missing_vals": 0.0,
    "nb_numeric_features": 8,
    "nb_categorical_features": 4,
    "ratio_numeric_categorical_features": 2.0,
    "ratio_categorical_numeric_features": 0.5,
    "nb_classes": 5,
    "class_entropy": 1.580832712515842,
    "mean_target_class_ratio": 0.20000000298023224,
    "stdev_target_class_ratio": 0.048114877194166183,
    "minority_target_class_ratio": 0.1390909105539322,
    "median_target_class_ratio": 0.1963636428117752,
    "majority_target_class_ratio": 0.2772727310657501,
    "mean_mean_numeric_features": 1061.532958984375,
    "stdev_mean_numeric_features": 1897.77685546875,
    "min_mean_numeric_features": 0.3827454447746277,
    "q1_mean_numeric_features": 0.9474999904632568,
    "median_mean_numeric_features": 1.1008954644203186,
    "q3_mean_numeric_features": 823.7237168550491,
    "max_mean_numeric_features": 5201.51171875,
    "mean_stdev_numeric_features": 210.24072265625,
    "stdev_stdev_numeric_features": 487.4223327636719,
    "min_stdev_numeric_features": 0.16796135902404785,
    "q1_stdev_numeric_features": 0.6535606533288956,
    "median_stdev_numeric_features": 0.8040745258331299,
    "q3_stdev_numeric_features": 48.495937407016754,
    "max_stdev_numeric_features": 1489.7474365234375,
    "mean_var_numeric_features": 281781.71875,
    "stdev_var_numeric_features": 732420.0625,
    "min_var_numeric_features": 0.028211018070578575,
    "q1_var_numeric_features": 0.4357057549059391,
    "median_var_numeric_features": 0.6466932594776154,
    "q3_var_numeric_features": 8728.880056381226,
    "max_var_numeric_features": 2219347.5,
    "mean_min_numeric_features": 758.38623046875,
    "stdev_min_numeric_features": 1313.087158203125,
    "min_min_numeric_features": 0.0,
    "q1_min_numeric_features": 0.0,
    "median_min_numeric_features": 0.3400000035762787,
    "q3_min_numeric_features": 750.057499974966,
    "max_min_numeric_features": 3069.0,
    "mean_median_numeric_features": 973.8831176757812,
    "stdev_median_numeric_features": 1720.3719482421875,
    "min_median_numeric_features": 0.4399999976158142,
    "q1_median_numeric_features": 1.0,
    "median_median_numeric_features": 1.1150000095367432,
    "q3_median_numeric_features": 800.5462499856949,
    "max_median_numeric_features": 4594.0,
    "mean_max_numeric_features": 1375.513671875,
    "stdev_max_numeric_features": 2554.492431640625,
    "min_max_numeric_features": 0.6700000166893005,
    "q1_max_numeric_features": 2.0,
    "median_max_numeric_features": 2.034999966621399,
    "q3_max_numeric_features": 912.5274999141693,
    "max_max_numeric_features": 7362.0,
    "pca_1": 0.9845165860610275,
    "pca_2": 0.01547996641021306,
    "pca_3": 2.537169279606544e-06,
    "mean_entropy_categorical_features": 0.8038976192474365,
    "stdev_entropy_categorical_features": 0.15879419445991516,
    "min_entropy_categorical_features": 0.6675124764442444,
    "median_entropy_categorical_features": 0.7420414388179779,
    "max_entropy_categorical_features": 1.0639952421188354,
    "mean_information_gain_categorical_features": 0.02293979376554489,
    "stdev_information_gain_categorical_features": 0.036305926740169525,
    "min_information_gain_categorical_features": -0.022239169105887413,
    "median_information_gain_categorical_features": 0.01987546042073518,
    "max_information_gain_categorical_features": 0.07424741983413696,
    "mean_mutual_informaiton_categorical_features": 0.03561623394489288,
    "stdev_mutual_informaiton_categorical_features": 0.019406162202358246,
    "min_mutual_informaiton_categorical_features": 0.005553314927965403,
    "median_mutual_informaiton_categorical_features": 0.0414165984839201,
    "max_mutual_informaiton_categorical_features": 0.054078422486782074,
    "knn_5_accuracy": NaN,
    "knn_5_balanced_accuracy": NaN,
    "gaussian_nb_accuracy": NaN,
    "gaussian_nb_balanced_accuracy": NaN,
    "lda_accuracy": NaN,
    "lda_balanced_accuracy": NaN,
    "decision_tree_3_accuracy": NaN,
    "decision_tree_3_balanced_accuracy": NaN,
    "decision_tree_1_accuracy": NaN,
    "decision_tree_1_balanced_accuracy": NaN,
    "random_tree_2_accuracy": NaN,
    "random_tree_2_balanced_accuracy": NaN
}