{
    "nb_instances": 700,
    "log_nb_instances": 6.551080335043404,
    "nb_features": 12,
    "dataset_dimensionality": 58.333333333333336,
    "log_dataset_dimensionality": 4.0661736852554045,
    "dataset_ratio": 0.017142857142857144,
    "nb_missing_vals": 0,
    "ratio_features_with_missing_vals": 0.0,
    "ratio_instances_with_missing_vals": 0.0,
    "nb_numeric_features": 8,
    "nb_categorical_features": 4,
    "ratio_numeric_categorical_features": 2.0,
    "ratio_categorical_numeric_features": 0.5,
    "nb_classes": 3,
    "class_entropy": 1.09684720680143,
    "mean_target_class_ratio": 0.3333333432674408,
    "stdev_target_class_ratio": 0.01966845616698265,
    "minority_target_class_ratio": 0.30571427941322327,
    "median_target_class_ratio": 0.3442857265472412,
    "majority_target_class_ratio": 0.3499999940395355,
    "mean_mean_numeric_features": 1053.5225830078125,
    "stdev_mean_numeric_features": 1882.712646484375,
    "min_mean_numeric_features": 0.4008714258670807,
    "q1_mean_numeric_features": 0.9957143068313599,
    "median_mean_numeric_features": 1.228442907333374,
    "q3_mean_numeric_features": 818.7480754852295,
    "max_mean_numeric_features": 5157.9326171875,
    "mean_stdev_numeric_features": 201.16561889648438,
    "stdev_stdev_numeric_features": 467.776611328125,
    "min_stdev_numeric_features": 0.1719723492860794,
    "q1_stdev_numeric_features": 0.6892504021525383,
    "median_stdev_numeric_features": 0.8220229148864746,
    "q3_stdev_numeric_features": 45.29841232299805,
    "max_stdev_numeric_features": 1429.6357421875,
    "mean_var_numeric_features": 259282.578125,
    "stdev_var_numeric_features": 674579.625,
    "min_var_numeric_features": 0.02957448922097683,
    "q1_var_numeric_features": 0.48792363330721855,
    "median_var_numeric_features": 0.6761853694915771,
    "q3_var_numeric_features": 7602.650482177734,
    "max_var_numeric_features": 2043858.375,
    "mean_min_numeric_features": 758.76123046875,
    "stdev_min_numeric_features": 1313.726318359375,
    "min_min_numeric_features": 0.0,
    "q1_min_numeric_features": 0.0,
    "median_min_numeric_features": 0.3400000035762787,
    "q3_min_numeric_features": 750.807499974966,
    "max_min_numeric_features": 3069.0,
    "mean_median_numeric_features": 965.1580810546875,
    "stdev_median_numeric_features": 1705.7197265625,
    "min_median_numeric_features": 0.46000000834465027,
    "q1_median_numeric_features": 1.0,
    "median_median_numeric_features": 1.1299999952316284,
    "q3_median_numeric_features": 791.4087500572205,
    "max_median_numeric_features": 4562.0,
    "mean_max_numeric_features": 1375.138671875,
    "stdev_max_numeric_features": 2554.162353515625,
    "min_max_numeric_features": 0.6700000166893005,
    "q1_max_numeric_features": 2.0,
    "median_max_numeric_features": 2.034999966621399,
    "q3_max_numeric_features": 911.7774999141693,
    "max_max_numeric_features": 7362.0,
    "pca_1": 0.9853435270830346,
    "pca_2": 0.014652966458057253,
    "pca_3": 2.509368799099737e-06,
    "mean_entropy_categorical_features": 0.7465981841087341,
    "stdev_entropy_categorical_features": 0.21676170825958252,
    "min_entropy_categorical_features": 0.5004024505615234,
    "median_entropy_categorical_features": 0.6950523853302002,
    "max_entropy_categorical_features": 1.0958855152130127,
    "mean_information_gain_categorical_features": 0.005452626384794712,
    "stdev_information_gain_categorical_features": 0.004853260703384876,
    "min_information_gain_categorical_features": 0.0005950387567281723,
    "median_information_gain_categorical_features": 0.004092609044164419,
    "max_information_gain_categorical_features": 0.013030248694121838,
    "mean_mutual_informaiton_categorical_features": 0.0032683450262993574,
    "stdev_mutual_informaiton_categorical_features": 0.0022988670971244574,
    "min_mutual_informaiton_categorical_features": 0.0006323284469544888,
    "median_mutual_informaiton_categorical_features": 0.002795856329612434,
    "max_mutual_informaiton_categorical_features": 0.006849339231848717,
    "knn_5_accuracy": NaN,
    "knn_5_balanced_accuracy": NaN,
    "gaussian_nb_accuracy": NaN,
    "gaussian_nb_balanced_accuracy": NaN,
    "lda_accuracy": NaN,
    "lda_balanced_accuracy": NaN,
    "decision_tree_3_accuracy": NaN,
    "decision_tree_3_balanced_accuracy": NaN,
    "decision_tree_1_accuracy": NaN,
    "decision_tree_1_balanced_accuracy": NaN,
    "random_tree_2_accuracy": NaN,
    "random_tree_2_balanced_accuracy": NaN
}