{
    "nb_instances": 500,
    "log_nb_instances": 6.214608098422191,
    "nb_features": 12,
    "dataset_dimensionality": 41.666666666666664,
    "log_dataset_dimensionality": 3.7297014486341915,
    "dataset_ratio": 0.024,
    "nb_missing_vals": 0,
    "ratio_features_with_missing_vals": 0.0,
    "ratio_instances_with_missing_vals": 0.0,
    "nb_numeric_features": 8,
    "nb_categorical_features": 4,
    "ratio_numeric_categorical_features": 2.0,
    "ratio_categorical_numeric_features": 0.5,
    "nb_classes": 5,
    "class_entropy": 1.4890015711447033,
    "mean_target_class_ratio": 0.20000000298023224,
    "stdev_target_class_ratio": 0.101429782807827,
    "minority_target_class_ratio": 0.0860000029206276,
    "median_target_class_ratio": 0.17000000178813934,
    "majority_target_class_ratio": 0.3840000033378601,
    "mean_mean_numeric_features": 1050.559326171875,
    "stdev_mean_numeric_features": 1873.3895263671875,
    "min_mean_numeric_features": 0.3760400116443634,
    "q1_mean_numeric_features": 0.9239999949932098,
    "median_mean_numeric_features": 1.084380030632019,
    "q3_mean_numeric_features": 824.8446872234344,
    "max_mean_numeric_features": 5108.8759765625,
    "mean_stdev_numeric_features": 212.7593994140625,
    "stdev_stdev_numeric_features": 491.35540771484375,
    "min_stdev_numeric_features": 0.16910918056964874,
    "q1_stdev_numeric_features": 0.6348953545093536,
    "median_stdev_numeric_features": 0.7892210483551025,
    "q3_stdev_numeric_features": 50.49797451496124,
    "max_stdev_numeric_features": 1501.848876953125,
    "mean_var_numeric_features": 286696.6875,
    "stdev_var_numeric_features": 744260.625,
    "min_var_numeric_features": 0.028597913682460785,
    "q1_var_numeric_features": 0.4116050936281681,
    "median_var_numeric_features": 0.6237254440784454,
    "q3_var_numeric_features": 9508.13749742508,
    "max_var_numeric_features": 2255550.0,
    "mean_min_numeric_features": 759.01123046875,
    "stdev_min_numeric_features": 1314.1527099609375,
    "min_min_numeric_features": 0.0,
    "q1_min_numeric_features": 0.0,
    "median_min_numeric_features": 0.3400000035762787,
    "q3_min_numeric_features": 751.307499974966,
    "max_min_numeric_features": 3069.0,
    "mean_median_numeric_features": 974.7518920898438,
    "stdev_median_numeric_features": 1720.426025390625,
    "min_median_numeric_features": 0.4300000071525574,
    "q1_median_numeric_features": 1.0,
    "median_median_numeric_features": 1.1200000047683716,
    "q3_median_numeric_features": 805.0087500214577,
    "max_median_numeric_features": 4581.0,
    "mean_max_numeric_features": 1375.138671875,
    "stdev_max_numeric_features": 2553.979248046875,
    "min_max_numeric_features": 0.6700000166893005,
    "q1_max_numeric_features": 2.0,
    "median_max_numeric_features": 2.034999966621399,
    "q3_max_numeric_features": 912.0274999141693,
    "max_max_numeric_features": 7361.0,
    "pca_1": 0.9834356767008674,
    "pca_2": 0.01656108398985892,
    "pca_3": 2.385367330022069e-06,
    "mean_entropy_categorical_features": 0.7539705038070679,
    "stdev_entropy_categorical_features": 0.2052939087152481,
    "min_entropy_categorical_features": 0.5552489757537842,
    "median_entropy_categorical_features": 0.681374728679657,
    "max_entropy_categorical_features": 1.0978834629058838,
    "mean_information_gain_categorical_features": 0.034571461379528046,
    "stdev_information_gain_categorical_features": 0.06373227387666702,
    "min_information_gain_categorical_features": -0.02846287377178669,
    "median_information_gain_categorical_features": 0.013530255964724347,
    "max_information_gain_categorical_features": 0.13968820869922638,
    "mean_mutual_informaiton_categorical_features": 0.02470000833272934,
    "stdev_mutual_informaiton_categorical_features": 0.020855989307165146,
    "min_mutual_informaiton_categorical_features": 0.005665796343237162,
    "median_mutual_informaiton_categorical_features": 0.017340891994535923,
    "max_mutual_informaiton_categorical_features": 0.05845244973897934,
    "knn_5_accuracy": NaN,
    "knn_5_balanced_accuracy": NaN,
    "gaussian_nb_accuracy": NaN,
    "gaussian_nb_balanced_accuracy": NaN,
    "lda_accuracy": NaN,
    "lda_balanced_accuracy": NaN,
    "decision_tree_3_accuracy": NaN,
    "decision_tree_3_balanced_accuracy": NaN,
    "decision_tree_1_accuracy": NaN,
    "decision_tree_1_balanced_accuracy": NaN,
    "random_tree_2_accuracy": NaN,
    "random_tree_2_balanced_accuracy": NaN
}