{
    "nb_instances": 1000,
    "log_nb_instances": 6.907755278982137,
    "nb_features": 40,
    "dataset_dimensionality": 25.0,
    "log_dataset_dimensionality": 3.2188758248682006,
    "dataset_ratio": 0.04,
    "nb_missing_vals": 0,
    "ratio_features_with_missing_vals": 0.0,
    "ratio_instances_with_missing_vals": 0.0,
    "nb_numeric_features": 37,
    "nb_categorical_features": 3,
    "ratio_numeric_categorical_features": 12.333333333333334,
    "ratio_categorical_numeric_features": 0.08108108108108109,
    "nb_classes": 8,
    "class_entropy": 2.0251006476993014,
    "mean_target_class_ratio": 0.125,
    "stdev_target_class_ratio": 0.04492771998047829,
    "minority_target_class_ratio": 0.08900000154972076,
    "median_target_class_ratio": 0.1145000010728836,
    "majority_target_class_ratio": 0.23999999463558197,
    "mean_mean_numeric_features": 4239.0498046875,
    "stdev_mean_numeric_features": 13533.310546875,
    "min_mean_numeric_features": 0.29775500297546387,
    "q1_mean_numeric_features": 0.6819289922714233,
    "median_mean_numeric_features": 7.120840072631836,
    "q3_mean_numeric_features": 76.6863021850586,
    "max_mean_numeric_features": 52106.1796875,
    "mean_stdev_numeric_features": 1354.8443603515625,
    "stdev_stdev_numeric_features": 5164.80810546875,
    "min_stdev_numeric_features": 0.042808182537555695,
    "q1_stdev_numeric_features": 0.1852293759584427,
    "median_stdev_numeric_features": 1.049191951751709,
    "q3_stdev_numeric_features": 11.327287673950195,
    "max_stdev_numeric_features": 24536.41796875,
    "mean_var_numeric_features": 28510852.0,
    "stdev_var_numeric_features": 119331872.0,
    "min_var_numeric_features": 0.0018325404962524772,
    "q1_var_numeric_features": 0.03430991992354393,
    "median_var_numeric_features": 1.1008036136627197,
    "q3_var_numeric_features": 128.3074493408203,
    "max_var_numeric_features": 602035840.0,
    "mean_min_numeric_features": 2277.28125,
    "stdev_min_numeric_features": 8195.8779296875,
    "min_min_numeric_features": 0.0989999994635582,
    "q1_min_numeric_features": 0.3400000035762787,
    "median_min_numeric_features": 6.199999809265137,
    "q3_min_numeric_features": 51.0,
    "max_min_numeric_features": 45935.0,
    "mean_median_numeric_features": 4434.13916015625,
    "stdev_median_numeric_features": 14157.833984375,
    "min_median_numeric_features": 0.2800000011920929,
    "q1_median_numeric_features": 0.6710000038146973,
    "median_median_numeric_features": 7.099999904632568,
    "q3_median_numeric_features": 77.0,
    "max_median_numeric_features": 53191.0,
    "mean_max_numeric_features": 6789.2265625,
    "stdev_max_numeric_features": 22443.77734375,
    "min_max_numeric_features": 0.4699999988079071,
    "q1_max_numeric_features": 0.8899999856948853,
    "median_max_numeric_features": 8.739999771118164,
    "q3_max_numeric_features": 89.0,
    "max_max_numeric_features": 96980.0,
    "pca_1": 0.576372205512,
    "pca_2": 0.41228969206221155,
    "pca_3": 0.010369294597448987,
    "mean_entropy_categorical_features": 0.8280107378959656,
    "stdev_entropy_categorical_features": 0.1909521371126175,
    "min_entropy_categorical_features": 0.6928591728210449,
    "median_entropy_categorical_features": 0.6931151747703552,
    "max_entropy_categorical_features": 1.098057746887207,
    "mean_information_gain_categorical_features": 0.0037407532799988985,
    "stdev_information_gain_categorical_features": 0.0014876773348078132,
    "min_information_gain_categorical_features": 0.0020670525263994932,
    "median_information_gain_categorical_features": 0.0034736015368252993,
    "max_information_gain_categorical_features": 0.005681605543941259,
    "mean_mutual_informaiton_categorical_features": 0.0038215762469917536,
    "stdev_mutual_informaiton_categorical_features": 0.0009220482315868139,
    "min_mutual_informaiton_categorical_features": 0.002679258119314909,
    "median_mutual_informaiton_categorical_features": 0.003848133608698845,
    "max_mutual_informaiton_categorical_features": 0.0049373372457921505,
    "knn_5_accuracy": NaN,
    "knn_5_balanced_accuracy": NaN,
    "gaussian_nb_accuracy": NaN,
    "gaussian_nb_balanced_accuracy": NaN,
    "lda_accuracy": NaN,
    "lda_balanced_accuracy": NaN,
    "decision_tree_3_accuracy": NaN,
    "decision_tree_3_balanced_accuracy": NaN,
    "decision_tree_1_accuracy": NaN,
    "decision_tree_1_balanced_accuracy": NaN,
    "random_tree_2_accuracy": NaN,
    "random_tree_2_balanced_accuracy": NaN
}