{
    "nb_instances": 4177,
    "log_nb_instances": 8.337348564497175,
    "nb_features": 8,
    "dataset_dimensionality": 522.125,
    "log_dataset_dimensionality": 6.2579070228173395,
    "dataset_ratio": 0.0019152501795547043,
    "nb_missing_vals": 0,
    "ratio_features_with_missing_vals": 0.0,
    "ratio_instances_with_missing_vals": 0.0,
    "nb_numeric_features": 7,
    "nb_categorical_features": 1,
    "ratio_numeric_categorical_features": 7.0,
    "ratio_categorical_numeric_features": 0.14285714285714285,
    "nb_classes": 3,
    "class_entropy": 1.0979199138101299,
    "mean_target_class_ratio": 0.3333333432674408,
    "stdev_target_class_ratio": 0.012371131218969822,
    "minority_target_class_ratio": 0.3167344927787781,
    "median_target_class_ratio": 0.33684462308883667,
    "majority_target_class_ratio": 0.34642088413238525,
    "mean_mean_numeric_features": 0.38270339369773865,
    "stdev_mean_numeric_features": 0.22064165771007538,
    "min_mean_numeric_features": 0.13951639831066132,
    "q1_mean_numeric_features": 0.20971223711967468,
    "median_mean_numeric_features": 0.3593674898147583,
    "q3_mean_numeric_features": 0.46593669056892395,
    "max_mean_numeric_features": 0.8287421464920044,
    "mean_stdev_numeric_features": 0.17461839318275452,
    "stdev_stdev_numeric_features": 0.13821355998516083,
    "min_stdev_numeric_features": 0.04182705655694008,
    "q1_stdev_numeric_features": 0.10442705824971199,
    "median_stdev_numeric_features": 0.12009291350841522,
    "q3_stdev_numeric_features": 0.18058280646800995,
    "max_stdev_numeric_features": 0.49038901925086975,
    "mean_var_numeric_features": 0.04959456995129585,
    "stdev_var_numeric_features": 0.0791645273566246,
    "min_var_numeric_features": 0.0017495026113465428,
    "q1_var_numeric_features": 0.01093191746622324,
    "median_var_numeric_features": 0.014422307722270489,
    "q3_var_numeric_features": 0.034322465769946575,
    "max_var_numeric_features": 0.2404813915491104,
    "mean_min_numeric_features": 0.019285712391138077,
    "stdev_min_numeric_features": 0.029408281669020653,
    "min_min_numeric_features": 0.0,
    "q1_min_numeric_features": 0.0007500000356230885,
    "median_min_numeric_features": 0.001500000013038516,
    "q3_min_numeric_features": 0.02849999989848584,
    "max_min_numeric_features": 0.07500000298023224,
    "mean_median_numeric_features": 0.37864285707473755,
    "stdev_median_numeric_features": 0.21704190969467163,
    "min_median_numeric_features": 0.14000000059604645,
    "q1_median_numeric_features": 0.20250000059604645,
    "median_median_numeric_features": 0.335999995470047,
    "q3_median_numeric_features": 0.48500001430511475,
    "max_median_numeric_features": 0.7994999885559082,
    "mean_max_numeric_features": 1.2390714883804321,
    "stdev_max_numeric_features": 0.6971122622489929,
    "min_max_numeric_features": 0.6499999761581421,
    "q1_max_numeric_features": 0.7874999940395355,
    "median_max_numeric_features": 1.0049999952316284,
    "q3_max_numeric_features": 1.309000015258789,
    "max_max_numeric_features": 2.825500011444092,
    "pca_1": 0.9741007291817085,
    "pca_2": 0.011418388576395896,
    "pca_3": 0.008375670212241362,
    "mean_entropy_categorical_features": 1.0962191820144653,
    "stdev_entropy_categorical_features": 0.0,
    "min_entropy_categorical_features": 1.0962191820144653,
    "median_entropy_categorical_features": 1.0962191820144653,
    "max_entropy_categorical_features": 1.0962191820144653,
    "mean_information_gain_categorical_features": 0.1352466493844986,
    "stdev_information_gain_categorical_features": 0.0,
    "min_information_gain_categorical_features": 0.1352466493844986,
    "median_information_gain_categorical_features": 0.1352466493844986,
    "max_information_gain_categorical_features": 0.1352466493844986,
    "mean_mutual_informaiton_categorical_features": 0.13630235195159912,
    "stdev_mutual_informaiton_categorical_features": 0.0,
    "min_mutual_informaiton_categorical_features": 0.13630235195159912,
    "median_mutual_informaiton_categorical_features": 0.13630235195159912,
    "max_mutual_informaiton_categorical_features": 0.13630235195159912,
    "knn_5_accuracy": NaN,
    "knn_5_balanced_accuracy": NaN,
    "gaussian_nb_accuracy": NaN,
    "gaussian_nb_balanced_accuracy": NaN,
    "lda_accuracy": NaN,
    "lda_balanced_accuracy": NaN,
    "decision_tree_3_accuracy": NaN,
    "decision_tree_3_balanced_accuracy": NaN,
    "decision_tree_1_accuracy": NaN,
    "decision_tree_1_balanced_accuracy": NaN,
    "random_tree_2_accuracy": NaN,
    "random_tree_2_balanced_accuracy": NaN
}