{
    "nb_instances": 4521,
    "log_nb_instances": 8.416488487294606,
    "nb_features": 16,
    "dataset_dimensionality": 282.5625,
    "log_dataset_dimensionality": 5.643899765054824,
    "dataset_ratio": 0.0035390400353904005,
    "nb_missing_vals": 0,
    "ratio_features_with_missing_vals": 0.0,
    "ratio_instances_with_missing_vals": 0.0,
    "nb_numeric_features": 7,
    "nb_categorical_features": 9,
    "ratio_numeric_categorical_features": 0.7777777777777778,
    "ratio_categorical_numeric_features": 1.2857142857142858,
    "nb_classes": 2,
    "class_entropy": 0.3573324748722175,
    "mean_target_class_ratio": 0.5,
    "stdev_target_class_ratio": 0.3847600221633911,
    "minority_target_class_ratio": 0.11523999273777008,
    "median_target_class_ratio": 0.5000000074505806,
    "majority_target_class_ratio": 0.8847600221633911,
    "mean_mean_numeric_features": 255.2581787109375,
    "stdev_mean_numeric_features": 484.18878173828125,
    "min_mean_numeric_features": 0.5425790548324585,
    "q1_mean_numeric_features": 9.354456901550293,
    "median_mean_numeric_features": 39.76664352416992,
    "q3_mean_numeric_features": 152.56569862365723,
    "max_mean_numeric_features": 1422.6578369140625,
    "mean_stdev_numeric_features": 484.7490234375,
    "stdev_stdev_numeric_features": 1034.4627685546875,
    "min_stdev_numeric_features": 1.693562388420105,
    "q1_stdev_numeric_features": 5.678737044334412,
    "median_stdev_numeric_features": 10.576210975646973,
    "q3_stdev_numeric_features": 179.98887634277344,
    "max_stdev_numeric_features": 3009.63818359375,
    "mean_var_numeric_features": 1305094.875,
    "stdev_var_numeric_features": 3165161.0,
    "min_var_numeric_features": 2.8681533336639404,
    "q1_var_numeric_features": 38.84745740890503,
    "median_var_numeric_features": 111.85623931884766,
    "q3_var_numeric_features": 38774.85400390625,
    "max_var_numeric_features": 9057922.0,
    "mean_min_numeric_features": -469.8571472167969,
    "stdev_min_numeric_features": 1160.7257080078125,
    "min_min_numeric_features": -3313.0,
    "q1_min_numeric_features": -0.5,
    "median_min_numeric_features": 1.0,
    "q3_min_numeric_features": 2.5,
    "max_min_numeric_features": 19.0,
    "mean_median_numeric_features": 97.85713958740234,
    "stdev_median_numeric_features": 154.0458526611328,
    "min_median_numeric_features": -1.0,
    "q1_median_numeric_features": 1.0,
    "median_median_numeric_features": 16.0,
    "q3_median_numeric_features": 112.0,
    "max_median_numeric_features": 444.0,
    "mean_max_numeric_features": 10753.857421875,
    "stdev_max_numeric_features": 24692.78125,
    "min_max_numeric_features": 25.0,
    "q1_max_numeric_features": 40.5,
    "median_max_numeric_features": 87.0,
    "q3_max_numeric_features": 1948.0,
    "max_max_numeric_features": 71188.0,
    "pca_1": 0.991492338749648,
    "pca_2": 0.007389671764177423,
    "pca_3": 0.0010972047088574587,
    "mean_entropy_categorical_features": 0.981679379940033,
    "stdev_entropy_categorical_features": 0.6464475989341736,
    "min_entropy_categorical_features": 0.08535169064998627,
    "median_entropy_categorical_features": 0.8253442645072937,
    "max_entropy_categorical_features": 2.126399517059326,
    "mean_information_gain_categorical_features": 0.008555587381124496,
    "stdev_information_gain_categorical_features": 0.008628164418041706,
    "min_information_gain_categorical_features": 8.418704737778171e-07,
    "median_information_gain_categorical_features": 0.005425480660051107,
    "max_information_gain_categorical_features": 0.026049276813864708,
    "mean_mutual_informaiton_categorical_features": 0.008555587381124496,
    "stdev_mutual_informaiton_categorical_features": 0.008628164418041706,
    "min_mutual_informaiton_categorical_features": 8.418704737778171e-07,
    "median_mutual_informaiton_categorical_features": 0.005425480660051107,
    "max_mutual_informaiton_categorical_features": 0.026049276813864708,
    "knn_5_accuracy": NaN,
    "knn_5_balanced_accuracy": NaN,
    "gaussian_nb_accuracy": NaN,
    "gaussian_nb_balanced_accuracy": NaN,
    "lda_accuracy": NaN,
    "lda_balanced_accuracy": NaN,
    "decision_tree_3_accuracy": NaN,
    "decision_tree_3_balanced_accuracy": NaN,
    "decision_tree_1_accuracy": NaN,
    "decision_tree_1_balanced_accuracy": NaN,
    "random_tree_2_accuracy": NaN,
    "random_tree_2_balanced_accuracy": NaN
}