{
    "nb_instances": 1025009,
    "log_nb_instances": 13.840211951003901,
    "nb_features": 10,
    "dataset_dimensionality": 102500.9,
    "log_dataset_dimensionality": 11.537626858009856,
    "dataset_ratio": 9.75601189843211e-06,
    "nb_missing_vals": 0,
    "ratio_features_with_missing_vals": 0.0,
    "ratio_instances_with_missing_vals": 0.0,
    "nb_numeric_features": 10,
    "nb_categorical_features": 0,
    "ratio_numeric_categorical_features": 0.0,
    "ratio_categorical_numeric_features": 0.0,
    "nb_classes": 10,
    "class_entropy": 0.9821794786789001,
    "mean_target_class_ratio": 0.09999999403953552,
    "stdev_target_class_ratio": 0.18232828378677368,
    "minority_target_class_ratio": 7.804809683875646e-06,
    "median_target_class_ratio": 0.0029404619708657265,
    "majority_target_class_ratio": 0.5011672973632812,
    "mean_mean_numeric_features": 4.749439716339111,
    "stdev_mean_numeric_features": 2.249178171157837,
    "min_mean_numeric_features": 2.4994003772735596,
    "q1_mean_numeric_features": 2.5003873705863953,
    "median_mean_numeric_features": 4.744961738586426,
    "q3_mean_numeric_features": 6.998903512954712,
    "max_mean_numeric_features": 7.006288528442383,
    "mean_stdev_numeric_features": 2.430178642272949,
    "stdev_stdev_numeric_features": 1.3120019435882568,
    "min_stdev_numeric_features": 1.1172152757644653,
    "q1_stdev_numeric_features": 1.11842080950737,
    "median_stdev_numeric_features": 2.429438054561615,
    "q3_stdev_numeric_features": 3.7418294548988342,
    "max_stdev_numeric_features": 3.744051456451416,
    "mean_var_numeric_features": 7.6271162033081055,
    "stdev_var_numeric_features": 6.376801490783691,
    "min_var_numeric_features": 1.2481698989868164,
    "q1_var_numeric_features": 1.2508652210235596,
    "median_var_numeric_features": 7.619569659233093,
    "q3_var_numeric_features": 14.001287698745728,
    "max_var_numeric_features": 14.017921447753906,
    "mean_min_numeric_features": 1.0,
    "stdev_min_numeric_features": 0.0,
    "min_min_numeric_features": 1.0,
    "q1_min_numeric_features": 1.0,
    "median_min_numeric_features": 1.0,
    "q3_min_numeric_features": 1.0,
    "max_min_numeric_features": 1.0,
    "mean_median_numeric_features": 4.800000190734863,
    "stdev_median_numeric_features": 2.2271058559417725,
    "min_median_numeric_features": 2.0,
    "q1_median_numeric_features": 3.0,
    "median_median_numeric_features": 5.0,
    "q3_median_numeric_features": 7.0,
    "max_median_numeric_features": 7.0,
    "mean_max_numeric_features": 8.5,
    "stdev_max_numeric_features": 4.5,
    "min_max_numeric_features": 4.0,
    "q1_max_numeric_features": 4.0,
    "median_max_numeric_features": 8.5,
    "q3_max_numeric_features": 13.0,
    "max_max_numeric_features": 13.0,
    "pca_1": 0.18809681315230878,
    "pca_2": 0.18724391917989527,
    "pca_3": 0.18698405871028959,
    "mean_entropy_categorical_features": NaN,
    "stdev_entropy_categorical_features": NaN,
    "min_entropy_categorical_features": NaN,
    "median_entropy_categorical_features": NaN,
    "max_entropy_categorical_features": NaN,
    "mean_information_gain_categorical_features": NaN,
    "stdev_information_gain_categorical_features": NaN,
    "min_information_gain_categorical_features": NaN,
    "median_information_gain_categorical_features": NaN,
    "max_information_gain_categorical_features": NaN,
    "mean_mutual_informaiton_categorical_features": NaN,
    "stdev_mutual_informaiton_categorical_features": NaN,
    "min_mutual_informaiton_categorical_features": NaN,
    "median_mutual_informaiton_categorical_features": NaN,
    "max_mutual_informaiton_categorical_features": NaN,
    "knn_5_accuracy": 0.6177038442094088,
    "knn_5_balanced_accuracy": 0.14612895114910768,
    "gaussian_nb_accuracy": 0.5011673065961715,
    "gaussian_nb_balanced_accuracy": 0.1,
    "lda_accuracy": 0.5011673080429082,
    "lda_balanced_accuracy": 0.10222222222222221,
    "decision_tree_3_accuracy": 0.5082648058900142,
    "decision_tree_3_balanced_accuracy": 0.103694081441602,
    "decision_tree_1_accuracy": 0.5011673083427254,
    "decision_tree_1_balanced_accuracy": 0.10222222222222221,
    "random_tree_2_accuracy": 0.5011673066342436,
    "random_tree_2_balanced_accuracy": 0.10222222222222224
}