{
    "nb_instances": 1025000,
    "log_nb_instances": 13.840203170554645,
    "nb_features": 10,
    "dataset_dimensionality": 102500.0,
    "log_dataset_dimensionality": 11.5376180775606,
    "dataset_ratio": 9.75609756097561e-06,
    "nb_missing_vals": 0,
    "ratio_features_with_missing_vals": 0.0,
    "ratio_instances_with_missing_vals": 0.0,
    "nb_numeric_features": 10,
    "nb_categorical_features": 0,
    "ratio_numeric_categorical_features": 0.0,
    "ratio_categorical_numeric_features": 0.0,
    "nb_classes": 9,
    "class_entropy": 0.9820876659915246,
    "mean_target_class_ratio": 0.1111111119389534,
    "stdev_target_class_ratio": 0.18895377218723297,
    "minority_target_class_ratio": 1.658536530158017e-05,
    "median_target_class_ratio": 0.0038809755351394415,
    "majority_target_class_ratio": 0.5011717081069946,
    "mean_mean_numeric_features": 4.749427318572998,
    "stdev_mean_numeric_features": 2.2491707801818848,
    "min_mean_numeric_features": 2.4993960857391357,
    "q1_mean_numeric_features": 2.500382363796234,
    "median_mean_numeric_features": 4.744957089424133,
    "q3_mean_numeric_features": 6.998875617980957,
    "max_mean_numeric_features": 7.006269454956055,
    "mean_stdev_numeric_features": 2.4301724433898926,
    "stdev_stdev_numeric_features": 1.311996340751648,
    "min_stdev_numeric_features": 1.1172139644622803,
    "q1_stdev_numeric_features": 1.118420422077179,
    "median_stdev_numeric_features": 2.4294322729110718,
    "q3_stdev_numeric_features": 3.7418132424354553,
    "max_stdev_numeric_features": 3.7440388202667236,
    "mean_var_numeric_features": 7.627071380615234,
    "stdev_var_numeric_features": 6.376757621765137,
    "min_var_numeric_features": 1.2481670379638672,
    "q1_var_numeric_features": 1.2508642673492432,
    "median_var_numeric_features": 7.619526743888855,
    "q3_var_numeric_features": 14.001166582107544,
    "max_var_numeric_features": 14.017826080322266,
    "mean_min_numeric_features": 1.0,
    "stdev_min_numeric_features": 0.0,
    "min_min_numeric_features": 1.0,
    "q1_min_numeric_features": 1.0,
    "median_min_numeric_features": 1.0,
    "q3_min_numeric_features": 1.0,
    "max_min_numeric_features": 1.0,
    "mean_median_numeric_features": 4.800000190734863,
    "stdev_median_numeric_features": 2.2271058559417725,
    "min_median_numeric_features": 2.0,
    "q1_median_numeric_features": 3.0,
    "median_median_numeric_features": 5.0,
    "q3_median_numeric_features": 7.0,
    "max_median_numeric_features": 7.0,
    "mean_max_numeric_features": 8.5,
    "stdev_max_numeric_features": 4.5,
    "min_max_numeric_features": 4.0,
    "q1_max_numeric_features": 4.0,
    "median_max_numeric_features": 8.5,
    "q3_max_numeric_features": 13.0,
    "max_max_numeric_features": 13.0,
    "pca_1": 0.18809657054405332,
    "pca_2": 0.1872442782751452,
    "pca_3": 0.18698459918491972,
    "mean_entropy_categorical_features": NaN,
    "stdev_entropy_categorical_features": NaN,
    "min_entropy_categorical_features": NaN,
    "median_entropy_categorical_features": NaN,
    "max_entropy_categorical_features": NaN,
    "mean_information_gain_categorical_features": NaN,
    "stdev_information_gain_categorical_features": NaN,
    "min_information_gain_categorical_features": NaN,
    "median_information_gain_categorical_features": NaN,
    "max_information_gain_categorical_features": NaN,
    "mean_mutual_informaiton_categorical_features": NaN,
    "stdev_mutual_informaiton_categorical_features": NaN,
    "min_mutual_informaiton_categorical_features": NaN,
    "median_mutual_informaiton_categorical_features": NaN,
    "max_mutual_informaiton_categorical_features": NaN,
    "knn_5_accuracy": 0.6171648780487804,
    "knn_5_balanced_accuracy": 0.16292465482519125,
    "gaussian_nb_accuracy": 0.5011717073170733,
    "gaussian_nb_balanced_accuracy": 0.11111111111111112,
    "lda_accuracy": 0.5011717073170732,
    "lda_balanced_accuracy": 0.11111111111111112,
    "decision_tree_3_accuracy": 0.5082721951219512,
    "decision_tree_3_balanced_accuracy": 0.11521077435085722,
    "decision_tree_1_accuracy": 0.5011717073170732,
    "decision_tree_1_balanced_accuracy": 0.11111111111111112,
    "random_tree_2_accuracy": 0.5063736585365854,
    "random_tree_2_balanced_accuracy": 0.11274273053707631
}