{
    "nb_instances": 4839,
    "log_nb_instances": 8.48446336679332,
    "nb_features": 5,
    "dataset_dimensionality": 967.8,
    "log_dataset_dimensionality": 6.875025454359218,
    "dataset_ratio": 0.0010332713370531101,
    "nb_missing_vals": 0,
    "ratio_features_with_missing_vals": 0.0,
    "ratio_instances_with_missing_vals": 0.0,
    "nb_numeric_features": 5,
    "nb_categorical_features": 0,
    "ratio_numeric_categorical_features": 0.0,
    "ratio_categorical_numeric_features": 0.0,
    "nb_classes": 2,
    "class_entropy": 0.2099475693852791,
    "mean_target_class_ratio": 0.5,
    "stdev_target_class_ratio": 0.44606322050094604,
    "minority_target_class_ratio": 0.05393676459789276,
    "median_target_class_ratio": 0.4999999925494194,
    "majority_target_class_ratio": 0.946063220500946,
    "mean_mean_numeric_features": 204.97116088867188,
    "stdev_mean_numeric_features": 173.30348205566406,
    "min_mean_numeric_features": 24.482006072998047,
    "q1_mean_numeric_features": 116.30532836914062,
    "median_mean_numeric_features": 126.85554504394531,
    "q3_mean_numeric_features": 231.41265869140625,
    "max_mean_numeric_features": 525.80029296875,
    "mean_stdev_numeric_features": 61.205467224121094,
    "stdev_stdev_numeric_features": 52.78192901611328,
    "min_stdev_numeric_features": 10.726996421813965,
    "q1_stdev_numeric_features": 13.450515747070312,
    "median_stdev_numeric_features": 62.00562286376953,
    "q3_stdev_numeric_features": 63.26494216918945,
    "max_stdev_numeric_features": 156.5792999267578,
    "mean_var_numeric_features": 6532.0419921875,
    "stdev_var_numeric_features": 9149.8251953125,
    "min_var_numeric_features": 115.0684585571289,
    "q1_var_numeric_features": 180.9163818359375,
    "median_var_numeric_features": 3844.697021484375,
    "q3_var_numeric_features": 4002.45263671875,
    "max_var_numeric_features": 24517.076171875,
    "mean_min_numeric_features": 50.85789489746094,
    "stdev_min_numeric_features": 46.57501220703125,
    "min_min_numeric_features": 0.0,
    "q1_min_numeric_features": 0.0,
    "median_min_numeric_features": 50.57894515991211,
    "q3_min_numeric_features": 86.5,
    "max_min_numeric_features": 117.21052551269531,
    "mean_median_numeric_features": 198.04598999023438,
    "stdev_median_numeric_features": 172.0978240966797,
    "min_median_numeric_features": 23.198396682739258,
    "q1_median_numeric_features": 101.63157653808594,
    "median_median_numeric_features": 127.48187255859375,
    "q3_median_numeric_features": 219.2608642578125,
    "max_median_numeric_features": 518.6571655273438,
    "mean_max_numeric_features": 1076.1246337890625,
    "stdev_max_numeric_features": 745.7249755859375,
    "min_max_numeric_features": 156.50843811035156,
    "q1_max_numeric_features": 183.28125,
    "median_max_numeric_features": 1594.5833740234375,
    "q3_max_numeric_features": 1597.3333740234375,
    "max_max_numeric_features": 1848.9166259765625,
    "pca_1": 0.7673030912916822,
    "pca_2": 0.22046735876435092,
    "pca_3": 0.005467380399390331,
    "mean_entropy_categorical_features": NaN,
    "stdev_entropy_categorical_features": NaN,
    "min_entropy_categorical_features": NaN,
    "median_entropy_categorical_features": NaN,
    "max_entropy_categorical_features": NaN,
    "mean_information_gain_categorical_features": NaN,
    "stdev_information_gain_categorical_features": NaN,
    "min_information_gain_categorical_features": NaN,
    "median_information_gain_categorical_features": NaN,
    "max_information_gain_categorical_features": NaN,
    "mean_mutual_informaiton_categorical_features": NaN,
    "stdev_mutual_informaiton_categorical_features": NaN,
    "min_mutual_informaiton_categorical_features": NaN,
    "median_mutual_informaiton_categorical_features": NaN,
    "max_mutual_informaiton_categorical_features": NaN,
    "knn_5_accuracy": 0.9805738118232241,
    "knn_5_balanced_accuracy": 0.8377775414051409,
    "gaussian_nb_accuracy": 0.8923327236831984,
    "gaussian_nb_balanced_accuracy": 0.7271314044738423,
    "lda_accuracy": 0.942756629945217,
    "lda_balanced_accuracy": 0.5680603068106824,
    "decision_tree_3_accuracy": 0.9694150777303921,
    "decision_tree_3_balanced_accuracy": 0.8091102572209466,
    "decision_tree_1_accuracy": 0.9460622014067533,
    "decision_tree_1_balanced_accuracy": 0.5,
    "random_tree_2_accuracy": 0.9460645516934884,
    "random_tree_2_balanced_accuracy": 0.5
}