{
    "nb_instances": 2000,
    "log_nb_instances": 7.600902459542082,
    "nb_features": 64,
    "dataset_dimensionality": 31.25,
    "log_dataset_dimensionality": 3.4420193761824107,
    "dataset_ratio": 0.032,
    "nb_missing_vals": 0,
    "ratio_features_with_missing_vals": 0.0,
    "ratio_instances_with_missing_vals": 0.0,
    "nb_numeric_features": 64,
    "nb_categorical_features": 0,
    "ratio_numeric_categorical_features": 0.0,
    "ratio_categorical_numeric_features": 0.0,
    "nb_classes": 10,
    "class_entropy": 2.3025850929940455,
    "mean_target_class_ratio": 0.10000000149011612,
    "stdev_target_class_ratio": 0.0,
    "minority_target_class_ratio": 0.10000000149011612,
    "median_target_class_ratio": 0.10000000149011612,
    "majority_target_class_ratio": 0.10000000149011612,
    "mean_mean_numeric_features": 0.05308474227786064,
    "stdev_mean_numeric_features": 0.7336596250534058,
    "min_mean_numeric_features": -1.8197072744369507,
    "q1_mean_numeric_features": -0.29426661878824234,
    "median_mean_numeric_features": 0.004483087919652462,
    "q3_mean_numeric_features": 0.32026178389787674,
    "max_mean_numeric_features": 2.8911712169647217,
    "mean_stdev_numeric_features": 2.152662754058838,
    "stdev_stdev_numeric_features": 1.3629496097564697,
    "min_stdev_numeric_features": 0.8923441171646118,
    "q1_stdev_numeric_features": 1.1451102495193481,
    "median_stdev_numeric_features": 1.6476505398750305,
    "q3_stdev_numeric_features": 2.587421715259552,
    "max_stdev_numeric_features": 7.691305160522461,
    "mean_var_numeric_features": 6.491588592529297,
    "stdev_var_numeric_features": 9.67904281616211,
    "min_var_numeric_features": 0.7962779998779297,
    "q1_var_numeric_features": 1.3112786412239075,
    "median_var_numeric_features": 2.7160619497299194,
    "q3_var_numeric_features": 6.698864936828613,
    "max_var_numeric_features": 59.15617370605469,
    "mean_min_numeric_features": -6.756514549255371,
    "stdev_min_numeric_features": 3.347466468811035,
    "min_min_numeric_features": -16.459304809570312,
    "q1_min_numeric_features": -8.480875015258789,
    "median_min_numeric_features": -5.642397403717041,
    "q3_min_numeric_features": -4.205112934112549,
    "max_min_numeric_features": -2.617628574371338,
    "mean_median_numeric_features": 0.045688554644584656,
    "stdev_median_numeric_features": 0.736762285232544,
    "min_median_numeric_features": -1.7442615032196045,
    "q1_median_numeric_features": -0.2986511066555977,
    "median_median_numeric_features": 0.02415698766708374,
    "q3_median_numeric_features": 0.3141980990767479,
    "max_median_numeric_features": 2.693553924560547,
    "mean_max_numeric_features": 6.89372444152832,
    "stdev_max_numeric_features": 3.873021125793457,
    "min_max_numeric_features": 2.6785576343536377,
    "q1_max_numeric_features": 3.9115206599235535,
    "median_max_numeric_features": 5.349017143249512,
    "q3_max_numeric_features": 8.587067604064941,
    "max_max_numeric_features": 17.049015045166016,
    "pca_1": 0.18791554439894315,
    "pca_2": 0.11622646623062316,
    "pca_3": 0.10238097916341556,
    "mean_entropy_categorical_features": NaN,
    "stdev_entropy_categorical_features": NaN,
    "min_entropy_categorical_features": NaN,
    "median_entropy_categorical_features": NaN,
    "max_entropy_categorical_features": NaN,
    "mean_information_gain_categorical_features": NaN,
    "stdev_information_gain_categorical_features": NaN,
    "min_information_gain_categorical_features": NaN,
    "median_information_gain_categorical_features": NaN,
    "max_information_gain_categorical_features": NaN,
    "mean_mutual_informaiton_categorical_features": NaN,
    "stdev_mutual_informaiton_categorical_features": NaN,
    "min_mutual_informaiton_categorical_features": NaN,
    "median_mutual_informaiton_categorical_features": NaN,
    "max_mutual_informaiton_categorical_features": NaN,
    "knn_5_accuracy": 0.9730000000000001,
    "knn_5_balanced_accuracy": 0.9730988703728733,
    "gaussian_nb_accuracy": 0.9339999999999999,
    "gaussian_nb_balanced_accuracy": 0.9341825042070017,
    "lda_accuracy": 0.9545,
    "lda_balanced_accuracy": 0.9539179995918896,
    "decision_tree_3_accuracy": 0.522,
    "decision_tree_3_balanced_accuracy": 0.5261531026266901,
    "decision_tree_1_accuracy": 0.173,
    "decision_tree_1_balanced_accuracy": 0.1949051202948362,
    "random_tree_2_accuracy": 0.30900000000000005,
    "random_tree_2_balanced_accuracy": 0.3181169603769948
}