{
    "nb_instances": 412,
    "log_nb_instances": 6.021023349349527,
    "nb_features": 8,
    "dataset_dimensionality": 51.5,
    "log_dataset_dimensionality": 3.9415818076696905,
    "dataset_ratio": 0.019417475728155338,
    "nb_missing_vals": 96,
    "ratio_features_with_missing_vals": 0.01699029126213592,
    "ratio_instances_with_missing_vals": 0.11893203883495146,
    "nb_numeric_features": 4,
    "nb_categorical_features": 4,
    "ratio_numeric_categorical_features": 1.0,
    "ratio_categorical_numeric_features": 1.0,
    "nb_classes": 7,
    "class_entropy": 0.7708405304409158,
    "mean_target_class_ratio": 0.1428571343421936,
    "stdev_target_class_ratio": 0.26156842708587646,
    "minority_target_class_ratio": 0.0024271844886243343,
    "median_target_class_ratio": 0.016990290954709053,
    "majority_target_class_ratio": 0.7718446850776672,
    "mean_mean_numeric_features": 299.63519287109375,
    "stdev_mean_numeric_features": 430.3446960449219,
    "min_mean_numeric_features": 6.6454973220825195,
    "q1_mean_numeric_features": 27.50641655921936,
    "median_mean_numeric_features": 75.05819129943848,
    "q3_mean_numeric_features": 347.1869468688965,
    "max_mean_numeric_features": 1041.77880859375,
    "mean_stdev_numeric_features": 228.37091064453125,
    "stdev_stdev_numeric_features": 317.1144714355469,
    "min_stdev_numeric_features": 0.8753262162208557,
    "q1_stdev_numeric_features": 9.110634103417397,
    "median_stdev_numeric_features": 71.02211427688599,
    "q3_stdev_numeric_features": 290.2824058532715,
    "max_stdev_numeric_features": 770.5641479492188,
    "mean_var_numeric_features": 152714.875,
    "stdev_var_numeric_features": 254736.015625,
    "min_var_numeric_features": 0.7661960124969482,
    "q1_var_numeric_features": 105.61041420698166,
    "median_var_numeric_features": 8544.800727844238,
    "q3_var_numeric_features": 161154.0634765625,
    "max_var_numeric_features": 593769.125,
    "mean_min_numeric_features": 10.857673645019531,
    "stdev_min_numeric_features": 7.028604984283447,
    "min_min_numeric_features": 2.0049526691436768,
    "q1_min_numeric_features": 6.070545136928558,
    "median_min_numeric_features": 10.212871313095093,
    "q3_min_numeric_features": 15.0,
    "max_min_numeric_features": 21.0,
    "mean_median_numeric_features": 256.08587646484375,
    "stdev_median_numeric_features": 393.6880798339844,
    "min_median_numeric_features": 6.843216896057129,
    "q1_median_numeric_features": 25.710804224014282,
    "median_median_numeric_features": 40.00015068054199,
    "q3_median_numeric_features": 270.375226020813,
    "max_median_numeric_features": 937.5,
    "mean_max_numeric_features": 1833.4100341796875,
    "stdev_max_numeric_features": 2580.387451171875,
    "min_max_numeric_features": 8.740336418151855,
    "q1_max_numeric_features": 53.935084104537964,
    "median_max_numeric_features": 537.4500122070312,
    "q3_max_numeric_features": 2316.925018310547,
    "max_max_numeric_features": 6250.0,
    "pca_1": 0.9725204586689372,
    "pca_2": 0.027250110047521495,
    "pca_3": 0.00022909688249743432,
    "mean_entropy_categorical_features": 0.9357215166091919,
    "stdev_entropy_categorical_features": 0.35753312706947327,
    "min_entropy_categorical_features": 0.4741393029689789,
    "median_entropy_categorical_features": 0.9682014584541321,
    "max_entropy_categorical_features": 1.332343578338623,
    "mean_information_gain_categorical_features": 0.4120354950428009,
    "stdev_information_gain_categorical_features": 0.534072995185852,
    "min_information_gain_categorical_features": 0.017819955945014954,
    "median_information_gain_categorical_features": 0.1489892229437828,
    "max_information_gain_categorical_features": 1.332343578338623,
    "mean_mutual_informaiton_categorical_features": 0.059666961431503296,
    "stdev_mutual_informaiton_categorical_features": 0.04691657796502113,
    "min_mutual_informaiton_categorical_features": 0.014443186111748219,
    "median_mutual_informaiton_categorical_features": 0.04817401245236397,
    "max_mutual_informaiton_categorical_features": 0.1278766244649887,
    "knn_5_accuracy": 0.7493911719939117,
    "knn_5_balanced_accuracy": 0.2179961930588065,
    "gaussian_nb_accuracy": 0.5264459665144597,
    "gaussian_nb_balanced_accuracy": 0.19940223558671302,
    "lda_accuracy": 0.7522450532724505,
    "lda_balanced_accuracy": 0.2765284992784992,
    "decision_tree_3_accuracy": 0.7714611872146118,
    "decision_tree_3_balanced_accuracy": 0.24308439318965638,
    "decision_tree_1_accuracy": 0.7684170471841705,
    "decision_tree_1_balanced_accuracy": 0.22857142857142856,
    "random_tree_2_accuracy": 0.7631278538812787,
    "random_tree_2_balanced_accuracy": 0.22770114942528735
}