{
    "nb_instances": 736,
    "log_nb_instances": 6.601230118728877,
    "nb_features": 19,
    "dataset_dimensionality": 38.73684210526316,
    "log_dataset_dimensionality": 3.656791139562436,
    "dataset_ratio": 0.025815217391304348,
    "nb_missing_vals": 448,
    "ratio_features_with_missing_vals": 0.012228260869565218,
    "ratio_instances_with_missing_vals": 0.12907608695652173,
    "nb_numeric_features": 14,
    "nb_categorical_features": 5,
    "ratio_numeric_categorical_features": 2.8,
    "ratio_categorical_numeric_features": 0.35714285714285715,
    "nb_classes": 5,
    "class_entropy": 1.5679568836906919,
    "mean_target_class_ratio": 0.20000000298023224,
    "stdev_target_class_ratio": 0.058379027992486954,
    "minority_target_class_ratio": 0.14266304671764374,
    "median_target_class_ratio": 0.176630437374115,
    "majority_target_class_ratio": 0.29076087474823,
    "mean_mean_numeric_features": 387.2294006347656,
    "stdev_mean_numeric_features": 711.8551025390625,
    "min_mean_numeric_features": -2.669266700744629,
    "q1_mean_numeric_features": 2.9056161642074585,
    "median_mean_numeric_features": 6.150561809539795,
    "q3_mean_numeric_features": 150.0797824859619,
    "max_mean_numeric_features": 2005.340087890625,
    "mean_stdev_numeric_features": 175.46603393554688,
    "stdev_stdev_numeric_features": 437.61517333984375,
    "min_stdev_numeric_features": 0.470844566822052,
    "q1_stdev_numeric_features": 0.7871891409158707,
    "median_stdev_numeric_features": 1.0766944289207458,
    "q3_stdev_numeric_features": 54.77288579940796,
    "max_stdev_numeric_features": 1661.7169189453125,
    "mean_var_numeric_features": 222295.390625,
    "stdev_var_numeric_features": 709332.4375,
    "min_var_numeric_features": 0.22169461846351624,
    "q1_var_numeric_features": 0.6199201494455338,
    "median_var_numeric_features": 1.1632352471351624,
    "q3_var_numeric_features": 3189.9248809814453,
    "max_var_numeric_features": 2761303.25,
    "mean_min_numeric_features": 207.33570861816406,
    "stdev_min_numeric_features": 537.5859375,
    "min_min_numeric_features": -3.0,
    "q1_min_numeric_features": 0.0,
    "median_min_numeric_features": 0.7899999916553497,
    "q3_min_numeric_features": 1.405000001192093,
    "max_min_numeric_features": 1980.0,
    "mean_median_numeric_features": 387.7799987792969,
    "stdev_median_numeric_features": 726.3369140625,
    "min_median_numeric_features": -3.0,
    "q1_median_numeric_features": 3.0,
    "median_median_numeric_features": 5.960000157356262,
    "q3_median_numeric_features": 150.75,
    "max_median_numeric_features": 2088.0,
    "mean_max_numeric_features": 3470.377685546875,
    "stdev_max_numeric_features": 10743.201171875,
    "min_max_numeric_features": -2.0,
    "q1_max_numeric_features": 5.0,
    "median_max_numeric_features": 21.895000457763672,
    "q3_max_numeric_features": 1050.0,
    "max_max_numeric_features": 42085.0,
    "pca_1": 0.8873788033483784,
    "pca_2": 0.10768823213620064,
    "pca_3": 0.003652134227725166,
    "mean_entropy_categorical_features": 2.2286629676818848,
    "stdev_entropy_categorical_features": 0.42946210503578186,
    "min_entropy_categorical_features": 1.5901182889938354,
    "median_entropy_categorical_features": 2.2061171531677246,
    "max_entropy_categorical_features": 2.878403902053833,
    "mean_information_gain_categorical_features": 1.4703447818756104,
    "stdev_information_gain_categorical_features": 0.8189180493354797,
    "min_information_gain_categorical_features": 0.5642722249031067,
    "median_information_gain_categorical_features": 1.4945002794265747,
    "max_information_gain_categorical_features": 2.878403902053833,
    "mean_mutual_informaiton_categorical_features": 0.16759173572063446,
    "stdev_mutual_informaiton_categorical_features": 0.06993673741817474,
    "min_mutual_informaiton_categorical_features": 0.10405173897743225,
    "median_mutual_informaiton_categorical_features": 0.14086531102657318,
    "max_mutual_informaiton_categorical_features": 0.3034823536872864,
    "knn_5_accuracy": NaN,
    "knn_5_balanced_accuracy": NaN,
    "gaussian_nb_accuracy": NaN,
    "gaussian_nb_balanced_accuracy": NaN,
    "lda_accuracy": NaN,
    "lda_balanced_accuracy": NaN,
    "decision_tree_3_accuracy": NaN,
    "decision_tree_3_balanced_accuracy": NaN,
    "decision_tree_1_accuracy": NaN,
    "decision_tree_1_balanced_accuracy": NaN,
    "random_tree_2_accuracy": NaN,
    "random_tree_2_balanced_accuracy": NaN
}