{
    "nb_instances": 2000,
    "log_nb_instances": 7.600902459542082,
    "nb_features": 47,
    "dataset_dimensionality": 42.5531914893617,
    "log_dataset_dimensionality": 3.750754857832024,
    "dataset_ratio": 0.0235,
    "nb_missing_vals": 0,
    "ratio_features_with_missing_vals": 0.0,
    "ratio_instances_with_missing_vals": 0.0,
    "nb_numeric_features": 47,
    "nb_categorical_features": 0,
    "ratio_numeric_categorical_features": 0.0,
    "ratio_categorical_numeric_features": 0.0,
    "nb_classes": 10,
    "class_entropy": 2.3025850929940455,
    "mean_target_class_ratio": 0.10000000149011612,
    "stdev_target_class_ratio": 0.0,
    "minority_target_class_ratio": 0.10000000149011612,
    "median_target_class_ratio": 0.10000000149011612,
    "majority_target_class_ratio": 0.10000000149011612,
    "mean_mean_numeric_features": 88.63642120361328,
    "stdev_mean_numeric_features": 104.04320526123047,
    "min_mean_numeric_features": 0.07855425775051117,
    "q1_mean_numeric_features": 7.7441935539245605,
    "median_mean_numeric_features": 69.88189697265625,
    "q3_mean_numeric_features": 125.01617813110352,
    "max_mean_numeric_features": 508.9025573730469,
    "mean_stdev_numeric_features": 40.125457763671875,
    "stdev_stdev_numeric_features": 36.060874938964844,
    "min_stdev_numeric_features": 0.06655200570821762,
    "q1_stdev_numeric_features": 4.773453116416931,
    "median_stdev_numeric_features": 37.87837600708008,
    "q3_stdev_numeric_features": 65.1475830078125,
    "max_stdev_numeric_features": 124.19249725341797,
    "mean_var_numeric_features": 2910.4384765625,
    "stdev_var_numeric_features": 3844.466064453125,
    "min_var_numeric_features": 0.004429168999195099,
    "q1_var_numeric_features": 23.817018508911133,
    "median_var_numeric_features": 1434.771484375,
    "q3_var_numeric_features": 4244.2119140625,
    "max_var_numeric_features": 15423.775390625,
    "mean_min_numeric_features": 13.034600257873535,
    "stdev_min_numeric_features": 49.29407501220703,
    "min_min_numeric_features": 0.0010943199740722775,
    "q1_min_numeric_features": 0.056505998596549034,
    "median_min_numeric_features": 0.5593869686126709,
    "q3_min_numeric_features": 2.6382938623428345,
    "max_min_numeric_features": 322.2266845703125,
    "mean_median_numeric_features": 83.48502349853516,
    "stdev_median_numeric_features": 102.57310485839844,
    "min_median_numeric_features": 0.05702731013298035,
    "q1_median_numeric_features": 6.745528936386108,
    "median_median_numeric_features": 63.22075653076172,
    "q3_median_numeric_features": 110.22721481323242,
    "max_median_numeric_features": 504.73760986328125,
    "mean_max_numeric_features": 221.22523498535156,
    "stdev_max_numeric_features": 205.23963928222656,
    "min_max_numeric_features": 0.49684056639671326,
    "q1_max_numeric_features": 28.182028770446777,
    "median_max_numeric_features": 200.55799865722656,
    "q3_max_numeric_features": 327.448486328125,
    "max_max_numeric_features": 777.86181640625,
    "pca_1": 0.3021883867402981,
    "pca_2": 0.17256244638188903,
    "pca_3": 0.11649656557940814,
    "mean_entropy_categorical_features": NaN,
    "stdev_entropy_categorical_features": NaN,
    "min_entropy_categorical_features": NaN,
    "median_entropy_categorical_features": NaN,
    "max_entropy_categorical_features": NaN,
    "mean_information_gain_categorical_features": NaN,
    "stdev_information_gain_categorical_features": NaN,
    "min_information_gain_categorical_features": NaN,
    "median_information_gain_categorical_features": NaN,
    "max_information_gain_categorical_features": NaN,
    "mean_mutual_informaiton_categorical_features": NaN,
    "stdev_mutual_informaiton_categorical_features": NaN,
    "min_mutual_informaiton_categorical_features": NaN,
    "median_mutual_informaiton_categorical_features": NaN,
    "max_mutual_informaiton_categorical_features": NaN,
    "knn_5_accuracy": 0.82,
    "knn_5_balanced_accuracy": 0.8231561606082366,
    "gaussian_nb_accuracy": 0.7345,
    "gaussian_nb_balanced_accuracy": 0.7343638801969625,
    "lda_accuracy": 0.8150000000000001,
    "lda_balanced_accuracy": 0.8160784659005499,
    "decision_tree_3_accuracy": 0.46849999999999997,
    "decision_tree_3_balanced_accuracy": 0.47530887232055274,
    "decision_tree_1_accuracy": 0.182,
    "decision_tree_1_balanced_accuracy": 0.19202396755524428,
    "random_tree_2_accuracy": 0.26750000000000007,
    "random_tree_2_balanced_accuracy": 0.29069784374692664
}