{
    "nb_instances": 1473,
    "log_nb_instances": 7.29505641646263,
    "nb_features": 9,
    "dataset_dimensionality": 163.66666666666666,
    "log_dataset_dimensionality": 5.097831839126411,
    "dataset_ratio": 0.006109979633401222,
    "nb_missing_vals": 0,
    "ratio_features_with_missing_vals": 0.0,
    "ratio_instances_with_missing_vals": 0.0,
    "nb_numeric_features": 2,
    "nb_categorical_features": 7,
    "ratio_numeric_categorical_features": 0.2857142857142857,
    "ratio_categorical_numeric_features": 3.5,
    "nb_classes": 3,
    "class_entropy": 1.066777482163813,
    "mean_target_class_ratio": 0.3333333432674408,
    "stdev_target_class_ratio": 0.08259756118059158,
    "minority_target_class_ratio": 0.22606924176216125,
    "median_target_class_ratio": 0.34691107273101807,
    "majority_target_class_ratio": 0.4270196855068207,
    "mean_mean_numeric_features": 17.899864196777344,
    "stdev_mean_numeric_features": 14.638492584228516,
    "min_mean_numeric_features": 3.261371374130249,
    "q1_mean_numeric_features": 10.580617725849152,
    "median_mean_numeric_features": 17.899864077568054,
    "q3_mean_numeric_features": 25.219110429286957,
    "max_mean_numeric_features": 32.53835678100586,
    "mean_stdev_numeric_features": 5.292896747589111,
    "stdev_stdev_numeric_features": 2.9343478679656982,
    "min_stdev_numeric_features": 2.358548879623413,
    "q1_stdev_numeric_features": 3.8257227540016174,
    "median_stdev_numeric_features": 5.292896628379822,
    "q3_stdev_numeric_features": 6.760070502758026,
    "max_stdev_numeric_features": 8.22724437713623,
    "mean_var_numeric_features": 36.625152587890625,
    "stdev_var_numeric_features": 31.062400817871094,
    "min_var_numeric_features": 5.562752723693848,
    "q1_var_numeric_features": 21.093952894210815,
    "median_var_numeric_features": 36.62515306472778,
    "q3_var_numeric_features": 52.15635323524475,
    "max_var_numeric_features": 67.68755340576172,
    "mean_min_numeric_features": 8.0,
    "stdev_min_numeric_features": 8.0,
    "min_min_numeric_features": 0.0,
    "q1_min_numeric_features": 4.0,
    "median_min_numeric_features": 8.0,
    "q3_min_numeric_features": 12.0,
    "max_min_numeric_features": 16.0,
    "mean_median_numeric_features": 17.5,
    "stdev_median_numeric_features": 14.5,
    "min_median_numeric_features": 3.0,
    "q1_median_numeric_features": 10.25,
    "median_median_numeric_features": 17.5,
    "q3_median_numeric_features": 24.75,
    "max_median_numeric_features": 32.0,
    "mean_max_numeric_features": 32.5,
    "stdev_max_numeric_features": 16.5,
    "min_max_numeric_features": 16.0,
    "q1_max_numeric_features": 24.25,
    "median_max_numeric_features": 32.5,
    "q3_max_numeric_features": 40.75,
    "max_max_numeric_features": 49.0,
    "pca_1": 0.9475465195802544,
    "pca_2": 0.052453480419745485,
    "mean_entropy_categorical_features": 0.8462026715278625,
    "stdev_entropy_categorical_features": 0.3893885612487793,
    "min_entropy_categorical_features": 0.2638614773750305,
    "median_entropy_categorical_features": 1.0036691427230835,
    "max_entropy_categorical_features": 1.293936014175415,
    "mean_information_gain_categorical_features": 0.030815646052360535,
    "stdev_information_gain_categorical_features": 0.03178727626800537,
    "min_information_gain_categorical_features": -0.010266679339110851,
    "median_information_gain_categorical_features": 0.022679807618260384,
    "max_information_gain_categorical_features": 0.08420882374048233,
    "mean_mutual_informaiton_categorical_features": 0.020024022087454796,
    "stdev_mutual_informaiton_categorical_features": 0.014668752439320087,
    "min_mutual_informaiton_categorical_features": 0.0017899364465847611,
    "median_mutual_informaiton_categorical_features": 0.021123114973306656,
    "max_mutual_informaiton_categorical_features": 0.04914852976799011,
    "knn_5_accuracy": 0.5064591260232907,
    "knn_5_balanced_accuracy": 0.47356262577582875,
    "gaussian_nb_accuracy": 0.46908105615127405,
    "gaussian_nb_balanced_accuracy": 0.4928948181826874,
    "lda_accuracy": 0.5091317883085437,
    "lda_balanced_accuracy": 0.4843924182017062,
    "decision_tree_3_accuracy": 0.5016557131327107,
    "decision_tree_3_balanced_accuracy": 0.4838089439069563,
    "decision_tree_1_accuracy": 0.42700564971751415,
    "decision_tree_1_balanced_accuracy": 0.3333333333333333,
    "random_tree_2_accuracy": 0.4039455782312925,
    "random_tree_2_balanced_accuracy": 0.3558846313315714
}