{
    "nb_instances": 368,
    "log_nb_instances": 5.908082938168931,
    "nb_features": 26,
    "dataset_dimensionality": 14.153846153846153,
    "log_dataset_dimensionality": 2.6499864001474487,
    "dataset_ratio": 0.07065217391304347,
    "nb_missing_vals": 1927,
    "ratio_features_with_missing_vals": 0.057065217391304345,
    "ratio_instances_with_missing_vals": 0.9809782608695652,
    "nb_numeric_features": 7,
    "nb_categorical_features": 19,
    "ratio_numeric_categorical_features": 0.3684210526315789,
    "ratio_categorical_numeric_features": 2.7142857142857144,
    "nb_classes": 2,
    "class_entropy": 0.6587238765203249,
    "mean_target_class_ratio": 0.5,
    "stdev_target_class_ratio": 0.1304347962141037,
    "minority_target_class_ratio": 0.3695652186870575,
    "median_target_class_ratio": 0.5000000149011612,
    "majority_target_class_ratio": 0.6304348111152649,
    "mean_mean_numeric_features": 31.202041625976562,
    "stdev_mean_numeric_features": 27.067550659179688,
    "min_mean_numeric_features": 3.7285714149475098,
    "q1_mean_numeric_features": 6.364285707473755,
    "median_mean_numeric_features": 31.428571701049805,
    "q3_mean_numeric_features": 43.12142753601074,
    "max_mean_numeric_features": 84.28571319580078,
    "mean_stdev_numeric_features": 8.6537446975708,
    "stdev_stdev_numeric_features": 10.232556343078613,
    "min_stdev_numeric_features": 0.911827027797699,
    "q1_stdev_numeric_features": 1.0863875150680542,
    "median_stdev_numeric_features": 1.9526538848876953,
    "q3_stdev_numeric_features": 12.74251937866211,
    "max_stdev_numeric_features": 30.05392074584961,
    "mean_var_numeric_features": 179.592529296875,
    "stdev_var_numeric_features": 308.1390380859375,
    "min_var_numeric_features": 0.831428587436676,
    "q1_var_numeric_features": 1.1802380681037903,
    "median_var_numeric_features": 3.812857151031494,
    "q3_var_numeric_features": 173.45237731933594,
    "max_var_numeric_features": 903.2380981445312,
    "mean_min_numeric_features": 20.371429443359375,
    "stdev_min_numeric_features": 18.20562744140625,
    "min_min_numeric_features": 1.7999999523162842,
    "q1_min_numeric_features": 4.5,
    "median_min_numeric_features": 12.0,
    "q3_min_numeric_features": 33.89999961853027,
    "max_min_numeric_features": 52.0,
    "mean_median_numeric_features": 29.371429443359375,
    "stdev_median_numeric_features": 22.329910278320312,
    "min_median_numeric_features": 3.700000047683716,
    "q1_median_numeric_features": 6.799999952316284,
    "median_median_numeric_features": 36.0,
    "q3_median_numeric_features": 43.14999961853027,
    "max_median_numeric_features": 66.0,
    "mean_max_numeric_features": 42.5571403503418,
    "stdev_max_numeric_features": 38.437660217285156,
    "min_max_numeric_features": 5.0,
    "q1_max_numeric_features": 7.800000190734863,
    "median_max_numeric_features": 40.29999923706055,
    "q3_max_numeric_features": 58.5,
    "max_max_numeric_features": 120.0,
    "pca_1": 0.8902171257426398,
    "pca_2": 0.07788489305629621,
    "pca_3": 0.030306134849238366,
    "mean_entropy_categorical_features": 0.7518901824951172,
    "stdev_entropy_categorical_features": 0.4734385907649994,
    "min_entropy_categorical_features": 0.0,
    "median_entropy_categorical_features": 0.6829081177711487,
    "max_entropy_categorical_features": 1.7478680610656738,
    "mean_information_gain_categorical_features": NaN,
    "stdev_information_gain_categorical_features": NaN,
    "min_information_gain_categorical_features": NaN,
    "median_information_gain_categorical_features": NaN,
    "max_information_gain_categorical_features": NaN,
    "mean_mutual_informaiton_categorical_features": -3.067721393511316e-17,
    "stdev_mutual_informaiton_categorical_features": 7.084598790958239e-17,
    "min_mutual_informaiton_categorical_features": -1.942890293094024e-16,
    "median_mutual_informaiton_categorical_features": 0.0,
    "max_mutual_informaiton_categorical_features": 0.0,
    "knn_5_accuracy": 1.0,
    "knn_5_balanced_accuracy": 1.0,
    "gaussian_nb_accuracy": 1.0,
    "gaussian_nb_balanced_accuracy": 1.0,
    "lda_accuracy": 1.0,
    "lda_balanced_accuracy": 1.0,
    "decision_tree_3_accuracy": 1.0,
    "decision_tree_3_balanced_accuracy": 1.0,
    "decision_tree_1_accuracy": 1.0,
    "decision_tree_1_balanced_accuracy": 1.0,
    "random_tree_2_accuracy": 1.0,
    "random_tree_2_balanced_accuracy": 1.0
}