{
    "nb_instances": 5620,
    "log_nb_instances": 8.634086942887738,
    "nb_features": 64,
    "dataset_dimensionality": 87.8125,
    "log_dataset_dimensionality": 4.475203859528065,
    "dataset_ratio": 0.011387900355871887,
    "nb_missing_vals": 0,
    "ratio_features_with_missing_vals": 0.0,
    "ratio_instances_with_missing_vals": 0.0,
    "nb_numeric_features": 64,
    "nb_categorical_features": 0,
    "ratio_numeric_categorical_features": 0.0,
    "ratio_categorical_numeric_features": 0.0,
    "nb_classes": 10,
    "class_entropy": 2.3025189875331593,
    "mean_target_class_ratio": 0.10000000149011612,
    "stdev_target_class_ratio": 0.0011504064314067364,
    "minority_target_class_ratio": 0.09857651591300964,
    "median_target_class_ratio": 0.09964412823319435,
    "majority_target_class_ratio": 0.10177935659885406,
    "mean_mean_numeric_features": 4.911243438720703,
    "stdev_mean_numeric_features": 4.189658164978027,
    "min_mean_numeric_features": 0.0,
    "q1_mean_numeric_features": 0.2749110385775566,
    "median_mean_numeric_features": 4.5655694007873535,
    "q3_mean_numeric_features": 9.038923501968384,
    "max_mean_numeric_features": 11.989679336547852,
    "mean_stdev_numeric_features": 3.6862924098968506,
    "stdev_stdev_numeric_features": 2.285814046859741,
    "min_stdev_numeric_features": 0.0,
    "q1_stdev_numeric_features": 1.0203710496425629,
    "median_stdev_numeric_features": 4.301746845245361,
    "q3_stdev_numeric_features": 5.839329481124878,
    "max_stdev_numeric_features": 6.518238544464111,
    "mean_var_numeric_features": 18.813697814941406,
    "stdev_var_numeric_features": 14.835296630859375,
    "min_var_numeric_features": 0.0,
    "q1_var_numeric_features": 1.043284073472023,
    "median_var_numeric_features": 18.50712299346924,
    "q3_var_numeric_features": 34.09832000732422,
    "max_var_numeric_features": 42.48743438720703,
    "mean_min_numeric_features": 0.0,
    "stdev_min_numeric_features": 0.0,
    "min_min_numeric_features": 0.0,
    "q1_min_numeric_features": 0.0,
    "median_min_numeric_features": 0.0,
    "q3_min_numeric_features": 0.0,
    "max_min_numeric_features": 0.0,
    "mean_median_numeric_features": 4.765625,
    "stdev_median_numeric_features": 5.0303521156311035,
    "min_median_numeric_features": 0.0,
    "q1_median_numeric_features": 0.0,
    "median_median_numeric_features": 2.5,
    "q3_median_numeric_features": 10.0,
    "max_median_numeric_features": 13.0,
    "mean_max_numeric_features": 13.390625,
    "stdev_max_numeric_features": 4.976875305175781,
    "min_max_numeric_features": 0.0,
    "q1_max_numeric_features": 14.75,
    "median_max_numeric_features": 16.0,
    "q3_max_numeric_features": 16.0,
    "max_max_numeric_features": 16.0,
    "pca_1": 0.14513775328267972,
    "pca_2": 0.135170682116334,
    "pca_3": 0.11916765955220342,
    "mean_entropy_categorical_features": NaN,
    "stdev_entropy_categorical_features": NaN,
    "min_entropy_categorical_features": NaN,
    "median_entropy_categorical_features": NaN,
    "max_entropy_categorical_features": NaN,
    "mean_information_gain_categorical_features": NaN,
    "stdev_information_gain_categorical_features": NaN,
    "min_information_gain_categorical_features": NaN,
    "median_information_gain_categorical_features": NaN,
    "max_information_gain_categorical_features": NaN,
    "mean_mutual_informaiton_categorical_features": NaN,
    "stdev_mutual_informaiton_categorical_features": NaN,
    "min_mutual_informaiton_categorical_features": NaN,
    "median_mutual_informaiton_categorical_features": NaN,
    "max_mutual_informaiton_categorical_features": NaN,
    "knn_5_accuracy": 0.9846975088967973,
    "knn_5_balanced_accuracy": 0.9847130364018151,
    "gaussian_nb_accuracy": 0.7916370106761565,
    "gaussian_nb_balanced_accuracy": 0.7921202952468829,
    "lda_accuracy": 0.9517793594306049,
    "lda_balanced_accuracy": 0.9521606297803599,
    "decision_tree_3_accuracy": 0.5644128113879003,
    "decision_tree_3_balanced_accuracy": 0.5682934459957942,
    "decision_tree_1_accuracy": 0.18754448398576512,
    "decision_tree_1_balanced_accuracy": 0.19794829030855132,
    "random_tree_2_accuracy": 0.3722419928825623,
    "random_tree_2_balanced_accuracy": 0.37418459767396794
}