{
    "nb_instances": 194,
    "log_nb_instances": 5.267858159063328,
    "nb_features": 28,
    "dataset_dimensionality": 6.928571428571429,
    "log_dataset_dimensionality": 1.9356536488881242,
    "dataset_ratio": 0.14432989690721648,
    "nb_missing_vals": 0,
    "ratio_features_with_missing_vals": 0.0,
    "ratio_instances_with_missing_vals": 0.0,
    "nb_numeric_features": 2,
    "nb_categorical_features": 26,
    "ratio_numeric_categorical_features": 0.07692307692307693,
    "ratio_categorical_numeric_features": 13.0,
    "nb_classes": 8,
    "class_entropy": 1.7649882142006925,
    "mean_target_class_ratio": 0.1249999925494194,
    "stdev_target_class_ratio": 0.09714648872613907,
    "minority_target_class_ratio": 0.020618556067347527,
    "median_target_class_ratio": 0.10824741795659065,
    "majority_target_class_ratio": 0.30927833914756775,
    "mean_mean_numeric_features": 361.6572265625,
    "stdev_mean_numeric_features": 338.3891906738281,
    "min_mean_numeric_features": 23.268041610717773,
    "q1_mean_numeric_features": 192.46262788772583,
    "median_mean_numeric_features": 361.6572141647339,
    "q3_mean_numeric_features": 530.851800441742,
    "max_mean_numeric_features": 700.04638671875,
    "mean_stdev_numeric_features": 1131.4310302734375,
    "stdev_stdev_numeric_features": 1039.4969482421875,
    "min_stdev_numeric_features": 91.93408203125,
    "q1_stdev_numeric_features": 611.6825561523438,
    "median_stdev_numeric_features": 1131.4310302734375,
    "q3_stdev_numeric_features": 1651.1795043945312,
    "max_stdev_numeric_features": 2170.927978515625,
    "mean_var_numeric_features": 2360690.0,
    "stdev_var_numeric_features": 2352238.0,
    "min_var_numeric_features": 8451.8759765625,
    "q1_var_numeric_features": 1184570.9069824219,
    "median_var_numeric_features": 2360689.9379882812,
    "q3_var_numeric_features": 3536808.9689941406,
    "max_var_numeric_features": 4712928.0,
    "mean_min_numeric_features": 0.0,
    "stdev_min_numeric_features": 0.0,
    "min_min_numeric_features": 0.0,
    "q1_min_numeric_features": 0.0,
    "median_min_numeric_features": 0.0,
    "q3_min_numeric_features": 0.0,
    "max_min_numeric_features": 0.0,
    "mean_median_numeric_features": 57.5,
    "stdev_median_numeric_features": 53.5,
    "min_median_numeric_features": 4.0,
    "q1_median_numeric_features": 30.75,
    "median_median_numeric_features": 57.5,
    "q3_median_numeric_features": 84.25,
    "max_median_numeric_features": 111.0,
    "mean_max_numeric_features": 11705.0,
    "stdev_max_numeric_features": 10697.0,
    "min_max_numeric_features": 1008.0,
    "q1_max_numeric_features": 6356.5,
    "median_max_numeric_features": 11705.0,
    "q3_max_numeric_features": 17053.5,
    "max_max_numeric_features": 22402.0,
    "pca_1": 0.9986927505808412,
    "pca_2": 0.0013072494191587922,
    "mean_entropy_categorical_features": 0.8633143901824951,
    "stdev_entropy_categorical_features": 0.5393325090408325,
    "min_entropy_categorical_features": 0.2177921086549759,
    "median_entropy_categorical_features": 0.6197788119316101,
    "max_entropy_categorical_features": 1.993038296699524,
    "mean_information_gain_categorical_features": 0.6079224348068237,
    "stdev_information_gain_categorical_features": 0.6831943392753601,
    "min_information_gain_categorical_features": -0.019644442945718765,
    "median_information_gain_categorical_features": 0.20409125089645386,
    "max_information_gain_categorical_features": 1.993038296699524,
    "mean_mutual_informaiton_categorical_features": 0.1559617519378662,
    "stdev_mutual_informaiton_categorical_features": 0.19156883656978607,
    "min_mutual_informaiton_categorical_features": 0.011175245977938175,
    "median_mutual_informaiton_categorical_features": 0.0871012769639492,
    "max_mutual_informaiton_categorical_features": 0.7840272784233093,
    "knn_5_accuracy": NaN,
    "knn_5_balanced_accuracy": NaN,
    "gaussian_nb_accuracy": NaN,
    "gaussian_nb_balanced_accuracy": NaN,
    "lda_accuracy": NaN,
    "lda_balanced_accuracy": NaN,
    "decision_tree_3_accuracy": NaN,
    "decision_tree_3_balanced_accuracy": NaN,
    "decision_tree_1_accuracy": NaN,
    "decision_tree_1_balanced_accuracy": NaN,
    "random_tree_2_accuracy": NaN,
    "random_tree_2_balanced_accuracy": NaN
}