{
    "nb_instances": 690,
    "log_nb_instances": 6.536691597591305,
    "nb_features": 15,
    "dataset_dimensionality": 46.0,
    "log_dataset_dimensionality": 3.828641396489095,
    "dataset_ratio": 0.021739130434782608,
    "nb_missing_vals": 67,
    "ratio_features_with_missing_vals": 0.010144927536231883,
    "ratio_instances_with_missing_vals": 0.0536231884057971,
    "nb_numeric_features": 6,
    "nb_categorical_features": 9,
    "ratio_numeric_categorical_features": 0.6666666666666666,
    "ratio_categorical_numeric_features": 1.5,
    "nb_classes": 2,
    "class_entropy": 0.6870689028587588,
    "mean_target_class_ratio": 0.5,
    "stdev_target_class_ratio": 0.055072471499443054,
    "minority_target_class_ratio": 0.44492754340171814,
    "median_target_class_ratio": 0.5000000149011612,
    "majority_target_class_ratio": 0.5550724864006042,
    "mean_mean_numeric_features": 205.8668212890625,
    "stdev_mean_numeric_features": 366.73822021484375,
    "min_mean_numeric_features": 2.244295597076416,
    "q1_mean_numeric_features": 3.084106147289276,
    "median_mean_numeric_features": 18.166672945022583,
    "q3_mean_numeric_features": 143.14586210250854,
    "max_mean_numeric_features": 1013.7611083984375,
    "mean_stdev_numeric_features": 907.7966918945312,
    "stdev_stdev_numeric_features": 1944.26025390625,
    "min_stdev_numeric_features": 3.3711202144622803,
    "q1_stdev_numeric_features": 4.983142018318176,
    "median_stdev_numeric_features": 8.432672500610352,
    "q3_stdev_numeric_features": 129.18217730522156,
    "max_stdev_numeric_features": 5253.2783203125,
    "mean_var_numeric_features": 4604243.5,
    "stdev_var_numeric_features": 10282650.0,
    "min_var_numeric_features": 11.36445140838623,
    "q1_var_numeric_features": 24.83234739303589,
    "median_var_numeric_features": 82.70803451538086,
    "q3_var_numeric_features": 21277.898445129395,
    "max_var_numeric_features": 27596936.0,
    "mean_min_numeric_features": 2.2916667461395264,
    "stdev_min_numeric_features": 5.124322414398193,
    "min_min_numeric_features": 0.0,
    "q1_min_numeric_features": 0.0,
    "median_min_numeric_features": 0.0,
    "q3_min_numeric_features": 0.0,
    "max_min_numeric_features": 13.75,
    "mean_median_numeric_features": 32.87583541870117,
    "stdev_median_numeric_features": 57.67265319824219,
    "min_median_numeric_features": 0.0,
    "q1_median_numeric_features": 1.4587500095367432,
    "median_median_numeric_features": 3.9175000190734863,
    "q3_median_numeric_features": 22.56500005722046,
    "max_median_numeric_features": 160.0,
    "mean_max_numeric_features": 17033.375,
    "stdev_max_numeric_features": 37110.63671875,
    "min_max_numeric_features": 28.0,
    "q1_max_numeric_features": 38.125,
    "median_max_numeric_features": 71.875,
    "q3_max_numeric_features": 1519.1875,
    "max_max_numeric_features": 100000.0,
    "pca_1": 0.9989729763681822,
    "pca_2": 0.0010198530183625353,
    "pca_3": 5.193597241433245e-06,
    "mean_entropy_categorical_features": 0.8663811087608337,
    "stdev_entropy_categorical_features": 0.6015467047691345,
    "min_entropy_categorical_features": 0.3021298944950104,
    "median_entropy_categorical_features": 0.6858111619949341,
    "max_entropy_categorical_features": 2.4316108226776123,
    "mean_information_gain_categorical_features": 0.13156723976135254,
    "stdev_information_gain_categorical_features": 0.1359022855758667,
    "min_information_gain_categorical_features": -0.00116723554674536,
    "median_information_gain_categorical_features": 0.07553385943174362,
    "max_information_gain_categorical_features": 0.33934664726257324,
    "mean_mutual_informaiton_categorical_features": 0.06328174471855164,
    "stdev_mutual_informaiton_categorical_features": 0.09483283758163452,
    "min_mutual_informaiton_categorical_features": 0.00019617431098595262,
    "median_mutual_informaiton_categorical_features": 0.017695268616080284,
    "max_mutual_informaiton_categorical_features": 0.31415706872940063,
    "knn_5_accuracy": NaN,
    "knn_5_balanced_accuracy": NaN,
    "gaussian_nb_accuracy": NaN,
    "gaussian_nb_balanced_accuracy": NaN,
    "lda_accuracy": NaN,
    "lda_balanced_accuracy": NaN,
    "decision_tree_3_accuracy": NaN,
    "decision_tree_3_balanced_accuracy": NaN,
    "decision_tree_1_accuracy": NaN,
    "decision_tree_1_balanced_accuracy": NaN,
    "random_tree_2_accuracy": NaN,
    "random_tree_2_balanced_accuracy": NaN
}