{
    "nb_instances": 5473,
    "log_nb_instances": 8.607582191143917,
    "nb_features": 10,
    "dataset_dimensionality": 547.3,
    "log_dataset_dimensionality": 6.304997098149872,
    "dataset_ratio": 0.0018271514708569341,
    "nb_missing_vals": 0,
    "ratio_features_with_missing_vals": 0.0,
    "ratio_instances_with_missing_vals": 0.0,
    "nb_numeric_features": 10,
    "nb_categorical_features": 0,
    "ratio_numeric_categorical_features": 0.0,
    "ratio_categorical_numeric_features": 0.0,
    "nb_classes": 5,
    "class_entropy": 0.44046926609967585,
    "mean_target_class_ratio": 0.20000000298023224,
    "stdev_target_class_ratio": 0.34933316707611084,
    "minority_target_class_ratio": 0.005116024054586887,
    "median_target_class_ratio": 0.021012241020798683,
    "majority_target_class_ratio": 0.8976795077323914,
    "mean_mean_numeric_features": 253.3275909423828,
    "stdev_mean_numeric_features": 386.95111083984375,
    "min_mean_numeric_features": 0.3686424195766449,
    "q1_mean_numeric_features": 7.282766819000244,
    "median_mean_numeric_features": 51.66111087799072,
    "q3_mean_numeric_features": 301.1137886047363,
    "max_mean_numeric_features": 1198.4056396484375,
    "mean_stdev_numeric_features": 840.2335815429688,
    "stdev_stdev_numeric_features": 1471.65087890625,
    "min_stdev_numeric_features": 0.17066128551959991,
    "q1_stdev_numeric_features": 21.89635705947876,
    "median_stdev_numeric_features": 91.90038681030273,
    "q3_stdev_numeric_features": 994.5769386291504,
    "max_stdev_numeric_features": 4849.376953125,
    "mean_var_numeric_features": 2871748.5,
    "stdev_var_numeric_features": 6969157.0,
    "min_var_numeric_features": 0.0291252713650465,
    "q1_var_numeric_features": 505.30711364746094,
    "median_var_numeric_features": 8966.49658203125,
    "q3_var_numeric_features": 1217307.6157226562,
    "max_var_numeric_features": 23516456.0,
    "mean_min_numeric_features": 2.5120999813079834,
    "stdev_min_numeric_features": 2.9647955894470215,
    "min_min_numeric_features": 0.007000000216066837,
    "q1_min_numeric_features": 0.2964999992400408,
    "median_min_numeric_features": 1.0,
    "q3_min_numeric_features": 5.5,
    "max_min_numeric_features": 7.0,
    "mean_median_numeric_features": 78.6376953125,
    "stdev_median_numeric_features": 109.62976837158203,
    "min_median_numeric_features": 0.3370000123977661,
    "q1_median_numeric_features": 2.844249904155731,
    "median_median_numeric_features": 24.5,
    "q3_median_numeric_features": 93.25,
    "max_median_numeric_features": 322.0,
    "mean_max_numeric_features": 23320.599609375,
    "stdev_max_numeric_features": 43069.671875,
    "min_max_numeric_features": 1.0,
    "q1_max_numeric_features": 541.0,
    "median_max_numeric_features": 2008.0,
    "q3_max_numeric_features": 26001.5,
    "max_max_numeric_features": 143993.0,
    "pca_1": 0.933658440770694,
    "pca_2": 0.062222953689479894,
    "pca_3": 0.0034948969371811894,
    "mean_entropy_categorical_features": NaN,
    "stdev_entropy_categorical_features": NaN,
    "min_entropy_categorical_features": NaN,
    "median_entropy_categorical_features": NaN,
    "max_entropy_categorical_features": NaN,
    "mean_information_gain_categorical_features": NaN,
    "stdev_information_gain_categorical_features": NaN,
    "min_information_gain_categorical_features": NaN,
    "median_information_gain_categorical_features": NaN,
    "max_information_gain_categorical_features": NaN,
    "mean_mutual_informaiton_categorical_features": NaN,
    "stdev_mutual_informaiton_categorical_features": NaN,
    "min_mutual_informaiton_categorical_features": NaN,
    "median_mutual_informaiton_categorical_features": NaN,
    "max_mutual_informaiton_categorical_features": NaN,
    "knn_5_accuracy": 0.9557828921556352,
    "knn_5_balanced_accuracy": 0.6970124490624635,
    "gaussian_nb_accuracy": 0.8841635153973938,
    "gaussian_nb_balanced_accuracy": 0.6565714825668674,
    "lda_accuracy": 0.9448174768141712,
    "lda_balanced_accuracy": 0.6491763809950447,
    "decision_tree_3_accuracy": 0.9583408045545232,
    "decision_tree_3_balanced_accuracy": 0.6446463122499646,
    "decision_tree_1_accuracy": 0.9312993246683863,
    "decision_tree_1_balanced_accuracy": 0.3728571206985509,
    "random_tree_2_accuracy": 0.9272780546442615,
    "random_tree_2_balanced_accuracy": 0.32338242317280597
}