{
    "nb_instances": 990,
    "log_nb_instances": 6.897704943128636,
    "nb_features": 12,
    "dataset_dimensionality": 82.5,
    "log_dataset_dimensionality": 4.412798293340635,
    "dataset_ratio": 0.012121212121212121,
    "nb_missing_vals": 0,
    "ratio_features_with_missing_vals": 0.0,
    "ratio_instances_with_missing_vals": 0.0,
    "nb_numeric_features": 10,
    "nb_categorical_features": 2,
    "ratio_numeric_categorical_features": 5.0,
    "ratio_categorical_numeric_features": 0.2,
    "nb_classes": 11,
    "class_entropy": 2.3978952727983707,
    "mean_target_class_ratio": 0.09090910106897354,
    "stdev_target_class_ratio": 7.450580596923828e-09,
    "minority_target_class_ratio": 0.09090909361839294,
    "median_target_class_ratio": 0.09090909361839294,
    "majority_target_class_ratio": 0.09090909361839294,
    "mean_mean_numeric_features": -0.10318039357662201,
    "stdev_mean_numeric_features": 1.2215924263000488,
    "min_mean_numeric_features": -3.203740358352661,
    "q1_mean_numeric_features": -0.3049871101975441,
    "median_mean_numeric_features": -0.037852018838748336,
    "q3_mean_numeric_features": 0.47075026482343674,
    "max_mean_numeric_features": 1.8817635774612427,
    "mean_stdev_numeric_features": 0.6993318200111389,
    "stdev_stdev_numeric_features": 0.19167473912239075,
    "min_stdev_numeric_features": 0.4619268476963043,
    "q1_stdev_numeric_features": 0.580944299697876,
    "median_stdev_numeric_features": 0.6342938840389252,
    "q3_stdev_numeric_features": 0.7474330961704254,
    "max_stdev_numeric_features": 1.175271987915039,
    "mean_var_numeric_features": 0.5258041620254517,
    "stdev_var_numeric_features": 0.3198525309562683,
    "min_var_numeric_features": 0.21337640285491943,
    "q1_var_numeric_features": 0.3376714810729027,
    "median_var_numeric_features": 0.40324732661247253,
    "q3_var_numeric_features": 0.5590759068727493,
    "max_var_numeric_features": 1.381264328956604,
    "mean_min_numeric_features": -1.946700096130371,
    "stdev_min_numeric_features": 1.1718809604644775,
    "min_min_numeric_features": -5.210999965667725,
    "q1_min_numeric_features": -2.0152500569820404,
    "median_min_numeric_features": -1.574999988079071,
    "q3_min_numeric_features": -1.3219999969005585,
    "max_min_numeric_features": -0.8360000252723694,
    "mean_median_numeric_features": -0.12639999389648438,
    "stdev_median_numeric_features": 1.1995625495910645,
    "min_median_numeric_features": -3.1454999446868896,
    "q1_median_numeric_features": -0.30162500590085983,
    "median_median_numeric_features": -0.06724999845027924,
    "q3_median_numeric_features": 0.40712499618530273,
    "max_median_numeric_features": 1.8765000104904175,
    "mean_max_numeric_features": 1.8245999813079834,
    "stdev_max_numeric_features": 1.3997467756271362,
    "min_max_numeric_features": -0.9409999847412109,
    "q1_max_numeric_features": 1.3977500200271606,
    "median_max_numeric_features": 1.6309999823570251,
    "q3_max_numeric_features": 2.2549999356269836,
    "max_max_numeric_features": 5.073999881744385,
    "pca_1": 0.35294706871712633,
    "pca_2": 0.21179035614070477,
    "pca_3": 0.13542664466760268,
    "mean_entropy_categorical_features": 1.6994867324829102,
    "stdev_entropy_categorical_features": 1.0085633993148804,
    "min_entropy_categorical_features": 0.6909233331680298,
    "median_entropy_categorical_features": 1.699486792087555,
    "max_entropy_categorical_features": 2.70805025100708,
    "mean_information_gain_categorical_features": -1.6653345369377348e-16,
    "stdev_information_gain_categorical_features": 2.7755575615628914e-16,
    "min_information_gain_categorical_features": -4.440892098500626e-16,
    "median_information_gain_categorical_features": -1.6653345369377348e-16,
    "max_information_gain_categorical_features": 1.1102230246251565e-16,
    "mean_mutual_informaiton_categorical_features": 1.5265566588595902e-16,
    "stdev_mutual_informaiton_categorical_features": 1.5265566588595902e-16,
    "min_mutual_informaiton_categorical_features": 0.0,
    "median_mutual_informaiton_categorical_features": 1.5265566588595902e-16,
    "max_mutual_informaiton_categorical_features": 3.0531133177191805e-16,
    "knn_5_accuracy": NaN,
    "knn_5_balanced_accuracy": NaN,
    "gaussian_nb_accuracy": NaN,
    "gaussian_nb_balanced_accuracy": NaN,
    "lda_accuracy": NaN,
    "lda_balanced_accuracy": NaN,
    "decision_tree_3_accuracy": NaN,
    "decision_tree_3_balanced_accuracy": NaN,
    "decision_tree_1_accuracy": NaN,
    "decision_tree_1_balanced_accuracy": NaN,
    "random_tree_2_accuracy": NaN,
    "random_tree_2_balanced_accuracy": NaN
}