{
    "nb_instances": 1000,
    "log_nb_instances": 6.907755278982137,
    "nb_features": 20,
    "dataset_dimensionality": 50.0,
    "log_dataset_dimensionality": 3.912023005428146,
    "dataset_ratio": 0.02,
    "nb_missing_vals": 0,
    "ratio_features_with_missing_vals": 0.0,
    "ratio_instances_with_missing_vals": 0.0,
    "nb_numeric_features": 7,
    "nb_categorical_features": 13,
    "ratio_numeric_categorical_features": 0.5384615384615384,
    "ratio_categorical_numeric_features": 1.8571428571428572,
    "nb_classes": 2,
    "class_entropy": 0.6108643020548935,
    "mean_target_class_ratio": 0.5,
    "stdev_target_class_ratio": 0.19999998807907104,
    "minority_target_class_ratio": 0.30000001192092896,
    "median_target_class_ratio": 0.5,
    "majority_target_class_ratio": 0.699999988079071,
    "mean_mean_numeric_features": 476.5838317871094,
    "stdev_mean_numeric_features": 1140.98486328125,
    "min_mean_numeric_features": 1.1549999713897705,
    "q1_mean_numeric_features": 2.1259999871253967,
    "median_mean_numeric_features": 2.9730000495910645,
    "q3_mean_numeric_features": 28.22450065612793,
    "max_mean_numeric_features": 3271.258056640625,
    "mean_stdev_numeric_features": 407.047607421875,
    "stdev_stdev_numeric_features": 986.2125854492188,
    "min_stdev_numeric_features": 0.36208575963974,
    "q1_stdev_numeric_features": 0.8406862020492554,
    "median_stdev_numeric_features": 1.118714690208435,
    "q3_stdev_numeric_features": 11.717141151428223,
    "max_stdev_numeric_features": 2822.73681640625,
    "mean_var_numeric_features": 1138303.125,
    "stdev_var_numeric_features": 2788148.25,
    "min_var_numeric_features": 0.13110610842704773,
    "q1_var_numeric_features": 0.7759389281272888,
    "median_var_numeric_features": 1.2515225410461426,
    "q3_var_numeric_features": 137.40814971923828,
    "max_var_numeric_features": 7967843.5,
    "mean_min_numeric_features": 39.57143020629883,
    "stdev_min_numeric_features": 86.12259674072266,
    "min_min_numeric_features": 1.0,
    "q1_min_numeric_features": 1.0,
    "median_min_numeric_features": 1.0,
    "q3_min_numeric_features": 11.5,
    "max_min_numeric_features": 250.0,
    "mean_median_numeric_features": 339.78570556640625,
    "stdev_median_numeric_features": 808.2904052734375,
    "min_median_numeric_features": 1.0,
    "q1_median_numeric_features": 2.0,
    "median_median_numeric_features": 3.0,
    "q3_median_numeric_features": 25.5,
    "max_median_numeric_features": 2319.5,
    "mean_max_numeric_features": 2655.0,
    "stdev_max_numeric_features": 6437.73974609375,
    "min_max_numeric_features": 2.0,
    "q1_max_numeric_features": 4.0,
    "median_max_numeric_features": 4.0,
    "q3_max_numeric_features": 73.5,
    "max_max_numeric_features": 18424.0,
    "pca_1": 0.9999722998101286,
    "pca_2": 1.641358551871734e-05,
    "pca_3": 1.095922354350819e-05,
    "mean_entropy_categorical_features": 0.9938990473747253,
    "stdev_entropy_categorical_features": 0.4505581259727478,
    "min_entropy_categorical_features": 0.15828987956047058,
    "median_entropy_categorical_features": 1.0619733333587646,
    "max_entropy_categorical_features": 1.8484001159667969,
    "mean_information_gain_categorical_features": 0.014012887142598629,
    "stdev_information_gain_categorical_features": 0.016959605738520622,
    "min_information_gain_categorical_features": 0.0006679582293145359,
    "median_information_gain_categorical_features": 0.008839835412800312,
    "max_information_gain_categorical_features": 0.06566796451807022,
    "mean_mutual_informaiton_categorical_features": 0.014012887142598629,
    "stdev_mutual_informaiton_categorical_features": 0.016959605738520622,
    "min_mutual_informaiton_categorical_features": 0.0006679582293145359,
    "median_mutual_informaiton_categorical_features": 0.008839835412800312,
    "max_mutual_informaiton_categorical_features": 0.06566796451807022,
    "knn_5_accuracy": NaN,
    "knn_5_balanced_accuracy": NaN,
    "gaussian_nb_accuracy": NaN,
    "gaussian_nb_balanced_accuracy": NaN,
    "lda_accuracy": NaN,
    "lda_balanced_accuracy": NaN,
    "decision_tree_3_accuracy": NaN,
    "decision_tree_3_balanced_accuracy": NaN,
    "decision_tree_1_accuracy": NaN,
    "decision_tree_1_balanced_accuracy": NaN,
    "random_tree_2_accuracy": NaN,
    "random_tree_2_balanced_accuracy": NaN
}