{
    "nb_instances": 2407,
    "log_nb_instances": 7.786136437783072,
    "nb_features": 299,
    "dataset_dimensionality": 8.050167224080267,
    "log_dataset_dimensionality": 2.0856928643923855,
    "dataset_ratio": 0.12422102201911092,
    "nb_missing_vals": 0,
    "ratio_features_with_missing_vals": 0.0,
    "ratio_instances_with_missing_vals": 0.0,
    "nb_numeric_features": 294,
    "nb_categorical_features": 5,
    "ratio_numeric_categorical_features": 58.8,
    "ratio_categorical_numeric_features": 0.017006802721088437,
    "nb_classes": 2,
    "class_entropy": 0.4699667550365185,
    "mean_target_class_ratio": 0.5,
    "stdev_target_class_ratio": 0.32093894481658936,
    "minority_target_class_ratio": 0.17906107008457184,
    "median_target_class_ratio": 0.5000000074505806,
    "majority_target_class_ratio": 0.8209389448165894,
    "mean_mean_numeric_features": 0.30826854705810547,
    "stdev_mean_numeric_features": 0.2096947729587555,
    "min_mean_numeric_features": 0.026224998757243156,
    "q1_mean_numeric_features": 0.1254647634923458,
    "median_mean_numeric_features": 0.2663210332393646,
    "q3_mean_numeric_features": 0.5080501288175583,
    "max_mean_numeric_features": 0.7217172980308533,
    "mean_stdev_numeric_features": 0.18116487562656403,
    "stdev_stdev_numeric_features": 0.04405621066689491,
    "min_stdev_numeric_features": 0.06708000600337982,
    "q1_stdev_numeric_features": 0.16118798404932022,
    "median_stdev_numeric_features": 0.19217007607221603,
    "q3_stdev_numeric_features": 0.21028155460953712,
    "max_stdev_numeric_features": 0.2604767084121704,
    "mean_var_numeric_features": 0.034761663526296616,
    "stdev_var_numeric_features": 0.014739178121089935,
    "min_var_numeric_features": 0.0044997273944318295,
    "q1_var_numeric_features": 0.025981692131608725,
    "median_var_numeric_features": 0.03692933917045593,
    "q3_var_numeric_features": 0.04421835392713547,
    "max_var_numeric_features": 0.06784811615943909,
    "mean_min_numeric_features": 1.90476191619382e-06,
    "stdev_min_numeric_features": 1.82903040695237e-05,
    "min_min_numeric_features": 0.0,
    "q1_min_numeric_features": 0.0,
    "median_min_numeric_features": 0.0,
    "q3_min_numeric_features": 0.0,
    "max_min_numeric_features": 0.00026199998683296144,
    "mean_median_numeric_features": 0.2756699323654175,
    "stdev_median_numeric_features": 0.23472455143928528,
    "min_median_numeric_features": 0.0038159999530762434,
    "q1_median_numeric_features": 0.058918499387800694,
    "median_median_numeric_features": 0.22400249540805817,
    "q3_median_numeric_features": 0.5284965187311172,
    "max_median_numeric_features": 0.7437580227851868,
    "mean_max_numeric_features": 0.9996917247772217,
    "stdev_max_numeric_features": 0.002257055602967739,
    "min_max_numeric_features": 0.9714360237121582,
    "q1_max_numeric_features": 1.0,
    "median_max_numeric_features": 1.0,
    "q3_max_numeric_features": 1.0,
    "max_max_numeric_features": 1.0,
    "pca_1": 0.18889299202334198,
    "pca_2": 0.10318487465248513,
    "pca_3": 0.06421823852446912,
    "mean_entropy_categorical_features": 0.4679942727088928,
    "stdev_entropy_categorical_features": 0.03455732762813568,
    "min_entropy_categorical_features": 0.4248291254043579,
    "median_entropy_categorical_features": 0.4674268364906311,
    "max_entropy_categorical_features": 0.5287213325500488,
    "mean_information_gain_categorical_features": 0.03256335109472275,
    "stdev_information_gain_categorical_features": 0.009879174642264843,
    "min_information_gain_categorical_features": 0.017003361135721207,
    "median_information_gain_categorical_features": 0.03265148028731346,
    "max_information_gain_categorical_features": 0.047595586627721786,
    "mean_mutual_informaiton_categorical_features": 0.03256335109472275,
    "stdev_mutual_informaiton_categorical_features": 0.009879174642264843,
    "min_mutual_informaiton_categorical_features": 0.017003361135721207,
    "median_mutual_informaiton_categorical_features": 0.03265148028731346,
    "max_mutual_informaiton_categorical_features": 0.047595586627721786,
    "knn_5_accuracy": 0.945572415696897,
    "knn_5_balanced_accuracy": 0.9339724275301732,
    "gaussian_nb_accuracy": 0.8529239740857998,
    "gaussian_nb_balanced_accuracy": 0.8713450193619134,
    "lda_accuracy": 0.9883679402351602,
    "lda_balanced_accuracy": 0.9685533222612681,
    "decision_tree_3_accuracy": 0.8246823267570156,
    "decision_tree_3_balanced_accuracy": 0.7756300918441856,
    "decision_tree_1_accuracy": 0.820932359106633,
    "decision_tree_1_balanced_accuracy": 0.5,
    "random_tree_2_accuracy": 0.820932359106633,
    "random_tree_2_balanced_accuracy": 0.5
}