{
    "nb_instances": 531,
    "log_nb_instances": 6.274762021241939,
    "nb_features": 101,
    "dataset_dimensionality": 5.257425742574258,
    "log_dataset_dimensionality": 1.6596415044006794,
    "dataset_ratio": 0.1902071563088512,
    "nb_missing_vals": 0,
    "ratio_features_with_missing_vals": 0.0,
    "ratio_instances_with_missing_vals": 0.0,
    "nb_numeric_features": 100,
    "nb_categorical_features": 1,
    "ratio_numeric_categorical_features": 100.0,
    "ratio_categorical_numeric_features": 0.01,
    "nb_classes": 48,
    "class_entropy": 3.252268410859278,
    "mean_target_class_ratio": 0.02083333395421505,
    "stdev_target_class_ratio": 0.025117915123701096,
    "minority_target_class_ratio": 0.0018832391360774636,
    "median_target_class_ratio": 0.006591337034478784,
    "majority_target_class_ratio": 0.10357815772294998,
    "mean_mean_numeric_features": 4677.60791015625,
    "stdev_mean_numeric_features": 3373.951171875,
    "min_mean_numeric_features": -9.850093841552734,
    "q1_mean_numeric_features": 1861.2026977539062,
    "median_mean_numeric_features": 3765.593505859375,
    "q3_mean_numeric_features": 7332.0826416015625,
    "max_mean_numeric_features": 12541.2099609375,
    "mean_stdev_numeric_features": 1314.8160400390625,
    "stdev_stdev_numeric_features": 976.0060424804688,
    "min_stdev_numeric_features": 1.65954517262237e-15,
    "q1_stdev_numeric_features": 821.5124206542969,
    "median_stdev_numeric_features": 1033.1170959472656,
    "q3_stdev_numeric_features": 1370.3708801269531,
    "max_stdev_numeric_features": 5503.16796875,
    "mean_var_numeric_features": 2681329.0,
    "stdev_var_numeric_features": 4854390.0,
    "min_var_numeric_features": 2.7540903529031306e-30,
    "q1_var_numeric_features": 674884.078125,
    "median_var_numeric_features": 1067468.8125,
    "q3_var_numeric_features": 1878437.875,
    "max_var_numeric_features": 30284858.0,
    "mean_min_numeric_features": 933.9754028320312,
    "stdev_min_numeric_features": 941.5779418945312,
    "min_min_numeric_features": -679.2620849609375,
    "q1_min_numeric_features": 113.83956146240234,
    "median_min_numeric_features": 667.0519714355469,
    "q3_min_numeric_features": 1744.316162109375,
    "max_min_numeric_features": 3020.229736328125,
    "mean_median_numeric_features": 4601.13720703125,
    "stdev_median_numeric_features": 3460.9970703125,
    "min_median_numeric_features": -16.981000900268555,
    "q1_median_numeric_features": 1668.3514709472656,
    "median_median_numeric_features": 3628.5333251953125,
    "q3_median_numeric_features": 7591.596435546875,
    "max_median_numeric_features": 11915.9404296875,
    "mean_max_numeric_features": 10113.005859375,
    "stdev_max_numeric_features": 6124.90380859375,
    "min_max_numeric_features": 3.379999933910381e-14,
    "q1_max_numeric_features": 7789.607666015625,
    "median_max_numeric_features": 8538.45556640625,
    "q3_max_numeric_features": 9922.298095703125,
    "max_max_numeric_features": 36548.8046875,
    "pca_1": 0.5093163355197552,
    "pca_2": 0.3959979568362596,
    "pca_3": 0.03824104187588022,
    "mean_entropy_categorical_features": 1.2701126337051392,
    "stdev_entropy_categorical_features": 0.0,
    "min_entropy_categorical_features": 1.2701126337051392,
    "median_entropy_categorical_features": 1.2701126337051392,
    "max_entropy_categorical_features": 1.2701126337051392,
    "mean_information_gain_categorical_features": 1.014127492904663,
    "stdev_information_gain_categorical_features": 0.0,
    "min_information_gain_categorical_features": 1.014127492904663,
    "median_information_gain_categorical_features": 1.014127492904663,
    "max_information_gain_categorical_features": 1.014127492904663,
    "mean_mutual_informaiton_categorical_features": 0.29535359144210815,
    "stdev_mutual_informaiton_categorical_features": 0.0,
    "min_mutual_informaiton_categorical_features": 0.29535359144210815,
    "median_mutual_informaiton_categorical_features": 0.29535359144210815,
    "max_mutual_informaiton_categorical_features": 0.29535359144210815,
    "knn_5_accuracy": 0.5385998941985541,
    "knn_5_balanced_accuracy": 0.40885625095732625,
    "gaussian_nb_accuracy": 0.397266795979545,
    "gaussian_nb_balanced_accuracy": 0.3089071693664251,
    "lda_accuracy": 0.4482101922059602,
    "lda_balanced_accuracy": 0.3501687974040191,
    "decision_tree_3_accuracy": 0.2975665667430788,
    "decision_tree_3_balanced_accuracy": 0.17854367982863897,
    "decision_tree_1_accuracy": 0.18645741491800388,
    "decision_tree_1_balanced_accuracy": 0.06533912324234904,
    "random_tree_2_accuracy": 0.16386880620701813,
    "random_tree_2_balanced_accuracy": 0.10045569036469419
}