{
    "nb_instances": 10992,
    "log_nb_instances": 9.30492301446213,
    "nb_features": 16,
    "dataset_dimensionality": 687.0,
    "log_dataset_dimensionality": 6.532334292222349,
    "dataset_ratio": 0.001455604075691412,
    "nb_missing_vals": 0,
    "ratio_features_with_missing_vals": 0.0,
    "ratio_instances_with_missing_vals": 0.0,
    "nb_numeric_features": 16,
    "nb_categorical_features": 0,
    "ratio_numeric_categorical_features": 0.0,
    "ratio_categorical_numeric_features": 0.0,
    "nb_classes": 10,
    "class_entropy": 2.301783568095163,
    "mean_target_class_ratio": 0.10000000149011612,
    "stdev_target_class_ratio": 0.004003283102065325,
    "minority_target_class_ratio": 0.09597889333963394,
    "median_target_class_ratio": 0.09998180717229843,
    "majority_target_class_ratio": 0.10407569259405136,
    "mean_mean_numeric_features": 50.71104431152344,
    "stdev_mean_numeric_features": 16.22991180419922,
    "min_mean_numeric_features": 28.8453426361084,
    "q1_mean_numeric_features": 37.845001220703125,
    "median_mean_numeric_features": 48.5289306640625,
    "q3_mean_numeric_features": 57.780500411987305,
    "max_mean_numeric_features": 85.12026977539062,
    "mean_stdev_numeric_features": 29.77423858642578,
    "stdev_stdev_numeric_features": 6.570191383361816,
    "min_stdev_numeric_features": 16.218570709228516,
    "q1_stdev_numeric_features": 26.833261013031006,
    "median_stdev_numeric_features": 30.24149227142334,
    "q3_stdev_numeric_features": 34.16609191894531,
    "max_stdev_numeric_features": 41.760398864746094,
    "mean_var_numeric_features": 929.6726684570312,
    "stdev_var_numeric_features": 380.16131591796875,
    "min_var_numeric_features": 263.0420227050781,
    "q1_var_numeric_features": 720.1040802001953,
    "median_var_numeric_features": 914.6603698730469,
    "q3_var_numeric_features": 1167.32470703125,
    "max_var_numeric_features": 1743.9310302734375,
    "mean_min_numeric_features": 0.0,
    "stdev_min_numeric_features": 0.0,
    "min_min_numeric_features": 0.0,
    "q1_min_numeric_features": 0.0,
    "median_min_numeric_features": 0.0,
    "q3_min_numeric_features": 0.0,
    "max_min_numeric_features": 0.0,
    "mean_median_numeric_features": 49.84375,
    "stdev_median_numeric_features": 22.042373657226562,
    "min_median_numeric_features": 9.0,
    "q1_median_numeric_features": 32.75,
    "median_median_numeric_features": 48.0,
    "q3_median_numeric_features": 62.75,
    "max_median_numeric_features": 91.0,
    "mean_max_numeric_features": 100.0,
    "stdev_max_numeric_features": 0.0,
    "min_max_numeric_features": 100.0,
    "q1_max_numeric_features": 100.0,
    "median_max_numeric_features": 100.0,
    "q3_max_numeric_features": 100.0,
    "max_max_numeric_features": 100.0,
    "pca_1": 0.2832793365973184,
    "pca_2": 0.24888254345683203,
    "pca_3": 0.15365307199697634,
    "mean_entropy_categorical_features": NaN,
    "stdev_entropy_categorical_features": NaN,
    "min_entropy_categorical_features": NaN,
    "median_entropy_categorical_features": NaN,
    "max_entropy_categorical_features": NaN,
    "mean_information_gain_categorical_features": NaN,
    "stdev_information_gain_categorical_features": NaN,
    "min_information_gain_categorical_features": NaN,
    "median_information_gain_categorical_features": NaN,
    "max_information_gain_categorical_features": NaN,
    "mean_mutual_informaiton_categorical_features": NaN,
    "stdev_mutual_informaiton_categorical_features": NaN,
    "min_mutual_informaiton_categorical_features": NaN,
    "median_mutual_informaiton_categorical_features": NaN,
    "max_mutual_informaiton_categorical_features": NaN,
    "knn_5_accuracy": 0.9924492934790029,
    "knn_5_balanced_accuracy": 0.992485696970285,
    "gaussian_nb_accuracy": 0.856440536086177,
    "gaussian_nb_balanced_accuracy": 0.8553529129194682,
    "lda_accuracy": 0.8758198469732085,
    "lda_balanced_accuracy": 0.8757094508480847,
    "decision_tree_3_accuracy": 0.59315856616106,
    "decision_tree_3_balanced_accuracy": 0.5898368249043583,
    "decision_tree_1_accuracy": 0.19778023843247466,
    "decision_tree_1_balanced_accuracy": 0.19549356204256124,
    "random_tree_2_accuracy": 0.35325681579972035,
    "random_tree_2_balanced_accuracy": 0.3466341470660569
}