{
    "nb_instances": 349,
    "log_nb_instances": 5.855071922202427,
    "nb_features": 44,
    "dataset_dimensionality": 7.931818181818182,
    "log_dataset_dimensionality": 2.070882288284166,
    "dataset_ratio": 0.12607449856733524,
    "nb_missing_vals": 0,
    "ratio_features_with_missing_vals": 0.0,
    "ratio_instances_with_missing_vals": 0.0,
    "nb_numeric_features": 44,
    "nb_categorical_features": 0,
    "ratio_numeric_categorical_features": 0.0,
    "ratio_categorical_numeric_features": 0.0,
    "nb_classes": 2,
    "class_entropy": 0.5854409522174424,
    "mean_target_class_ratio": 0.5,
    "stdev_target_class_ratio": 0.22779369354248047,
    "minority_target_class_ratio": 0.27220630645751953,
    "median_target_class_ratio": 0.5,
    "majority_target_class_ratio": 0.7277936935424805,
    "mean_mean_numeric_features": 65.03223419189453,
    "stdev_mean_numeric_features": 4.638521671295166,
    "min_mean_numeric_features": 51.6733512878418,
    "q1_mean_numeric_features": 62.192694664001465,
    "median_mean_numeric_features": 65.18051528930664,
    "q3_mean_numeric_features": 67.79083251953125,
    "max_mean_numeric_features": 74.06303405761719,
    "mean_stdev_numeric_features": 9.312904357910156,
    "stdev_stdev_numeric_features": 2.2389631271362305,
    "min_stdev_numeric_features": 5.882905006408691,
    "q1_stdev_numeric_features": 7.709760427474976,
    "median_stdev_numeric_features": 8.8166823387146,
    "q3_stdev_numeric_features": 10.397911787033081,
    "max_stdev_numeric_features": 14.538552284240723,
    "mean_var_numeric_features": 91.74314880371094,
    "stdev_var_numeric_features": 45.96153259277344,
    "min_var_numeric_features": 34.60857009887695,
    "q1_var_numeric_features": 59.441022872924805,
    "median_var_numeric_features": 77.73390197753906,
    "q3_var_numeric_features": 108.16641044616699,
    "max_var_numeric_features": 211.36949157714844,
    "mean_min_numeric_features": 18.954545974731445,
    "stdev_min_numeric_features": 10.593640327453613,
    "min_min_numeric_features": 3.0,
    "q1_min_numeric_features": 11.0,
    "median_min_numeric_features": 17.5,
    "q3_min_numeric_features": 27.25,
    "max_min_numeric_features": 40.0,
    "mean_median_numeric_features": 66.90908813476562,
    "stdev_median_numeric_features": 4.268372535705566,
    "min_median_numeric_features": 56.0,
    "q1_median_numeric_features": 64.75,
    "median_median_numeric_features": 67.0,
    "q3_median_numeric_features": 70.0,
    "max_median_numeric_features": 75.0,
    "mean_max_numeric_features": 81.13636016845703,
    "stdev_max_numeric_features": 3.2234292030334473,
    "min_max_numeric_features": 73.0,
    "q1_max_numeric_features": 79.0,
    "median_max_numeric_features": 81.0,
    "q3_max_numeric_features": 83.0,
    "max_max_numeric_features": 89.0,
    "pca_1": 0.382579798249369,
    "pca_2": 0.1459468900515799,
    "pca_3": 0.07065117728790327,
    "mean_entropy_categorical_features": NaN,
    "stdev_entropy_categorical_features": NaN,
    "min_entropy_categorical_features": NaN,
    "median_entropy_categorical_features": NaN,
    "max_entropy_categorical_features": NaN,
    "mean_information_gain_categorical_features": NaN,
    "stdev_information_gain_categorical_features": NaN,
    "min_information_gain_categorical_features": NaN,
    "median_information_gain_categorical_features": NaN,
    "max_information_gain_categorical_features": NaN,
    "mean_mutual_informaiton_categorical_features": NaN,
    "stdev_mutual_informaiton_categorical_features": NaN,
    "min_mutual_informaiton_categorical_features": NaN,
    "median_mutual_informaiton_categorical_features": NaN,
    "max_mutual_informaiton_categorical_features": NaN,
    "knn_5_accuracy": 0.733416149068323,
    "knn_5_balanced_accuracy": 0.7001237879913985,
    "gaussian_nb_accuracy": 0.7135817805383022,
    "gaussian_nb_balanced_accuracy": 0.769421310555535,
    "lda_accuracy": 0.7478260869565216,
    "lda_balanced_accuracy": 0.6808652724117707,
    "decision_tree_3_accuracy": 0.7735817805383022,
    "decision_tree_3_balanced_accuracy": 0.7352295482295481,
    "decision_tree_1_accuracy": 0.7161076604554865,
    "decision_tree_1_balanced_accuracy": 0.5409722222222222,
    "random_tree_2_accuracy": 0.7276604554865423,
    "random_tree_2_balanced_accuracy": 0.5
}