{
    "nb_instances": 366,
    "log_nb_instances": 5.902633333401366,
    "nb_features": 34,
    "dataset_dimensionality": 10.764705882352942,
    "log_dataset_dimensionality": 2.3762728087852047,
    "dataset_ratio": 0.09289617486338798,
    "nb_missing_vals": 8,
    "ratio_features_with_missing_vals": 0.00273224043715847,
    "ratio_instances_with_missing_vals": 0.02185792349726776,
    "nb_numeric_features": 1,
    "nb_categorical_features": 33,
    "ratio_numeric_categorical_features": 0.030303030303030304,
    "ratio_categorical_numeric_features": 33.0,
    "nb_classes": 6,
    "class_entropy": 1.6861479418343899,
    "mean_target_class_ratio": 0.1666666716337204,
    "stdev_target_class_ratio": 0.0758822113275528,
    "minority_target_class_ratio": 0.054644808173179626,
    "median_target_class_ratio": 0.15437158942222595,
    "majority_target_class_ratio": 0.3060109317302704,
    "mean_mean_numeric_features": 36.29608917236328,
    "stdev_mean_numeric_features": 0.0,
    "min_mean_numeric_features": 36.29608917236328,
    "q1_mean_numeric_features": 36.29608917236328,
    "median_mean_numeric_features": 36.29608917236328,
    "q3_mean_numeric_features": 36.29608917236328,
    "max_mean_numeric_features": 36.29608917236328,
    "mean_stdev_numeric_features": 15.324557304382324,
    "stdev_stdev_numeric_features": 0.0,
    "min_stdev_numeric_features": 15.324557304382324,
    "q1_stdev_numeric_features": 15.324557304382324,
    "median_stdev_numeric_features": 15.324557304382324,
    "q3_stdev_numeric_features": 15.324557304382324,
    "max_stdev_numeric_features": 15.324557304382324,
    "mean_var_numeric_features": 234.84205627441406,
    "stdev_var_numeric_features": 0.0,
    "min_var_numeric_features": 234.84205627441406,
    "q1_var_numeric_features": 234.84205627441406,
    "median_var_numeric_features": 234.84205627441406,
    "q3_var_numeric_features": 234.84205627441406,
    "max_var_numeric_features": 234.84205627441406,
    "mean_min_numeric_features": 0.0,
    "stdev_min_numeric_features": 0.0,
    "min_min_numeric_features": 0.0,
    "q1_min_numeric_features": 0.0,
    "median_min_numeric_features": 0.0,
    "q3_min_numeric_features": 0.0,
    "max_min_numeric_features": 0.0,
    "mean_median_numeric_features": 35.0,
    "stdev_median_numeric_features": 0.0,
    "min_median_numeric_features": 35.0,
    "q1_median_numeric_features": 35.0,
    "median_median_numeric_features": 35.0,
    "q3_median_numeric_features": 35.0,
    "max_median_numeric_features": 35.0,
    "mean_max_numeric_features": 75.0,
    "stdev_max_numeric_features": 0.0,
    "min_max_numeric_features": 75.0,
    "q1_max_numeric_features": 75.0,
    "median_max_numeric_features": 75.0,
    "q3_max_numeric_features": 75.0,
    "max_max_numeric_features": 75.0,
    "pca_1": 1.0,
    "mean_entropy_categorical_features": 0.8299133777618408,
    "stdev_entropy_categorical_features": 0.29368719458580017,
    "min_entropy_categorical_features": 0.27773231267929077,
    "median_entropy_categorical_features": 0.8766713738441467,
    "max_entropy_categorical_features": 1.3657649755477905,
    "mean_information_gain_categorical_features": 0.4742320477962494,
    "stdev_information_gain_categorical_features": 0.1944245994091034,
    "min_information_gain_categorical_features": 0.11094252020120621,
    "median_information_gain_categorical_features": 0.4784261882305145,
    "max_information_gain_categorical_features": 0.9746111035346985,
    "mean_mutual_informaiton_categorical_features": 0.31391334533691406,
    "stdev_mutual_informaiton_categorical_features": 0.15799523890018463,
    "min_mutual_informaiton_categorical_features": 0.06809894740581512,
    "median_mutual_informaiton_categorical_features": 0.3076060712337494,
    "max_mutual_informaiton_categorical_features": 0.5994452834129333,
    "knn_5_accuracy": 0.8605242566510173,
    "knn_5_balanced_accuracy": 0.8540751394479464,
    "gaussian_nb_accuracy": 0.8743740219092333,
    "gaussian_nb_balanced_accuracy": 0.867148407148407,
    "lda_accuracy": 0.9692879499217527,
    "lda_balanced_accuracy": 0.9623511727923493,
    "decision_tree_3_accuracy": 0.8014084507042254,
    "decision_tree_3_balanced_accuracy": 0.6824630160499725,
    "decision_tree_1_accuracy": 0.508528951486698,
    "decision_tree_1_balanced_accuracy": 0.3333333333333333,
    "random_tree_2_accuracy": 0.68141627543036,
    "random_tree_2_balanced_accuracy": 0.5149789562289562
}