{
    "nb_instances": 2310,
    "log_nb_instances": 7.745002803515839,
    "nb_features": 19,
    "dataset_dimensionality": 121.57894736842105,
    "log_dataset_dimensionality": 4.800563824349399,
    "dataset_ratio": 0.008225108225108226,
    "nb_missing_vals": 0,
    "ratio_features_with_missing_vals": 0.0,
    "ratio_instances_with_missing_vals": 0.0,
    "nb_numeric_features": 19,
    "nb_categorical_features": 0,
    "ratio_numeric_categorical_features": 0.0,
    "ratio_categorical_numeric_features": 0.0,
    "nb_classes": 7,
    "class_entropy": 1.945910149055313,
    "mean_target_class_ratio": 0.1428571492433548,
    "stdev_target_class_ratio": 0.0,
    "minority_target_class_ratio": 0.1428571492433548,
    "median_target_class_ratio": 0.1428571492433548,
    "majority_target_class_ratio": 0.1428571492433548,
    "mean_mean_numeric_features": 24.633146286010742,
    "stdev_mean_numeric_features": 38.25170135498047,
    "min_mean_numeric_features": -12.690860748291016,
    "q1_mean_numeric_features": 0.22061338322237134,
    "median_mean_numeric_features": 8.243692398071289,
    "q3_mean_numeric_features": 35.59859657287598,
    "max_mean_numeric_features": 124.91385650634766,
    "mean_stdev_numeric_features": 25.314714431762695,
    "stdev_stdev_numeric_features": 23.327136993408203,
    "min_stdev_numeric_features": 0.0,
    "q1_stdev_numeric_features": 2.122122049331665,
    "median_stdev_numeric_features": 19.571819305419922,
    "q3_stdev_numeric_features": 43.224609375,
    "max_stdev_numeric_features": 72.95653533935547,
    "mean_var_numeric_features": 1184.9901123046875,
    "stdev_var_numeric_features": 1471.2020263671875,
    "min_var_numeric_features": 0.0,
    "q1_var_numeric_features": 4.836085081100464,
    "median_var_numeric_features": 383.05609130859375,
    "q3_var_numeric_features": 1868.4586181640625,
    "max_var_numeric_features": 5322.65576171875,
    "mean_min_numeric_features": -4.107588291168213,
    "stdev_min_numeric_features": 13.88258171081543,
    "min_min_numeric_features": -49.66669845581055,
    "q1_min_numeric_features": -7.947299707211641e-09,
    "median_min_numeric_features": 0.0,
    "q3_min_numeric_features": 0.0,
    "max_min_numeric_features": 11.0,
    "mean_median_numeric_features": 19.499492645263672,
    "stdev_median_numeric_features": 36.895599365234375,
    "min_median_numeric_features": -10.888899803161621,
    "q1_median_numeric_features": 0.18740150332450867,
    "median_median_numeric_features": 1.4444400072097778,
    "q3_median_numeric_features": 20.962949752807617,
    "max_median_numeric_features": 122.0,
    "mean_max_numeric_features": 200.6265869140625,
    "stdev_max_numeric_features": 354.2055969238281,
    "min_max_numeric_features": 0.2222220003604889,
    "q1_max_numeric_features": 9.444445133209229,
    "median_max_numeric_features": 82.0,
    "q3_max_numeric_features": 150.88900756835938,
    "max_max_numeric_features": 1386.3299560546875,
    "pca_1": 0.4060896467459525,
    "pca_2": 0.2362819406824837,
    "pca_3": 0.21024996930866557,
    "mean_entropy_categorical_features": NaN,
    "stdev_entropy_categorical_features": NaN,
    "min_entropy_categorical_features": NaN,
    "median_entropy_categorical_features": NaN,
    "max_entropy_categorical_features": NaN,
    "mean_information_gain_categorical_features": NaN,
    "stdev_information_gain_categorical_features": NaN,
    "min_information_gain_categorical_features": NaN,
    "median_information_gain_categorical_features": NaN,
    "max_information_gain_categorical_features": NaN,
    "mean_mutual_informaiton_categorical_features": NaN,
    "stdev_mutual_informaiton_categorical_features": NaN,
    "min_mutual_informaiton_categorical_features": NaN,
    "median_mutual_informaiton_categorical_features": NaN,
    "max_mutual_informaiton_categorical_features": NaN,
    "knn_5_accuracy": 0.9424242424242426,
    "knn_5_balanced_accuracy": 0.9427779691969395,
    "gaussian_nb_accuracy": 0.7974025974025973,
    "gaussian_nb_balanced_accuracy": 0.7982803958490114,
    "lda_accuracy": 0.9155844155844155,
    "lda_balanced_accuracy": 0.9158837657260562,
    "decision_tree_3_accuracy": 0.8116883116883118,
    "decision_tree_3_balanced_accuracy": 0.8117253104741081,
    "decision_tree_1_accuracy": 0.26536796536796536,
    "decision_tree_1_balanced_accuracy": 0.28525345622119813,
    "random_tree_2_accuracy": 0.5480519480519479,
    "random_tree_2_balanced_accuracy": 0.5545163647582241
}