{
    "nb_instances": 768,
    "log_nb_instances": 6.643789733147672,
    "nb_features": 8,
    "dataset_dimensionality": 96.0,
    "log_dataset_dimensionality": 4.564348191467836,
    "dataset_ratio": 0.010416666666666666,
    "nb_missing_vals": 0,
    "ratio_features_with_missing_vals": 0.0,
    "ratio_instances_with_missing_vals": 0.0,
    "nb_numeric_features": 8,
    "nb_categorical_features": 0,
    "ratio_numeric_categorical_features": 0.0,
    "ratio_categorical_numeric_features": 0.0,
    "nb_classes": 2,
    "class_entropy": 0.6467994206632901,
    "mean_target_class_ratio": 0.5,
    "stdev_target_class_ratio": 0.1510416716337204,
    "minority_target_class_ratio": 0.3489583432674408,
    "median_target_class_ratio": 0.5000000149011612,
    "majority_target_class_ratio": 0.6510416865348816,
    "mean_mean_numeric_features": 44.98579406738281,
    "stdev_mean_numeric_features": 38.94623565673828,
    "min_mean_numeric_features": 0.4718762934207916,
    "q1_mean_numeric_features": 16.363607227802277,
    "median_mean_numeric_features": 32.616732597351074,
    "q3_mean_numeric_features": 71.77897071838379,
    "max_mean_numeric_features": 120.89453125,
    "mean_stdev_numeric_features": 25.73374366760254,
    "stdev_stdev_numeric_features": 35.08324432373047,
    "min_stdev_numeric_features": 0.3313286006450653,
    "q1_stdev_numeric_features": 6.755514919757843,
    "median_stdev_numeric_features": 13.856224536895752,
    "q3_stdev_numeric_features": 22.510009288787842,
    "max_stdev_numeric_features": 115.24400329589844,
    "mean_var_numeric_features": 1893.0594482421875,
    "stdev_var_numeric_features": 4315.576171875,
    "min_var_numeric_features": 0.10977863520383835,
    "q1_var_numeric_features": 49.458502531051636,
    "median_var_numeric_features": 196.38814544677734,
    "q3_var_numeric_features": 536.5475311279297,
    "max_var_numeric_features": 13281.1796875,
    "mean_min_numeric_features": 2.6347498893737793,
    "stdev_min_numeric_features": 6.941458702087402,
    "min_min_numeric_features": 0.0,
    "q1_min_numeric_features": 0.0,
    "median_min_numeric_features": 0.0,
    "q3_min_numeric_features": 0.019500000402331352,
    "max_min_numeric_features": 21.0,
    "mean_median_numeric_features": 38.35906219482422,
    "stdev_median_numeric_features": 36.116214752197266,
    "min_median_numeric_features": 0.3725000023841858,
    "q1_median_numeric_features": 18.0,
    "median_median_numeric_features": 29.75,
    "q3_median_numeric_features": 42.0,
    "max_median_numeric_features": 117.0,
    "mean_max_numeric_features": 179.19000244140625,
    "stdev_max_numeric_features": 258.4781799316406,
    "min_max_numeric_features": 2.4200000762939453,
    "q1_max_numeric_features": 54.57499885559082,
    "median_max_numeric_features": 90.0,
    "q3_max_numeric_features": 141.25,
    "max_max_numeric_features": 846.0,
    "pca_1": 0.8885466345756247,
    "pca_2": 0.061590783745876336,
    "pca_3": 0.025790118917661406,
    "mean_entropy_categorical_features": NaN,
    "stdev_entropy_categorical_features": NaN,
    "min_entropy_categorical_features": NaN,
    "median_entropy_categorical_features": NaN,
    "max_entropy_categorical_features": NaN,
    "mean_information_gain_categorical_features": NaN,
    "stdev_information_gain_categorical_features": NaN,
    "min_information_gain_categorical_features": NaN,
    "median_information_gain_categorical_features": NaN,
    "max_information_gain_categorical_features": NaN,
    "mean_mutual_informaiton_categorical_features": NaN,
    "stdev_mutual_informaiton_categorical_features": NaN,
    "min_mutual_informaiton_categorical_features": NaN,
    "median_mutual_informaiton_categorical_features": NaN,
    "max_mutual_informaiton_categorical_features": NaN,
    "knn_5_accuracy": 0.7174518292165352,
    "knn_5_balanced_accuracy": 0.6742905638434342,
    "gaussian_nb_accuracy": 0.7474068415244886,
    "gaussian_nb_balanced_accuracy": 0.7140798399455017,
    "lda_accuracy": 0.7695272048213224,
    "lda_balanced_accuracy": 0.7200896489844582,
    "decision_tree_3_accuracy": 0.7343688990747814,
    "decision_tree_3_balanced_accuracy": 0.6693600937877973,
    "decision_tree_1_accuracy": 0.7200322553263729,
    "decision_tree_1_balanced_accuracy": 0.6777942842747837,
    "random_tree_2_accuracy": 0.7109498344792463,
    "random_tree_2_balanced_accuracy": 0.5927021466750733
}