{
    "nb_instances": 9961,
    "log_nb_instances": 9.206432747145165,
    "nb_features": 14,
    "dataset_dimensionality": 711.5,
    "log_dataset_dimensionality": 6.567375417529907,
    "dataset_ratio": 0.0014054813773717498,
    "nb_missing_vals": 0,
    "ratio_features_with_missing_vals": 0.0,
    "ratio_instances_with_missing_vals": 0.0,
    "nb_numeric_features": 14,
    "nb_categorical_features": 0,
    "ratio_numeric_categorical_features": 0.0,
    "ratio_categorical_numeric_features": 0.0,
    "nb_classes": 9,
    "class_entropy": 2.170984968880227,
    "mean_target_class_ratio": 0.1111111119389534,
    "stdev_target_class_ratio": 0.026021093130111694,
    "minority_target_class_ratio": 0.07850617170333862,
    "median_target_class_ratio": 0.10149583220481873,
    "majority_target_class_ratio": 0.16203191876411438,
    "mean_mean_numeric_features": 2.053272247314453,
    "stdev_mean_numeric_features": 5.559463977813721,
    "min_mean_numeric_features": -0.5287156701087952,
    "q1_mean_numeric_features": -0.20161067321896553,
    "median_mean_numeric_features": -0.0352013660594821,
    "q3_mean_numeric_features": 0.22892851382493973,
    "max_mean_numeric_features": 20.364320755004883,
    "mean_stdev_numeric_features": 1.7055515050888062,
    "stdev_stdev_numeric_features": 4.133817672729492,
    "min_stdev_numeric_features": 0.09799855947494507,
    "q1_stdev_numeric_features": 0.16509714350104332,
    "median_stdev_numeric_features": 0.22715601325035095,
    "q3_stdev_numeric_features": 0.36528218537569046,
    "max_stdev_numeric_features": 15.878836631774902,
    "mean_var_numeric_features": 19.997356414794922,
    "stdev_var_numeric_features": 64.75482177734375,
    "min_var_numeric_features": 0.009603717364370823,
    "q1_var_numeric_features": 0.027337530627846718,
    "median_var_numeric_features": 0.05285198614001274,
    "q3_var_numeric_features": 0.13456427492201328,
    "max_var_numeric_features": 252.13743591308594,
    "mean_min_numeric_features": -0.5036832094192505,
    "stdev_min_numeric_features": 0.7055309414863586,
    "min_min_numeric_features": -1.8527649641036987,
    "q1_min_numeric_features": -0.778923511505127,
    "median_min_numeric_features": -0.6210879981517792,
    "q3_min_numeric_features": -0.44600676000118256,
    "max_min_numeric_features": 1.0,
    "mean_median_numeric_features": 1.8363659381866455,
    "stdev_median_numeric_features": 4.943525791168213,
    "min_median_numeric_features": -0.5464069843292236,
    "q1_median_numeric_features": -0.20931825041770935,
    "median_median_numeric_features": -0.03912699967622757,
    "q3_median_numeric_features": 0.24094824865460396,
    "max_median_numeric_features": 18.0,
    "mean_max_numeric_features": 8.95825481414795,
    "stdev_max_numeric_features": 23.100496292114258,
    "min_max_numeric_features": 0.27783000469207764,
    "q1_max_numeric_features": 0.40084198862314224,
    "median_max_numeric_features": 0.5842509865760803,
    "q3_max_numeric_features": 1.2254089713096619,
    "max_max_numeric_features": 88.0,
    "pca_1": 0.9011883034090153,
    "pca_2": 0.09650691987998962,
    "pca_3": 0.0008682078223199994,
    "mean_entropy_categorical_features": NaN,
    "stdev_entropy_categorical_features": NaN,
    "min_entropy_categorical_features": NaN,
    "median_entropy_categorical_features": NaN,
    "max_entropy_categorical_features": NaN,
    "mean_information_gain_categorical_features": NaN,
    "stdev_information_gain_categorical_features": NaN,
    "min_information_gain_categorical_features": NaN,
    "median_information_gain_categorical_features": NaN,
    "max_information_gain_categorical_features": NaN,
    "mean_mutual_informaiton_categorical_features": NaN,
    "stdev_mutual_informaiton_categorical_features": NaN,
    "min_mutual_informaiton_categorical_features": NaN,
    "median_mutual_informaiton_categorical_features": NaN,
    "max_mutual_informaiton_categorical_features": NaN,
    "knn_5_accuracy": 0.4552754419585014,
    "knn_5_balanced_accuracy": 0.4368339570234262,
    "gaussian_nb_accuracy": 0.8579450264681405,
    "gaussian_nb_balanced_accuracy": 0.8490533051869564,
    "lda_accuracy": 0.9275177982376068,
    "lda_balanced_accuracy": 0.9249597402238153,
    "decision_tree_3_accuracy": 0.5866855782386949,
    "decision_tree_3_balanced_accuracy": 0.5742086985069432,
    "decision_tree_1_accuracy": 0.25900929357167757,
    "decision_tree_1_balanced_accuracy": 0.211728837883288,
    "random_tree_2_accuracy": 0.34745580414986593,
    "random_tree_2_balanced_accuracy": 0.2893104491446992
}