{
    "nb_instances": 600,
    "log_nb_instances": 6.396929655216146,
    "nb_features": 60,
    "dataset_dimensionality": 10.0,
    "log_dataset_dimensionality": 2.302585092994046,
    "dataset_ratio": 0.1,
    "nb_missing_vals": 0,
    "ratio_features_with_missing_vals": 0.0,
    "ratio_instances_with_missing_vals": 0.0,
    "nb_numeric_features": 60,
    "nb_categorical_features": 0,
    "ratio_numeric_categorical_features": 0.0,
    "ratio_categorical_numeric_features": 0.0,
    "nb_classes": 6,
    "class_entropy": 1.7917594692280547,
    "mean_target_class_ratio": 0.1666666716337204,
    "stdev_target_class_ratio": 0.0,
    "minority_target_class_ratio": 0.1666666716337204,
    "median_target_class_ratio": 0.1666666716337204,
    "majority_target_class_ratio": 0.1666666716337204,
    "mean_mean_numeric_features": 30.092164993286133,
    "stdev_mean_numeric_features": 0.7425225973129272,
    "min_mean_numeric_features": 28.15420913696289,
    "q1_mean_numeric_features": 29.731709957122803,
    "median_mean_numeric_features": 30.0883846282959,
    "q3_mean_numeric_features": 30.449301719665527,
    "max_mean_numeric_features": 32.22962951660156,
    "mean_stdev_numeric_features": 9.751691818237305,
    "stdev_stdev_numeric_features": 3.771585702896118,
    "min_stdev_numeric_features": 3.4955074787139893,
    "q1_stdev_numeric_features": 5.846674203872681,
    "median_stdev_numeric_features": 9.569689750671387,
    "q3_stdev_numeric_features": 13.316226959228516,
    "max_stdev_numeric_features": 15.601414680480957,
    "mean_var_numeric_features": 109.32035064697266,
    "stdev_var_numeric_features": 74.3631362915039,
    "min_var_numeric_features": 12.218571662902832,
    "q1_var_numeric_features": 34.18360233306885,
    "median_var_numeric_features": 91.57948303222656,
    "q3_var_numeric_features": 177.35665893554688,
    "max_var_numeric_features": 243.4041290283203,
    "mean_min_numeric_features": 7.9789137840271,
    "stdev_min_numeric_features": 7.466766357421875,
    "min_min_numeric_features": -5.114930152893066,
    "q1_min_numeric_features": 2.633265048265457,
    "median_min_numeric_features": 6.193660020828247,
    "q3_min_numeric_features": 11.888450384140015,
    "max_min_numeric_features": 24.003299713134766,
    "mean_median_numeric_features": 30.03497314453125,
    "stdev_median_numeric_features": 0.7885565757751465,
    "min_median_numeric_features": 28.136150360107422,
    "q1_median_numeric_features": 29.55227565765381,
    "median_median_numeric_features": 30.1564998626709,
    "q3_median_numeric_features": 30.500274181365967,
    "max_median_numeric_features": 31.841249465942383,
    "mean_max_numeric_features": 52.82164001464844,
    "stdev_max_numeric_features": 6.395176887512207,
    "min_max_numeric_features": 36.027198791503906,
    "q1_max_numeric_features": 49.5059232711792,
    "median_max_numeric_features": 54.09149932861328,
    "q3_max_numeric_features": 56.317198753356934,
    "max_max_numeric_features": 63.82809829711914,
    "pca_1": 0.7329352504503812,
    "pca_2": 0.03842951525475668,
    "pca_3": 0.031858334043142575,
    "mean_entropy_categorical_features": NaN,
    "stdev_entropy_categorical_features": NaN,
    "min_entropy_categorical_features": NaN,
    "median_entropy_categorical_features": NaN,
    "max_entropy_categorical_features": NaN,
    "mean_information_gain_categorical_features": NaN,
    "stdev_information_gain_categorical_features": NaN,
    "min_information_gain_categorical_features": NaN,
    "median_information_gain_categorical_features": NaN,
    "max_information_gain_categorical_features": NaN,
    "mean_mutual_informaiton_categorical_features": NaN,
    "stdev_mutual_informaiton_categorical_features": NaN,
    "min_mutual_informaiton_categorical_features": NaN,
    "median_mutual_informaiton_categorical_features": NaN,
    "max_mutual_informaiton_categorical_features": NaN,
    "knn_5_accuracy": 0.99,
    "knn_5_balanced_accuracy": 0.9907159833630421,
    "gaussian_nb_accuracy": 0.95,
    "gaussian_nb_balanced_accuracy": 0.9517628396989011,
    "lda_accuracy": 0.9766666666666666,
    "lda_balanced_accuracy": 0.9770307475462273,
    "decision_tree_3_accuracy": 0.775,
    "decision_tree_3_balanced_accuracy": 0.7763984220749264,
    "decision_tree_1_accuracy": 0.2833333333333333,
    "decision_tree_1_balanced_accuracy": 0.32949561403508765,
    "random_tree_2_accuracy": 0.5333333333333333,
    "random_tree_2_balanced_accuracy": 0.5572449746488984
}