{
    "nb_instances": 3772,
    "log_nb_instances": 8.235360643753348,
    "nb_features": 29,
    "dataset_dimensionality": 130.06896551724137,
    "log_dataset_dimensionality": 4.868064813766874,
    "dataset_ratio": 0.0076882290562036056,
    "nb_missing_vals": 6064,
    "ratio_features_with_missing_vals": 0.0021208907741251328,
    "ratio_instances_with_missing_vals": 1.0,
    "nb_numeric_features": 7,
    "nb_categorical_features": 22,
    "ratio_numeric_categorical_features": 0.3181818181818182,
    "ratio_categorical_numeric_features": 3.142857142857143,
    "nb_classes": 2,
    "class_entropy": 0.2303678505246139,
    "mean_target_class_ratio": 0.5,
    "stdev_target_class_ratio": 0.4387592673301697,
    "minority_target_class_ratio": 0.06124072149395943,
    "median_target_class_ratio": 0.49999999441206455,
    "majority_target_class_ratio": 0.9387592673301697,
    "mean_mean_numeric_features": 46.40151596069336,
    "stdev_mean_numeric_features": 47.50286865234375,
    "min_mean_numeric_features": 0.9956504106521606,
    "q1_mean_numeric_features": 2.7598570585250854,
    "median_mean_numeric_features": 29.058851957321167,
    "q3_mean_numeric_features": 94.16444206237793,
    "max_mean_numeric_features": 109.43590545654297,
    "mean_stdev_numeric_features": 18.882612228393555,
    "stdev_stdev_numeric_features": 13.92198657989502,
    "min_stdev_numeric_features": 0.19644467532634735,
    "q1_stdev_numeric_features": 5.709851950407028,
    "median_stdev_numeric_features": 22.171408653259277,
    "q3_stdev_numeric_features": 30.347830295562744,
    "max_stdev_numeric_features": 35.4604377746582,
    "mean_var_numeric_features": 550.3746948242188,
    "stdev_var_numeric_features": 479.23992919921875,
    "min_var_numeric_features": 0.03859051316976547,
    "q1_var_numeric_features": 104.22251082956791,
    "median_var_numeric_features": 494.8237762451172,
    "q3_var_numeric_features": 934.5290679931641,
    "max_var_numeric_features": 1257.442626953125,
    "mean_min_numeric_features": 0.8841666579246521,
    "stdev_min_numeric_features": 0.8538657426834106,
    "min_min_numeric_features": 0.004999999888241291,
    "q1_min_numeric_features": 0.10000000055879354,
    "median_min_numeric_features": 0.625,
    "q3_min_numeric_features": 1.75,
    "max_min_numeric_features": 2.0,
    "mean_median_numeric_features": 44.880001068115234,
    "stdev_median_numeric_features": 46.55527877807617,
    "min_median_numeric_features": 0.9800000190734863,
    "q1_median_numeric_features": 1.4749999642372131,
    "median_median_numeric_features": 28.5,
    "q3_median_numeric_features": 91.0,
    "max_median_numeric_features": 107.0,
    "mean_max_numeric_features": 303.7866516113281,
    "stdev_max_numeric_features": 214.1840362548828,
    "min_max_numeric_features": 2.119999885559082,
    "q1_max_numeric_features": 106.7000002861023,
    "median_max_numeric_features": 412.5,
    "q3_max_numeric_features": 448.75,
    "max_max_numeric_features": 530.0,
    "pca_1": 0.6517855402845278,
    "pca_2": 0.15354862400319438,
    "pca_3": 0.1267529837169269,
    "mean_entropy_categorical_features": 0.15970419347286224,
    "stdev_entropy_categorical_features": 0.262902170419693,
    "min_entropy_categorical_features": 0.0,
    "median_entropy_categorical_features": 0.06713487952947617,
    "max_entropy_categorical_features": 1.1596267223358154,
    "mean_information_gain_categorical_features": 0.004836291074752808,
    "stdev_information_gain_categorical_features": 0.01882261410355568,
    "min_information_gain_categorical_features": 0.0,
    "median_information_gain_categorical_features": 0.0004476993635762483,
    "max_information_gain_categorical_features": 0.0909922793507576,
    "mean_mutual_informaiton_categorical_features": 0.0025033808778971434,
    "stdev_mutual_informaiton_categorical_features": 0.00816053431481123,
    "min_mutual_informaiton_categorical_features": -8.881784197001252e-16,
    "median_mutual_informaiton_categorical_features": 0.0004476993635762483,
    "max_mutual_informaiton_categorical_features": 0.0396682545542717,
    "knn_5_accuracy": NaN,
    "knn_5_balanced_accuracy": NaN,
    "gaussian_nb_accuracy": NaN,
    "gaussian_nb_balanced_accuracy": NaN,
    "lda_accuracy": NaN,
    "lda_balanced_accuracy": NaN,
    "decision_tree_3_accuracy": NaN,
    "decision_tree_3_balanced_accuracy": NaN,
    "decision_tree_1_accuracy": NaN,
    "decision_tree_1_balanced_accuracy": NaN,
    "random_tree_2_accuracy": NaN,
    "random_tree_2_balanced_accuracy": NaN
}