{
    "nb_instances": 336,
    "log_nb_instances": 5.817111159963204,
    "nb_features": 7,
    "dataset_dimensionality": 48.0,
    "log_dataset_dimensionality": 3.871201010907891,
    "dataset_ratio": 0.020833333333333332,
    "nb_missing_vals": 0,
    "ratio_features_with_missing_vals": 0.0,
    "ratio_instances_with_missing_vals": 0.0,
    "nb_numeric_features": 7,
    "nb_categorical_features": 0,
    "ratio_numeric_categorical_features": 0.0,
    "ratio_categorical_numeric_features": 0.0,
    "nb_classes": 8,
    "class_entropy": 1.517122829952031,
    "mean_target_class_ratio": 0.125,
    "stdev_target_class_ratio": 0.1356862187385559,
    "minority_target_class_ratio": 0.0059523810632526875,
    "median_target_class_ratio": 0.08184523694217205,
    "majority_target_class_ratio": 0.425595223903656,
    "mean_mean_numeric_features": 0.49956634640693665,
    "stdev_mean_numeric_features": 0.0017513608327135444,
    "min_mean_numeric_features": 0.4954761862754822,
    "q1_mean_numeric_features": 0.4998660683631897,
    "median_mean_numeric_features": 0.5000297427177429,
    "q3_mean_numeric_features": 0.5001190602779388,
    "max_mean_numeric_features": 0.5014880895614624,
    "mean_stdev_numeric_features": 0.14372870326042175,
    "stdev_stdev_numeric_features": 0.06456439942121506,
    "min_stdev_numeric_features": 0.027277236804366112,
    "q1_stdev_numeric_features": 0.10543550550937653,
    "median_stdev_numeric_features": 0.14815683662891388,
    "q3_stdev_numeric_features": 0.2020222470164299,
    "max_stdev_numeric_features": 0.2157513052225113,
    "mean_var_numeric_features": 0.024826498702168465,
    "stdev_var_numeric_features": 0.016811605542898178,
    "min_var_numeric_features": 0.0007440476329065859,
    "q1_var_numeric_features": 0.011403616983443499,
    "median_var_numeric_features": 0.02195044793188572,
    "q3_var_numeric_features": 0.04086757451295853,
    "max_var_numeric_features": 0.04654862359166145,
    "mean_min_numeric_features": 0.167142853140831,
    "stdev_min_numeric_features": 0.21089701354503632,
    "min_min_numeric_features": 0.0,
    "q1_min_numeric_features": 0.0,
    "median_min_numeric_features": 0.029999999329447746,
    "q3_min_numeric_features": 0.3199999928474426,
    "max_min_numeric_features": 0.5,
    "mean_median_numeric_features": 0.4757142961025238,
    "stdev_median_numeric_features": 0.02426469326019287,
    "min_median_numeric_features": 0.4300000071525574,
    "q1_median_numeric_features": 0.4625000059604645,
    "median_median_numeric_features": 0.47999998927116394,
    "q3_median_numeric_features": 0.4975000023841858,
    "max_median_numeric_features": 0.5,
    "mean_max_numeric_features": 0.9657143354415894,
    "stdev_max_numeric_features": 0.05122977867722511,
    "min_max_numeric_features": 0.8799999952316284,
    "q1_max_numeric_features": 0.9399999976158142,
    "median_max_numeric_features": 1.0,
    "q3_max_numeric_features": 1.0,
    "max_max_numeric_features": 1.0,
    "pca_1": 0.5161680983731982,
    "pca_2": 0.24420339937717836,
    "pca_3": 0.08419873552175047,
    "mean_entropy_categorical_features": NaN,
    "stdev_entropy_categorical_features": NaN,
    "min_entropy_categorical_features": NaN,
    "median_entropy_categorical_features": NaN,
    "max_entropy_categorical_features": NaN,
    "mean_information_gain_categorical_features": NaN,
    "stdev_information_gain_categorical_features": NaN,
    "min_information_gain_categorical_features": NaN,
    "median_information_gain_categorical_features": NaN,
    "max_information_gain_categorical_features": NaN,
    "mean_mutual_informaiton_categorical_features": NaN,
    "stdev_mutual_informaiton_categorical_features": NaN,
    "min_mutual_informaiton_categorical_features": NaN,
    "median_mutual_informaiton_categorical_features": NaN,
    "max_mutual_informaiton_categorical_features": NaN,
    "knn_5_accuracy": 0.8572870939420545,
    "knn_5_balanced_accuracy": 0.7743588876500884,
    "gaussian_nb_accuracy": 0.7796312554872695,
    "gaussian_nb_balanced_accuracy": 0.6103367318805107,
    "lda_accuracy": 0.8633011413520633,
    "lda_balanced_accuracy": 0.7729921738542428,
    "decision_tree_3_accuracy": 0.7857769973661106,
    "decision_tree_3_balanced_accuracy": 0.5750177241667925,
    "decision_tree_1_accuracy": 0.6460052677787533,
    "decision_tree_1_balanced_accuracy": 0.30099906629318396,
    "random_tree_2_accuracy": 0.7172519754170326,
    "random_tree_2_balanced_accuracy": 0.4392431821213334
}