{
    "nb_instances": 2800,
    "log_nb_instances": 7.937374696163295,
    "nb_features": 26,
    "dataset_dimensionality": 107.6923076923077,
    "log_dataset_dimensionality": 4.6792781581418135,
    "dataset_ratio": 0.009285714285714286,
    "nb_missing_vals": 0,
    "ratio_features_with_missing_vals": 0.0,
    "ratio_instances_with_missing_vals": 0.0,
    "nb_numeric_features": 6,
    "nb_categorical_features": 20,
    "ratio_numeric_categorical_features": 0.3,
    "ratio_categorical_numeric_features": 3.3333333333333335,
    "nb_classes": 5,
    "class_entropy": 1.0588953989193808,
    "mean_target_class_ratio": 0.20000000298023224,
    "stdev_target_class_ratio": 0.21277634799480438,
    "minority_target_class_ratio": 0.011071428656578064,
    "median_target_class_ratio": 0.0982142835855484,
    "majority_target_class_ratio": 0.5828571319580078,
    "mean_mean_numeric_features": 46.56660842895508,
    "stdev_mean_numeric_features": 48.08815002441406,
    "min_mean_numeric_features": 0.9979121088981628,
    "q1_mean_numeric_features": 2.686762034893036,
    "median_mean_numeric_features": 28.258190393447876,
    "q3_mean_numeric_features": 94.76535987854004,
    "max_mean_numeric_features": 110.7879867553711,
    "mean_stdev_numeric_features": 17.83650779724121,
    "stdev_stdev_numeric_features": 13.299745559692383,
    "min_stdev_numeric_features": 0.1837880164384842,
    "q1_stdev_numeric_features": 5.633079960942268,
    "median_stdev_numeric_features": 20.394837379455566,
    "q3_stdev_numeric_features": 28.44151210784912,
    "max_stdev_numeric_features": 34.20935821533203,
    "mean_var_numeric_features": 495.0243225097656,
    "stdev_var_numeric_features": 443.6866760253906,
    "min_var_numeric_features": 0.03377803787589073,
    "q1_var_numeric_features": 103.75268466770649,
    "median_var_numeric_features": 415.9533386230469,
    "q3_var_numeric_features": 830.1677780151367,
    "max_var_numeric_features": 1170.2802734375,
    "mean_min_numeric_features": 0.8941666483879089,
    "stdev_min_numeric_features": 0.8467015027999878,
    "min_min_numeric_features": 0.004999999888241291,
    "q1_min_numeric_features": 0.11500000115483999,
    "median_min_numeric_features": 0.6550000011920929,
    "q3_min_numeric_features": 1.75,
    "max_min_numeric_features": 2.0,
    "mean_median_numeric_features": 45.9371452331543,
    "stdev_median_numeric_features": 47.97799301147461,
    "min_median_numeric_features": 0.9979119896888733,
    "q1_median_numeric_features": 1.7062415182590485,
    "median_median_numeric_features": 28.01248300075531,
    "q3_median_numeric_features": 93.75,
    "max_median_numeric_features": 110.0,
    "mean_max_numeric_features": 295.1199951171875,
    "stdev_max_numeric_features": 205.7409210205078,
    "min_max_numeric_features": 2.119999885559082,
    "q1_max_numeric_features": 106.7000002861023,
    "median_max_numeric_features": 412.5,
    "q3_max_numeric_features": 448.75,
    "max_max_numeric_features": 478.0,
    "pca_1": 0.6550604562404688,
    "pca_2": 0.14787133952555917,
    "pca_3": 0.12190417680884626,
    "mean_entropy_categorical_features": 0.20655615627765656,
    "stdev_entropy_categorical_features": 0.1627301722764969,
    "min_entropy_categorical_features": 0.003191855736076832,
    "median_entropy_categorical_features": 0.17944540083408356,
    "max_entropy_categorical_features": 0.6167954802513123,
    "mean_information_gain_categorical_features": 0.014582906849682331,
    "stdev_information_gain_categorical_features": 0.059224579483270645,
    "min_information_gain_categorical_features": -0.11364612728357315,
    "median_information_gain_categorical_features": 0.009897674433887005,
    "max_information_gain_categorical_features": 0.180053249001503,
    "mean_mutual_informaiton_categorical_features": 0.021806102246046066,
    "stdev_mutual_informaiton_categorical_features": 0.022810300812125206,
    "min_mutual_informaiton_categorical_features": 0.00046077018487267196,
    "median_mutual_informaiton_categorical_features": 0.014878009911626577,
    "max_mutual_informaiton_categorical_features": 0.08215189725160599,
    "knn_5_accuracy": 0.5821428571428572,
    "knn_5_balanced_accuracy": 0.30161242490686285,
    "gaussian_nb_accuracy": 0.21714285714285714,
    "gaussian_nb_balanced_accuracy": 0.4277619538640819,
    "lda_accuracy": 0.6903571428571429,
    "lda_balanced_accuracy": 0.5361627017627049,
    "decision_tree_3_accuracy": 0.6242857142857143,
    "decision_tree_3_balanced_accuracy": 0.30275220992291735,
    "decision_tree_1_accuracy": 0.6185714285714285,
    "decision_tree_1_balanced_accuracy": 0.281052792522085,
    "random_tree_2_accuracy": 0.6185714285714285,
    "random_tree_2_balanced_accuracy": 0.28159388936407703
}