{
    "nb_instances": 5500,
    "log_nb_instances": 8.612503371220562,
    "nb_features": 40,
    "dataset_dimensionality": 137.5,
    "log_dataset_dimensionality": 4.923623917106626,
    "dataset_ratio": 0.007272727272727273,
    "nb_missing_vals": 0,
    "ratio_features_with_missing_vals": 0.0,
    "ratio_instances_with_missing_vals": 0.0,
    "nb_numeric_features": 40,
    "nb_categorical_features": 0,
    "ratio_numeric_categorical_features": 0.0,
    "ratio_categorical_numeric_features": 0.0,
    "nb_classes": 11,
    "class_entropy": 2.3978952727983707,
    "mean_target_class_ratio": 0.09090910106897354,
    "stdev_target_class_ratio": 7.450580596923828e-09,
    "minority_target_class_ratio": 0.09090909361839294,
    "median_target_class_ratio": 0.09090909361839294,
    "majority_target_class_ratio": 0.09090909361839294,
    "mean_mean_numeric_features": -0.6055166125297546,
    "stdev_mean_numeric_features": 0.20459754765033722,
    "min_mean_numeric_features": -1.0983054637908936,
    "q1_mean_numeric_features": -0.6666866689920425,
    "median_mean_numeric_features": -0.5804280042648315,
    "q3_mean_numeric_features": -0.48962362855672836,
    "max_mean_numeric_features": -0.24215908348560333,
    "mean_stdev_numeric_features": 0.2332013100385666,
    "stdev_stdev_numeric_features": 0.0548342801630497,
    "min_stdev_numeric_features": 0.13897688686847687,
    "q1_stdev_numeric_features": 0.2011789120733738,
    "median_stdev_numeric_features": 0.22224672883749008,
    "q3_stdev_numeric_features": 0.2528814375400543,
    "max_stdev_numeric_features": 0.3483659029006958,
    "mean_var_numeric_features": 0.057389646768569946,
    "stdev_var_numeric_features": 0.02761188894510269,
    "min_var_numeric_features": 0.01931457407772541,
    "q1_var_numeric_features": 0.04047323390841484,
    "median_var_numeric_features": 0.04939367435872555,
    "q3_var_numeric_features": 0.06394932232797146,
    "max_var_numeric_features": 0.12135881185531616,
    "mean_min_numeric_features": -1.167099952697754,
    "stdev_min_numeric_features": 0.13717485964298248,
    "min_min_numeric_features": -1.4500000476837158,
    "q1_min_numeric_features": -1.230750024318695,
    "median_min_numeric_features": -1.1419999599456787,
    "q3_min_numeric_features": -1.0712499916553497,
    "max_min_numeric_features": -0.9430000185966492,
    "mean_median_numeric_features": -0.5960749983787537,
    "stdev_median_numeric_features": 0.23339758813381195,
    "min_median_numeric_features": -1.1490000486373901,
    "q1_median_numeric_features": -0.6657500118017197,
    "median_median_numeric_features": -0.5617499947547913,
    "q3_median_numeric_features": -0.4568749889731407,
    "max_median_numeric_features": -0.18400000035762787,
    "mean_max_numeric_features": 0.4099000096321106,
    "stdev_max_numeric_features": 0.21116329729557037,
    "min_max_numeric_features": 0.019999999552965164,
    "q1_max_numeric_features": 0.2852499969303608,
    "median_max_numeric_features": 0.41599999368190765,
    "q3_max_numeric_features": 0.5707499980926514,
    "max_max_numeric_features": 0.7739999890327454,
    "pca_1": 0.7593120587008911,
    "pca_2": 0.08443539348267265,
    "pca_3": 0.06692933454631333,
    "mean_entropy_categorical_features": NaN,
    "stdev_entropy_categorical_features": NaN,
    "min_entropy_categorical_features": NaN,
    "median_entropy_categorical_features": NaN,
    "max_entropy_categorical_features": NaN,
    "mean_information_gain_categorical_features": NaN,
    "stdev_information_gain_categorical_features": NaN,
    "min_information_gain_categorical_features": NaN,
    "median_information_gain_categorical_features": NaN,
    "max_information_gain_categorical_features": NaN,
    "mean_mutual_informaiton_categorical_features": NaN,
    "stdev_mutual_informaiton_categorical_features": NaN,
    "min_mutual_informaiton_categorical_features": NaN,
    "median_mutual_informaiton_categorical_features": NaN,
    "max_mutual_informaiton_categorical_features": NaN,
    "knn_5_accuracy": 0.9847272727272728,
    "knn_5_balanced_accuracy": 0.9844629922701962,
    "gaussian_nb_accuracy": 0.7752727272727273,
    "gaussian_nb_balanced_accuracy": 0.7756393404589161,
    "lda_accuracy": 0.9954545454545455,
    "lda_balanced_accuracy": 0.995332809389654,
    "decision_tree_3_accuracy": 0.5843636363636364,
    "decision_tree_3_balanced_accuracy": 0.59101791195986,
    "decision_tree_1_accuracy": 0.1649090909090909,
    "decision_tree_1_balanced_accuracy": 0.1803666843749423,
    "random_tree_2_accuracy": 0.34709090909090906,
    "random_tree_2_balanced_accuracy": 0.3482412167370786
}