{
    "nb_instances": 500,
    "log_nb_instances": 6.214608098422191,
    "nb_features": 7,
    "dataset_dimensionality": 71.42857142857143,
    "log_dataset_dimensionality": 4.268697949366879,
    "dataset_ratio": 0.014,
    "nb_missing_vals": 0,
    "ratio_features_with_missing_vals": 0.0,
    "ratio_instances_with_missing_vals": 0.0,
    "nb_numeric_features": 7,
    "nb_categorical_features": 0,
    "ratio_numeric_categorical_features": 0.0,
    "ratio_categorical_numeric_features": 0.0,
    "nb_classes": 10,
    "class_entropy": 2.2959167451259828,
    "mean_target_class_ratio": 0.10000000149011612,
    "stdev_target_class_ratio": 0.011313708499073982,
    "minority_target_class_ratio": 0.07400000095367432,
    "median_target_class_ratio": 0.10300000011920929,
    "majority_target_class_ratio": 0.11400000005960464,
    "mean_mean_numeric_features": 0.6565713882446289,
    "stdev_mean_numeric_features": 0.12502212822437286,
    "min_mean_numeric_features": 0.3959999978542328,
    "q1_mean_numeric_features": 0.6259999871253967,
    "median_mean_numeric_features": 0.6700000166893005,
    "q3_mean_numeric_features": 0.7300000190734863,
    "max_mean_numeric_features": 0.8180000185966492,
    "mean_stdev_numeric_features": 0.45729419589042664,
    "stdev_stdev_numeric_features": 0.03402097895741463,
    "min_stdev_numeric_features": 0.3862309455871582,
    "q1_stdev_numeric_features": 0.4443812072277069,
    "median_stdev_numeric_features": 0.47068363428115845,
    "q3_stdev_numeric_features": 0.48152825236320496,
    "max_stdev_numeric_features": 0.49232587218284607,
    "mean_var_numeric_features": 0.21027541160583496,
    "stdev_var_numeric_features": 0.029960153624415398,
    "min_var_numeric_features": 0.14917434751987457,
    "q1_var_numeric_features": 0.19747895747423172,
    "median_var_numeric_features": 0.221543088555336,
    "q3_var_numeric_features": 0.2319338694214821,
    "max_var_numeric_features": 0.24238477647304535,
    "mean_min_numeric_features": 0.0,
    "stdev_min_numeric_features": 0.0,
    "min_min_numeric_features": 0.0,
    "q1_min_numeric_features": 0.0,
    "median_min_numeric_features": 0.0,
    "q3_min_numeric_features": 0.0,
    "max_min_numeric_features": 0.0,
    "mean_median_numeric_features": 0.8571428656578064,
    "stdev_median_numeric_features": 0.3499270975589752,
    "min_median_numeric_features": 0.0,
    "q1_median_numeric_features": 1.0,
    "median_median_numeric_features": 1.0,
    "q3_median_numeric_features": 1.0,
    "max_median_numeric_features": 1.0,
    "mean_max_numeric_features": 1.0,
    "stdev_max_numeric_features": 0.0,
    "min_max_numeric_features": 1.0,
    "q1_max_numeric_features": 1.0,
    "median_max_numeric_features": 1.0,
    "q3_max_numeric_features": 1.0,
    "max_max_numeric_features": 1.0,
    "pca_1": 0.3006401189760321,
    "pca_2": 0.18190098412911138,
    "pca_3": 0.14088878633278246,
    "mean_entropy_categorical_features": NaN,
    "stdev_entropy_categorical_features": NaN,
    "min_entropy_categorical_features": NaN,
    "median_entropy_categorical_features": NaN,
    "max_entropy_categorical_features": NaN,
    "mean_information_gain_categorical_features": NaN,
    "stdev_information_gain_categorical_features": NaN,
    "min_information_gain_categorical_features": NaN,
    "median_information_gain_categorical_features": NaN,
    "max_information_gain_categorical_features": NaN,
    "mean_mutual_informaiton_categorical_features": NaN,
    "stdev_mutual_informaiton_categorical_features": NaN,
    "min_mutual_informaiton_categorical_features": NaN,
    "median_mutual_informaiton_categorical_features": NaN,
    "max_mutual_informaiton_categorical_features": NaN,
    "knn_5_accuracy": 0.7060000000000001,
    "knn_5_balanced_accuracy": 0.7164639004786064,
    "gaussian_nb_accuracy": 0.6759999999999999,
    "gaussian_nb_balanced_accuracy": 0.6821341028252792,
    "lda_accuracy": 0.75,
    "lda_balanced_accuracy": 0.7568158508158509,
    "decision_tree_3_accuracy": 0.54,
    "decision_tree_3_balanced_accuracy": 0.5528867831514891,
    "decision_tree_1_accuracy": 0.156,
    "decision_tree_1_balanced_accuracy": 0.18075396825396825,
    "random_tree_2_accuracy": 0.334,
    "random_tree_2_balanced_accuracy": 0.3406837606837607
}