{
    "nb_instances": 4898,
    "log_nb_instances": 8.496582237512113,
    "nb_features": 11,
    "dataset_dimensionality": 445.27272727272725,
    "log_dataset_dimensionality": 6.0986869647137425,
    "dataset_ratio": 0.002245814618211515,
    "nb_missing_vals": 0,
    "ratio_features_with_missing_vals": 0.0,
    "ratio_instances_with_missing_vals": 0.0,
    "nb_numeric_features": 11,
    "nb_categorical_features": 0,
    "ratio_numeric_categorical_features": 0.0,
    "ratio_categorical_numeric_features": 0.0,
    "nb_classes": 7,
    "class_entropy": 1.2904424569785722,
    "mean_target_class_ratio": 0.1428571492433548,
    "stdev_target_class_ratio": 0.16110877692699432,
    "minority_target_class_ratio": 0.0010208247695118189,
    "median_target_class_ratio": 0.03572886809706688,
    "majority_target_class_ratio": 0.44875457882881165,
    "mean_mean_numeric_features": 18.432689666748047,
    "stdev_mean_numeric_features": 39.15342712402344,
    "min_mean_numeric_features": 0.045772355049848557,
    "q1_mean_numeric_features": 0.41201919317245483,
    "median_mean_numeric_features": 3.1882667541503906,
    "q3_mean_numeric_features": 8.684527397155762,
    "max_mean_numeric_features": 138.36065673828125,
    "mean_stdev_numeric_features": 6.105775833129883,
    "stdev_stdev_numeric_features": 12.480006217956543,
    "min_stdev_numeric_features": 0.00299090682528913,
    "q1_stdev_numeric_features": 0.10746018961071968,
    "median_stdev_numeric_features": 0.15100060403347015,
    "q3_stdev_numeric_features": 3.1513391733169556,
    "max_stdev_numeric_features": 42.49806594848633,
    "mean_var_numeric_features": 193.03102111816406,
    "stdev_var_numeric_features": 516.6676635742188,
    "min_var_numeric_features": 8.945524314185604e-06,
    "q1_var_numeric_features": 0.011592123657464981,
    "median_var_numeric_features": 0.02280118130147457,
    "q3_var_numeric_features": 13.620098948478699,
    "max_var_numeric_features": 1806.08544921875,
    "mean_min_numeric_features": 2.492373466491699,
    "stdev_min_numeric_features": 3.073293447494507,
    "min_min_numeric_features": 0.0,
    "q1_min_numeric_features": 0.14999999850988388,
    "median_min_numeric_features": 0.9871100187301636,
    "q3_min_numeric_features": 3.259999990463257,
    "max_min_numeric_features": 9.0,
    "mean_median_numeric_features": 17.787885665893555,
    "stdev_median_numeric_features": 37.92868423461914,
    "min_median_numeric_features": 0.0430000014603138,
    "q1_median_numeric_features": 0.39499999582767487,
    "median_median_numeric_features": 3.180000066757202,
    "q3_median_numeric_features": 8.599999904632568,
    "max_median_numeric_features": 134.0,
    "mean_max_numeric_features": 75.65863800048828,
    "stdev_max_numeric_features": 141.07005310058594,
    "min_max_numeric_features": 0.34599998593330383,
    "q1_max_numeric_features": 1.090000033378601,
    "median_max_numeric_features": 3.819999933242798,
    "q3_max_numeric_features": 40.000001430511475,
    "max_max_numeric_features": 440.0,
    "pca_1": 0.9096573439745874,
    "pca_2": 0.07933386311643181,
    "pca_3": 0.010154274195723014,
    "mean_entropy_categorical_features": NaN,
    "stdev_entropy_categorical_features": NaN,
    "min_entropy_categorical_features": NaN,
    "median_entropy_categorical_features": NaN,
    "max_entropy_categorical_features": NaN,
    "mean_information_gain_categorical_features": NaN,
    "stdev_information_gain_categorical_features": NaN,
    "min_information_gain_categorical_features": NaN,
    "median_information_gain_categorical_features": NaN,
    "max_information_gain_categorical_features": NaN,
    "mean_mutual_informaiton_categorical_features": NaN,
    "stdev_mutual_informaiton_categorical_features": NaN,
    "min_mutual_informaiton_categorical_features": NaN,
    "median_mutual_informaiton_categorical_features": NaN,
    "max_mutual_informaiton_categorical_features": NaN,
    "knn_5_accuracy": 0.4908173688269996,
    "knn_5_balanced_accuracy": 0.266939746123723,
    "gaussian_nb_accuracy": 0.4446709470304976,
    "gaussian_nb_balanced_accuracy": 0.30039331692666693,
    "lda_accuracy": 0.5298069667090534,
    "lda_balanced_accuracy": 0.2898797808543304,
    "decision_tree_3_accuracy": 0.5120447770528027,
    "decision_tree_3_balanced_accuracy": 0.2273444612824081,
    "decision_tree_1_accuracy": 0.4487450751495695,
    "decision_tree_1_balanced_accuracy": 0.15238095238095237,
    "random_tree_2_accuracy": 0.48448937899981237,
    "random_tree_2_balanced_accuracy": 0.18788991976238908
}