{
    "nb_instances": 3772,
    "log_nb_instances": 8.235360643753348,
    "nb_features": 21,
    "dataset_dimensionality": 179.61904761904762,
    "log_dataset_dimensionality": 5.190838206029925,
    "dataset_ratio": 0.005567338282078473,
    "nb_missing_vals": 0,
    "ratio_features_with_missing_vals": 0.0,
    "ratio_instances_with_missing_vals": 0.0,
    "nb_numeric_features": 21,
    "nb_categorical_features": 0,
    "ratio_numeric_categorical_features": 0.0,
    "ratio_categorical_numeric_features": 0.0,
    "nb_classes": 3,
    "class_entropy": 0.31472856003095717,
    "mean_target_class_ratio": 0.3333333432674408,
    "stdev_target_class_ratio": 0.4182997941970825,
    "minority_target_class_ratio": 0.024655355140566826,
    "median_target_class_ratio": 0.05063626542687416,
    "majority_target_class_ratio": 0.924708366394043,
    "mean_mean_numeric_features": 0.07630860060453415,
    "stdev_mean_numeric_features": 0.11900808662176132,
    "min_mean_numeric_features": 0.000265111360931769,
    "q1_mean_numeric_features": 0.012990456074476242,
    "median_mean_numeric_features": 0.02518557757139206,
    "q3_mean_numeric_features": 0.0992884412407875,
    "max_mean_numeric_features": 0.5151020884513855,
    "mean_stdev_numeric_features": 0.1381203532218933,
    "stdev_stdev_numeric_features": 0.11195046454668045,
    "min_stdev_numeric_features": 0.007420734968036413,
    "q1_stdev_numeric_features": 0.03448767215013504,
    "median_stdev_numeric_features": 0.11771638691425323,
    "q3_stdev_numeric_features": 0.1922842264175415,
    "max_stdev_numeric_features": 0.4596256911754608,
    "mean_var_numeric_features": 0.03161013871431351,
    "stdev_var_numeric_features": 0.04806819185614586,
    "min_var_numeric_features": 5.506730667548254e-05,
    "q1_var_numeric_features": 0.0011893996270373464,
    "median_var_numeric_features": 0.01385714765638113,
    "q3_var_numeric_features": 0.03697322681546211,
    "max_var_numeric_features": 0.2112557739019394,
    "mean_min_numeric_features": 0.0015952381072565913,
    "stdev_min_numeric_features": 0.004449769854545593,
    "min_min_numeric_features": 0.0,
    "q1_min_numeric_features": 0.0,
    "median_min_numeric_features": 0.0,
    "q3_min_numeric_features": 0.0,
    "max_min_numeric_features": 0.01899999938905239,
    "mean_median_numeric_features": 0.0416523814201355,
    "stdev_median_numeric_features": 0.11714639514684677,
    "min_median_numeric_features": 0.0,
    "q1_median_numeric_features": 0.0,
    "median_median_numeric_features": 0.0,
    "q3_median_numeric_features": 0.0015999999595806003,
    "max_median_numeric_features": 0.5400000214576721,
    "mean_max_numeric_features": 0.8499953150749207,
    "stdev_max_numeric_features": 0.27745893597602844,
    "min_max_numeric_features": 0.10589999705553055,
    "q1_max_numeric_features": 0.9399999976158142,
    "median_max_numeric_features": 1.0,
    "q3_max_numeric_features": 1.0,
    "max_max_numeric_features": 1.0,
    "pca_1": 0.3236894725150728,
    "pca_2": 0.16219122570506211,
    "pca_3": 0.08894781930800687,
    "mean_entropy_categorical_features": NaN,
    "stdev_entropy_categorical_features": NaN,
    "min_entropy_categorical_features": NaN,
    "median_entropy_categorical_features": NaN,
    "max_entropy_categorical_features": NaN,
    "mean_information_gain_categorical_features": NaN,
    "stdev_information_gain_categorical_features": NaN,
    "min_information_gain_categorical_features": NaN,
    "median_information_gain_categorical_features": NaN,
    "max_information_gain_categorical_features": NaN,
    "mean_mutual_informaiton_categorical_features": NaN,
    "stdev_mutual_informaiton_categorical_features": NaN,
    "min_mutual_informaiton_categorical_features": NaN,
    "median_mutual_informaiton_categorical_features": NaN,
    "max_mutual_informaiton_categorical_features": NaN,
    "knn_5_accuracy": 0.9353122419941329,
    "knn_5_balanced_accuracy": 0.5078284876922792,
    "gaussian_nb_accuracy": 0.07369824512094438,
    "gaussian_nb_balanced_accuracy": 0.40102192766118694,
    "lda_accuracy": 0.9376981045900891,
    "lda_balanced_accuracy": 0.518679818673401,
    "decision_tree_3_accuracy": 0.9933718622094965,
    "decision_tree_3_balanced_accuracy": 0.9976097285899389,
    "decision_tree_1_accuracy": 0.9543987914346443,
    "decision_tree_1_balanced_accuracy": 0.6591149027028944,
    "random_tree_2_accuracy": 0.9382268519331776,
    "random_tree_2_balanced_accuracy": 0.5784384823278592
}