{
    "nb_instances": 690,
    "log_nb_instances": 6.536691597591305,
    "nb_features": 14,
    "dataset_dimensionality": 49.285714285714285,
    "log_dataset_dimensionality": 3.8976342679760463,
    "dataset_ratio": 0.020289855072463767,
    "nb_missing_vals": 0,
    "ratio_features_with_missing_vals": 0.0,
    "ratio_instances_with_missing_vals": 0.0,
    "nb_numeric_features": 14,
    "nb_categorical_features": 0,
    "ratio_numeric_categorical_features": 0.0,
    "ratio_categorical_numeric_features": 0.0,
    "nb_classes": 2,
    "class_entropy": 0.6870689028587588,
    "mean_target_class_ratio": 0.5,
    "stdev_target_class_ratio": 0.055072471499443054,
    "minority_target_class_ratio": 0.44492754340171814,
    "median_target_class_ratio": 0.5000000149011612,
    "majority_target_class_ratio": 0.5550724864006042,
    "mean_mean_numeric_features": -0.351360023021698,
    "stdev_mean_numeric_features": 0.40931621193885803,
    "min_mean_numeric_features": -0.9796522855758667,
    "q1_mean_numeric_features": -0.777011901140213,
    "median_mean_numeric_features": -0.18913043290376663,
    "q3_mean_numeric_features": -0.07246376946568489,
    "max_mean_numeric_features": 0.35652172565460205,
    "mean_stdev_numeric_features": 0.5060005784034729,
    "stdev_stdev_numeric_features": 0.3248523771762848,
    "min_stdev_numeric_features": 0.10420205444097519,
    "q1_stdev_numeric_features": 0.25083553045988083,
    "median_stdev_numeric_features": 0.3932761400938034,
    "q3_stdev_numeric_features": 0.8428876399993896,
    "max_stdev_numeric_features": 0.9996486902236938,
    "mean_var_numeric_features": 0.36156558990478516,
    "stdev_var_numeric_features": 0.3896870017051697,
    "min_var_numeric_features": 0.010858067311346531,
    "q1_var_numeric_features": 0.06368574406951666,
    "median_var_numeric_features": 0.15601938217878342,
    "q3_var_numeric_features": 0.735894188284874,
    "max_var_numeric_features": 0.9992974400520325,
    "mean_min_numeric_features": -1.0,
    "stdev_min_numeric_features": 0.0,
    "min_min_numeric_features": -1.0,
    "q1_min_numeric_features": -1.0,
    "median_min_numeric_features": -1.0,
    "q3_min_numeric_features": -1.0,
    "max_min_numeric_features": -1.0,
    "mean_median_numeric_features": -0.3785003125667572,
    "stdev_median_numeric_features": 0.6857657432556152,
    "min_median_numeric_features": -1.0,
    "q1_median_numeric_features": -0.9823812395334244,
    "median_median_numeric_features": -0.6781012415885925,
    "q3_median_numeric_features": 0.0,
    "max_median_numeric_features": 1.0,
    "mean_max_numeric_features": 1.0,
    "stdev_max_numeric_features": 0.0,
    "min_max_numeric_features": 1.0,
    "q1_max_numeric_features": 1.0,
    "median_max_numeric_features": 1.0,
    "q3_max_numeric_features": 1.0,
    "max_max_numeric_features": 1.0,
    "pca_1": 0.3006961009346726,
    "pca_2": 0.20161936304412442,
    "pca_3": 0.1683553185429371,
    "mean_entropy_categorical_features": NaN,
    "stdev_entropy_categorical_features": NaN,
    "min_entropy_categorical_features": NaN,
    "median_entropy_categorical_features": NaN,
    "max_entropy_categorical_features": NaN,
    "mean_information_gain_categorical_features": NaN,
    "stdev_information_gain_categorical_features": NaN,
    "min_information_gain_categorical_features": NaN,
    "median_information_gain_categorical_features": NaN,
    "max_information_gain_categorical_features": NaN,
    "mean_mutual_informaiton_categorical_features": NaN,
    "stdev_mutual_informaiton_categorical_features": NaN,
    "min_mutual_informaiton_categorical_features": NaN,
    "median_mutual_informaiton_categorical_features": NaN,
    "max_mutual_informaiton_categorical_features": NaN,
    "knn_5_accuracy": 0.8420289855072465,
    "knn_5_balanced_accuracy": 0.8409566940280271,
    "gaussian_nb_accuracy": 0.8014492753623189,
    "gaussian_nb_balanced_accuracy": 0.7890252406776794,
    "lda_accuracy": 0.8579710144927537,
    "lda_balanced_accuracy": 0.8638750996467266,
    "decision_tree_3_accuracy": 0.8333333333333334,
    "decision_tree_3_balanced_accuracy": 0.8311173831107936,
    "decision_tree_1_accuracy": 0.8550724637681159,
    "decision_tree_1_balanced_accuracy": 0.8622348229677084,
    "random_tree_2_accuracy": 0.8550724637681159,
    "random_tree_2_balanced_accuracy": 0.8625551979247034
}