{
    "nb_instances": 399,
    "log_nb_instances": 5.988961416889864,
    "nb_features": 32,
    "dataset_dimensionality": 12.46875,
    "log_dataset_dimensionality": 2.5232255140901367,
    "dataset_ratio": 0.08020050125313283,
    "nb_missing_vals": 0,
    "ratio_features_with_missing_vals": 0.0,
    "ratio_instances_with_missing_vals": 0.0,
    "nb_numeric_features": 12,
    "nb_categorical_features": 20,
    "ratio_numeric_categorical_features": 0.6,
    "ratio_categorical_numeric_features": 1.6666666666666667,
    "nb_classes": 5,
    "class_entropy": 1.57789819144888,
    "mean_target_class_ratio": 0.20000000298023224,
    "stdev_target_class_ratio": 0.04737836867570877,
    "minority_target_class_ratio": 0.11027568578720093,
    "median_target_class_ratio": 0.20802004635334015,
    "majority_target_class_ratio": 0.24060150980949402,
    "mean_mean_numeric_features": 26.32184600830078,
    "stdev_mean_numeric_features": 17.924652099609375,
    "min_mean_numeric_features": 9.48872184753418,
    "q1_mean_numeric_features": 13.061403274536133,
    "median_mean_numeric_features": 18.520050048828125,
    "q3_mean_numeric_features": 36.370299339294434,
    "max_mean_numeric_features": 70.7869644165039,
    "mean_stdev_numeric_features": 9.06769847869873,
    "stdev_stdev_numeric_features": 7.697477340698242,
    "min_stdev_numeric_features": 1.9205514192581177,
    "q1_stdev_numeric_features": 3.1235941648483276,
    "median_stdev_numeric_features": 5.328218340873718,
    "q3_stdev_numeric_features": 12.84563398361206,
    "max_stdev_numeric_features": 24.375253677368164,
    "mean_var_numeric_features": 141.4743194580078,
    "stdev_var_numeric_features": 197.70289611816406,
    "min_var_numeric_features": 3.6885178089141846,
    "q1_var_numeric_features": 9.793573260307312,
    "median_var_numeric_features": 30.88504457473755,
    "q3_var_numeric_features": 167.68408203125,
    "max_var_numeric_features": 594.1530151367188,
    "mean_min_numeric_features": 0.0,
    "stdev_min_numeric_features": 0.0,
    "min_min_numeric_features": 0.0,
    "q1_min_numeric_features": 0.0,
    "median_min_numeric_features": 0.0,
    "q3_min_numeric_features": 0.0,
    "max_min_numeric_features": 0.0,
    "mean_median_numeric_features": 30.83333396911621,
    "stdev_median_numeric_features": 20.975515365600586,
    "min_median_numeric_features": 10.0,
    "q1_median_numeric_features": 14.75,
    "median_median_numeric_features": 21.5,
    "q3_median_numeric_features": 45.5,
    "max_median_numeric_features": 80.0,
    "mean_max_numeric_features": 33.16666793823242,
    "stdev_max_numeric_features": 24.013307571411133,
    "min_max_numeric_features": 12.0,
    "q1_max_numeric_features": 14.75,
    "median_max_numeric_features": 21.5,
    "q3_max_numeric_features": 46.25,
    "max_max_numeric_features": 89.0,
    "pca_1": 0.4713825898801659,
    "pca_2": 0.30937200883329397,
    "pca_3": 0.06876760993661069,
    "mean_entropy_categorical_features": 1.2183995246887207,
    "stdev_entropy_categorical_features": 0.3623367249965668,
    "min_entropy_categorical_features": 0.3236330449581146,
    "median_entropy_categorical_features": 1.3256165981292725,
    "max_entropy_categorical_features": 1.8625035285949707,
    "mean_information_gain_categorical_features": 0.8606840372085571,
    "stdev_information_gain_categorical_features": 0.6229354739189148,
    "min_information_gain_categorical_features": 0.027210287749767303,
    "median_information_gain_categorical_features": 1.1538339853286743,
    "max_information_gain_categorical_features": 1.8625035285949707,
    "mean_mutual_informaiton_categorical_features": 0.136318176984787,
    "stdev_mutual_informaiton_categorical_features": 0.09789534658193588,
    "min_mutual_informaiton_categorical_features": 0.02094513177871704,
    "median_mutual_informaiton_categorical_features": 0.11920027062296867,
    "max_mutual_informaiton_categorical_features": 0.44093525409698486,
    "knn_5_accuracy": 0.5688607594936709,
    "knn_5_balanced_accuracy": 0.5508697966083212,
    "gaussian_nb_accuracy": 0.42104430379746827,
    "gaussian_nb_balanced_accuracy": 0.41756743641635274,
    "lda_accuracy": 0.5613924050632911,
    "lda_balanced_accuracy": 0.5316930843643727,
    "decision_tree_3_accuracy": 0.4961075949367088,
    "decision_tree_3_balanced_accuracy": 0.4579565401918343,
    "decision_tree_1_accuracy": 0.2654113924050633,
    "decision_tree_1_balanced_accuracy": 0.26738058381247237,
    "random_tree_2_accuracy": 0.4061075949367089,
    "random_tree_2_balanced_accuracy": 0.4064764547790614
}