{
    "nb_instances": 215,
    "log_nb_instances": 5.3706380281276624,
    "nb_features": 5,
    "dataset_dimensionality": 43.0,
    "log_dataset_dimensionality": 3.7612001156935624,
    "dataset_ratio": 0.023255813953488372,
    "nb_missing_vals": 0,
    "ratio_features_with_missing_vals": 0.0,
    "ratio_instances_with_missing_vals": 0.0,
    "nb_numeric_features": 5,
    "nb_categorical_features": 0,
    "ratio_numeric_categorical_features": 0.0,
    "ratio_categorical_numeric_features": 0.0,
    "nb_classes": 3,
    "class_entropy": 0.8214826899116977,
    "mean_target_class_ratio": 0.3333333432674408,
    "stdev_target_class_ratio": 0.25780293345451355,
    "minority_target_class_ratio": 0.13953489065170288,
    "median_target_class_ratio": 0.1627907007932663,
    "majority_target_class_ratio": 0.6976743936538696,
    "mean_mean_numeric_features": 25.705860137939453,
    "stdev_mean_numeric_features": 42.032005310058594,
    "min_mean_numeric_features": 2.0502326488494873,
    "q1_mean_numeric_features": 2.880000114440918,
    "median_mean_numeric_features": 4.199069976806641,
    "q3_mean_numeric_features": 9.804651260375977,
    "max_mean_numeric_features": 109.59535217285156,
    "mean_stdev_numeric_features": 6.690168857574463,
    "stdev_stdev_numeric_features": 3.889850616455078,
    "min_stdev_numeric_features": 1.419486403465271,
    "q1_stdev_numeric_features": 4.697362422943115,
    "median_stdev_numeric_features": 6.118030548095703,
    "q3_stdev_numeric_features": 8.070518493652344,
    "max_stdev_numeric_features": 13.14544677734375,
    "mean_var_numeric_features": 59.88930130004883,
    "stdev_var_numeric_features": 60.10235595703125,
    "min_var_numeric_features": 2.014941453933716,
    "q1_var_numeric_features": 22.06521224975586,
    "median_var_numeric_features": 37.4302978515625,
    "q3_var_numeric_features": 65.13327026367188,
    "max_var_numeric_features": 172.8027801513672,
    "mean_min_numeric_features": 13.019999504089355,
    "stdev_min_numeric_features": 25.99302864074707,
    "min_min_numeric_features": -0.699999988079071,
    "q1_min_numeric_features": 0.10000000149011612,
    "median_min_numeric_features": 0.20000000298023224,
    "q3_min_numeric_features": 0.5,
    "max_min_numeric_features": 65.0,
    "mean_median_numeric_features": 24.84000015258789,
    "stdev_median_numeric_features": 42.680423736572266,
    "min_median_numeric_features": 1.2999999523162842,
    "q1_median_numeric_features": 1.7000000476837158,
    "median_median_numeric_features": 2.0,
    "q3_median_numeric_features": 9.199999809265137,
    "max_median_numeric_features": 110.0,
    "mean_max_numeric_features": 58.400001525878906,
    "stdev_max_numeric_features": 46.41969299316406,
    "min_max_numeric_features": 10.0,
    "q1_max_numeric_features": 25.299999237060547,
    "median_max_numeric_features": 56.29999923706055,
    "q3_max_numeric_features": 56.400001525878906,
    "max_max_numeric_features": 144.0,
    "pca_1": 0.6510912576120275,
    "pca_2": 0.2223356024774231,
    "pca_3": 0.07800306804794295,
    "mean_entropy_categorical_features": NaN,
    "stdev_entropy_categorical_features": NaN,
    "min_entropy_categorical_features": NaN,
    "median_entropy_categorical_features": NaN,
    "max_entropy_categorical_features": NaN,
    "mean_information_gain_categorical_features": NaN,
    "stdev_information_gain_categorical_features": NaN,
    "min_information_gain_categorical_features": NaN,
    "median_information_gain_categorical_features": NaN,
    "max_information_gain_categorical_features": NaN,
    "mean_mutual_informaiton_categorical_features": NaN,
    "stdev_mutual_informaiton_categorical_features": NaN,
    "min_mutual_informaiton_categorical_features": NaN,
    "median_mutual_informaiton_categorical_features": NaN,
    "max_mutual_informaiton_categorical_features": NaN,
    "knn_5_accuracy": 0.9209302325581395,
    "knn_5_balanced_accuracy": 0.8293838538999829,
    "gaussian_nb_accuracy": 0.9674418604651163,
    "gaussian_nb_balanced_accuracy": 0.9528373015873017,
    "lda_accuracy": 0.9116279069767442,
    "lda_balanced_accuracy": 0.8166402116402116,
    "decision_tree_3_accuracy": 0.9395348837209301,
    "decision_tree_3_balanced_accuracy": 0.8980988455988456,
    "decision_tree_1_accuracy": 0.758139534883721,
    "decision_tree_1_balanced_accuracy": 0.5621558325187357,
    "random_tree_2_accuracy": 0.8883720930232558,
    "random_tree_2_balanced_accuracy": 0.7841975308641975
}