{
    "nb_instances": 959,
    "log_nb_instances": 6.8658910748834385,
    "nb_features": 44,
    "dataset_dimensionality": 21.795454545454547,
    "log_dataset_dimensionality": 3.081701440965177,
    "dataset_ratio": 0.045881126173096975,
    "nb_missing_vals": 0,
    "ratio_features_with_missing_vals": 0.0,
    "ratio_instances_with_missing_vals": 0.0,
    "nb_numeric_features": 42,
    "nb_categorical_features": 2,
    "ratio_numeric_categorical_features": 21.0,
    "ratio_categorical_numeric_features": 0.047619047619047616,
    "nb_classes": 2,
    "class_entropy": 0.6538728038731461,
    "mean_target_class_ratio": 0.5,
    "stdev_target_class_ratio": 0.13920749723911285,
    "minority_target_class_ratio": 0.36079248785972595,
    "median_target_class_ratio": 0.4999999850988388,
    "majority_target_class_ratio": 0.6392074823379517,
    "mean_mean_numeric_features": 132026.109375,
    "stdev_mean_numeric_features": 485259.375,
    "min_mean_numeric_features": 0.012426016852259636,
    "q1_mean_numeric_features": 0.5143816992640495,
    "median_mean_numeric_features": 38.242340087890625,
    "q3_mean_numeric_features": 441.87249755859375,
    "max_mean_numeric_features": 2584689.75,
    "mean_stdev_numeric_features": 154257.640625,
    "stdev_stdev_numeric_features": 578799.0625,
    "min_stdev_numeric_features": 0.04570971056818962,
    "q1_stdev_numeric_features": 2.038509249687195,
    "median_stdev_numeric_features": 64.1799259185791,
    "q3_stdev_numeric_features": 851.3748931884766,
    "max_stdev_numeric_features": 3352056.5,
    "mean_var_numeric_features": 358803800064.0,
    "stdev_var_numeric_features": 1767218741248.0,
    "min_var_numeric_features": 0.002089377725496888,
    "q1_var_numeric_features": 4.155681371688843,
    "median_var_numeric_features": 4265.4571533203125,
    "q3_var_numeric_features": 725536.65625,
    "max_var_numeric_features": 11236282466304.0,
    "mean_min_numeric_features": 1102.0335693359375,
    "stdev_min_numeric_features": 3972.216064453125,
    "min_min_numeric_features": 0.0,
    "q1_min_numeric_features": 0.0008343750087078661,
    "median_min_numeric_features": 0.05277999863028526,
    "q3_min_numeric_features": 7.694499969482422,
    "max_min_numeric_features": 18790.0,
    "mean_median_numeric_features": 71435.4375,
    "stdev_median_numeric_features": 259313.125,
    "min_median_numeric_features": 0.0,
    "q1_median_numeric_features": 0.09143000096082687,
    "median_median_numeric_features": 0.9361000061035156,
    "q3_median_numeric_features": 27.867499351501465,
    "max_median_numeric_features": 1198000.0,
    "mean_max_numeric_features": 1126867.875,
    "stdev_max_numeric_features": 4857163.5,
    "min_max_numeric_features": 0.16670000553131104,
    "q1_max_numeric_features": 9.431499719619751,
    "median_max_numeric_features": 642.5,
    "q3_max_numeric_features": 8859.0,
    "max_max_numeric_features": 30590000.0,
    "pca_1": 0.8127204144062246,
    "pca_2": 0.1611917958064483,
    "pca_3": 0.01918341068305691,
    "mean_entropy_categorical_features": 0.0,
    "stdev_entropy_categorical_features": 0.0,
    "min_entropy_categorical_features": 0.0,
    "median_entropy_categorical_features": 0.0,
    "max_entropy_categorical_features": 0.0,
    "mean_information_gain_categorical_features": 0.0,
    "stdev_information_gain_categorical_features": 0.0,
    "min_information_gain_categorical_features": 0.0,
    "median_information_gain_categorical_features": 0.0,
    "max_information_gain_categorical_features": 0.0,
    "mean_mutual_informaiton_categorical_features": 0.0,
    "stdev_mutual_informaiton_categorical_features": 0.0,
    "min_mutual_informaiton_categorical_features": 0.0,
    "median_mutual_informaiton_categorical_features": 0.0,
    "max_mutual_informaiton_categorical_features": 0.0,
    "knn_5_accuracy": 0.9145015270506109,
    "knn_5_balanced_accuracy": 0.907141837907627,
    "gaussian_nb_accuracy": 0.874858202443281,
    "gaussian_nb_balanced_accuracy": 0.8524320320928321,
    "lda_accuracy": 0.9217931937172775,
    "lda_balanced_accuracy": 0.9101729552362524,
    "decision_tree_3_accuracy": 0.9197262216404887,
    "decision_tree_3_balanced_accuracy": 0.9001110499557953,
    "decision_tree_1_accuracy": 0.8926047120418849,
    "decision_tree_1_balanced_accuracy": 0.9029449751279655,
    "random_tree_2_accuracy": 0.8686082024432811,
    "random_tree_2_balanced_accuracy": 0.8424441421269447
}