{
    "nb_instances": 3772,
    "log_nb_instances": 8.235360643753348,
    "nb_features": 29,
    "dataset_dimensionality": 130.06896551724137,
    "log_dataset_dimensionality": 4.868064813766874,
    "dataset_ratio": 0.0076882290562036056,
    "nb_missing_vals": 0,
    "ratio_features_with_missing_vals": 0.0,
    "ratio_instances_with_missing_vals": 0.0,
    "nb_numeric_features": 6,
    "nb_categorical_features": 23,
    "ratio_numeric_categorical_features": 0.2608695652173913,
    "ratio_categorical_numeric_features": 3.8333333333333335,
    "nb_classes": 4,
    "class_entropy": 0.18015234088237567,
    "mean_target_class_ratio": 0.25,
    "stdev_target_class_ratio": 0.4140367805957794,
    "minority_target_class_ratio": 0.009013785980641842,
    "median_target_class_ratio": 0.0119300102815032,
    "majority_target_class_ratio": 0.967126190662384,
    "mean_mean_numeric_features": 83.6192626953125,
    "stdev_mean_numeric_features": 37.443092346191406,
    "min_mean_numeric_features": 31.10365867614746,
    "q1_mean_numeric_features": 51.30156421661377,
    "median_mean_numeric_features": 88.43902587890625,
    "q3_mean_numeric_features": 118.5063648223877,
    "max_mean_numeric_features": 126.28260803222656,
    "mean_stdev_numeric_features": 58.92387008666992,
    "stdev_stdev_numeric_features": 34.78441619873047,
    "min_stdev_numeric_features": 20.646772384643555,
    "q1_stdev_numeric_features": 23.806039333343506,
    "median_stdev_numeric_features": 57.94501876831055,
    "q3_stdev_numeric_features": 93.94242858886719,
    "max_stdev_numeric_features": 98.63846588134766,
    "mean_var_numeric_features": 4681.97802734375,
    "stdev_var_numeric_features": 4143.6904296875,
    "min_var_numeric_features": 426.2891845703125,
    "q1_var_numeric_features": 593.0513076782227,
    "median_var_numeric_features": 3995.3084716796875,
    "q3_var_numeric_features": 8863.665649414062,
    "max_var_numeric_features": 9729.5458984375,
    "mean_min_numeric_features": 0.0,
    "stdev_min_numeric_features": 0.0,
    "min_min_numeric_features": 0.0,
    "q1_min_numeric_features": 0.0,
    "median_min_numeric_features": 0.0,
    "q3_min_numeric_features": 0.0,
    "max_min_numeric_features": 0.0,
    "mean_median_numeric_features": 64.5,
    "stdev_median_numeric_features": 28.099525451660156,
    "min_median_numeric_features": 24.0,
    "q1_median_numeric_features": 51.25,
    "median_median_numeric_features": 58.0,
    "q3_median_numeric_features": 78.25,
    "max_median_numeric_features": 113.0,
    "mean_max_numeric_features": 178.3333282470703,
    "stdev_max_numeric_features": 80.74170684814453,
    "min_max_numeric_features": 69.0,
    "q1_max_numeric_features": 106.25,
    "median_max_numeric_features": 190.0,
    "q3_max_numeric_features": 239.25,
    "max_max_numeric_features": 287.0,
    "pca_1": 0.5483889437184097,
    "pca_2": 0.20896468097590565,
    "pca_3": 0.18528205132345352,
    "mean_entropy_categorical_features": 0.2304333597421646,
    "stdev_entropy_categorical_features": 0.2521774470806122,
    "min_entropy_categorical_features": 0.0,
    "median_entropy_categorical_features": 0.1646612137556076,
    "max_entropy_categorical_features": 1.0540618896484375,
    "mean_information_gain_categorical_features": 0.00521641131490469,
    "stdev_information_gain_categorical_features": 0.01494667585939169,
    "min_information_gain_categorical_features": 0.0,
    "median_information_gain_categorical_features": 0.000916457618586719,
    "max_information_gain_categorical_features": 0.07135765254497528,
    "mean_mutual_informaiton_categorical_features": 0.004243823699653149,
    "stdev_mutual_informaiton_categorical_features": 0.014436230063438416,
    "min_mutual_informaiton_categorical_features": -1.7277845820728999e-15,
    "median_mutual_informaiton_categorical_features": 0.000462973490357399,
    "max_mutual_informaiton_categorical_features": 0.07135765254497528,
    "knn_5_accuracy": 0.9647411597308834,
    "knn_5_balanced_accuracy": 0.2905293265551502,
    "gaussian_nb_accuracy": 0.5579826795720836,
    "gaussian_nb_balanced_accuracy": 0.45468338407067516,
    "lda_accuracy": 0.9191360865670068,
    "lda_balanced_accuracy": 0.7688199574457035,
    "decision_tree_3_accuracy": 0.9708366855797775,
    "decision_tree_3_balanced_accuracy": 0.4253244825136638,
    "decision_tree_1_accuracy": 0.9671277249811162,
    "decision_tree_1_balanced_accuracy": 0.25,
    "random_tree_2_accuracy": 0.9671266709997013,
    "random_tree_2_balanced_accuracy": 0.25
}