{
    "nb_instances": 2201,
    "log_nb_instances": 7.696667081526462,
    "nb_features": 3,
    "dataset_dimensionality": 733.6666666666666,
    "log_dataset_dimensionality": 6.598054792858352,
    "dataset_ratio": 0.0013630168105406633,
    "nb_missing_vals": 0,
    "ratio_features_with_missing_vals": 0.0,
    "ratio_instances_with_missing_vals": 0.0,
    "nb_numeric_features": 3,
    "nb_categorical_features": 0,
    "ratio_numeric_categorical_features": 0.0,
    "ratio_categorical_numeric_features": 0.0,
    "nb_classes": 2,
    "class_entropy": 0.629136012916754,
    "mean_target_class_ratio": 0.5,
    "stdev_target_class_ratio": 0.17696501314640045,
    "minority_target_class_ratio": 0.32303497195243835,
    "median_target_class_ratio": 0.4999999850988388,
    "majority_target_class_ratio": 0.6769649982452393,
    "mean_mean_numeric_features": -0.0002690595283638686,
    "stdev_mean_numeric_features": 0.0003926533681806177,
    "min_mean_numeric_features": -0.0007594729540869594,
    "q1_mean_numeric_features": -0.0005044525169068947,
    "median_mean_numeric_features": -0.0002494320797268301,
    "q3_mean_numeric_features": -2.3852793674450368e-05,
    "max_mean_numeric_features": 0.0002017264923779294,
    "mean_stdev_numeric_features": 1.0004596710205078,
    "stdev_stdev_numeric_features": 0.0003686714335344732,
    "min_stdev_numeric_features": 0.9999659061431885,
    "q1_stdev_numeric_features": 1.0002638101577759,
    "median_stdev_numeric_features": 1.0005617141723633,
    "q3_stdev_numeric_features": 1.0007066130638123,
    "max_stdev_numeric_features": 1.0008515119552612,
    "mean_var_numeric_features": 1.0009198188781738,
    "stdev_var_numeric_features": 0.0007376714493148029,
    "min_var_numeric_features": 0.999931812286377,
    "q1_var_numeric_features": 1.000527799129486,
    "median_var_numeric_features": 1.0011237859725952,
    "q3_var_numeric_features": 1.0014138221740723,
    "max_var_numeric_features": 1.0017038583755493,
    "mean_min_numeric_features": -1.339333415031433,
    "stdev_min_numeric_features": 0.7860963940620422,
    "min_min_numeric_features": -1.9199999570846558,
    "q1_min_numeric_features": -1.8949999809265137,
    "median_min_numeric_features": -1.8700000047683716,
    "q3_min_numeric_features": -1.0490000024437904,
    "max_min_numeric_features": -0.2280000001192093,
    "mean_median_numeric_features": 0.10480000823736191,
    "stdev_median_numeric_features": 0.31141284108161926,
    "min_median_numeric_features": -0.2280000001192093,
    "q1_median_numeric_features": -0.10329999960958958,
    "median_median_numeric_features": 0.021400000900030136,
    "q3_median_numeric_features": 0.27120001427829266,
    "max_median_numeric_features": 0.5210000276565552,
    "mean_max_numeric_features": 1.9553333520889282,
    "stdev_max_numeric_features": 1.7240535020828247,
    "min_max_numeric_features": 0.5210000276565552,
    "q1_max_numeric_features": 0.7430000007152557,
    "median_max_numeric_features": 0.9649999737739563,
    "q3_max_numeric_features": 2.672500044107437,
    "max_max_numeric_features": 4.380000114440918,
    "pca_1": 0.4724860781412662,
    "pca_2": 0.32141091982060455,
    "pca_3": 0.2061030020381292,
    "mean_entropy_categorical_features": NaN,
    "stdev_entropy_categorical_features": NaN,
    "min_entropy_categorical_features": NaN,
    "median_entropy_categorical_features": NaN,
    "max_entropy_categorical_features": NaN,
    "mean_information_gain_categorical_features": NaN,
    "stdev_information_gain_categorical_features": NaN,
    "min_information_gain_categorical_features": NaN,
    "median_information_gain_categorical_features": NaN,
    "max_information_gain_categorical_features": NaN,
    "mean_mutual_informaiton_categorical_features": NaN,
    "stdev_mutual_informaiton_categorical_features": NaN,
    "min_mutual_informaiton_categorical_features": NaN,
    "median_mutual_informaiton_categorical_features": NaN,
    "max_mutual_informaiton_categorical_features": NaN,
    "knn_5_accuracy": 0.7078251906823335,
    "knn_5_balanced_accuracy": 0.6633123840844843,
    "gaussian_nb_accuracy": 0.7732797361368791,
    "gaussian_nb_balanced_accuracy": 0.7087455717202416,
    "lda_accuracy": 0.7760142238713668,
    "lda_balanced_accuracy": 0.6997993754020511,
    "decision_tree_3_accuracy": 0.7887239744382601,
    "decision_tree_3_balanced_accuracy": 0.6807980057682308,
    "decision_tree_1_accuracy": 0.7759987631416203,
    "decision_tree_1_balanced_accuracy": 0.698737378745094,
    "random_tree_2_accuracy": 0.7760039167182025,
    "random_tree_2_balanced_accuracy": 0.7004250187000862
}