{
    "nb_instances": 690,
    "log_nb_instances": 6.536691597591305,
    "nb_features": 15,
    "dataset_dimensionality": 46.0,
    "log_dataset_dimensionality": 3.828641396489095,
    "dataset_ratio": 0.021739130434782608,
    "nb_missing_vals": 0,
    "ratio_features_with_missing_vals": 0.0,
    "ratio_instances_with_missing_vals": 0.0,
    "nb_numeric_features": 7,
    "nb_categorical_features": 8,
    "ratio_numeric_categorical_features": 0.875,
    "ratio_categorical_numeric_features": 1.1428571428571428,
    "nb_classes": 2,
    "class_entropy": 0.6870689028587588,
    "mean_target_class_ratio": 0.5,
    "stdev_target_class_ratio": 0.055072471499443054,
    "minority_target_class_ratio": 0.44492754340171814,
    "median_target_class_ratio": 0.5000000149011612,
    "majority_target_class_ratio": 0.5550724864006042,
    "mean_mean_numeric_features": 177.2318115234375,
    "stdev_mean_numeric_features": 346.6512145996094,
    "min_mean_numeric_features": 2.2234058380126953,
    "q1_mean_numeric_features": 3.579362392425537,
    "median_mean_numeric_features": 6.398550510406494,
    "q3_mean_numeric_features": 103.72826385498047,
    "max_mean_numeric_features": 1017.385498046875,
    "mean_stdev_numeric_features": 768.3432006835938,
    "stdev_stdev_numeric_features": 1813.6405029296875,
    "min_stdev_numeric_features": 3.346513271331787,
    "q1_stdev_numeric_features": 4.486358880996704,
    "median_stdev_numeric_features": 4.978163242340088,
    "q3_stdev_numeric_features": 75.50110816955566,
    "max_stdev_numeric_features": 5210.1025390625,
    "mean_var_numeric_features": 3879643.5,
    "stdev_var_numeric_features": 9498112.0,
    "min_var_numeric_features": 11.199151992797852,
    "q1_var_numeric_features": 20.269229888916016,
    "median_var_numeric_features": 24.7821102142334,
    "q3_var_numeric_features": 6128.4036865234375,
    "max_var_numeric_features": 27145170.0,
    "mean_min_numeric_features": 0.0,
    "stdev_min_numeric_features": 0.0,
    "min_min_numeric_features": 0.0,
    "q1_min_numeric_features": 0.0,
    "median_min_numeric_features": 0.0,
    "q3_min_numeric_features": 0.0,
    "max_min_numeric_features": 0.0,
    "mean_median_numeric_features": 26.89285659790039,
    "stdev_median_numeric_features": 45.40175247192383,
    "min_median_numeric_features": 0.0,
    "q1_median_numeric_features": 1.875,
    "median_median_numeric_features": 5.0,
    "q3_median_numeric_features": 23.0,
    "max_median_numeric_features": 133.5,
    "mean_max_numeric_features": 14379.5,
    "stdev_max_numeric_features": 34954.59765625,
    "min_max_numeric_features": 14.0,
    "q1_max_numeric_features": 28.25,
    "median_max_numeric_features": 67.0,
    "q3_max_numeric_features": 259.5,
    "max_max_numeric_features": 100000.0,
    "pca_1": 0.9995464805140013,
    "pca_2": 0.000341126260778001,
    "pca_3": 0.00010970947942560313,
    "mean_entropy_categorical_features": 0.7046089172363281,
    "stdev_entropy_categorical_features": 0.2508130371570587,
    "min_entropy_categorical_features": 0.3472941517829895,
    "median_entropy_categorical_features": 0.6861091256141663,
    "max_entropy_categorical_features": 1.3029041290283203,
    "mean_information_gain_categorical_features": 0.15114861726760864,
    "stdev_information_gain_categorical_features": 0.16103556752204895,
    "min_information_gain_categorical_features": 0.0004999570664949715,
    "median_information_gain_categorical_features": 0.07156415097415447,
    "max_information_gain_categorical_features": 0.380891889333725,
    "mean_mutual_informaiton_categorical_features": 0.06118708848953247,
    "stdev_mutual_informaiton_categorical_features": 0.09421025961637497,
    "min_mutual_informaiton_categorical_features": 0.0004999570664949715,
    "median_mutual_informaiton_categorical_features": 0.021045787259936333,
    "max_mutual_informaiton_categorical_features": 0.2950792908668518,
    "knn_5_accuracy": 0.653623188405797,
    "knn_5_balanced_accuracy": 0.643973369906744,
    "gaussian_nb_accuracy": 0.7927536231884058,
    "gaussian_nb_balanced_accuracy": 0.7731489543366338,
    "lda_accuracy": 0.8608695652173914,
    "lda_balanced_accuracy": 0.8702039029185833,
    "decision_tree_3_accuracy": 0.8304347826086955,
    "decision_tree_3_balanced_accuracy": 0.8324467168860057,
    "decision_tree_1_accuracy": 0.855072463768116,
    "decision_tree_1_balanced_accuracy": 0.8595531047549102,
    "random_tree_2_accuracy": 0.8608695652173914,
    "random_tree_2_balanced_accuracy": 0.8690012103589488
}