{
    "nb_instances": 214,
    "log_nb_instances": 5.365976015021851,
    "nb_features": 9,
    "dataset_dimensionality": 23.77777777777778,
    "log_dataset_dimensionality": 3.168751437685632,
    "dataset_ratio": 0.04205607476635514,
    "nb_missing_vals": 0,
    "ratio_features_with_missing_vals": 0.0,
    "ratio_instances_with_missing_vals": 0.0,
    "nb_numeric_features": 9,
    "nb_categorical_features": 0,
    "ratio_numeric_categorical_features": 0.0,
    "ratio_categorical_numeric_features": 0.0,
    "nb_classes": 7,
    "class_entropy": 1.508658400223694,
    "mean_target_class_ratio": 0.1428571492433548,
    "stdev_target_class_ratio": 0.13114729523658752,
    "minority_target_class_ratio": 0.0,
    "median_target_class_ratio": 0.07943925261497498,
    "majority_target_class_ratio": 0.35514017939567566,
    "mean_mean_numeric_features": 11.265851020812988,
    "stdev_mean_numeric_features": 22.130327224731445,
    "min_mean_numeric_features": 0.05700934678316116,
    "q1_mean_numeric_features": 0.4970560669898987,
    "median_mean_numeric_features": 1.5183653831481934,
    "q3_mean_numeric_features": 8.956962585449219,
    "max_mean_numeric_features": 72.65093231201172,
    "mean_stdev_numeric_features": 0.6895407438278198,
    "stdev_stdev_numeric_features": 0.474321186542511,
    "min_stdev_numeric_features": 0.003036863636225462,
    "q1_stdev_numeric_features": 0.4972192645072937,
    "median_stdev_numeric_features": 0.6521918177604675,
    "q3_stdev_numeric_features": 0.8166035413742065,
    "max_stdev_numeric_features": 1.4424078464508057,
    "mean_var_numeric_features": 0.7004470825195312,
    "stdev_var_numeric_features": 0.7545400261878967,
    "min_var_numeric_features": 9.222540938935708e-06,
    "q1_var_numeric_features": 0.2472269982099533,
    "median_var_numeric_features": 0.4253542125225067,
    "q3_var_numeric_features": 0.6668413877487183,
    "max_var_numeric_features": 2.080540418624878,
    "mean_min_numeric_features": 9.752349853515625,
    "stdev_min_numeric_features": 21.510839462280273,
    "min_min_numeric_features": 0.0,
    "q1_min_numeric_features": 0.0,
    "median_min_numeric_features": 0.28999999165534973,
    "q3_min_numeric_features": 5.429999828338623,
    "max_min_numeric_features": 69.80999755859375,
    "mean_median_numeric_features": 11.289186477661133,
    "stdev_median_numeric_features": 22.158002853393555,
    "min_median_numeric_features": 0.0,
    "q1_median_numeric_features": 0.5550000071525574,
    "median_median_numeric_features": 1.517680048942566,
    "q3_median_numeric_features": 8.600000381469727,
    "max_median_numeric_features": 72.79000091552734,
    "mean_max_numeric_features": 14.26377010345459,
    "stdev_max_numeric_features": 22.368783950805664,
    "min_max_numeric_features": 0.5099999904632568,
    "q1_max_numeric_features": 3.1500000953674316,
    "median_max_numeric_features": 4.489999771118164,
    "q3_max_numeric_features": 16.190000534057617,
    "max_max_numeric_features": 75.41000366210938,
    "pca_1": 0.47620524713059664,
    "pca_2": 0.2631927603915368,
    "pca_3": 0.10780043164997216,
    "mean_entropy_categorical_features": NaN,
    "stdev_entropy_categorical_features": NaN,
    "min_entropy_categorical_features": NaN,
    "median_entropy_categorical_features": NaN,
    "max_entropy_categorical_features": NaN,
    "mean_information_gain_categorical_features": NaN,
    "stdev_information_gain_categorical_features": NaN,
    "min_information_gain_categorical_features": NaN,
    "median_information_gain_categorical_features": NaN,
    "max_information_gain_categorical_features": NaN,
    "mean_mutual_informaiton_categorical_features": NaN,
    "stdev_mutual_informaiton_categorical_features": NaN,
    "min_mutual_informaiton_categorical_features": NaN,
    "median_mutual_informaiton_categorical_features": NaN,
    "max_mutual_informaiton_categorical_features": NaN,
    "knn_5_accuracy": 0.6262458471760797,
    "knn_5_balanced_accuracy": 0.5462395855778208,
    "gaussian_nb_accuracy": 0.4767441860465117,
    "gaussian_nb_balanced_accuracy": 0.5278398453398453,
    "lda_accuracy": 0.6491694352159468,
    "lda_balanced_accuracy": 0.5754270647653,
    "decision_tree_3_accuracy": 0.6450719822812847,
    "decision_tree_3_balanced_accuracy": 0.667996846290964,
    "decision_tree_1_accuracy": 0.4440753045404208,
    "decision_tree_1_balanced_accuracy": 0.32319047619047614,
    "random_tree_2_accuracy": 0.3266888150609081,
    "random_tree_2_balanced_accuracy": 0.32420634920634916
}