{
    "nb_instances": 3751,
    "log_nb_instances": 8.229777750081887,
    "nb_features": 1776,
    "dataset_dimensionality": 2.1120495495495497,
    "log_dataset_dimensionality": 0.747658826529772,
    "dataset_ratio": 0.47347374033591044,
    "nb_missing_vals": 0,
    "ratio_features_with_missing_vals": 0.0,
    "ratio_instances_with_missing_vals": 0.0,
    "nb_numeric_features": 1776,
    "nb_categorical_features": 0,
    "ratio_numeric_categorical_features": 0.0,
    "ratio_categorical_numeric_features": 0.0,
    "nb_classes": 2,
    "class_entropy": 0.6895718801851491,
    "mean_target_class_ratio": 0.5,
    "stdev_target_class_ratio": 0.042255401611328125,
    "minority_target_class_ratio": 0.4577445983886719,
    "median_target_class_ratio": 0.5,
    "majority_target_class_ratio": 0.5422554016113281,
    "mean_mean_numeric_features": 0.08788000047206879,
    "stdev_mean_numeric_features": 0.14880691468715668,
    "min_mean_numeric_features": 4.443259604158811e-05,
    "q1_mean_numeric_features": 0.0064871590584516525,
    "median_mean_numeric_features": 0.019994668662548065,
    "q3_mean_numeric_features": 0.09577446058392525,
    "max_mean_numeric_features": 0.9741671085357666,
    "mean_stdev_numeric_features": 0.15803080797195435,
    "stdev_stdev_numeric_features": 0.14263977110385895,
    "min_stdev_numeric_features": 0.002721292432397604,
    "q1_stdev_numeric_features": 0.04537859000265598,
    "median_stdev_numeric_features": 0.10761316865682602,
    "q3_stdev_numeric_features": 0.25277508795261383,
    "max_stdev_numeric_features": 0.5000666379928589,
    "mean_var_numeric_features": 0.04531984031200409,
    "stdev_var_numeric_features": 0.06864806264638901,
    "min_var_numeric_features": 7.405432825180469e-06,
    "q1_var_numeric_features": 0.0020592166110873222,
    "median_var_numeric_features": 0.011580598074942827,
    "q3_var_numeric_features": 0.06389527954161167,
    "max_var_numeric_features": 0.2500666379928589,
    "mean_min_numeric_features": 0.0013128201244398952,
    "stdev_min_numeric_features": 0.01654290221631527,
    "min_min_numeric_features": 0.0,
    "q1_min_numeric_features": 0.0,
    "median_min_numeric_features": 0.0,
    "q3_min_numeric_features": 0.0,
    "max_min_numeric_features": 0.3540104329586029,
    "mean_median_numeric_features": 0.03804085776209831,
    "stdev_median_numeric_features": 0.1649501472711563,
    "min_median_numeric_features": 0.0,
    "q1_median_numeric_features": 0.0,
    "median_median_numeric_features": 0.0,
    "q3_median_numeric_features": 0.0,
    "max_median_numeric_features": 1.0,
    "mean_max_numeric_features": 0.9533424973487854,
    "stdev_max_numeric_features": 0.12979626655578613,
    "min_max_numeric_features": 0.1428571492433548,
    "q1_max_numeric_features": 1.0,
    "median_max_numeric_features": 1.0,
    "q3_max_numeric_features": 1.0,
    "max_max_numeric_features": 1.0,
    "pca_1": 0.14347865632814522,
    "pca_2": 0.06599118767054825,
    "pca_3": 0.0353467909047433,
    "mean_entropy_categorical_features": NaN,
    "stdev_entropy_categorical_features": NaN,
    "min_entropy_categorical_features": NaN,
    "median_entropy_categorical_features": NaN,
    "max_entropy_categorical_features": NaN,
    "mean_information_gain_categorical_features": NaN,
    "stdev_information_gain_categorical_features": NaN,
    "min_information_gain_categorical_features": NaN,
    "median_information_gain_categorical_features": NaN,
    "max_information_gain_categorical_features": NaN,
    "mean_mutual_informaiton_categorical_features": NaN,
    "stdev_mutual_informaiton_categorical_features": NaN,
    "min_mutual_informaiton_categorical_features": NaN,
    "median_mutual_informaiton_categorical_features": NaN,
    "max_mutual_informaiton_categorical_features": NaN,
    "knn_5_accuracy": 0.7464695960940968,
    "knn_5_balanced_accuracy": 0.7426958757608787,
    "gaussian_nb_accuracy": 0.6049033288948069,
    "gaussian_nb_balanced_accuracy": 0.5762515415770928,
    "lda_accuracy": 0.7046107412339102,
    "lda_balanced_accuracy": 0.7024481642733297,
    "decision_tree_3_accuracy": 0.7533986684420773,
    "decision_tree_3_balanced_accuracy": 0.750619592114883,
    "decision_tree_1_accuracy": 0.7368699511762096,
    "decision_tree_1_balanced_accuracy": 0.7366038814289273,
    "random_tree_2_accuracy": 0.7374022192632046,
    "random_tree_2_balanced_accuracy": 0.7385998547891344
}