{
    "nb_instances": 180,
    "log_nb_instances": 5.19295685089021,
    "nb_features": 66,
    "dataset_dimensionality": 2.727272727272727,
    "log_dataset_dimensionality": 1.0033021088637848,
    "dataset_ratio": 0.36666666666666664,
    "nb_missing_vals": 0,
    "ratio_features_with_missing_vals": 0.0,
    "ratio_instances_with_missing_vals": 0.0,
    "nb_numeric_features": 66,
    "nb_categorical_features": 0,
    "ratio_numeric_categorical_features": 0.0,
    "ratio_categorical_numeric_features": 0.0,
    "nb_classes": 6,
    "class_entropy": 1.7917594692280547,
    "mean_target_class_ratio": 0.1666666716337204,
    "stdev_target_class_ratio": 0.0,
    "minority_target_class_ratio": 0.1666666716337204,
    "median_target_class_ratio": 0.1666666716337204,
    "majority_target_class_ratio": 0.1666666716337204,
    "mean_mean_numeric_features": -0.48436278104782104,
    "stdev_mean_numeric_features": 0.32017797231674194,
    "min_mean_numeric_features": -0.9637525081634521,
    "q1_mean_numeric_features": -0.6710165292024612,
    "median_mean_numeric_features": -0.5861693322658539,
    "q3_mean_numeric_features": -0.48329222202301025,
    "max_mean_numeric_features": 0.6974775195121765,
    "mean_stdev_numeric_features": 0.2925303280353546,
    "stdev_stdev_numeric_features": 0.1594414860010147,
    "min_stdev_numeric_features": 0.005771183408796787,
    "q1_stdev_numeric_features": 0.2585113048553467,
    "median_stdev_numeric_features": 0.3410601317882538,
    "q3_stdev_numeric_features": 0.4153565540909767,
    "max_stdev_numeric_features": 0.4965650141239166,
    "mean_var_numeric_features": 0.1109955683350563,
    "stdev_var_numeric_features": 0.07569504529237747,
    "min_var_numeric_features": 3.330655817990191e-05,
    "q1_var_numeric_features": 0.06683443486690521,
    "median_var_numeric_features": 0.11633946374058723,
    "q3_var_numeric_features": 0.1725359857082367,
    "max_var_numeric_features": 0.24657680094242096,
    "mean_min_numeric_features": -0.8039931058883667,
    "stdev_min_numeric_features": 0.3613862097263336,
    "min_min_numeric_features": -0.99766606092453,
    "q1_min_numeric_features": -0.9943632632493973,
    "median_min_numeric_features": -0.9894937574863434,
    "q3_min_numeric_features": -0.9813967049121857,
    "max_min_numeric_features": 0.22159823775291443,
    "mean_median_numeric_features": -0.5804236531257629,
    "stdev_median_numeric_features": 0.3794250786304474,
    "min_median_numeric_features": -0.9694656729698181,
    "q1_median_numeric_features": -0.8137333542108536,
    "median_median_numeric_features": -0.767401248216629,
    "q3_median_numeric_features": -0.4894040450453758,
    "max_median_numeric_features": 0.9208388924598694,
    "mean_max_numeric_features": 0.3120273947715759,
    "stdev_max_numeric_features": 0.32795828580856323,
    "min_max_numeric_features": -0.8295549750328064,
    "q1_max_numeric_features": 0.16300290822982788,
    "median_max_numeric_features": 0.3089037090539932,
    "q3_max_numeric_features": 0.5338059514760971,
    "max_max_numeric_features": 0.9745087027549744,
    "pca_1": 0.8934405034977771,
    "pca_2": 0.03860140100704892,
    "pca_3": 0.02068738135644642,
    "mean_entropy_categorical_features": NaN,
    "stdev_entropy_categorical_features": NaN,
    "min_entropy_categorical_features": NaN,
    "median_entropy_categorical_features": NaN,
    "max_entropy_categorical_features": NaN,
    "mean_information_gain_categorical_features": NaN,
    "stdev_information_gain_categorical_features": NaN,
    "min_information_gain_categorical_features": NaN,
    "median_information_gain_categorical_features": NaN,
    "max_information_gain_categorical_features": NaN,
    "mean_mutual_informaiton_categorical_features": NaN,
    "stdev_mutual_informaiton_categorical_features": NaN,
    "min_mutual_informaiton_categorical_features": NaN,
    "median_mutual_informaiton_categorical_features": NaN,
    "max_mutual_informaiton_categorical_features": NaN,
    "knn_5_accuracy": 0.8722222222222221,
    "knn_5_balanced_accuracy": 0.8633862433862433,
    "gaussian_nb_accuracy": 0.8944444444444443,
    "gaussian_nb_balanced_accuracy": 0.8891137566137566,
    "lda_accuracy": 0.961111111111111,
    "lda_balanced_accuracy": 0.9592857142857143,
    "decision_tree_3_accuracy": 0.9388888888888889,
    "decision_tree_3_balanced_accuracy": 0.932895622895623,
    "decision_tree_1_accuracy": 0.23888888888888887,
    "decision_tree_1_balanced_accuracy": 0.3333333333333333,
    "random_tree_2_accuracy": 0.49444444444444446,
    "random_tree_2_balanced_accuracy": 0.5451058201058202
}