{
    "nb_instances": 383,
    "log_nb_instances": 5.948034989180646,
    "nb_features": 5,
    "dataset_dimensionality": 76.6,
    "log_dataset_dimensionality": 4.338597076746545,
    "dataset_ratio": 0.013054830287206266,
    "nb_missing_vals": 0,
    "ratio_features_with_missing_vals": 0.0,
    "ratio_instances_with_missing_vals": 0.0,
    "nb_numeric_features": 5,
    "nb_categorical_features": 0,
    "ratio_numeric_categorical_features": 0.0,
    "ratio_categorical_numeric_features": 0.0,
    "nb_classes": 3,
    "class_entropy": 0.6486831067240947,
    "mean_target_class_ratio": 0.3333333432674408,
    "stdev_target_class_ratio": 0.2729205787181854,
    "minority_target_class_ratio": 0.002610966097563505,
    "median_target_class_ratio": 0.3263707458972931,
    "majority_target_class_ratio": 0.6710183024406433,
    "mean_mean_numeric_features": 70.6156005859375,
    "stdev_mean_numeric_features": 107.62059783935547,
    "min_mean_numeric_features": 4.205843448638916,
    "q1_mean_numeric_features": 11.247188568115234,
    "median_mean_numeric_features": 16.57911491394043,
    "q3_mean_numeric_features": 36.24602127075195,
    "max_mean_numeric_features": 284.7998352050781,
    "mean_stdev_numeric_features": 1.587623953819275,
    "stdev_stdev_numeric_features": 2.6089107990264893,
    "min_stdev_numeric_features": 0.03349129110574722,
    "q1_stdev_numeric_features": 0.07353676855564117,
    "median_stdev_numeric_features": 0.15659630298614502,
    "q3_stdev_numeric_features": 0.9085248708724976,
    "max_stdev_numeric_features": 6.765970706939697,
    "mean_var_numeric_features": 9.32696533203125,
    "stdev_var_numeric_features": 18.228431701660156,
    "min_var_numeric_features": 0.0011216666316613555,
    "q1_var_numeric_features": 0.005407656077295542,
    "median_var_numeric_features": 0.02452239952981472,
    "q3_var_numeric_features": 0.8254174590110779,
    "max_var_numeric_features": 45.778358459472656,
    "mean_min_numeric_features": 67.24891662597656,
    "stdev_min_numeric_features": 102.14871215820312,
    "min_min_numeric_features": 3.948364019393921,
    "q1_min_numeric_features": 11.16796875,
    "median_min_numeric_features": 15.857803344726562,
    "q3_min_numeric_features": 34.7431755065918,
    "max_min_numeric_features": 270.52728271484375,
    "mean_median_numeric_features": 70.30233764648438,
    "stdev_median_numeric_features": 107.13426208496094,
    "min_median_numeric_features": 4.2083740234375,
    "q1_median_numeric_features": 11.244140625,
    "median_median_numeric_features": 16.602027893066406,
    "q3_median_numeric_features": 35.925018310546875,
    "max_median_numeric_features": 283.5321350097656,
    "mean_max_numeric_features": 75.06095886230469,
    "stdev_max_numeric_features": 115.15930938720703,
    "min_max_numeric_features": 4.447021007537842,
    "q1_max_numeric_features": 11.302734375,
    "median_max_numeric_features": 17.123933792114258,
    "q3_max_numeric_features": 38.15772247314453,
    "max_max_numeric_features": 304.2734069824219,
    "pca_1": 0.9897407836172233,
    "pca_2": 0.009619926602727641,
    "pca_3": 0.0005142296652084307,
    "mean_entropy_categorical_features": NaN,
    "stdev_entropy_categorical_features": NaN,
    "min_entropy_categorical_features": NaN,
    "median_entropy_categorical_features": NaN,
    "max_entropy_categorical_features": NaN,
    "mean_information_gain_categorical_features": NaN,
    "stdev_information_gain_categorical_features": NaN,
    "min_information_gain_categorical_features": NaN,
    "median_information_gain_categorical_features": NaN,
    "max_information_gain_categorical_features": NaN,
    "mean_mutual_informaiton_categorical_features": NaN,
    "stdev_mutual_informaiton_categorical_features": NaN,
    "min_mutual_informaiton_categorical_features": NaN,
    "median_mutual_informaiton_categorical_features": NaN,
    "max_mutual_informaiton_categorical_features": NaN,
    "knn_5_accuracy": 0.8616199589883801,
    "knn_5_balanced_accuracy": 0.7930368302277196,
    "gaussian_nb_accuracy": 0.8406015037593985,
    "gaussian_nb_balanced_accuracy": 0.7940524794772471,
    "lda_accuracy": 0.8695830485304169,
    "lda_balanced_accuracy": 0.8172144919587374,
    "decision_tree_3_accuracy": 0.8431305536568695,
    "decision_tree_3_balanced_accuracy": 0.7838755503755503,
    "decision_tree_1_accuracy": 0.7596377306903623,
    "decision_tree_1_balanced_accuracy": 0.7631495701888833,
    "random_tree_2_accuracy": 0.7885509227614491,
    "random_tree_2_balanced_accuracy": 0.6517627878607614
}