{
    "nb_instances": 4601,
    "log_nb_instances": 8.434028950155469,
    "nb_features": 57,
    "dataset_dimensionality": 80.71929824561404,
    "log_dataset_dimensionality": 4.390977682320918,
    "dataset_ratio": 0.01238861117148446,
    "nb_missing_vals": 0,
    "ratio_features_with_missing_vals": 0.0,
    "ratio_instances_with_missing_vals": 0.0,
    "nb_numeric_features": 57,
    "nb_categorical_features": 0,
    "ratio_numeric_categorical_features": 0.0,
    "ratio_categorical_numeric_features": 0.0,
    "nb_classes": 2,
    "class_entropy": 0.6705230209876485,
    "mean_target_class_ratio": 0.5,
    "stdev_target_class_ratio": 0.10595522820949554,
    "minority_target_class_ratio": 0.39404478669166565,
    "median_target_class_ratio": 0.5000000149011612,
    "majority_target_class_ratio": 0.6059552431106567,
    "mean_mean_numeric_features": 6.1507697105407715,
    "stdev_mean_numeric_features": 37.662139892578125,
    "min_mean_numeric_features": 0.005444468464702368,
    "q1_mean_numeric_features": 0.06483373045921326,
    "median_mean_numeric_features": 0.10285155475139618,
    "q3_mean_numeric_features": 0.23941317200660706,
    "max_mean_numeric_features": 283.2892761230469,
    "mean_stdev_numeric_features": 15.193997383117676,
    "stdev_stdev_numeric_features": 83.08984375,
    "min_stdev_numeric_features": 0.07627426832914352,
    "q1_stdev_numeric_features": 0.32855889201164246,
    "median_stdev_numeric_features": 0.44405531883239746,
    "q3_stdev_numeric_features": 0.8257917165756226,
    "max_stdev_numeric_features": 606.3478393554688,
    "mean_var_numeric_features": 7134.77978515625,
    "stdev_var_numeric_features": 48434.12890625,
    "min_var_numeric_features": 0.005817764438688755,
    "q1_var_numeric_features": 0.10795094072818756,
    "median_var_numeric_features": 0.19718512892723083,
    "q3_var_numeric_features": 0.6819319128990173,
    "max_var_numeric_features": 367657.71875,
    "mean_min_numeric_features": 0.05263157933950424,
    "stdev_min_numeric_features": 0.2232968807220459,
    "min_min_numeric_features": 0.0,
    "q1_min_numeric_features": 0.0,
    "median_min_numeric_features": 0.0,
    "q3_min_numeric_features": 0.0,
    "max_min_numeric_features": 1.0,
    "mean_median_numeric_features": 1.9994912147521973,
    "stdev_median_numeric_features": 12.585898399353027,
    "min_median_numeric_features": 0.0,
    "q1_median_numeric_features": 0.0,
    "median_median_numeric_features": 0.0,
    "q3_median_numeric_features": 0.0,
    "max_median_numeric_features": 95.0,
    "mean_max_numeric_features": 483.94207763671875,
    "stdev_max_numeric_features": 2437.265625,
    "min_max_numeric_features": 2.1700000762939453,
    "q1_max_numeric_features": 5.880000114440918,
    "median_max_numeric_features": 10.0,
    "q3_max_numeric_features": 18.18000030517578,
    "max_max_numeric_features": 15841.0,
    "pca_1": 0.9270270117088831,
    "pca_2": 0.07104297298033695,
    "pca_3": 0.0018437247693527516,
    "mean_entropy_categorical_features": NaN,
    "stdev_entropy_categorical_features": NaN,
    "min_entropy_categorical_features": NaN,
    "median_entropy_categorical_features": NaN,
    "max_entropy_categorical_features": NaN,
    "mean_information_gain_categorical_features": NaN,
    "stdev_information_gain_categorical_features": NaN,
    "min_information_gain_categorical_features": NaN,
    "median_information_gain_categorical_features": NaN,
    "max_information_gain_categorical_features": NaN,
    "mean_mutual_informaiton_categorical_features": NaN,
    "stdev_mutual_informaiton_categorical_features": NaN,
    "min_mutual_informaiton_categorical_features": NaN,
    "median_mutual_informaiton_categorical_features": NaN,
    "max_mutual_informaiton_categorical_features": NaN,
    "knn_5_accuracy": 0.803301468158429,
    "knn_5_balanced_accuracy": 0.7923440623613326,
    "gaussian_nb_accuracy": 0.8209113440022661,
    "gaussian_nb_balanced_accuracy": 0.8445885420410779,
    "lda_accuracy": 0.8885011565878298,
    "lda_balanced_accuracy": 0.871033461111461,
    "decision_tree_3_accuracy": 0.8663373931926545,
    "decision_tree_3_balanced_accuracy": 0.8410276977836458,
    "decision_tree_1_accuracy": 0.7878716423547185,
    "decision_tree_1_balanced_accuracy": 0.7661343102680715,
    "random_tree_2_accuracy": 0.694848227352122,
    "random_tree_2_balanced_accuracy": 0.6219548621663977
}