{
    "nb_instances": 200,
    "log_nb_instances": 5.298317366548036,
    "nb_features": 7,
    "dataset_dimensionality": 28.571428571428573,
    "log_dataset_dimensionality": 3.3524072174927233,
    "dataset_ratio": 0.035,
    "nb_missing_vals": 0,
    "ratio_features_with_missing_vals": 0.0,
    "ratio_instances_with_missing_vals": 0.0,
    "nb_numeric_features": 6,
    "nb_categorical_features": 1,
    "ratio_numeric_categorical_features": 6.0,
    "ratio_categorical_numeric_features": 0.16666666666666666,
    "nb_classes": 2,
    "class_entropy": 0.6931471805599453,
    "mean_target_class_ratio": 0.5,
    "stdev_target_class_ratio": 0.0,
    "minority_target_class_ratio": 0.5,
    "median_target_class_ratio": 0.5,
    "majority_target_class_ratio": 0.5,
    "mean_mean_numeric_features": 22.728668212890625,
    "stdev_mean_numeric_features": 9.214385986328125,
    "min_mean_numeric_features": 12.738499641418457,
    "q1_mean_numeric_features": 14.418625354766846,
    "median_mean_numeric_features": 20.541500091552734,
    "q3_mean_numeric_features": 30.454124450683594,
    "max_mean_numeric_features": 36.41450119018555,
    "mean_stdev_numeric_features": 6.491909027099609,
    "stdev_stdev_numeric_features": 4.075192451477051,
    "min_stdev_numeric_features": 2.5733399391174316,
    "q1_stdev_numeric_features": 3.442410469055176,
    "median_stdev_numeric_features": 5.307153940200806,
    "q3_stdev_numeric_features": 7.6837122440338135,
    "max_stdev_numeric_features": 14.467082977294922,
    "mean_var_numeric_features": 58.75209045410156,
    "stdev_var_numeric_features": 70.51394653320312,
    "min_var_numeric_features": 6.622077941894531,
    "q1_var_numeric_features": 11.851123094558716,
    "median_var_numeric_features": 31.448608875274658,
    "q3_var_numeric_features": 59.14573860168457,
    "max_var_numeric_features": 209.29647827148438,
    "mean_min_numeric_features": 8.766666412353516,
    "stdev_min_numeric_features": 5.472253322601318,
    "min_min_numeric_features": 1.0,
    "q1_min_numeric_features": 6.199999928474426,
    "median_min_numeric_features": 6.849999904632568,
    "q3_min_numeric_features": 12.824999809265137,
    "max_min_numeric_features": 17.100000381469727,
    "mean_median_numeric_features": 22.774999618530273,
    "stdev_median_numeric_features": 9.323346138000488,
    "min_median_numeric_features": 12.800000190734863,
    "q1_median_numeric_features": 14.312499761581421,
    "median_median_numeric_features": 20.52500009536743,
    "q3_median_numeric_features": 30.44999885559082,
    "max_median_numeric_features": 36.79999923706055,
    "mean_max_numeric_features": 36.18333435058594,
    "stdev_max_numeric_features": 14.718062400817871,
    "min_max_numeric_features": 20.200000762939453,
    "q1_max_numeric_features": 21.975000381469727,
    "median_max_numeric_features": 35.34999942779541,
    "q3_max_numeric_features": 49.39999961853027,
    "max_max_numeric_features": 54.599998474121094,
    "pca_1": 0.9527580836066316,
    "pca_2": 0.04095455719187783,
    "pca_3": 0.003626740948948561,
    "mean_entropy_categorical_features": 0.6931471824645996,
    "stdev_entropy_categorical_features": 0.0,
    "min_entropy_categorical_features": 0.6931471824645996,
    "median_entropy_categorical_features": 0.6931471824645996,
    "max_entropy_categorical_features": 0.6931471824645996,
    "mean_information_gain_categorical_features": 0.0,
    "stdev_information_gain_categorical_features": 0.0,
    "min_information_gain_categorical_features": 0.0,
    "median_information_gain_categorical_features": 0.0,
    "max_information_gain_categorical_features": 0.0,
    "mean_mutual_informaiton_categorical_features": -1.3322676295501878e-15,
    "stdev_mutual_informaiton_categorical_features": 0.0,
    "min_mutual_informaiton_categorical_features": -1.3322676295501878e-15,
    "median_mutual_informaiton_categorical_features": -1.3322676295501878e-15,
    "max_mutual_informaiton_categorical_features": -1.3322676295501878e-15,
    "knn_5_accuracy": NaN,
    "knn_5_balanced_accuracy": NaN,
    "gaussian_nb_accuracy": NaN,
    "gaussian_nb_balanced_accuracy": NaN,
    "lda_accuracy": NaN,
    "lda_balanced_accuracy": NaN,
    "decision_tree_3_accuracy": NaN,
    "decision_tree_3_balanced_accuracy": NaN,
    "decision_tree_1_accuracy": NaN,
    "decision_tree_1_balanced_accuracy": NaN,
    "random_tree_2_accuracy": NaN,
    "random_tree_2_balanced_accuracy": NaN
}