{
    "nb_instances": 264,
    "log_nb_instances": 5.575949103146316,
    "nb_features": 4,
    "dataset_dimensionality": 66.0,
    "log_dataset_dimensionality": 4.189654742026425,
    "dataset_ratio": 0.015151515151515152,
    "nb_missing_vals": 0,
    "ratio_features_with_missing_vals": 0.0,
    "ratio_instances_with_missing_vals": 0.0,
    "nb_numeric_features": 3,
    "nb_categorical_features": 1,
    "ratio_numeric_categorical_features": 3.0,
    "ratio_categorical_numeric_features": 0.3333333333333333,
    "nb_classes": 2,
    "class_entropy": 0.2587043978901781,
    "mean_target_class_ratio": 0.5,
    "stdev_target_class_ratio": 0.4280303120613098,
    "minority_target_class_ratio": 0.07196969538927078,
    "median_target_class_ratio": 0.5000000037252903,
    "majority_target_class_ratio": 0.9280303120613098,
    "mean_mean_numeric_features": 22.790695190429688,
    "stdev_mean_numeric_features": 9.544623374938965,
    "min_mean_numeric_features": 12.625720024108887,
    "q1_mean_numeric_features": 16.40384531021118,
    "median_mean_numeric_features": 20.181970596313477,
    "q3_mean_numeric_features": 27.873181343078613,
    "max_mean_numeric_features": 35.56439208984375,
    "mean_stdev_numeric_features": 8.880406379699707,
    "stdev_stdev_numeric_features": 3.0178005695343018,
    "min_stdev_numeric_features": 6.04335880279541,
    "q1_stdev_numeric_features": 6.790560960769653,
    "median_stdev_numeric_features": 7.5377631187438965,
    "q3_stdev_numeric_features": 10.298930883407593,
    "max_stdev_numeric_features": 13.060098648071289,
    "mean_var_numeric_features": 87.96874237060547,
    "stdev_var_numeric_features": 58.9900016784668,
    "min_var_numeric_features": 36.52218246459961,
    "q1_var_numeric_features": 46.67002868652344,
    "median_var_numeric_features": 56.817874908447266,
    "q3_var_numeric_features": 113.69202613830566,
    "max_var_numeric_features": 170.56617736816406,
    "mean_min_numeric_features": 2.6000001430511475,
    "stdev_min_numeric_features": 2.4102697372436523,
    "min_min_numeric_features": 0.6899999976158142,
    "q1_min_numeric_features": 0.9000000059604645,
    "median_min_numeric_features": 1.1100000143051147,
    "q3_min_numeric_features": 3.5550000071525574,
    "max_min_numeric_features": 6.0,
    "mean_median_numeric_features": 22.31166648864746,
    "stdev_median_numeric_features": 10.768771171569824,
    "min_median_numeric_features": 10.425000190734863,
    "q1_median_numeric_features": 15.21750020980835,
    "median_median_numeric_features": 20.010000228881836,
    "q3_median_numeric_features": 28.255000114440918,
    "max_median_numeric_features": 36.5,
    "mean_max_numeric_features": 44.29666519165039,
    "stdev_max_numeric_features": 12.287773132324219,
    "min_max_numeric_features": 30.0,
    "q1_max_numeric_features": 36.44499969482422,
    "median_max_numeric_features": 42.88999938964844,
    "q3_max_numeric_features": 51.44499969482422,
    "max_max_numeric_features": 60.0,
    "pca_1": 0.6706723457593482,
    "pca_2": 0.27626629131718633,
    "pca_3": 0.053061362923465395,
    "mean_entropy_categorical_features": 0.6575706005096436,
    "stdev_entropy_categorical_features": 0.0,
    "min_entropy_categorical_features": 0.6575706005096436,
    "median_entropy_categorical_features": 0.6575706005096436,
    "max_entropy_categorical_features": 0.6575706005096436,
    "mean_information_gain_categorical_features": 0.028955381363630295,
    "stdev_information_gain_categorical_features": 0.0,
    "min_information_gain_categorical_features": 0.028955381363630295,
    "median_information_gain_categorical_features": 0.028955381363630295,
    "max_information_gain_categorical_features": 0.028955381363630295,
    "mean_mutual_informaiton_categorical_features": 0.028955381363630295,
    "stdev_mutual_informaiton_categorical_features": 0.0,
    "min_mutual_informaiton_categorical_features": 0.028955381363630295,
    "median_mutual_informaiton_categorical_features": 0.028955381363630295,
    "max_mutual_informaiton_categorical_features": 0.028955381363630295,
    "knn_5_accuracy": 0.9811320754716981,
    "knn_5_balanced_accuracy": 0.9571683673469389,
    "gaussian_nb_accuracy": 0.9659651669085632,
    "gaussian_nb_balanced_accuracy": 0.8939884791887295,
    "lda_accuracy": 0.9582002902757619,
    "lda_balanced_accuracy": 0.7313725490196078,
    "decision_tree_3_accuracy": 0.9810595065312047,
    "decision_tree_3_balanced_accuracy": 0.9653813448456304,
    "decision_tree_1_accuracy": 0.958345428156749,
    "decision_tree_1_balanced_accuracy": 0.9594013350020859,
    "random_tree_2_accuracy": 0.9355587808417998,
    "random_tree_2_balanced_accuracy": 0.647328431372549
}