{
    "nb_instances": 500,
    "log_nb_instances": 6.214608098422191,
    "nb_features": 5,
    "dataset_dimensionality": 100.0,
    "log_dataset_dimensionality": 4.605170185988092,
    "dataset_ratio": 0.01,
    "nb_missing_vals": 32,
    "ratio_features_with_missing_vals": 0.004,
    "ratio_instances_with_missing_vals": 0.064,
    "nb_numeric_features": 2,
    "nb_categorical_features": 3,
    "ratio_numeric_categorical_features": 0.6666666666666666,
    "ratio_categorical_numeric_features": 1.5,
    "nb_classes": 2,
    "class_entropy": 0.6868620016589055,
    "mean_target_class_ratio": 0.5,
    "stdev_target_class_ratio": 0.0559999942779541,
    "minority_target_class_ratio": 0.4440000057220459,
    "median_target_class_ratio": 0.5,
    "majority_target_class_ratio": 0.5559999942779541,
    "mean_mean_numeric_features": 69.41346740722656,
    "stdev_mean_numeric_features": 30.573719024658203,
    "min_mean_numeric_features": 38.839744567871094,
    "q1_mean_numeric_features": 54.126604080200195,
    "median_mean_numeric_features": 69.4134635925293,
    "q3_mean_numeric_features": 84.7003231048584,
    "max_mean_numeric_features": 99.9871826171875,
    "mean_stdev_numeric_features": 15.275293350219727,
    "stdev_stdev_numeric_features": 0.020920276641845703,
    "min_stdev_numeric_features": 15.254372596740723,
    "q1_stdev_numeric_features": 15.264832735061646,
    "median_stdev_numeric_features": 15.275292873382568,
    "q3_stdev_numeric_features": 15.285753011703491,
    "max_stdev_numeric_features": 15.296213150024414,
    "mean_var_numeric_features": 233.33502197265625,
    "stdev_var_numeric_features": 0.6391220092773438,
    "min_var_numeric_features": 232.69589233398438,
    "q1_var_numeric_features": 233.01545333862305,
    "median_var_numeric_features": 233.33501434326172,
    "q3_var_numeric_features": 233.6545753479004,
    "max_var_numeric_features": 233.97413635253906,
    "mean_min_numeric_features": 41.5,
    "stdev_min_numeric_features": 23.5,
    "min_min_numeric_features": 18.0,
    "q1_min_numeric_features": 29.75,
    "median_min_numeric_features": 41.5,
    "q3_min_numeric_features": 53.25,
    "max_min_numeric_features": 65.0,
    "mean_median_numeric_features": 68.75,
    "stdev_median_numeric_features": 31.75,
    "min_median_numeric_features": 37.0,
    "q1_median_numeric_features": 52.875,
    "median_median_numeric_features": 68.75,
    "q3_median_numeric_features": 84.625,
    "max_median_numeric_features": 100.5,
    "mean_max_numeric_features": 107.5,
    "stdev_max_numeric_features": 32.5,
    "min_max_numeric_features": 75.0,
    "q1_max_numeric_features": 91.25,
    "median_max_numeric_features": 107.5,
    "q3_max_numeric_features": 123.75,
    "max_max_numeric_features": 140.0,
    "pca_1": 0.6269674923969596,
    "pca_2": 0.37303250760304046,
    "mean_entropy_categorical_features": 1.162317156791687,
    "stdev_entropy_categorical_features": 0.5750171542167664,
    "min_entropy_categorical_features": 0.6930010914802551,
    "median_entropy_categorical_features": 0.8218458294868469,
    "max_entropy_categorical_features": 1.972104787826538,
    "mean_information_gain_categorical_features": 0.7514978051185608,
    "stdev_information_gain_categorical_features": 0.8707103729248047,
    "min_information_gain_categorical_features": 0.0005042534321546555,
    "median_information_gain_categorical_features": 0.2818843722343445,
    "max_information_gain_categorical_features": 1.972104787826538,
    "mean_mutual_informaiton_categorical_features": 0.3016824722290039,
    "stdev_mutual_informaiton_categorical_features": 0.28722211718559265,
    "min_mutual_informaiton_categorical_features": 0.0005042534321546555,
    "median_mutual_informaiton_categorical_features": 0.21623434126377106,
    "max_mutual_informaiton_categorical_features": 0.688308835029602,
    "knn_5_accuracy": NaN,
    "knn_5_balanced_accuracy": NaN,
    "gaussian_nb_accuracy": NaN,
    "gaussian_nb_balanced_accuracy": NaN,
    "lda_accuracy": NaN,
    "lda_balanced_accuracy": NaN,
    "decision_tree_3_accuracy": NaN,
    "decision_tree_3_balanced_accuracy": NaN,
    "decision_tree_1_accuracy": NaN,
    "decision_tree_1_balanced_accuracy": NaN,
    "random_tree_2_accuracy": NaN,
    "random_tree_2_balanced_accuracy": NaN
}