{
    "nb_instances": 285,
    "log_nb_instances": 5.652489180268651,
    "nb_features": 7,
    "dataset_dimensionality": 40.714285714285715,
    "log_dataset_dimensionality": 3.7065790312133373,
    "dataset_ratio": 0.02456140350877193,
    "nb_missing_vals": 27,
    "ratio_features_with_missing_vals": 0.010526315789473684,
    "ratio_instances_with_missing_vals": 0.06315789473684211,
    "nb_numeric_features": 3,
    "nb_categorical_features": 4,
    "ratio_numeric_categorical_features": 0.75,
    "ratio_categorical_numeric_features": 1.3333333333333333,
    "nb_classes": 7,
    "class_entropy": 1.7157218530527645,
    "mean_target_class_ratio": 0.1428571492433548,
    "stdev_target_class_ratio": 0.11224489659070969,
    "minority_target_class_ratio": 0.0736842080950737,
    "median_target_class_ratio": 0.1122807040810585,
    "majority_target_class_ratio": 0.4140350818634033,
    "mean_mean_numeric_features": 27.401037216186523,
    "stdev_mean_numeric_features": 34.3839111328125,
    "min_mean_numeric_features": 2.981274127960205,
    "q1_mean_numeric_features": 3.0880154371261597,
    "median_mean_numeric_features": 3.1947567462921143,
    "q3_mean_numeric_features": 39.61091673374176,
    "max_mean_numeric_features": 76.0270767211914,
    "mean_stdev_numeric_features": 6.9787421226501465,
    "stdev_stdev_numeric_features": 8.073287010192871,
    "min_stdev_numeric_features": 1.2225525379180908,
    "q1_stdev_numeric_features": 1.2701320052146912,
    "median_stdev_numeric_features": 1.3177114725112915,
    "q3_stdev_numeric_features": 9.85683661699295,
    "max_stdev_numeric_features": 18.39596176147461,
    "mean_var_numeric_features": 113.88080596923828,
    "stdev_var_numeric_features": 158.76715087890625,
    "min_var_numeric_features": 1.494634747505188,
    "q1_var_numeric_features": 1.6154991388320923,
    "median_var_numeric_features": 1.7363635301589966,
    "q3_var_numeric_features": 170.07390075922012,
    "max_var_numeric_features": 338.41143798828125,
    "mean_min_numeric_features": 10.449999809265137,
    "stdev_min_numeric_features": 13.36431884765625,
    "min_min_numeric_features": 1.0,
    "q1_min_numeric_features": 1.0,
    "median_min_numeric_features": 1.0,
    "q3_min_numeric_features": 15.175000190734863,
    "max_min_numeric_features": 29.350000381469727,
    "mean_median_numeric_features": 28.959999084472656,
    "stdev_median_numeric_features": 36.712982177734375,
    "min_median_numeric_features": 3.0,
    "q1_median_numeric_features": 3.0,
    "median_median_numeric_features": 3.0,
    "q3_median_numeric_features": 41.939998626708984,
    "max_median_numeric_features": 80.87999725341797,
    "mean_max_numeric_features": 37.19333267211914,
    "stdev_max_numeric_features": 45.52825164794922,
    "min_max_numeric_features": 5.0,
    "q1_max_numeric_features": 5.0,
    "median_max_numeric_features": 5.0,
    "q3_max_numeric_features": 53.290000915527344,
    "max_max_numeric_features": 101.58000183105469,
    "pca_1": 0.9911863703793435,
    "pca_2": 0.006647662235272024,
    "pca_3": 0.002165967385384381,
    "mean_entropy_categorical_features": 1.784589409828186,
    "stdev_entropy_categorical_features": 1.5681262016296387,
    "min_entropy_categorical_features": 0.6824410557746887,
    "median_entropy_categorical_features": 0.9836399853229523,
    "max_entropy_categorical_features": 4.488636493682861,
    "mean_information_gain_categorical_features": 1.2875229120254517,
    "stdev_information_gain_categorical_features": 1.8548649549484253,
    "min_information_gain_categorical_features": 0.013837228529155254,
    "median_information_gain_categorical_features": 0.3238089382648468,
    "max_information_gain_categorical_features": 4.488636493682861,
    "mean_mutual_informaiton_categorical_features": 0.33485573530197144,
    "stdev_mutual_informaiton_categorical_features": 0.35320591926574707,
    "min_mutual_informaiton_categorical_features": 0.014796433970332146,
    "median_mutual_informaiton_categorical_features": 0.2132310587912798,
    "max_mutual_informaiton_categorical_features": 0.8981643319129944,
    "knn_5_accuracy": NaN,
    "knn_5_balanced_accuracy": NaN,
    "gaussian_nb_accuracy": NaN,
    "gaussian_nb_balanced_accuracy": NaN,
    "lda_accuracy": NaN,
    "lda_balanced_accuracy": NaN,
    "decision_tree_3_accuracy": NaN,
    "decision_tree_3_balanced_accuracy": NaN,
    "decision_tree_1_accuracy": NaN,
    "decision_tree_1_balanced_accuracy": NaN,
    "random_tree_2_accuracy": NaN,
    "random_tree_2_balanced_accuracy": NaN
}