{
    "nb_instances": 406,
    "log_nb_instances": 6.0063531596017325,
    "nb_features": 7,
    "dataset_dimensionality": 58.0,
    "log_dataset_dimensionality": 4.060443010546419,
    "dataset_ratio": 0.017241379310344827,
    "nb_missing_vals": 14,
    "ratio_features_with_missing_vals": 0.0049261083743842365,
    "ratio_instances_with_missing_vals": 0.034482758620689655,
    "nb_numeric_features": 6,
    "nb_categorical_features": 1,
    "ratio_numeric_categorical_features": 6.0,
    "ratio_categorical_numeric_features": 0.16666666666666666,
    "nb_classes": 3,
    "class_entropy": 0.9204595059775071,
    "mean_target_class_ratio": 0.3333333432674408,
    "stdev_target_class_ratio": 0.20676293969154358,
    "minority_target_class_ratio": 0.17980295419692993,
    "median_target_class_ratio": 0.1945812851190567,
    "majority_target_class_ratio": 0.6256157755851746,
    "mean_mean_numeric_features": 565.2387084960938,
    "stdev_mean_numeric_features": 1080.4560546875,
    "min_mean_numeric_features": 15.541326522827148,
    "q1_mean_numeric_features": 36.57933712005615,
    "median_mean_numeric_features": 90.22449111938477,
    "q3_mean_numeric_features": 171.92633819580078,
    "max_mean_numeric_features": 2977.584228515625,
    "mean_stdev_numeric_features": 167.7975616455078,
    "stdev_stdev_numeric_features": 306.8829040527344,
    "min_stdev_numeric_features": 2.758864164352417,
    "q1_stdev_numeric_features": 4.71405428647995,
    "median_stdev_numeric_features": 23.14808440208435,
    "q3_stdev_numeric_features": 88.1057939529419,
    "max_stdev_numeric_features": 849.402587890625,
    "mean_var_numeric_features": 122333.125,
    "stdev_var_numeric_features": 267976.96875,
    "min_var_numeric_features": 7.611331462860107,
    "q1_var_numeric_features": 25.406971216201782,
    "median_var_numeric_features": 771.2437381744385,
    "q3_var_numeric_features": 8583.167724609375,
    "max_var_numeric_features": 721484.6875,
    "mean_min_numeric_features": 302.3333435058594,
    "stdev_min_numeric_features": 586.6744384765625,
    "min_min_numeric_features": 8.0,
    "q1_min_numeric_features": 18.25,
    "median_min_numeric_features": 57.0,
    "q3_min_numeric_features": 69.5,
    "max_min_numeric_features": 1613.0,
    "mean_median_numeric_features": 527.0416870117188,
    "stdev_median_numeric_features": 1019.0723876953125,
    "min_median_numeric_features": 15.5,
    "q1_median_numeric_features": 36.0625,
    "median_median_numeric_features": 84.75,
    "q3_median_numeric_features": 136.625,
    "max_median_numeric_features": 2803.5,
    "mean_max_numeric_features": 996.3999633789062,
    "stdev_max_numeric_features": 1858.8597412109375,
    "min_max_numeric_features": 24.799999237060547,
    "q1_max_numeric_features": 55.44999885559082,
    "median_max_numeric_features": 156.0,
    "q3_max_numeric_features": 398.75,
    "max_max_numeric_features": 5140.0,
    "pca_1": 0.9975375957916146,
    "pca_2": 0.0020628777052870135,
    "pca_3": 0.00035643019947068755,
    "mean_entropy_categorical_features": 1.1081253290176392,
    "stdev_entropy_categorical_features": 0.0,
    "min_entropy_categorical_features": 1.1081253290176392,
    "median_entropy_categorical_features": 1.1081253290176392,
    "max_entropy_categorical_features": 1.1081253290176392,
    "mean_information_gain_categorical_features": 1.1081253290176392,
    "stdev_information_gain_categorical_features": 0.0,
    "min_information_gain_categorical_features": 1.1081253290176392,
    "median_information_gain_categorical_features": 1.1081253290176392,
    "max_information_gain_categorical_features": 1.1081253290176392,
    "mean_mutual_informaiton_categorical_features": 0.2684982717037201,
    "stdev_mutual_informaiton_categorical_features": 0.0,
    "min_mutual_informaiton_categorical_features": 0.2684982717037201,
    "median_mutual_informaiton_categorical_features": 0.2684982717037201,
    "max_mutual_informaiton_categorical_features": 0.2684982717037201,
    "knn_5_accuracy": 0.7114897760467381,
    "knn_5_balanced_accuracy": 0.5568184953635045,
    "gaussian_nb_accuracy": 0.6707237909769554,
    "gaussian_nb_balanced_accuracy": 0.6258421782674504,
    "lda_accuracy": 0.7576111652061019,
    "lda_balanced_accuracy": 0.6773949337033197,
    "decision_tree_3_accuracy": 0.7676079195066536,
    "decision_tree_3_balanced_accuracy": 0.6007827518697084,
    "decision_tree_1_accuracy": 0.6404089581304772,
    "decision_tree_1_balanced_accuracy": 0.5622285758103563,
    "random_tree_2_accuracy": 0.719409282700422,
    "random_tree_2_balanced_accuracy": 0.5287645148077124
}