{
    "nb_instances": 1080,
    "log_nb_instances": 6.984716320118266,
    "nb_features": 80,
    "dataset_dimensionality": 13.5,
    "log_dataset_dimensionality": 2.6026896854443837,
    "dataset_ratio": 0.07407407407407407,
    "nb_missing_vals": 1396,
    "ratio_features_with_missing_vals": 0.04537037037037037,
    "ratio_instances_with_missing_vals": 0.4888888888888889,
    "nb_numeric_features": 77,
    "nb_categorical_features": 3,
    "ratio_numeric_categorical_features": 25.666666666666668,
    "ratio_categorical_numeric_features": 0.03896103896103896,
    "nb_classes": 8,
    "class_entropy": 2.0746080789688612,
    "mean_target_class_ratio": 0.125,
    "stdev_target_class_ratio": 0.012028131633996964,
    "minority_target_class_ratio": 0.0972222238779068,
    "median_target_class_ratio": 0.125,
    "majority_target_class_ratio": 0.1388888955116272,
    "mean_mean_numeric_features": 0.6715706586837769,
    "stdev_mean_numeric_features": 0.7549996972084045,
    "min_mean_numeric_features": 0.11814543604850769,
    "q1_mean_numeric_features": 0.1939736306667328,
    "median_mean_numeric_features": 0.36145323514938354,
    "q3_mean_numeric_features": 0.7425771951675415,
    "max_mean_numeric_features": 3.784336805343628,
    "mean_stdev_numeric_features": 0.1544674038887024,
    "stdev_stdev_numeric_features": 0.2185714989900589,
    "min_stdev_numeric_features": 0.010810278356075287,
    "q1_stdev_numeric_features": 0.03234618157148361,
    "median_stdev_numeric_features": 0.06378840655088425,
    "q3_stdev_numeric_features": 0.18005357682704926,
    "max_stdev_numeric_features": 1.3829511404037476,
    "mean_var_numeric_features": 0.07163368910551071,
    "stdev_var_numeric_features": 0.24321164190769196,
    "min_var_numeric_features": 0.00011686210928019136,
    "q1_var_numeric_features": 0.0010462753707543015,
    "median_var_numeric_features": 0.004068960435688496,
    "q3_var_numeric_features": 0.03241929039359093,
    "max_var_numeric_features": 1.9125539064407349,
    "mean_min_numeric_features": 0.32894131541252136,
    "stdev_min_numeric_features": 0.35405629873275757,
    "min_min_numeric_features": 0.052528418600559235,
    "q1_min_numeric_features": 0.11363636702299118,
    "median_min_numeric_features": 0.19472789764404297,
    "q3_min_numeric_features": 0.3441197872161865,
    "max_min_numeric_features": 1.7375398874282837,
    "mean_median_numeric_features": 0.6527009010314941,
    "stdev_median_numeric_features": 0.7327555418014526,
    "min_median_numeric_features": 0.11863356083631516,
    "q1_median_numeric_features": 0.185780867934227,
    "median_median_numeric_features": 0.3518362045288086,
    "q3_median_numeric_features": 0.735736072063446,
    "max_median_numeric_features": 3.7078657150268555,
    "mean_max_numeric_features": 1.2738333940505981,
    "stdev_max_numeric_features": 1.5747318267822266,
    "min_max_numeric_features": 0.1509755402803421,
    "q1_max_numeric_features": 0.3537827432155609,
    "median_max_numeric_features": 0.6971868872642517,
    "q3_max_numeric_features": 1.4081687927246094,
    "max_max_numeric_features": 8.482553482055664,
    "pca_1": 0.4695986394193159,
    "pca_2": 0.2610051631347576,
    "pca_3": 0.10950569273068961,
    "mean_entropy_categorical_features": 0.6910383105278015,
    "stdev_entropy_categorical_features": 0.0011152055812999606,
    "min_entropy_categorical_features": 0.6902497410774231,
    "median_entropy_categorical_features": 0.6902497410774231,
    "max_entropy_categorical_features": 0.6926154494285583,
    "mean_information_gain_categorical_features": 0.6910383105278015,
    "stdev_information_gain_categorical_features": 0.0011152055812999606,
    "min_information_gain_categorical_features": 0.6902497410774231,
    "median_information_gain_categorical_features": 0.6902497410774231,
    "max_information_gain_categorical_features": 0.6926154494285583,
    "mean_mutual_informaiton_categorical_features": 0.6910383105278015,
    "stdev_mutual_informaiton_categorical_features": 0.0011152055812999606,
    "min_mutual_informaiton_categorical_features": 0.6902497410774231,
    "median_mutual_informaiton_categorical_features": 0.6902497410774231,
    "max_mutual_informaiton_categorical_features": 0.6926154494285583,
    "knn_5_accuracy": NaN,
    "knn_5_balanced_accuracy": NaN,
    "gaussian_nb_accuracy": NaN,
    "gaussian_nb_balanced_accuracy": NaN,
    "lda_accuracy": NaN,
    "lda_balanced_accuracy": NaN,
    "decision_tree_3_accuracy": NaN,
    "decision_tree_3_balanced_accuracy": NaN,
    "decision_tree_1_accuracy": NaN,
    "decision_tree_1_balanced_accuracy": NaN,
    "random_tree_2_accuracy": NaN,
    "random_tree_2_balanced_accuracy": NaN
}