{
    "nb_instances": 841,
    "log_nb_instances": 6.734591659972948,
    "nb_features": 70,
    "dataset_dimensionality": 12.014285714285714,
    "log_dataset_dimensionality": 2.486096417923589,
    "dataset_ratio": 0.08323424494649227,
    "nb_missing_vals": 0,
    "ratio_features_with_missing_vals": 0.0,
    "ratio_instances_with_missing_vals": 0.0,
    "nb_numeric_features": 70,
    "nb_categorical_features": 0,
    "ratio_numeric_categorical_features": 0.0,
    "ratio_categorical_numeric_features": 0.0,
    "nb_classes": 4,
    "class_entropy": 1.2389423950087133,
    "mean_target_class_ratio": 0.25,
    "stdev_target_class_ratio": 0.12504762411117554,
    "minority_target_class_ratio": 0.06539833545684814,
    "median_target_class_ratio": 0.2788347154855728,
    "majority_target_class_ratio": 0.3769322335720062,
    "mean_mean_numeric_features": 10.125240325927734,
    "stdev_mean_numeric_features": 13.27390193939209,
    "min_mean_numeric_features": 0.4447086751461029,
    "q1_mean_numeric_features": 3.1507134437561035,
    "median_mean_numeric_features": 5.0309157371521,
    "q3_mean_numeric_features": 11.744946241378784,
    "max_mean_numeric_features": 77.36028289794922,
    "mean_stdev_numeric_features": 5.356525421142578,
    "stdev_stdev_numeric_features": 4.71440315246582,
    "min_stdev_numeric_features": 0.8045102953910828,
    "q1_stdev_numeric_features": 2.5302048921585083,
    "median_stdev_numeric_features": 3.902639865875244,
    "q3_stdev_numeric_features": 6.008015155792236,
    "max_stdev_numeric_features": 31.071725845336914,
    "mean_var_numeric_features": 50.91796875,
    "stdev_var_numeric_features": 124.0728530883789,
    "min_var_numeric_features": 0.6472368240356445,
    "q1_var_numeric_features": 6.402202010154724,
    "median_var_numeric_features": 15.23115587234497,
    "q3_var_numeric_features": 36.105475425720215,
    "max_var_numeric_features": 965.4522094726562,
    "mean_min_numeric_features": 0.8285714387893677,
    "stdev_min_numeric_features": 3.4015603065490723,
    "min_min_numeric_features": 0.0,
    "q1_min_numeric_features": 0.0,
    "median_min_numeric_features": 0.0,
    "q3_min_numeric_features": 0.0,
    "max_min_numeric_features": 27.0,
    "mean_median_numeric_features": 9.199999809265137,
    "stdev_median_numeric_features": 12.638489723205566,
    "min_median_numeric_features": 0.0,
    "q1_median_numeric_features": 2.25,
    "median_median_numeric_features": 4.0,
    "q3_median_numeric_features": 10.75,
    "max_median_numeric_features": 69.0,
    "mean_max_numeric_features": 34.400001525878906,
    "stdev_max_numeric_features": 30.20945930480957,
    "min_max_numeric_features": 6.0,
    "q1_max_numeric_features": 15.0,
    "median_max_numeric_features": 26.0,
    "q3_max_numeric_features": 38.0,
    "max_max_numeric_features": 183.0,
    "pca_1": 0.3802300462224426,
    "pca_2": 0.14291940975380843,
    "pca_3": 0.08157744435529575,
    "mean_entropy_categorical_features": NaN,
    "stdev_entropy_categorical_features": NaN,
    "min_entropy_categorical_features": NaN,
    "median_entropy_categorical_features": NaN,
    "max_entropy_categorical_features": NaN,
    "mean_information_gain_categorical_features": NaN,
    "stdev_information_gain_categorical_features": NaN,
    "min_information_gain_categorical_features": NaN,
    "median_information_gain_categorical_features": NaN,
    "max_information_gain_categorical_features": NaN,
    "mean_mutual_informaiton_categorical_features": NaN,
    "stdev_mutual_informaiton_categorical_features": NaN,
    "min_mutual_informaiton_categorical_features": NaN,
    "median_mutual_informaiton_categorical_features": NaN,
    "max_mutual_informaiton_categorical_features": NaN,
    "knn_5_accuracy": 0.9904973231896308,
    "knn_5_balanced_accuracy": 0.9905301084522999,
    "gaussian_nb_accuracy": 0.9833403775711469,
    "gaussian_nb_balanced_accuracy": 0.9817544992130527,
    "lda_accuracy": 0.9976190476190476,
    "lda_balanced_accuracy": 0.9984483170207687,
    "decision_tree_3_accuracy": 0.9202874049027896,
    "decision_tree_3_balanced_accuracy": 0.8998744431538179,
    "decision_tree_1_accuracy": 0.5588546069315299,
    "decision_tree_1_balanced_accuracy": 0.4750343206661752,
    "random_tree_2_accuracy": 0.6896379261763877,
    "random_tree_2_balanced_accuracy": 0.5942615432458686
}