{
    "nb_instances": 180,
    "log_nb_instances": 5.19295685089021,
    "nb_features": 31,
    "dataset_dimensionality": 5.806451612903226,
    "log_dataset_dimensionality": 1.7589696464050641,
    "dataset_ratio": 0.17222222222222222,
    "nb_missing_vals": 0,
    "ratio_features_with_missing_vals": 0.0,
    "ratio_instances_with_missing_vals": 0.0,
    "nb_numeric_features": 5,
    "nb_categorical_features": 26,
    "ratio_numeric_categorical_features": 0.19230769230769232,
    "ratio_categorical_numeric_features": 5.2,
    "nb_classes": 2,
    "class_entropy": 0.40294135786694235,
    "mean_target_class_ratio": 0.5,
    "stdev_target_class_ratio": 0.3611111044883728,
    "minority_target_class_ratio": 0.1388888955116272,
    "median_target_class_ratio": 0.5,
    "majority_target_class_ratio": 0.8611111044883728,
    "mean_mean_numeric_features": 32.232913970947266,
    "stdev_mean_numeric_features": 28.452211380004883,
    "min_mean_numeric_features": 1.6068888902664185,
    "q1_mean_numeric_features": 3.217111110687256,
    "median_mean_numeric_features": 26.0222225189209,
    "q3_mean_numeric_features": 59.63999938964844,
    "max_mean_numeric_features": 70.67833709716797,
    "mean_stdev_numeric_features": 5.513894557952881,
    "stdev_stdev_numeric_features": 4.623413562774658,
    "min_stdev_numeric_features": 0.06640227138996124,
    "q1_stdev_numeric_features": 0.6340104341506958,
    "median_stdev_numeric_features": 5.559184551239014,
    "q3_stdev_numeric_features": 10.14082145690918,
    "max_stdev_numeric_features": 11.169053077697754,
    "mean_var_numeric_features": 51.77898406982422,
    "stdev_var_numeric_features": 52.320613861083984,
    "min_var_numeric_features": 0.004409261513501406,
    "q1_var_numeric_features": 0.4019692540168762,
    "median_var_numeric_features": 30.904531478881836,
    "q3_var_numeric_features": 102.83626556396484,
    "max_var_numeric_features": 124.74774169921875,
    "mean_min_numeric_features": 20.610000610351562,
    "stdev_min_numeric_features": 18.978919982910156,
    "min_min_numeric_features": 1.0800000429153442,
    "q1_min_numeric_features": 1.4700000286102295,
    "median_min_numeric_features": 15.0,
    "q3_min_numeric_features": 38.20000076293945,
    "max_min_numeric_features": 47.29999923706055,
    "mean_median_numeric_features": 31.648000717163086,
    "stdev_median_numeric_features": 28.073610305786133,
    "min_median_numeric_features": 1.600000023841858,
    "q1_median_numeric_features": 3.240000009536743,
    "median_median_numeric_features": 25.0,
    "q3_median_numeric_features": 58.400001525878906,
    "max_median_numeric_features": 70.0,
    "mean_max_numeric_features": 49.10599899291992,
    "stdev_max_numeric_features": 42.1182975769043,
    "min_max_numeric_features": 1.75,
    "q1_max_numeric_features": 6.28000020980835,
    "median_max_numeric_features": 42.0,
    "q3_max_numeric_features": 95.5,
    "max_max_numeric_features": 100.0,
    "pca_1": 0.8243414839173276,
    "pca_2": 0.11922395082236013,
    "pca_3": 0.05510296787418596,
    "mean_entropy_categorical_features": 0.49495333433151245,
    "stdev_entropy_categorical_features": 0.4431150555610657,
    "min_entropy_categorical_features": 0.03438985347747803,
    "median_entropy_categorical_features": 0.38740745186805725,
    "max_entropy_categorical_features": 1.9201180934906006,
    "mean_information_gain_categorical_features": 0.04112904518842697,
    "stdev_information_gain_categorical_features": 0.07887274026870728,
    "min_information_gain_categorical_features": 5.512146344699431e-06,
    "median_information_gain_categorical_features": 0.005121077876538038,
    "max_information_gain_categorical_features": 0.2817848324775696,
    "mean_mutual_informaiton_categorical_features": 0.011178303509950638,
    "stdev_mutual_informaiton_categorical_features": 0.012293354608118534,
    "min_mutual_informaiton_categorical_features": 5.512146344699431e-06,
    "median_mutual_informaiton_categorical_features": 0.005121077876538038,
    "max_mutual_informaiton_categorical_features": 0.04224945232272148,
    "knn_5_accuracy": 0.8666666666666668,
    "knn_5_balanced_accuracy": 0.5646082949308756,
    "gaussian_nb_accuracy": 0.19444444444444445,
    "gaussian_nb_balanced_accuracy": 0.45768817204301077,
    "lda_accuracy": 0.8166666666666667,
    "lda_balanced_accuracy": 0.5504935144246799,
    "decision_tree_3_accuracy": 0.8444444444444444,
    "decision_tree_3_balanced_accuracy": 0.5372922776148583,
    "decision_tree_1_accuracy": 0.861111111111111,
    "decision_tree_1_balanced_accuracy": 0.5,
    "random_tree_2_accuracy": 0.85,
    "random_tree_2_balanced_accuracy": 0.5726231527093596
}