{
    "nb_instances": 250,
    "log_nb_instances": 5.521460917862246,
    "nb_features": 2,
    "dataset_dimensionality": 125.0,
    "log_dataset_dimensionality": 4.8283137373023015,
    "dataset_ratio": 0.008,
    "nb_missing_vals": 0,
    "ratio_features_with_missing_vals": 0.0,
    "ratio_instances_with_missing_vals": 0.0,
    "nb_numeric_features": 2,
    "nb_categorical_features": 0,
    "ratio_numeric_categorical_features": 0.0,
    "ratio_categorical_numeric_features": 0.0,
    "nb_classes": 2,
    "class_entropy": 0.6931471805599453,
    "mean_target_class_ratio": 0.5,
    "stdev_target_class_ratio": 0.0,
    "minority_target_class_ratio": 0.5,
    "median_target_class_ratio": 0.5,
    "majority_target_class_ratio": 0.5,
    "mean_mean_numeric_features": 0.21580198407173157,
    "stdev_mean_numeric_features": 0.2885599434375763,
    "min_mean_numeric_features": -0.07275795936584473,
    "q1_mean_numeric_features": 0.07152201235294342,
    "median_mean_numeric_features": 0.21580198407173157,
    "q3_mean_numeric_features": 0.3600819557905197,
    "max_mean_numeric_features": 0.5043619275093079,
    "mean_stdev_numeric_features": 0.37215930223464966,
    "stdev_stdev_numeric_features": 0.11733658611774445,
    "min_stdev_numeric_features": 0.2548227310180664,
    "q1_stdev_numeric_features": 0.31349102407693863,
    "median_stdev_numeric_features": 0.37215931713581085,
    "q3_stdev_numeric_features": 0.4308276101946831,
    "max_stdev_numeric_features": 0.4894959032535553,
    "mean_var_numeric_features": 0.15227043628692627,
    "stdev_var_numeric_features": 0.08733581006526947,
    "min_var_numeric_features": 0.0649346262216568,
    "q1_var_numeric_features": 0.10860253125429153,
    "median_var_numeric_features": 0.15227043628692627,
    "q3_var_numeric_features": 0.195938341319561,
    "max_var_numeric_features": 0.23960624635219574,
    "mean_min_numeric_features": -0.7189188003540039,
    "stdev_min_numeric_features": 0.5276056528091431,
    "min_min_numeric_features": -1.246524453163147,
    "q1_min_numeric_features": -0.9827216304838657,
    "median_min_numeric_features": -0.7189188078045845,
    "q3_min_numeric_features": -0.45511598512530327,
    "max_min_numeric_features": -0.19131316244602203,
    "mean_median_numeric_features": 0.2239968478679657,
    "stdev_median_numeric_features": 0.26583048701286316,
    "min_median_numeric_features": -0.04183363541960716,
    "q1_median_numeric_features": 0.09108160715550184,
    "median_median_numeric_features": 0.22399684973061085,
    "q3_median_numeric_features": 0.35691209230571985,
    "max_median_numeric_features": 0.48982733488082886,
    "mean_max_numeric_features": 0.9772371649742126,
    "stdev_max_numeric_features": 0.11594098806381226,
    "min_max_numeric_features": 0.8612961769104004,
    "q1_max_numeric_features": 0.9192666709423065,
    "median_max_numeric_features": 0.9772371649742126,
    "q3_max_numeric_features": 1.0352076590061188,
    "max_max_numeric_features": 1.093178153038025,
    "pca_1": 0.7978518871332818,
    "pca_2": 0.2021481128667181,
    "mean_entropy_categorical_features": NaN,
    "stdev_entropy_categorical_features": NaN,
    "min_entropy_categorical_features": NaN,
    "median_entropy_categorical_features": NaN,
    "max_entropy_categorical_features": NaN,
    "mean_information_gain_categorical_features": NaN,
    "stdev_information_gain_categorical_features": NaN,
    "min_information_gain_categorical_features": NaN,
    "median_information_gain_categorical_features": NaN,
    "max_information_gain_categorical_features": NaN,
    "mean_mutual_informaiton_categorical_features": NaN,
    "stdev_mutual_informaiton_categorical_features": NaN,
    "min_mutual_informaiton_categorical_features": NaN,
    "median_mutual_informaiton_categorical_features": NaN,
    "max_mutual_informaiton_categorical_features": NaN,
    "knn_5_accuracy": 0.8520000000000001,
    "knn_5_balanced_accuracy": 0.8522941631637284,
    "gaussian_nb_accuracy": 0.8400000000000001,
    "gaussian_nb_balanced_accuracy": 0.8425003740221131,
    "lda_accuracy": 0.8320000000000001,
    "lda_balanced_accuracy": 0.8400580454028731,
    "decision_tree_3_accuracy": 0.8480000000000001,
    "decision_tree_3_balanced_accuracy": 0.8462690642690642,
    "decision_tree_1_accuracy": 0.828,
    "decision_tree_1_balanced_accuracy": 0.8287086665347536,
    "random_tree_2_accuracy": 0.708,
    "random_tree_2_balanced_accuracy": 0.7054257679772554
}