{
    "nb_instances": 500,
    "log_nb_instances": 6.214608098422191,
    "nb_features": 21,
    "dataset_dimensionality": 23.80952380952381,
    "log_dataset_dimensionality": 3.170085660698769,
    "dataset_ratio": 0.042,
    "nb_missing_vals": 0,
    "ratio_features_with_missing_vals": 0.0,
    "ratio_instances_with_missing_vals": 0.0,
    "nb_numeric_features": 19,
    "nb_categorical_features": 2,
    "ratio_numeric_categorical_features": 9.5,
    "ratio_categorical_numeric_features": 0.10526315789473684,
    "nb_classes": 15,
    "class_entropy": 2.528990516086197,
    "mean_target_class_ratio": 0.06666666269302368,
    "stdev_target_class_ratio": 0.04104415327310562,
    "minority_target_class_ratio": 0.012000000104308128,
    "median_target_class_ratio": 0.057999998331069946,
    "majority_target_class_ratio": 0.1599999964237213,
    "mean_mean_numeric_features": 3.3144400119781494,
    "stdev_mean_numeric_features": 6.778450965881348,
    "min_mean_numeric_features": 0.2842000126838684,
    "q1_mean_numeric_features": 0.6997300088405609,
    "median_mean_numeric_features": 1.322059988975525,
    "q3_mean_numeric_features": 2.616860032081604,
    "max_mean_numeric_features": 31.487180709838867,
    "mean_stdev_numeric_features": 1.0452797412872314,
    "stdev_stdev_numeric_features": 1.108537197113037,
    "min_stdev_numeric_features": 0.2727525532245636,
    "q1_stdev_numeric_features": 0.4439014792442322,
    "median_stdev_numeric_features": 0.7706544995307922,
    "q3_stdev_numeric_features": 0.9756820201873779,
    "max_stdev_numeric_features": 5.208705425262451,
    "mean_var_numeric_features": 2.3214645385742188,
    "stdev_var_numeric_features": 5.992695331573486,
    "min_var_numeric_features": 0.07439395040273666,
    "q1_var_numeric_features": 0.198103167116642,
    "median_var_numeric_features": 0.5939083099365234,
    "q3_var_numeric_features": 0.9531510472297668,
    "max_var_numeric_features": 27.130611419677734,
    "mean_min_numeric_features": 1.146842122077942,
    "stdev_min_numeric_features": 3.730555295944214,
    "min_min_numeric_features": 0.0,
    "q1_min_numeric_features": 0.019999999552965164,
    "median_min_numeric_features": 0.17000000178813934,
    "q3_min_numeric_features": 0.49000000953674316,
    "max_min_numeric_features": 16.920000076293945,
    "mean_median_numeric_features": 3.1647369861602783,
    "stdev_median_numeric_features": 6.72830867767334,
    "min_median_numeric_features": 0.2199999988079071,
    "q1_median_numeric_features": 0.6099999845027924,
    "median_median_numeric_features": 1.149999976158142,
    "q3_median_numeric_features": 2.587499976158142,
    "max_median_numeric_features": 31.145000457763672,
    "mean_max_numeric_features": 7.2878947257995605,
    "stdev_max_numeric_features": 8.957489967346191,
    "min_max_numeric_features": 1.8700000047683716,
    "q1_max_numeric_features": 3.2949999570846558,
    "median_max_numeric_features": 5.320000171661377,
    "q3_max_numeric_features": 6.019999980926514,
    "max_max_numeric_features": 42.97999954223633,
    "pca_1": 0.7372464051466625,
    "pca_2": 0.10880151665903248,
    "pca_3": 0.04978933470283781,
    "mean_entropy_categorical_features": 1.2644952535629272,
    "stdev_entropy_categorical_features": 1.2644952535629272,
    "min_entropy_categorical_features": 0.0,
    "median_entropy_categorical_features": 1.2644952535629272,
    "max_entropy_categorical_features": 2.5289905071258545,
    "mean_information_gain_categorical_features": 1.2644952535629272,
    "stdev_information_gain_categorical_features": 1.2644952535629272,
    "min_information_gain_categorical_features": 0.0,
    "median_information_gain_categorical_features": 1.2644952535629272,
    "max_information_gain_categorical_features": 2.5289905071258545,
    "mean_mutual_informaiton_categorical_features": 1.2644952535629272,
    "stdev_mutual_informaiton_categorical_features": 1.2644952535629272,
    "min_mutual_informaiton_categorical_features": -2.220446049250313e-16,
    "median_mutual_informaiton_categorical_features": 1.2644952535629272,
    "max_mutual_informaiton_categorical_features": 2.5289905071258545,
    "knn_5_accuracy": 0.66,
    "knn_5_balanced_accuracy": 0.6135246870923562,
    "gaussian_nb_accuracy": 1.0,
    "gaussian_nb_balanced_accuracy": 1.0,
    "lda_accuracy": 0.43200000000000005,
    "lda_balanced_accuracy": 0.38140215037063785,
    "decision_tree_3_accuracy": 0.72,
    "decision_tree_3_balanced_accuracy": 0.540952380952381,
    "decision_tree_1_accuracy": 0.30999999999999994,
    "decision_tree_1_balanced_accuracy": 0.13714285714285712,
    "random_tree_2_accuracy": 0.32,
    "random_tree_2_balanced_accuracy": 0.2704761904761905
}