{
    "nb_instances": 1161,
    "log_nb_instances": 7.057036981697891,
    "nb_features": 14,
    "dataset_dimensionality": 82.92857142857143,
    "log_dataset_dimensionality": 4.417979652082633,
    "dataset_ratio": 0.012058570198105082,
    "nb_missing_vals": 256,
    "ratio_features_with_missing_vals": 0.00516795865633075,
    "ratio_instances_with_missing_vals": 0.07493540051679587,
    "nb_numeric_features": 13,
    "nb_categorical_features": 1,
    "ratio_numeric_categorical_features": 13.0,
    "ratio_categorical_numeric_features": 0.07692307692307693,
    "nb_classes": 4,
    "class_entropy": 0.9945523565919457,
    "mean_target_class_ratio": 0.25,
    "stdev_target_class_ratio": 0.19635538756847382,
    "minority_target_class_ratio": 0.000861326465383172,
    "median_target_class_ratio": 0.2338501289486885,
    "majority_target_class_ratio": 0.531438410282135,
    "mean_mean_numeric_features": 341.4497375488281,
    "stdev_mean_numeric_features": 204.20297241210938,
    "min_mean_numeric_features": 13.410614967346191,
    "q1_mean_numeric_features": 102.40223693847656,
    "median_mean_numeric_features": 419.974853515625,
    "q3_mean_numeric_features": 526.3798828125,
    "max_mean_numeric_features": 656.4124755859375,
    "mean_stdev_numeric_features": 109.43616485595703,
    "stdev_stdev_numeric_features": 69.93009948730469,
    "min_stdev_numeric_features": 20.069496154785156,
    "q1_stdev_numeric_features": 73.80599975585938,
    "median_stdev_numeric_features": 90.9659194946289,
    "q3_stdev_numeric_features": 118.50565338134766,
    "max_stdev_numeric_features": 320.11175537109375,
    "mean_var_numeric_features": 16866.490234375,
    "stdev_var_numeric_features": 25533.107421875,
    "min_var_numeric_features": 402.7846374511719,
    "q1_var_numeric_features": 5447.32568359375,
    "median_var_numeric_features": 8274.7978515625,
    "q3_var_numeric_features": 14043.5908203125,
    "max_var_numeric_features": 102471.53125,
    "mean_min_numeric_features": 163.53846740722656,
    "stdev_min_numeric_features": 126.31986999511719,
    "min_min_numeric_features": 0.0,
    "q1_min_numeric_features": 6.0,
    "median_min_numeric_features": 232.0,
    "q3_min_numeric_features": 270.0,
    "max_min_numeric_features": 319.0,
    "mean_median_numeric_features": 315.0,
    "stdev_median_numeric_features": 216.04486083984375,
    "min_median_numeric_features": 6.0,
    "q1_median_numeric_features": 45.0,
    "median_median_numeric_features": 415.0,
    "q3_median_numeric_features": 509.0,
    "max_median_numeric_features": 637.0,
    "mean_max_numeric_features": 906.7692260742188,
    "stdev_max_numeric_features": 471.4586181640625,
    "min_max_numeric_features": 178.0,
    "q1_max_numeric_features": 717.0,
    "median_max_numeric_features": 866.0,
    "q3_max_numeric_features": 1009.0,
    "max_max_numeric_features": 2261.0,
    "pca_1": 0.7712072942358569,
    "pca_2": 0.20106240511865814,
    "pca_3": 0.01118526061166034,
    "mean_entropy_categorical_features": 3.628694772720337,
    "stdev_entropy_categorical_features": 0.0,
    "min_entropy_categorical_features": 3.628694772720337,
    "median_entropy_categorical_features": 3.628694772720337,
    "max_entropy_categorical_features": 3.628694772720337,
    "mean_information_gain_categorical_features": 3.628694772720337,
    "stdev_information_gain_categorical_features": 0.0,
    "min_information_gain_categorical_features": 3.628694772720337,
    "median_information_gain_categorical_features": 3.628694772720337,
    "max_information_gain_categorical_features": 3.628694772720337,
    "mean_mutual_informaiton_categorical_features": 0.08528157323598862,
    "stdev_mutual_informaiton_categorical_features": 0.0,
    "min_mutual_informaiton_categorical_features": 0.08528157323598862,
    "median_mutual_informaiton_categorical_features": 0.08528157323598862,
    "max_mutual_informaiton_categorical_features": 0.08528157323598862,
    "knn_5_accuracy": NaN,
    "knn_5_balanced_accuracy": NaN,
    "gaussian_nb_accuracy": NaN,
    "gaussian_nb_balanced_accuracy": NaN,
    "lda_accuracy": NaN,
    "lda_balanced_accuracy": NaN,
    "decision_tree_3_accuracy": NaN,
    "decision_tree_3_balanced_accuracy": NaN,
    "decision_tree_1_accuracy": NaN,
    "decision_tree_1_balanced_accuracy": NaN,
    "random_tree_2_accuracy": NaN,
    "random_tree_2_balanced_accuracy": NaN
}