{
    "nb_instances": 303,
    "log_nb_instances": 5.713732805509369,
    "nb_features": 13,
    "dataset_dimensionality": 23.307692307692307,
    "log_dataset_dimensionality": 3.1487834480478325,
    "dataset_ratio": 0.0429042904290429,
    "nb_missing_vals": 7,
    "ratio_features_with_missing_vals": 0.006600660066006601,
    "ratio_instances_with_missing_vals": 0.0231023102310231,
    "nb_numeric_features": 6,
    "nb_categorical_features": 7,
    "ratio_numeric_categorical_features": 0.8571428571428571,
    "ratio_categorical_numeric_features": 1.1666666666666667,
    "nb_classes": 5,
    "class_entropy": 0.6891717106404252,
    "mean_target_class_ratio": 0.20000000298023224,
    "stdev_target_class_ratio": 0.24656447768211365,
    "minority_target_class_ratio": 0.0,
    "median_target_class_ratio": 0.0,
    "majority_target_class_ratio": 0.5445544719696045,
    "mean_mean_numeric_features": 97.43047332763672,
    "stdev_mean_numeric_features": 88.3103256225586,
    "min_mean_numeric_features": 0.6790540814399719,
    "q1_mean_numeric_features": 14.425253033638,
    "median_mean_numeric_features": 93.0641918182373,
    "q3_mean_numeric_features": 145.0717887878418,
    "max_mean_numeric_features": 247.15541076660156,
    "mean_stdev_numeric_features": 17.306684494018555,
    "stdev_stdev_numeric_features": 17.46754264831543,
    "min_stdev_numeric_features": 0.9397261142730713,
    "q1_stdev_numeric_features": 3.139723539352417,
    "median_stdev_numeric_features": 13.393045425415039,
    "q3_stdev_numeric_features": 21.659749507904053,
    "max_stdev_numeric_features": 51.977012634277344,
    "mean_var_numeric_features": 604.6362915039062,
    "stdev_var_numeric_features": 956.4769287109375,
    "min_var_numeric_features": 0.8830851912498474,
    "q1_var_numeric_features": 21.53899985551834,
    "median_var_numeric_features": 198.15353775024414,
    "q3_var_numeric_features": 474.30123138427734,
    "max_var_numeric_features": 2701.609619140625,
    "mean_min_numeric_features": 53.33333206176758,
    "stdev_min_numeric_features": 47.48216247558594,
    "min_min_numeric_features": 0.0,
    "q1_min_numeric_features": 7.25,
    "median_min_numeric_features": 50.0,
    "q3_min_numeric_features": 88.25,
    "max_min_numeric_features": 126.0,
    "mean_median_numeric_features": 96.96666717529297,
    "stdev_median_numeric_features": 87.25817108154297,
    "min_median_numeric_features": 0.0,
    "q1_median_numeric_features": 14.600000008940697,
    "median_median_numeric_features": 93.0,
    "q3_median_numeric_features": 146.875,
    "max_median_numeric_features": 242.5,
    "mean_max_numeric_features": 175.3666534423828,
    "stdev_max_numeric_features": 191.64013671875,
    "min_max_numeric_features": 3.0,
    "q1_max_numeric_features": 23.899999856948853,
    "median_max_numeric_features": 138.5,
    "q3_max_numeric_features": 201.5,
    "max_max_numeric_features": 564.0,
    "pca_1": 0.7472542290361753,
    "pca_2": 0.15044865200871158,
    "pca_3": 0.08568646748232892,
    "mean_entropy_categorical_features": 0.7717279195785522,
    "stdev_entropy_categorical_features": 0.23363754153251648,
    "min_entropy_categorical_features": 0.4144164025783539,
    "median_entropy_categorical_features": 0.7553420066833496,
    "max_entropy_categorical_features": 1.2060537338256836,
    "mean_information_gain_categorical_features": NaN,
    "stdev_information_gain_categorical_features": NaN,
    "min_information_gain_categorical_features": NaN,
    "median_information_gain_categorical_features": NaN,
    "max_information_gain_categorical_features": NaN,
    "mean_mutual_informaiton_categorical_features": 0.0733213946223259,
    "stdev_mutual_informaiton_categorical_features": 0.05295094847679138,
    "min_mutual_informaiton_categorical_features": 1.094393155653961e-05,
    "median_mutual_informaiton_categorical_features": 0.07763044536113739,
    "max_mutual_informaiton_categorical_features": 0.14866036176681519,
    "knn_5_accuracy": NaN,
    "knn_5_balanced_accuracy": NaN,
    "gaussian_nb_accuracy": NaN,
    "gaussian_nb_balanced_accuracy": NaN,
    "lda_accuracy": NaN,
    "lda_balanced_accuracy": NaN,
    "decision_tree_3_accuracy": NaN,
    "decision_tree_3_balanced_accuracy": NaN,
    "decision_tree_1_accuracy": NaN,
    "decision_tree_1_balanced_accuracy": NaN,
    "random_tree_2_accuracy": NaN,
    "random_tree_2_balanced_accuracy": NaN
}