{
    "nb_instances": 846,
    "log_nb_instances": 6.740519359606223,
    "nb_features": 18,
    "dataset_dimensionality": 47.0,
    "log_dataset_dimensionality": 3.8501476017100584,
    "dataset_ratio": 0.02127659574468085,
    "nb_missing_vals": 0,
    "ratio_features_with_missing_vals": 0.0,
    "ratio_instances_with_missing_vals": 0.0,
    "nb_numeric_features": 18,
    "nb_categorical_features": 0,
    "ratio_numeric_categorical_features": 0.0,
    "ratio_categorical_numeric_features": 0.0,
    "nb_classes": 4,
    "class_entropy": 1.385647492281233,
    "mean_target_class_ratio": 0.25,
    "stdev_target_class_ratio": 0.008943700231611729,
    "minority_target_class_ratio": 0.23522458970546722,
    "median_target_class_ratio": 0.2535460889339447,
    "majority_target_class_ratio": 0.2576832175254822,
    "mean_mean_numeric_features": 117.63495635986328,
    "stdev_mean_numeric_features": 103.3907699584961,
    "min_mean_numeric_features": 6.377068519592285,
    "q1_mean_numeric_features": 41.915781021118164,
    "median_mean_numeric_features": 87.88357162475586,
    "q3_mean_numeric_features": 173.2627067565918,
    "max_mean_numeric_features": 439.9113464355469,
    "mean_stdev_numeric_features": 22.77083969116211,
    "stdev_stdev_numeric_features": 38.82109832763672,
    "min_stdev_numeric_features": 2.5921382904052734,
    "q1_stdev_numeric_features": 6.487098574638367,
    "median_stdev_numeric_features": 8.061362743377686,
    "q3_stdev_numeric_features": 27.48901057243347,
    "max_stdev_numeric_features": 176.69261169433594,
    "mean_var_numeric_features": 2025.5889892578125,
    "stdev_var_numeric_features": 7092.8642578125,
    "min_var_numeric_features": 6.719181060791016,
    "q1_var_numeric_features": 42.384358406066895,
    "median_var_numeric_features": 65.01553535461426,
    "q3_var_numeric_features": 801.4121170043945,
    "max_var_numeric_features": 31220.279296875,
    "mean_min_numeric_features": 78.38888549804688,
    "stdev_min_numeric_features": 61.340702056884766,
    "min_min_numeric_features": 0.0,
    "q1_min_numeric_features": 27.75,
    "median_min_numeric_features": 66.0,
    "q3_min_numeric_features": 116.5,
    "max_min_numeric_features": 184.0,
    "mean_median_numeric_features": 111.55555725097656,
    "stdev_median_numeric_features": 90.2400894165039,
    "min_median_numeric_features": 6.0,
    "q1_median_numeric_features": 43.25,
    "median_median_numeric_features": 86.5,
    "q3_median_numeric_features": 171.5,
    "max_median_numeric_features": 364.0,
    "mean_max_numeric_features": 198.88888549804688,
    "stdev_max_numeric_features": 221.001220703125,
    "min_max_numeric_features": 22.0,
    "q1_max_numeric_features": 59.5,
    "median_max_numeric_features": 136.5,
    "q3_max_numeric_features": 251.5,
    "max_max_numeric_features": 1018.0,
    "pca_1": 0.9592087944159352,
    "pca_2": 0.018013099051595108,
    "pca_3": 0.011955932835700196,
    "mean_entropy_categorical_features": NaN,
    "stdev_entropy_categorical_features": NaN,
    "min_entropy_categorical_features": NaN,
    "median_entropy_categorical_features": NaN,
    "max_entropy_categorical_features": NaN,
    "mean_information_gain_categorical_features": NaN,
    "stdev_information_gain_categorical_features": NaN,
    "min_information_gain_categorical_features": NaN,
    "median_information_gain_categorical_features": NaN,
    "max_information_gain_categorical_features": NaN,
    "mean_mutual_informaiton_categorical_features": NaN,
    "stdev_mutual_informaiton_categorical_features": NaN,
    "min_mutual_informaiton_categorical_features": NaN,
    "median_mutual_informaiton_categorical_features": NaN,
    "max_mutual_informaiton_categorical_features": NaN,
    "knn_5_accuracy": 0.6583849634528367,
    "knn_5_balanced_accuracy": 0.6639767489141523,
    "gaussian_nb_accuracy": 0.46105812739296903,
    "gaussian_nb_balanced_accuracy": 0.46965767964759336,
    "lda_accuracy": 0.7730316742081448,
    "lda_balanced_accuracy": 0.7783953497345639,
    "decision_tree_3_accuracy": 0.6430351548903583,
    "decision_tree_3_balanced_accuracy": 0.6371459404706741,
    "decision_tree_1_accuracy": 0.39243995823181343,
    "decision_tree_1_balanced_accuracy": 0.4151209439288287,
    "random_tree_2_accuracy": 0.4845945005221023,
    "random_tree_2_balanced_accuracy": 0.4896786618943391
}