{
    "nb_instances": 155,
    "log_nb_instances": 5.043425116919247,
    "nb_features": 19,
    "dataset_dimensionality": 8.157894736842104,
    "log_dataset_dimensionality": 2.098986137752806,
    "dataset_ratio": 0.12258064516129032,
    "nb_missing_vals": 167,
    "ratio_features_with_missing_vals": 0.0967741935483871,
    "ratio_instances_with_missing_vals": 0.4838709677419355,
    "nb_numeric_features": 6,
    "nb_categorical_features": 13,
    "ratio_numeric_categorical_features": 0.46153846153846156,
    "ratio_categorical_numeric_features": 2.1666666666666665,
    "nb_classes": 2,
    "class_entropy": 0.5092172162715136,
    "mean_target_class_ratio": 0.5,
    "stdev_target_class_ratio": 0.2935484051704407,
    "minority_target_class_ratio": 0.20645160973072052,
    "median_target_class_ratio": 0.5000000074505806,
    "majority_target_class_ratio": 0.7935484051704407,
    "mean_mean_numeric_features": 48.862918853759766,
    "stdev_mean_numeric_features": 37.79570770263672,
    "min_mean_numeric_features": 1.221250057220459,
    "q1_mean_numeric_features": 13.048437118530273,
    "median_mean_numeric_features": 51.58749961853027,
    "q3_mean_numeric_features": 77.14687633514404,
    "max_mean_numeric_features": 102.9124984741211,
    "mean_stdev_numeric_features": 26.907346725463867,
    "stdev_stdev_numeric_features": 26.900365829467773,
    "min_stdev_numeric_features": 0.5762919187545776,
    "q1_stdev_numeric_features": 3.476417601108551,
    "median_stdev_numeric_features": 17.353902339935303,
    "q3_stdev_numeric_features": 46.12052869796753,
    "max_stdev_numeric_features": 71.5999755859375,
    "mean_var_numeric_features": 1447.6348876953125,
    "stdev_var_numeric_features": 1929.221923828125,
    "min_var_numeric_features": 0.3321123421192169,
    "q1_var_numeric_features": 32.384269401431084,
    "median_var_numeric_features": 338.0498390197754,
    "q3_var_numeric_features": 2298.7567138671875,
    "max_var_numeric_features": 5126.55615234375,
    "mean_min_numeric_features": 10.399999618530273,
    "stdev_min_numeric_features": 10.226924896240234,
    "min_min_numeric_features": 0.0,
    "q1_min_numeric_features": 0.7499999850988388,
    "median_min_numeric_features": 8.049999952316284,
    "q3_min_numeric_features": 18.5,
    "max_min_numeric_features": 26.0,
    "mean_median_numeric_features": 41.16666793823242,
    "stdev_median_numeric_features": 30.529584884643555,
    "min_median_numeric_features": 1.0,
    "q1_median_numeric_features": 12.625,
    "median_median_numeric_features": 47.5,
    "q3_median_numeric_features": 60.625,
    "max_median_numeric_features": 85.0,
    "mean_max_numeric_features": 146.96665954589844,
    "stdev_max_numeric_features": 152.99063110351562,
    "min_max_numeric_features": 4.800000190734863,
    "q1_max_numeric_features": 21.75,
    "median_max_numeric_features": 86.0,
    "q3_max_numeric_features": 235.0,
    "max_max_numeric_features": 420.0,
    "pca_1": 0.6650525002797095,
    "pca_2": 0.2613272696576996,
    "pca_3": 0.06013300572967652,
    "mean_entropy_categorical_features": 0.5478700995445251,
    "stdev_entropy_categorical_features": 0.11967701464891434,
    "min_entropy_categorical_features": 0.37677016854286194,
    "median_entropy_categorical_features": 0.5756556391716003,
    "max_entropy_categorical_features": 0.6918966770172119,
    "mean_information_gain_categorical_features": 0.09223636984825134,
    "stdev_information_gain_categorical_features": 0.20049388706684113,
    "min_information_gain_categorical_features": -0.2243730127811432,
    "median_information_gain_categorical_features": 0.047812577337026596,
    "max_information_gain_categorical_features": 0.3638400435447693,
    "mean_mutual_informaiton_categorical_features": 0.03481322526931763,
    "stdev_mutual_informaiton_categorical_features": 0.03141912817955017,
    "min_mutual_informaiton_categorical_features": 0.0015649821143597364,
    "median_mutual_informaiton_categorical_features": 0.029056580737233162,
    "max_mutual_informaiton_categorical_features": 0.11291315406560898,
    "knn_5_accuracy": NaN,
    "knn_5_balanced_accuracy": NaN,
    "gaussian_nb_accuracy": NaN,
    "gaussian_nb_balanced_accuracy": NaN,
    "lda_accuracy": NaN,
    "lda_balanced_accuracy": NaN,
    "decision_tree_3_accuracy": NaN,
    "decision_tree_3_balanced_accuracy": NaN,
    "decision_tree_1_accuracy": NaN,
    "decision_tree_1_balanced_accuracy": NaN,
    "random_tree_2_accuracy": NaN,
    "random_tree_2_balanced_accuracy": NaN
}