{
    "nb_instances": 351,
    "log_nb_instances": 5.860786223465865,
    "nb_features": 34,
    "dataset_dimensionality": 10.323529411764707,
    "log_dataset_dimensionality": 2.3344256988497043,
    "dataset_ratio": 0.09686609686609686,
    "nb_missing_vals": 0,
    "ratio_features_with_missing_vals": 0.0,
    "ratio_instances_with_missing_vals": 0.0,
    "nb_numeric_features": 34,
    "nb_categorical_features": 0,
    "ratio_numeric_categorical_features": 0.0,
    "ratio_categorical_numeric_features": 0.0,
    "nb_classes": 2,
    "class_entropy": 0.652825793916348,
    "mean_target_class_ratio": 0.5,
    "stdev_target_class_ratio": 0.14102564752101898,
    "minority_target_class_ratio": 0.3589743673801422,
    "median_target_class_ratio": 0.5000000149011612,
    "majority_target_class_ratio": 0.6410256624221802,
    "mean_mean_numeric_features": 0.24769699573516846,
    "stdev_mean_numeric_features": 0.2441704422235489,
    "min_mean_numeric_features": -0.071186862885952,
    "q1_mean_numeric_features": 0.009841951541602612,
    "median_mean_numeric_features": 0.2590204253792763,
    "q3_mean_numeric_features": 0.3925882577896118,
    "max_mean_numeric_features": 0.8917378783226013,
    "mean_stdev_numeric_features": 0.5104205012321472,
    "stdev_stdev_numeric_features": 0.10954715311527252,
    "min_stdev_numeric_features": 0.0,
    "q1_stdev_numeric_features": 0.49483123421669006,
    "median_stdev_numeric_features": 0.5171852707862854,
    "q3_stdev_numeric_features": 0.5694866180419922,
    "max_stdev_numeric_features": 0.6528278589248657,
    "mean_var_numeric_features": 0.27252963185310364,
    "stdev_var_numeric_features": 0.08082159608602524,
    "min_var_numeric_features": 0.0,
    "q1_var_numeric_features": 0.24485795944929123,
    "median_var_numeric_features": 0.26748156547546387,
    "q3_var_numeric_features": 0.3243269771337509,
    "max_var_numeric_features": 0.42618417739868164,
    "mean_min_numeric_features": -0.9411764740943909,
    "stdev_min_numeric_features": 0.2352941334247589,
    "min_min_numeric_features": -1.0,
    "q1_min_numeric_features": -1.0,
    "median_min_numeric_features": -1.0,
    "q3_min_numeric_features": -1.0,
    "max_min_numeric_features": 0.0,
    "mean_median_numeric_features": 0.32100528478622437,
    "stdev_median_numeric_features": 0.3329072892665863,
    "min_median_numeric_features": -0.01768999919295311,
    "q1_median_numeric_features": 0.0,
    "median_median_numeric_features": 0.21991499792784452,
    "q3_median_numeric_features": 0.5991824865341187,
    "max_median_numeric_features": 1.0,
    "mean_max_numeric_features": 0.970588207244873,
    "stdev_max_numeric_features": 0.16895772516727448,
    "min_max_numeric_features": 0.0,
    "q1_max_numeric_features": 1.0,
    "median_max_numeric_features": 1.0,
    "q3_max_numeric_features": 1.0,
    "max_max_numeric_features": 1.0,
    "pca_1": 0.31344256729725256,
    "pca_2": 0.12271591555589992,
    "pca_3": 0.07475315879875319,
    "mean_entropy_categorical_features": NaN,
    "stdev_entropy_categorical_features": NaN,
    "min_entropy_categorical_features": NaN,
    "median_entropy_categorical_features": NaN,
    "max_entropy_categorical_features": NaN,
    "mean_information_gain_categorical_features": NaN,
    "stdev_information_gain_categorical_features": NaN,
    "min_information_gain_categorical_features": NaN,
    "median_information_gain_categorical_features": NaN,
    "max_information_gain_categorical_features": NaN,
    "mean_mutual_informaiton_categorical_features": NaN,
    "stdev_mutual_informaiton_categorical_features": NaN,
    "min_mutual_informaiton_categorical_features": NaN,
    "median_mutual_informaiton_categorical_features": NaN,
    "max_mutual_informaiton_categorical_features": NaN,
    "knn_5_accuracy": 0.843420523138833,
    "knn_5_balanced_accuracy": 0.7910130919695255,
    "gaussian_nb_accuracy": 0.8887323943661972,
    "gaussian_nb_balanced_accuracy": 0.8506083524175629,
    "lda_accuracy": 0.8630985915492957,
    "lda_balanced_accuracy": 0.8158205015265846,
    "decision_tree_3_accuracy": 0.9001609657947686,
    "decision_tree_3_balanced_accuracy": 0.8926033345532627,
    "decision_tree_1_accuracy": 0.8235010060362173,
    "decision_tree_1_balanced_accuracy": 0.7576927818558253,
    "random_tree_2_accuracy": 0.8003621730382294,
    "random_tree_2_balanced_accuracy": 0.762349970593365
}