{
    "nb_instances": 5000,
    "log_nb_instances": 8.517193191416238,
    "nb_features": 40,
    "dataset_dimensionality": 125.0,
    "log_dataset_dimensionality": 4.8283137373023015,
    "dataset_ratio": 0.008,
    "nb_missing_vals": 0,
    "ratio_features_with_missing_vals": 0.0,
    "ratio_instances_with_missing_vals": 0.0,
    "nb_numeric_features": 40,
    "nb_categorical_features": 0,
    "ratio_numeric_categorical_features": 0.0,
    "ratio_categorical_numeric_features": 0.0,
    "nb_classes": 3,
    "class_entropy": 1.0985545524188804,
    "mean_target_class_ratio": 0.3333333432674408,
    "stdev_target_class_ratio": 0.003586398670449853,
    "minority_target_class_ratio": 0.33059999346733093,
    "median_target_class_ratio": 0.3310000002384186,
    "majority_target_class_ratio": 0.3384000062942505,
    "mean_mean_numeric_features": 0.8994882702827454,
    "stdev_mean_numeric_features": 1.1602619886398315,
    "min_mean_numeric_features": -0.02555200085043907,
    "q1_mean_numeric_features": -0.0001390000179526396,
    "median_mean_numeric_features": 0.031811000779271126,
    "q3_mean_numeric_features": 1.9887299835681915,
    "max_mean_numeric_features": 3.3224680423736572,
    "mean_stdev_numeric_features": 1.2711156606674194,
    "stdev_stdev_numeric_features": 0.34712716937065125,
    "min_stdev_numeric_features": 0.9764529466629028,
    "q1_stdev_numeric_features": 1.000349536538124,
    "median_stdev_numeric_features": 1.0138702988624573,
    "q3_stdev_numeric_features": 1.652009129524231,
    "max_stdev_numeric_features": 2.0326738357543945,
    "mean_var_numeric_features": 1.736232042312622,
    "stdev_var_numeric_features": 0.9785263538360596,
    "min_var_numeric_features": 0.9534603953361511,
    "q1_var_numeric_features": 1.0006995350122452,
    "median_var_numeric_features": 1.0279353260993958,
    "q3_var_numeric_features": 2.7291535139083862,
    "max_var_numeric_features": 4.131762981414795,
    "mean_min_numeric_features": -3.1852498054504395,
    "stdev_min_numeric_features": 0.6185183525085449,
    "min_min_numeric_features": -3.9700000286102295,
    "q1_min_numeric_features": -3.5524999499320984,
    "median_min_numeric_features": -3.4200000762939453,
    "q3_min_numeric_features": -3.0449999570846558,
    "max_min_numeric_features": -1.0399999618530273,
    "mean_median_numeric_features": 0.8773750066757202,
    "stdev_median_numeric_features": 1.1486976146697998,
    "min_median_numeric_features": -0.029999999329447746,
    "q1_median_numeric_features": 0.0,
    "median_median_numeric_features": 0.04999999888241291,
    "q3_median_numeric_features": 1.8250000476837158,
    "max_median_numeric_features": 3.1600000858306885,
    "mean_max_numeric_features": 5.1605000495910645,
    "stdev_max_numeric_features": 1.9233317375183105,
    "min_max_numeric_features": 3.190000057220459,
    "q1_max_numeric_features": 3.5799999237060547,
    "median_max_numeric_features": 3.975000023841858,
    "q3_max_numeric_features": 7.007500052452087,
    "max_max_numeric_features": 8.819999694824219,
    "pca_1": 0.33778664575599643,
    "pca_2": 0.11579383213765818,
    "pca_3": 0.0163236332590908,
    "mean_entropy_categorical_features": NaN,
    "stdev_entropy_categorical_features": NaN,
    "min_entropy_categorical_features": NaN,
    "median_entropy_categorical_features": NaN,
    "max_entropy_categorical_features": NaN,
    "mean_information_gain_categorical_features": NaN,
    "stdev_information_gain_categorical_features": NaN,
    "min_information_gain_categorical_features": NaN,
    "median_information_gain_categorical_features": NaN,
    "max_information_gain_categorical_features": NaN,
    "mean_mutual_informaiton_categorical_features": NaN,
    "stdev_mutual_informaiton_categorical_features": NaN,
    "min_mutual_informaiton_categorical_features": NaN,
    "median_mutual_informaiton_categorical_features": NaN,
    "max_mutual_informaiton_categorical_features": NaN,
    "knn_5_accuracy": 0.8051999999999999,
    "knn_5_balanced_accuracy": 0.8054169572212819,
    "gaussian_nb_accuracy": 0.8002,
    "gaussian_nb_balanced_accuracy": 0.8020348869872389,
    "lda_accuracy": 0.8625999999999999,
    "lda_balanced_accuracy": 0.8631849943326404,
    "decision_tree_3_accuracy": 0.6991999999999999,
    "decision_tree_3_balanced_accuracy": 0.7005288937141667,
    "decision_tree_1_accuracy": 0.5700000000000001,
    "decision_tree_1_balanced_accuracy": 0.574227920644786,
    "random_tree_2_accuracy": 0.5562,
    "random_tree_2_balanced_accuracy": 0.5552267757947209
}