{
    "nb_instances": 540,
    "log_nb_instances": 6.29156913955832,
    "nb_features": 37,
    "dataset_dimensionality": 14.594594594594595,
    "log_dataset_dimensionality": 2.6806512269140956,
    "dataset_ratio": 0.06851851851851852,
    "nb_missing_vals": 999,
    "ratio_features_with_missing_vals": 0.05185185185185185,
    "ratio_instances_with_missing_vals": 0.48703703703703705,
    "nb_numeric_features": 18,
    "nb_categorical_features": 19,
    "ratio_numeric_categorical_features": 0.9473684210526315,
    "ratio_categorical_numeric_features": 1.0555555555555556,
    "nb_classes": 2,
    "class_entropy": 0.6809991432654108,
    "mean_target_class_ratio": 0.5,
    "stdev_target_class_ratio": 0.07777778804302216,
    "minority_target_class_ratio": 0.42222222685813904,
    "median_target_class_ratio": 0.5000000149011612,
    "majority_target_class_ratio": 0.5777778029441833,
    "mean_mean_numeric_features": 2128.706298828125,
    "stdev_mean_numeric_features": 8224.068359375,
    "min_mean_numeric_features": 0.023465704172849655,
    "q1_mean_numeric_features": 3.087590277194977,
    "median_mean_numeric_features": 32.95487403869629,
    "q3_mean_numeric_features": 54.24968338012695,
    "max_mean_numeric_features": 35993.55078125,
    "mean_stdev_numeric_features": 302.6051025390625,
    "stdev_stdev_numeric_features": 1150.2469482421875,
    "min_stdev_numeric_features": 0.180279940366745,
    "q1_stdev_numeric_features": 1.6749608516693115,
    "median_stdev_numeric_features": 4.652007102966309,
    "q3_stdev_numeric_features": 8.161235332489014,
    "max_stdev_numeric_features": 5034.46826171875,
    "mean_var_numeric_features": 1414637.75,
    "stdev_var_numeric_features": 5804238.5,
    "min_var_numeric_features": 0.03250085934996605,
    "q1_var_numeric_features": 3.1569958329200745,
    "median_var_numeric_features": 21.72141933441162,
    "q3_var_numeric_features": 66.60825729370117,
    "max_var_numeric_features": 25345872.0,
    "mean_min_numeric_features": 1298.763916015625,
    "stdev_min_numeric_features": 5275.50390625,
    "min_min_numeric_features": 0.0,
    "q1_min_numeric_features": 0.0,
    "median_min_numeric_features": 14.0,
    "q3_min_numeric_features": 33.25,
    "max_min_numeric_features": 23050.0,
    "mean_median_numeric_features": 2128.492919921875,
    "stdev_median_numeric_features": 8237.9150390625,
    "min_median_numeric_features": 0.0,
    "q1_median_numeric_features": 2.125,
    "median_median_numeric_features": 32.0,
    "q3_median_numeric_features": 55.09999942779541,
    "max_median_numeric_features": 36053.0,
    "mean_max_numeric_features": 2862.1279296875,
    "stdev_max_numeric_features": 11011.8583984375,
    "min_max_numeric_features": 1.25,
    "q1_max_numeric_features": 11.5,
    "median_max_numeric_features": 51.70000076293945,
    "q3_max_numeric_features": 75.80000114440918,
    "max_max_numeric_features": 48201.0,
    "pca_1": 0.9953840403720685,
    "pca_2": 0.0045984645737970386,
    "pca_3": 4.864294998437889e-06,
    "mean_entropy_categorical_features": 0.7903314232826233,
    "stdev_entropy_categorical_features": 0.8252618312835693,
    "min_entropy_categorical_features": 0.0,
    "median_entropy_categorical_features": 0.6761008501052856,
    "max_entropy_categorical_features": 3.3264877796173096,
    "mean_information_gain_categorical_features": 0.430551677942276,
    "stdev_information_gain_categorical_features": 0.8637546300888062,
    "min_information_gain_categorical_features": -0.044804010540246964,
    "median_information_gain_categorical_features": 0.011500334367156029,
    "max_information_gain_categorical_features": 3.3264877796173096,
    "mean_mutual_informaiton_categorical_features": 0.026548495516180992,
    "stdev_mutual_informaiton_categorical_features": 0.045251913368701935,
    "min_mutual_informaiton_categorical_features": -5.551115123125783e-16,
    "median_mutual_informaiton_categorical_features": 0.011416238732635975,
    "max_mutual_informaiton_categorical_features": 0.19948512315750122,
    "knn_5_accuracy": NaN,
    "knn_5_balanced_accuracy": NaN,
    "gaussian_nb_accuracy": NaN,
    "gaussian_nb_balanced_accuracy": NaN,
    "lda_accuracy": NaN,
    "lda_balanced_accuracy": NaN,
    "decision_tree_3_accuracy": NaN,
    "decision_tree_3_balanced_accuracy": NaN,
    "decision_tree_1_accuracy": NaN,
    "decision_tree_1_balanced_accuracy": NaN,
    "random_tree_2_accuracy": NaN,
    "random_tree_2_balanced_accuracy": NaN
}