{
    "nb_instances": 1024,
    "log_nb_instances": 6.931471805599453,
    "nb_features": 2,
    "dataset_dimensionality": 512.0,
    "log_dataset_dimensionality": 6.238324625039508,
    "dataset_ratio": 0.001953125,
    "nb_missing_vals": 0,
    "ratio_features_with_missing_vals": 0.0,
    "ratio_instances_with_missing_vals": 0.0,
    "nb_numeric_features": 2,
    "nb_categorical_features": 0,
    "ratio_numeric_categorical_features": 0.0,
    "ratio_categorical_numeric_features": 0.0,
    "nb_classes": 4,
    "class_entropy": 1.2818928148346054,
    "mean_target_class_ratio": 0.25,
    "stdev_target_class_ratio": 0.10874320566654205,
    "minority_target_class_ratio": 0.091796875,
    "median_target_class_ratio": 0.2568359375,
    "majority_target_class_ratio": 0.39453125,
    "mean_mean_numeric_features": 85.6291732788086,
    "stdev_mean_numeric_features": 48.50070571899414,
    "min_mean_numeric_features": 37.12846755981445,
    "q1_mean_numeric_features": 61.37882137298584,
    "median_mean_numeric_features": 85.62917518615723,
    "q3_mean_numeric_features": 109.87952899932861,
    "max_mean_numeric_features": 134.1298828125,
    "mean_stdev_numeric_features": 7.642279624938965,
    "stdev_stdev_numeric_features": 7.496560096740723,
    "min_stdev_numeric_features": 0.14571994543075562,
    "q1_stdev_numeric_features": 3.8939998894929886,
    "median_stdev_numeric_features": 7.642279833555222,
    "q3_stdev_numeric_features": 11.390559777617455,
    "max_stdev_numeric_features": 15.138839721679688,
    "mean_var_numeric_features": 114.60285949707031,
    "stdev_var_numeric_features": 114.58161926269531,
    "min_var_numeric_features": 0.02123430371284485,
    "q1_var_numeric_features": 57.31204541772604,
    "median_var_numeric_features": 114.60285653173923,
    "q3_var_numeric_features": 171.89366764575243,
    "max_var_numeric_features": 229.18447875976562,
    "mean_min_numeric_features": 68.42500305175781,
    "stdev_min_numeric_features": 31.575000762939453,
    "min_min_numeric_features": 36.849998474121094,
    "q1_min_numeric_features": 52.63749885559082,
    "median_min_numeric_features": 68.42499923706055,
    "q3_min_numeric_features": 84.21249961853027,
    "max_min_numeric_features": 100.0,
    "mean_median_numeric_features": 83.57499694824219,
    "stdev_median_numeric_features": 46.42500305175781,
    "min_median_numeric_features": 37.150001525878906,
    "q1_median_numeric_features": 60.36250114440918,
    "median_median_numeric_features": 83.57500076293945,
    "q3_median_numeric_features": 106.78750038146973,
    "max_median_numeric_features": 130.0,
    "mean_max_numeric_features": 112.2249984741211,
    "stdev_max_numeric_features": 74.7750015258789,
    "min_max_numeric_features": 37.45000076293945,
    "q1_max_numeric_features": 74.83750057220459,
    "median_max_numeric_features": 112.22500038146973,
    "q3_max_numeric_features": 149.61250019073486,
    "max_max_numeric_features": 187.0,
    "pca_1": 0.9999265465617857,
    "pca_2": 7.345343821436707e-05,
    "mean_entropy_categorical_features": NaN,
    "stdev_entropy_categorical_features": NaN,
    "min_entropy_categorical_features": NaN,
    "median_entropy_categorical_features": NaN,
    "max_entropy_categorical_features": NaN,
    "mean_information_gain_categorical_features": NaN,
    "stdev_information_gain_categorical_features": NaN,
    "min_information_gain_categorical_features": NaN,
    "median_information_gain_categorical_features": NaN,
    "max_information_gain_categorical_features": NaN,
    "mean_mutual_informaiton_categorical_features": NaN,
    "stdev_mutual_informaiton_categorical_features": NaN,
    "min_mutual_informaiton_categorical_features": NaN,
    "median_mutual_informaiton_categorical_features": NaN,
    "max_mutual_informaiton_categorical_features": NaN,
    "knn_5_accuracy": 0.4091630798660928,
    "knn_5_balanced_accuracy": 0.31982162563626276,
    "gaussian_nb_accuracy": 0.455117168818747,
    "gaussian_nb_balanced_accuracy": 0.3256641029637169,
    "lda_accuracy": 0.45413199426111905,
    "lda_balanced_accuracy": 0.32283166259415996,
    "decision_tree_3_accuracy": 0.46773792443806794,
    "decision_tree_3_balanced_accuracy": 0.3371058621949525,
    "decision_tree_1_accuracy": 0.46485891917742705,
    "decision_tree_1_balanced_accuracy": 0.33333626510180275,
    "random_tree_2_accuracy": 0.44920612147297945,
    "random_tree_2_balanced_accuracy": 0.32510853631292413
}