{
    "nb_instances": 310,
    "log_nb_instances": 5.736572297479192,
    "nb_features": 8,
    "dataset_dimensionality": 38.75,
    "log_dataset_dimensionality": 3.657130755799356,
    "dataset_ratio": 0.025806451612903226,
    "nb_missing_vals": 0,
    "ratio_features_with_missing_vals": 0.0,
    "ratio_instances_with_missing_vals": 0.0,
    "nb_numeric_features": 8,
    "nb_categorical_features": 0,
    "ratio_numeric_categorical_features": 0.0,
    "ratio_categorical_numeric_features": 0.0,
    "nb_classes": 9,
    "class_entropy": 2.1632451594242017,
    "mean_target_class_ratio": 0.1111111119389534,
    "stdev_target_class_ratio": 0.027164580300450325,
    "minority_target_class_ratio": 0.05806451663374901,
    "median_target_class_ratio": 0.12580645084381104,
    "majority_target_class_ratio": 0.13225805759429932,
    "mean_mean_numeric_features": 144.80140686035156,
    "stdev_mean_numeric_features": 188.50091552734375,
    "min_mean_numeric_features": 0.23120741546154022,
    "q1_mean_numeric_features": 4.773883014917374,
    "median_mean_numeric_features": 16.380863428115845,
    "q3_mean_numeric_features": 272.98789978027344,
    "max_mean_numeric_features": 496.1032409667969,
    "mean_stdev_numeric_features": 40.98419189453125,
    "stdev_stdev_numeric_features": 51.607452392578125,
    "min_stdev_numeric_features": 0.08969096839427948,
    "q1_stdev_numeric_features": 0.16278748214244843,
    "median_stdev_numeric_features": 7.795997768640518,
    "q3_stdev_numeric_features": 80.27286911010742,
    "max_stdev_numeric_features": 124.33026885986328,
    "mean_var_numeric_features": 4343.03271484375,
    "stdev_var_numeric_features": 6333.97607421875,
    "min_var_numeric_features": 0.00804446917027235,
    "q1_var_numeric_features": 0.027215474285185337,
    "median_var_numeric_features": 117.62371877580881,
    "q3_var_numeric_features": 6991.3394775390625,
    "max_var_numeric_features": 15458.015625,
    "mean_min_numeric_features": 76.30318450927734,
    "stdev_min_numeric_features": 119.51219177246094,
    "min_min_numeric_features": 0.07500000298023224,
    "q1_min_numeric_features": 1.7694500088691711,
    "median_min_numeric_features": 5.63634991645813,
    "q3_min_numeric_features": 89.0,
    "max_min_numeric_features": 306.0,
    "mean_median_numeric_features": 150.1597442626953,
    "stdev_median_numeric_features": 197.93988037109375,
    "min_median_numeric_features": 0.2405499964952469,
    "q1_median_numeric_features": 4.820925027132034,
    "median_median_numeric_features": 15.630749940872192,
    "q3_median_numeric_features": 276.375,
    "max_median_numeric_features": 524.0,
    "mean_max_numeric_features": 224.7454071044922,
    "stdev_max_numeric_features": 289.10400390625,
    "min_max_numeric_features": 0.47279998660087585,
    "q1_max_numeric_features": 5.060575187206268,
    "median_max_numeric_features": 28.836649894714355,
    "q3_max_numeric_features": 456.25,
    "max_max_numeric_features": 791.0,
    "pca_1": 0.9622886559843592,
    "pca_2": 0.027675650160893885,
    "pca_3": 0.006471383732139717,
    "mean_entropy_categorical_features": NaN,
    "stdev_entropy_categorical_features": NaN,
    "min_entropy_categorical_features": NaN,
    "median_entropy_categorical_features": NaN,
    "max_entropy_categorical_features": NaN,
    "mean_information_gain_categorical_features": NaN,
    "stdev_information_gain_categorical_features": NaN,
    "min_information_gain_categorical_features": NaN,
    "median_information_gain_categorical_features": NaN,
    "max_information_gain_categorical_features": NaN,
    "mean_mutual_informaiton_categorical_features": NaN,
    "stdev_mutual_informaiton_categorical_features": NaN,
    "min_mutual_informaiton_categorical_features": NaN,
    "median_mutual_informaiton_categorical_features": NaN,
    "max_mutual_informaiton_categorical_features": NaN,
    "knn_5_accuracy": 0.9806451612903226,
    "knn_5_balanced_accuracy": 0.9725829725829727,
    "gaussian_nb_accuracy": 0.8806451612903226,
    "gaussian_nb_balanced_accuracy": 0.8906076639409972,
    "lda_accuracy": 0.7870967741935483,
    "lda_balanced_accuracy": 0.7927441077441078,
    "decision_tree_3_accuracy": 0.9451612903225808,
    "decision_tree_3_balanced_accuracy": 0.8864197530864196,
    "decision_tree_1_accuracy": 0.1806451612903226,
    "decision_tree_1_balanced_accuracy": 0.22777777777777777,
    "random_tree_2_accuracy": 0.4290322580645161,
    "random_tree_2_balanced_accuracy": 0.43108465608465607
}