{
    "nb_instances": 200,
    "log_nb_instances": 5.298317366548036,
    "nb_features": 10,
    "dataset_dimensionality": 20.0,
    "log_dataset_dimensionality": 2.995732273553991,
    "dataset_ratio": 0.05,
    "nb_missing_vals": 0,
    "ratio_features_with_missing_vals": 0.0,
    "ratio_instances_with_missing_vals": 0.0,
    "nb_numeric_features": 10,
    "nb_categorical_features": 0,
    "ratio_numeric_categorical_features": 0.0,
    "ratio_categorical_numeric_features": 0.0,
    "nb_classes": 2,
    "class_entropy": 0.6926971130356336,
    "mean_target_class_ratio": 0.5,
    "stdev_target_class_ratio": 0.014999985694885254,
    "minority_target_class_ratio": 0.48500001430511475,
    "median_target_class_ratio": 0.5,
    "majority_target_class_ratio": 0.5149999856948853,
    "mean_mean_numeric_features": -0.01100000087171793,
    "stdev_mean_numeric_features": 0.07017122209072113,
    "min_mean_numeric_features": -0.11500000208616257,
    "q1_mean_numeric_features": -0.05874999798834324,
    "median_mean_numeric_features": -0.019999999552965164,
    "q3_mean_numeric_features": 0.04749999986961484,
    "max_mean_numeric_features": 0.10499999672174454,
    "mean_stdev_numeric_features": 0.8392019271850586,
    "stdev_stdev_numeric_features": 0.05685563385486603,
    "min_stdev_numeric_features": 0.7778174877166748,
    "q1_stdev_numeric_features": 0.8148695677518845,
    "median_stdev_numeric_features": 0.8268043100833893,
    "q3_stdev_numeric_features": 0.8404825627803802,
    "max_stdev_numeric_features": 1.0000503063201904,
    "mean_var_numeric_features": 0.707492470741272,
    "stdev_var_numeric_features": 0.10227154195308685,
    "min_var_numeric_features": 0.6050000190734863,
    "q1_var_numeric_features": 0.6640138179063797,
    "median_var_numeric_features": 0.6836055219173431,
    "q3_var_numeric_features": 0.7064133286476135,
    "max_var_numeric_features": 1.0001004934310913,
    "mean_min_numeric_features": -1.0,
    "stdev_min_numeric_features": 0.0,
    "min_min_numeric_features": -1.0,
    "q1_min_numeric_features": -1.0,
    "median_min_numeric_features": -1.0,
    "q3_min_numeric_features": -1.0,
    "max_min_numeric_features": -1.0,
    "mean_median_numeric_features": 0.10000000149011612,
    "stdev_median_numeric_features": 0.29999998211860657,
    "min_median_numeric_features": 0.0,
    "q1_median_numeric_features": 0.0,
    "median_median_numeric_features": 0.0,
    "q3_median_numeric_features": 0.0,
    "max_median_numeric_features": 1.0,
    "mean_max_numeric_features": 1.0,
    "stdev_max_numeric_features": 0.0,
    "min_max_numeric_features": 1.0,
    "q1_max_numeric_features": 1.0,
    "median_max_numeric_features": 1.0,
    "q3_max_numeric_features": 1.0,
    "max_max_numeric_features": 1.0,
    "pca_1": 0.16293083039352266,
    "pca_2": 0.12546706603151495,
    "pca_3": 0.11448567957192092,
    "mean_entropy_categorical_features": NaN,
    "stdev_entropy_categorical_features": NaN,
    "min_entropy_categorical_features": NaN,
    "median_entropy_categorical_features": NaN,
    "max_entropy_categorical_features": NaN,
    "mean_information_gain_categorical_features": NaN,
    "stdev_information_gain_categorical_features": NaN,
    "min_information_gain_categorical_features": NaN,
    "median_information_gain_categorical_features": NaN,
    "max_information_gain_categorical_features": NaN,
    "mean_mutual_informaiton_categorical_features": NaN,
    "stdev_mutual_informaiton_categorical_features": NaN,
    "min_mutual_informaiton_categorical_features": NaN,
    "median_mutual_informaiton_categorical_features": NaN,
    "max_mutual_informaiton_categorical_features": NaN,
    "knn_5_accuracy": 0.8300000000000001,
    "knn_5_balanced_accuracy": 0.8311308574466467,
    "gaussian_nb_accuracy": 0.845,
    "gaussian_nb_balanced_accuracy": 0.8462499999999998,
    "lda_accuracy": 0.8450000000000001,
    "lda_balanced_accuracy": 0.8457826861970084,
    "decision_tree_3_accuracy": 0.8200000000000001,
    "decision_tree_3_balanced_accuracy": 0.8234188691425534,
    "decision_tree_1_accuracy": 0.8300000000000001,
    "decision_tree_1_balanced_accuracy": 0.8231483933126146,
    "random_tree_2_accuracy": 0.8099999999999999,
    "random_tree_2_balanced_accuracy": 0.8073293790160123
}