{
    "nb_instances": 209,
    "log_nb_instances": 5.342334251964811,
    "nb_features": 6,
    "dataset_dimensionality": 34.833333333333336,
    "log_dataset_dimensionality": 3.550574782736756,
    "dataset_ratio": 0.028708133971291867,
    "nb_missing_vals": 0,
    "ratio_features_with_missing_vals": 0.0,
    "ratio_instances_with_missing_vals": 0.0,
    "nb_numeric_features": 6,
    "nb_categorical_features": 0,
    "ratio_numeric_categorical_features": 0.0,
    "ratio_categorical_numeric_features": 0.0,
    "nb_classes": 2,
    "class_entropy": 0.5812017320882035,
    "mean_target_class_ratio": 0.5,
    "stdev_target_class_ratio": 0.23205740749835968,
    "minority_target_class_ratio": 0.2679425776004791,
    "median_target_class_ratio": 0.4999999850988388,
    "majority_target_class_ratio": 0.7320573925971985,
    "mean_mean_numeric_features": 2486.021484375,
    "stdev_mean_numeric_features": 4288.26416015625,
    "min_mean_numeric_features": 4.698564529418945,
    "q1_mean_numeric_features": 20.002392292022705,
    "median_mean_numeric_features": 114.51435470581055,
    "q3_mean_numeric_features": 2201.9414596557617,
    "max_mean_numeric_features": 11796.1533203125,
    "mean_stdev_numeric_features": 2656.502197265625,
    "stdev_stdev_numeric_features": 4287.2880859375,
    "min_stdev_numeric_features": 6.8162736892700195,
    "q1_stdev_numeric_features": 29.65516948699951,
    "median_stdev_numeric_features": 150.44583129882812,
    "q3_stdev_numeric_features": 2974.1227416992188,
    "max_stdev_numeric_features": 11726.564453125,
    "mean_var_numeric_features": 25437846.0,
    "stdev_var_numeric_features": 50420696.0,
    "min_var_numeric_features": 46.461585998535156,
    "q1_var_numeric_features": 919.5686492919922,
    "median_var_numeric_features": 34693.74102783203,
    "q3_var_numeric_features": 11300417.947265625,
    "max_var_numeric_features": 137512320.0,
    "mean_min_numeric_features": 24.16666603088379,
    "stdev_min_numeric_features": 28.800561904907227,
    "min_min_numeric_features": 0.0,
    "q1_min_numeric_features": 0.0,
    "median_min_numeric_features": 8.5,
    "q3_min_numeric_features": 52.25,
    "max_min_numeric_features": 64.0,
    "mean_median_numeric_features": 1688.0,
    "stdev_median_numeric_features": 2913.078857421875,
    "min_median_numeric_features": 2.0,
    "q1_median_numeric_features": 8.0,
    "median_median_numeric_features": 59.0,
    "q3_median_numeric_features": 1527.5,
    "max_median_numeric_features": 8000.0,
    "mean_max_numeric_features": 16330.6669921875,
    "stdev_max_numeric_features": 24228.7890625,
    "min_max_numeric_features": 52.0,
    "q1_max_numeric_features": 196.0,
    "median_max_numeric_features": 878.0,
    "q3_max_numeric_features": 24375.0,
    "max_max_numeric_features": 64000.0,
    "pca_1": 0.9602836665848461,
    "pca_2": 0.039328144215849604,
    "pca_3": 0.00037786008991121345,
    "mean_entropy_categorical_features": NaN,
    "stdev_entropy_categorical_features": NaN,
    "min_entropy_categorical_features": NaN,
    "median_entropy_categorical_features": NaN,
    "max_entropy_categorical_features": NaN,
    "mean_information_gain_categorical_features": NaN,
    "stdev_information_gain_categorical_features": NaN,
    "min_information_gain_categorical_features": NaN,
    "median_information_gain_categorical_features": NaN,
    "max_information_gain_categorical_features": NaN,
    "mean_mutual_informaiton_categorical_features": NaN,
    "stdev_mutual_informaiton_categorical_features": NaN,
    "min_mutual_informaiton_categorical_features": NaN,
    "median_mutual_informaiton_categorical_features": NaN,
    "max_mutual_informaiton_categorical_features": NaN,
    "knn_5_accuracy": 0.918931475029036,
    "knn_5_balanced_accuracy": 0.8830436720142604,
    "gaussian_nb_accuracy": 0.937862950058072,
    "gaussian_nb_balanced_accuracy": 0.9396047201615154,
    "lda_accuracy": 0.9087108013937282,
    "lda_balanced_accuracy": 0.8522710622710623,
    "decision_tree_3_accuracy": 0.9281068524970963,
    "decision_tree_3_balanced_accuracy": 0.8964287057028993,
    "decision_tree_1_accuracy": 0.894773519163763,
    "decision_tree_1_balanced_accuracy": 0.8900574291300097,
    "random_tree_2_accuracy": 0.8710801393728224,
    "random_tree_2_balanced_accuracy": 0.7666666666666666
}