{
    "nb_instances": 186,
    "log_nb_instances": 5.225746673713202,
    "nb_features": 60,
    "dataset_dimensionality": 3.1,
    "log_dataset_dimensionality": 1.1314021114911006,
    "dataset_ratio": 0.3225806451612903,
    "nb_missing_vals": 0,
    "ratio_features_with_missing_vals": 0.0,
    "ratio_instances_with_missing_vals": 0.0,
    "nb_numeric_features": 60,
    "nb_categorical_features": 0,
    "ratio_numeric_categorical_features": 0.0,
    "ratio_categorical_numeric_features": 0.0,
    "nb_classes": 2,
    "class_entropy": 0.678273896048092,
    "mean_target_class_ratio": 0.5,
    "stdev_target_class_ratio": 0.08602149784564972,
    "minority_target_class_ratio": 0.4139784872531891,
    "median_target_class_ratio": 0.4999999850988388,
    "majority_target_class_ratio": 0.5860214829444885,
    "mean_mean_numeric_features": 0.20417563617229462,
    "stdev_mean_numeric_features": 0.10128572583198547,
    "min_mean_numeric_features": 0.0,
    "q1_mean_numeric_features": 0.12150537967681885,
    "median_mean_numeric_features": 0.17309946566820145,
    "q3_mean_numeric_features": 0.27874328941106796,
    "max_mean_numeric_features": 0.4215053617954254,
    "mean_stdev_numeric_features": 0.17984738945960999,
    "stdev_stdev_numeric_features": 0.07824201136827469,
    "min_stdev_numeric_features": 0.0,
    "q1_stdev_numeric_features": 0.1297394186258316,
    "median_stdev_numeric_features": 0.1744653284549713,
    "q3_stdev_numeric_features": 0.2264140099287033,
    "max_stdev_numeric_features": 0.37658894062042236,
    "mean_var_numeric_features": 0.038466889411211014,
    "stdev_var_numeric_features": 0.0317460261285305,
    "min_var_numeric_features": 0.0,
    "q1_var_numeric_features": 0.016832316294312477,
    "median_var_numeric_features": 0.03049477469176054,
    "q3_var_numeric_features": 0.051269980147480965,
    "max_var_numeric_features": 0.14181923866271973,
    "mean_min_numeric_features": 0.09666667133569717,
    "stdev_min_numeric_features": 0.017950547859072685,
    "min_min_numeric_features": 0.0,
    "q1_min_numeric_features": 0.10000000149011612,
    "median_min_numeric_features": 0.10000000149011612,
    "q3_min_numeric_features": 0.10000000149011612,
    "max_min_numeric_features": 0.10000000149011612,
    "mean_median_numeric_features": 0.1441500335931778,
    "stdev_median_numeric_features": 0.11524363607168198,
    "min_median_numeric_features": 0.0,
    "q1_median_numeric_features": 0.10000000149011612,
    "median_median_numeric_features": 0.10000000149011612,
    "q3_median_numeric_features": 0.10000000149011612,
    "max_median_numeric_features": 0.5,
    "mean_max_numeric_features": 0.8700001239776611,
    "stdev_max_numeric_features": 0.1615549474954605,
    "min_max_numeric_features": 0.0,
    "q1_max_numeric_features": 0.8999999761581421,
    "median_max_numeric_features": 0.8999999761581421,
    "q3_max_numeric_features": 0.8999999761581421,
    "max_max_numeric_features": 0.8999999761581421,
    "pca_1": 0.33425903032899584,
    "pca_2": 0.1607184796294479,
    "pca_3": 0.10386476049117306,
    "mean_entropy_categorical_features": NaN,
    "stdev_entropy_categorical_features": NaN,
    "min_entropy_categorical_features": NaN,
    "median_entropy_categorical_features": NaN,
    "max_entropy_categorical_features": NaN,
    "mean_information_gain_categorical_features": NaN,
    "stdev_information_gain_categorical_features": NaN,
    "min_information_gain_categorical_features": NaN,
    "median_information_gain_categorical_features": NaN,
    "max_information_gain_categorical_features": NaN,
    "mean_mutual_informaiton_categorical_features": NaN,
    "stdev_mutual_informaiton_categorical_features": NaN,
    "min_mutual_informaiton_categorical_features": NaN,
    "median_mutual_informaiton_categorical_features": NaN,
    "max_mutual_informaiton_categorical_features": NaN,
    "knn_5_accuracy": 0.7039829302987197,
    "knn_5_balanced_accuracy": 0.6902828375166509,
    "gaussian_nb_accuracy": 0.5477951635846373,
    "gaussian_nb_balanced_accuracy": 0.6070015278838808,
    "lda_accuracy": 0.7091038406827881,
    "lda_balanced_accuracy": 0.7036975524475524,
    "decision_tree_3_accuracy": 0.7001422475106684,
    "decision_tree_3_balanced_accuracy": 0.700658110005936,
    "decision_tree_1_accuracy": 0.5863442389758179,
    "decision_tree_1_balanced_accuracy": 0.5337999560825647,
    "random_tree_2_accuracy": 0.6560455192034139,
    "random_tree_2_balanced_accuracy": 0.5865854978354978
}