{
    "nb_instances": 205,
    "log_nb_instances": 5.3230099791384085,
    "nb_features": 25,
    "dataset_dimensionality": 8.2,
    "log_dataset_dimensionality": 2.1041341542702074,
    "dataset_ratio": 0.12195121951219512,
    "nb_missing_vals": 57,
    "ratio_features_with_missing_vals": 0.02926829268292683,
    "ratio_instances_with_missing_vals": 0.22439024390243903,
    "nb_numeric_features": 17,
    "nb_categorical_features": 8,
    "ratio_numeric_categorical_features": 2.125,
    "ratio_categorical_numeric_features": 0.47058823529411764,
    "nb_classes": 2,
    "class_entropy": 0.6749400381404818,
    "mean_target_class_ratio": 0.5,
    "stdev_target_class_ratio": 0.09512196481227875,
    "minority_target_class_ratio": 0.40487805008888245,
    "median_target_class_ratio": 0.5000000149011612,
    "majority_target_class_ratio": 0.5951219797134399,
    "mean_mean_numeric_features": 1160.8658447265625,
    "stdev_mean_numeric_features": 2873.625,
    "min_mean_numeric_features": 0.7358490824699402,
    "q1_mean_numeric_features": 4.2389936447143555,
    "median_mean_numeric_features": 53.89937210083008,
    "q3_mean_numeric_features": 121.13207244873047,
    "max_mean_numeric_features": 11445.7294921875,
    "mean_stdev_numeric_features": 407.789794921875,
    "stdev_stdev_numeric_features": 1375.711181640625,
    "min_stdev_numeric_features": 0.2673356235027313,
    "q1_stdev_numeric_features": 1.1930856704711914,
    "median_stdev_numeric_features": 5.167416095733643,
    "q3_stdev_numeric_features": 30.460790634155273,
    "max_stdev_numeric_features": 5877.85595703125,
    "mean_var_numeric_features": 2058873.625,
    "stdev_var_numeric_features": 8122899.0,
    "min_var_numeric_features": 0.07146833837032318,
    "q1_var_numeric_features": 1.4234535694122314,
    "median_var_numeric_features": 26.70218849182129,
    "q3_var_numeric_features": 927.8598022460938,
    "max_var_numeric_features": 34549192.0,
    "mean_min_numeric_features": 662.7652587890625,
    "stdev_min_numeric_features": 1499.1221923828125,
    "min_min_numeric_features": -2.0,
    "q1_min_numeric_features": 3.0,
    "median_min_numeric_features": 49.400001525878906,
    "q3_min_numeric_features": 86.5999984741211,
    "max_min_numeric_features": 5118.0,
    "mean_median_numeric_features": 1027.4906005859375,
    "stdev_median_numeric_features": 2424.0146484375,
    "min_median_numeric_features": 1.0,
    "q1_median_numeric_features": 4.0,
    "median_median_numeric_features": 54.099998474121094,
    "q3_median_numeric_features": 113.0,
    "max_median_numeric_features": 9233.0,
    "mean_max_numeric_features": 2754.98876953125,
    "stdev_max_numeric_features": 8261.1328125,
    "min_max_numeric_features": 3.0,
    "q1_max_numeric_features": 8.0,
    "median_max_numeric_features": 59.79999923706055,
    "q3_max_numeric_features": 256.0,
    "max_max_numeric_features": 35056.0,
    "pca_1": 0.9926122134848212,
    "pca_2": 0.0061122911392050994,
    "pca_3": 0.0012359753142770033,
    "mean_entropy_categorical_features": 0.9278073906898499,
    "stdev_entropy_categorical_features": 0.7532321810722351,
    "min_entropy_categorical_features": 0.0,
    "median_entropy_categorical_features": 0.8140519261360168,
    "max_entropy_categorical_features": 2.6270804405212402,
    "mean_information_gain_categorical_features": 0.666907787322998,
    "stdev_information_gain_categorical_features": 0.8473884463310242,
    "min_information_gain_categorical_features": 0.0,
    "median_information_gain_categorical_features": 0.33794376999139786,
    "max_information_gain_categorical_features": 2.6270804405212402,
    "mean_mutual_informaiton_categorical_features": 0.12470048666000366,
    "stdev_mutual_informaiton_categorical_features": 0.11597365140914917,
    "min_mutual_informaiton_categorical_features": -6.106226635438361e-16,
    "median_mutual_informaiton_categorical_features": 0.09163335338234901,
    "max_mutual_informaiton_categorical_features": 0.3147651255130768,
    "knn_5_accuracy": NaN,
    "knn_5_balanced_accuracy": NaN,
    "gaussian_nb_accuracy": NaN,
    "gaussian_nb_balanced_accuracy": NaN,
    "lda_accuracy": NaN,
    "lda_balanced_accuracy": NaN,
    "decision_tree_3_accuracy": NaN,
    "decision_tree_3_balanced_accuracy": NaN,
    "decision_tree_1_accuracy": NaN,
    "decision_tree_1_balanced_accuracy": NaN,
    "random_tree_2_accuracy": NaN,
    "random_tree_2_balanced_accuracy": NaN
}