{
    "nb_instances": 286,
    "log_nb_instances": 5.655991810819852,
    "nb_features": 9,
    "dataset_dimensionality": 31.77777777777778,
    "log_dataset_dimensionality": 3.4587672334836332,
    "dataset_ratio": 0.03146853146853147,
    "nb_missing_vals": 9,
    "ratio_features_with_missing_vals": 0.006993006993006993,
    "ratio_instances_with_missing_vals": 0.03146853146853147,
    "nb_numeric_features": 1,
    "nb_categorical_features": 8,
    "ratio_numeric_categorical_features": 0.125,
    "ratio_categorical_numeric_features": 8.0,
    "nb_classes": 2,
    "class_entropy": 0.6801562094176439,
    "mean_target_class_ratio": 0.5,
    "stdev_target_class_ratio": 0.08041958510875702,
    "minority_target_class_ratio": 0.4195804297924042,
    "median_target_class_ratio": 0.5000000149011612,
    "majority_target_class_ratio": 0.5804196000099182,
    "mean_mean_numeric_features": 50.732852935791016,
    "stdev_mean_numeric_features": 0.0,
    "min_mean_numeric_features": 50.732852935791016,
    "q1_mean_numeric_features": 50.732852935791016,
    "median_mean_numeric_features": 50.732852935791016,
    "q3_mean_numeric_features": 50.732852935791016,
    "max_mean_numeric_features": 50.732852935791016,
    "mean_stdev_numeric_features": 9.708473205566406,
    "stdev_stdev_numeric_features": 0.0,
    "min_stdev_numeric_features": 9.708473205566406,
    "q1_stdev_numeric_features": 9.708473205566406,
    "median_stdev_numeric_features": 9.708473205566406,
    "q3_stdev_numeric_features": 9.708473205566406,
    "max_stdev_numeric_features": 9.708473205566406,
    "mean_var_numeric_features": 94.25446319580078,
    "stdev_var_numeric_features": 0.0,
    "min_var_numeric_features": 94.25446319580078,
    "q1_var_numeric_features": 94.25446319580078,
    "median_var_numeric_features": 94.25446319580078,
    "q3_var_numeric_features": 94.25446319580078,
    "max_var_numeric_features": 94.25446319580078,
    "mean_min_numeric_features": 29.0,
    "stdev_min_numeric_features": 0.0,
    "min_min_numeric_features": 29.0,
    "q1_min_numeric_features": 29.0,
    "median_min_numeric_features": 29.0,
    "q3_min_numeric_features": 29.0,
    "max_min_numeric_features": 29.0,
    "mean_median_numeric_features": 51.0,
    "stdev_median_numeric_features": 0.0,
    "min_median_numeric_features": 51.0,
    "q1_median_numeric_features": 51.0,
    "median_median_numeric_features": 51.0,
    "q3_median_numeric_features": 51.0,
    "max_median_numeric_features": 51.0,
    "mean_max_numeric_features": 74.0,
    "stdev_max_numeric_features": 0.0,
    "min_max_numeric_features": 74.0,
    "q1_max_numeric_features": 74.0,
    "median_max_numeric_features": 74.0,
    "q3_max_numeric_features": 74.0,
    "max_max_numeric_features": 74.0,
    "pca_1": 1.0,
    "mean_entropy_categorical_features": 0.9122584462165833,
    "stdev_entropy_categorical_features": 0.42320871353149414,
    "min_entropy_categorical_features": 0.5033906102180481,
    "median_entropy_categorical_features": 0.7289104759693146,
    "max_entropy_categorical_features": 1.7528605461120605,
    "mean_information_gain_categorical_features": 0.24064716696739197,
    "stdev_information_gain_categorical_features": 0.5718600749969482,
    "min_information_gain_categorical_features": -0.004948215093463659,
    "median_information_gain_categorical_features": 0.03128970228135586,
    "max_information_gain_categorical_features": 1.7528605461120605,
    "mean_mutual_informaiton_categorical_features": 0.020088963210582733,
    "stdev_mutual_informaiton_categorical_features": 0.019041504710912704,
    "min_mutual_informaiton_categorical_features": 6.452466095652198e-06,
    "median_mutual_informaiton_categorical_features": 0.01804474461823702,
    "max_mutual_informaiton_categorical_features": 0.06611716002225876,
    "knn_5_accuracy": NaN,
    "knn_5_balanced_accuracy": NaN,
    "gaussian_nb_accuracy": NaN,
    "gaussian_nb_balanced_accuracy": NaN,
    "lda_accuracy": NaN,
    "lda_balanced_accuracy": NaN,
    "decision_tree_3_accuracy": NaN,
    "decision_tree_3_balanced_accuracy": NaN,
    "decision_tree_1_accuracy": NaN,
    "decision_tree_1_balanced_accuracy": NaN,
    "random_tree_2_accuracy": NaN,
    "random_tree_2_balanced_accuracy": NaN
}