{
    "nb_instances": 159,
    "log_nb_instances": 5.0689042022202315,
    "nb_features": 9,
    "dataset_dimensionality": 17.666666666666668,
    "log_dataset_dimensionality": 2.8716796248840124,
    "dataset_ratio": 0.05660377358490566,
    "nb_missing_vals": 6,
    "ratio_features_with_missing_vals": 0.006289308176100629,
    "ratio_instances_with_missing_vals": 0.03773584905660377,
    "nb_numeric_features": 4,
    "nb_categorical_features": 5,
    "ratio_numeric_categorical_features": 0.8,
    "ratio_categorical_numeric_features": 1.25,
    "nb_classes": 2,
    "class_entropy": 0.5270671186532249,
    "mean_target_class_ratio": 0.5,
    "stdev_target_class_ratio": 0.27987420558929443,
    "minority_target_class_ratio": 0.22012577950954437,
    "median_target_class_ratio": 0.4999999925494194,
    "majority_target_class_ratio": 0.7798742055892944,
    "mean_mean_numeric_features": 6152.9736328125,
    "stdev_mean_numeric_features": 10624.744140625,
    "min_mean_numeric_features": 2.692810535430908,
    "q1_mean_numeric_features": 10.996731877326965,
    "median_mean_numeric_features": 26.823530197143555,
    "q3_mean_numeric_features": 6168.800437927246,
    "max_mean_numeric_features": 24555.5546875,
    "mean_stdev_numeric_features": 4310.4853515625,
    "stdev_stdev_numeric_features": 7455.9140625,
    "min_stdev_numeric_features": 2.7308297157287598,
    "q1_stdev_numeric_features": 3.5389864444732666,
    "median_stdev_numeric_features": 7.351886034011841,
    "q3_stdev_numeric_features": 4314.298014879227,
    "max_stdev_numeric_features": 17224.505859375,
    "mean_var_numeric_features": 74170928.0,
    "stdev_var_numeric_features": 128467736.0,
    "min_var_numeric_features": 7.457430362701416,
    "q1_var_numeric_features": 12.742131352424622,
    "median_var_numeric_features": 66.60672664642334,
    "q3_var_numeric_features": 74170985.03231621,
    "max_var_numeric_features": 296683584.0,
    "mean_min_numeric_features": 131.5,
    "stdev_min_numeric_features": 212.91488647460938,
    "min_min_numeric_features": 0.0,
    "q1_min_numeric_features": 3.0,
    "median_min_numeric_features": 13.0,
    "q3_min_numeric_features": 141.5,
    "max_min_numeric_features": 500.0,
    "mean_median_numeric_features": 5325.5,
    "stdev_median_numeric_features": 9194.0244140625,
    "min_median_numeric_features": 1.0,
    "q1_median_numeric_features": 10.0,
    "median_median_numeric_features": 25.5,
    "q3_median_numeric_features": 5341.0,
    "max_median_numeric_features": 21250.0,
    "mean_max_numeric_features": 21279.25,
    "stdev_max_numeric_features": 36789.19921875,
    "min_max_numeric_features": 20.0,
    "q1_max_numeric_features": 20.0,
    "median_max_numeric_features": 48.5,
    "q3_max_numeric_features": 21307.75,
    "max_max_numeric_features": 85000.0,
    "pca_1": 0.9999995527118548,
    "pca_2": 3.795502990945209e-07,
    "pca_3": 4.521337768832993e-08,
    "mean_entropy_categorical_features": 0.3860712945461273,
    "stdev_entropy_categorical_features": 0.24601168930530548,
    "min_entropy_categorical_features": 0.16544349491596222,
    "median_entropy_categorical_features": 0.2051965743303299,
    "max_entropy_categorical_features": 0.6921002268791199,
    "mean_information_gain_categorical_features": 0.009043388068675995,
    "stdev_information_gain_categorical_features": 0.007377097383141518,
    "min_information_gain_categorical_features": 0.0003886509221047163,
    "median_information_gain_categorical_features": 0.006334936711937189,
    "max_information_gain_categorical_features": 0.020877066999673843,
    "mean_mutual_informaiton_categorical_features": 0.009043388068675995,
    "stdev_mutual_informaiton_categorical_features": 0.007377097383141518,
    "min_mutual_informaiton_categorical_features": 0.0003886509221047163,
    "median_mutual_informaiton_categorical_features": 0.006334936711937189,
    "max_mutual_informaiton_categorical_features": 0.020877066999673843,
    "knn_5_accuracy": 0.7320430107526882,
    "knn_5_balanced_accuracy": 0.5052165949992037,
    "gaussian_nb_accuracy": 0.7389247311827957,
    "gaussian_nb_balanced_accuracy": 0.5239951272559968,
    "lda_accuracy": 0.7578494623655914,
    "lda_balanced_accuracy": 0.528575088357697,
    "decision_tree_3_accuracy": 0.732258064516129,
    "decision_tree_3_balanced_accuracy": 0.5031278504104592,
    "decision_tree_1_accuracy": 0.7780645161290322,
    "decision_tree_1_balanced_accuracy": 0.5,
    "random_tree_2_accuracy": 0.7776344086021505,
    "random_tree_2_balanced_accuracy": 0.5198757763975156
}