{
    "nb_instances": 506,
    "log_nb_instances": 6.226536669287466,
    "nb_features": 13,
    "dataset_dimensionality": 38.92307692307692,
    "log_dataset_dimensionality": 3.6615873118259286,
    "dataset_ratio": 0.025691699604743084,
    "nb_missing_vals": 0,
    "ratio_features_with_missing_vals": 0.0,
    "ratio_instances_with_missing_vals": 0.0,
    "nb_numeric_features": 12,
    "nb_categorical_features": 1,
    "ratio_numeric_categorical_features": 12.0,
    "ratio_categorical_numeric_features": 0.08333333333333333,
    "nb_classes": 2,
    "class_entropy": 0.6779471359178069,
    "mean_target_class_ratio": 0.5,
    "stdev_target_class_ratio": 0.08695651590824127,
    "minority_target_class_ratio": 0.41304346919059753,
    "median_target_class_ratio": 0.4999999850988388,
    "majority_target_class_ratio": 0.5869565010070801,
    "mean_mean_numeric_features": 75.9076919555664,
    "stdev_mean_numeric_features": 138.54754638671875,
    "min_mean_numeric_features": 0.5546950697898865,
    "q1_mean_numeric_features": 5.6622366309165955,
    "median_mean_numeric_features": 11.250207424163818,
    "q3_mean_numeric_features": 30.985374927520752,
    "max_mean_numeric_features": 408.2371520996094,
    "mean_stdev_numeric_features": 28.9752197265625,
    "stdev_stdev_numeric_features": 48.52708053588867,
    "min_stdev_numeric_features": 0.1158776730298996,
    "q1_stdev_numeric_features": 2.150136709213257,
    "median_stdev_numeric_features": 7.87130331993103,
    "q3_stdev_numeric_features": 24.529054641723633,
    "max_stdev_numeric_features": 168.537109375,
    "mean_var_numeric_features": 3194.441650390625,
    "stdev_var_numeric_features": 7930.8720703125,
    "min_var_numeric_features": 0.01342763565480709,
    "q1_var_numeric_features": 4.623745799064636,
    "median_var_numeric_features": 62.49066925048828,
    "q3_var_numeric_features": 606.0422210693359,
    "max_var_numeric_features": 28404.759765625,
    "mean_min_numeric_features": 17.590993881225586,
    "stdev_min_numeric_features": 51.18696975708008,
    "min_min_numeric_features": 0.0,
    "q1_min_numeric_features": 0.3687499910593033,
    "median_min_numeric_features": 1.0648000240325928,
    "q3_min_numeric_features": 3.0652500987052917,
    "max_min_numeric_features": 187.0,
    "mean_median_numeric_features": 71.18753814697266,
    "stdev_median_numeric_features": 131.649658203125,
    "min_median_numeric_features": 0.0,
    "q1_median_numeric_features": 2.5400874316692352,
    "median_median_numeric_features": 7.949249744415283,
    "q3_median_numeric_features": 33.66249942779541,
    "max_median_numeric_features": 391.44000244140625,
    "mean_max_numeric_features": 127.53030395507812,
    "stdev_max_numeric_features": 203.9803466796875,
    "min_max_numeric_features": 0.8709999918937683,
    "q1_max_numeric_features": 19.531625032424927,
    "median_max_numeric_features": 32.855000495910645,
    "q3_max_numeric_features": 100.0,
    "max_max_numeric_features": 711.0,
    "pca_1": 0.8058245288537524,
    "pca_2": 0.16305224048194653,
    "pca_3": 0.021348624811996994,
    "mean_entropy_categorical_features": 0.25148656964302063,
    "stdev_entropy_categorical_features": 0.0,
    "min_entropy_categorical_features": 0.25148656964302063,
    "median_entropy_categorical_features": 0.25148656964302063,
    "max_entropy_categorical_features": 0.25148656964302063,
    "mean_information_gain_categorical_features": 0.003773289965465665,
    "stdev_information_gain_categorical_features": 0.0,
    "min_information_gain_categorical_features": 0.003773289965465665,
    "median_information_gain_categorical_features": 0.003773289965465665,
    "max_information_gain_categorical_features": 0.003773289965465665,
    "mean_mutual_informaiton_categorical_features": 0.003773289965465665,
    "stdev_mutual_informaiton_categorical_features": 0.0,
    "min_mutual_informaiton_categorical_features": 0.003773289965465665,
    "median_mutual_informaiton_categorical_features": 0.003773289965465665,
    "max_mutual_informaiton_categorical_features": 0.003773289965465665,
    "knn_5_accuracy": 0.7923898272180159,
    "knn_5_balanced_accuracy": 0.7861333022967437,
    "gaussian_nb_accuracy": 0.7489419530188313,
    "gaussian_nb_balanced_accuracy": 0.7665478585101868,
    "lda_accuracy": 0.8615996893807027,
    "lda_balanced_accuracy": 0.8532952313971073,
    "decision_tree_3_accuracy": 0.8478936128907009,
    "decision_tree_3_balanced_accuracy": 0.8316536593487782,
    "decision_tree_1_accuracy": 0.83003300330033,
    "decision_tree_1_balanced_accuracy": 0.8138544465125866,
    "random_tree_2_accuracy": 0.839778683750728,
    "random_tree_2_balanced_accuracy": 0.8268759705078622
}