{
    "nb_instances": 158,
    "log_nb_instances": 5.062595033026967,
    "nb_features": 7,
    "dataset_dimensionality": 22.571428571428573,
    "log_dataset_dimensionality": 3.1166848839716534,
    "dataset_ratio": 0.04430379746835443,
    "nb_missing_vals": 87,
    "ratio_features_with_missing_vals": 0.006329113924050633,
    "ratio_instances_with_missing_vals": 0.5506329113924051,
    "nb_numeric_features": 5,
    "nb_categorical_features": 2,
    "ratio_numeric_categorical_features": 2.5,
    "ratio_categorical_numeric_features": 0.4,
    "nb_classes": 2,
    "class_entropy": 0.6724950807186254,
    "mean_target_class_ratio": 0.5,
    "stdev_target_class_ratio": 0.10126583278179169,
    "minority_target_class_ratio": 0.3987341821193695,
    "median_target_class_ratio": 0.5000000149011612,
    "majority_target_class_ratio": 0.6012658476829529,
    "mean_mean_numeric_features": 25.155210494995117,
    "stdev_mean_numeric_features": 5.780775547027588,
    "min_mean_numeric_features": 14.036620140075684,
    "q1_mean_numeric_features": 26.145071029663086,
    "median_mean_numeric_features": 26.67323875427246,
    "q3_mean_numeric_features": 28.21408462524414,
    "max_mean_numeric_features": 30.707042694091797,
    "mean_stdev_numeric_features": 9.60328197479248,
    "stdev_stdev_numeric_features": 3.785270929336548,
    "min_stdev_numeric_features": 2.758894205093384,
    "q1_stdev_numeric_features": 8.36968994140625,
    "median_stdev_numeric_features": 11.414887428283691,
    "q3_stdev_numeric_features": 12.313179016113281,
    "max_stdev_numeric_features": 13.159758567810059,
    "mean_var_numeric_features": 106.5512924194336,
    "stdev_var_numeric_features": 60.25819396972656,
    "min_var_numeric_features": 7.611496925354004,
    "q1_var_numeric_features": 70.05170440673828,
    "median_var_numeric_features": 130.29965209960938,
    "q3_var_numeric_features": 151.61436462402344,
    "max_var_numeric_features": 173.17922973632812,
    "mean_min_numeric_features": 10.700000762939453,
    "stdev_min_numeric_features": 2.209977149963379,
    "min_min_numeric_features": 8.699999809265137,
    "q1_min_numeric_features": 9.300000190734863,
    "median_min_numeric_features": 9.800000190734863,
    "q3_min_numeric_features": 10.800000190734863,
    "max_min_numeric_features": 14.899999618530273,
    "mean_median_numeric_features": 24.479999542236328,
    "stdev_median_numeric_features": 5.043570041656494,
    "min_median_numeric_features": 14.699999809265137,
    "q1_median_numeric_features": 25.0,
    "median_median_numeric_features": 26.799999237060547,
    "q3_median_numeric_features": 27.0,
    "max_median_numeric_features": 28.899999618530273,
    "mean_max_numeric_features": 51.159996032714844,
    "stdev_max_numeric_features": 17.058090209960938,
    "min_max_numeric_features": 20.899999618530273,
    "q1_max_numeric_features": 44.5,
    "median_max_numeric_features": 59.0,
    "q3_max_numeric_features": 63.400001525878906,
    "max_max_numeric_features": 68.0,
    "pca_1": 0.8614405196988533,
    "pca_2": 0.12895503217235402,
    "pca_3": 0.00898605055311312,
    "mean_entropy_categorical_features": 1.105340838432312,
    "stdev_entropy_categorical_features": 0.5717418789863586,
    "min_entropy_categorical_features": 0.5335989594459534,
    "median_entropy_categorical_features": 1.1053408682346344,
    "max_entropy_categorical_features": 1.6770827770233154,
    "mean_information_gain_categorical_features": 0.8386560678482056,
    "stdev_information_gain_categorical_features": 0.8384267091751099,
    "min_information_gain_categorical_features": 0.00022938752954360098,
    "median_information_gain_categorical_features": 0.8386560822764295,
    "max_information_gain_categorical_features": 1.6770827770233154,
    "mean_mutual_informaiton_categorical_features": 0.1779308319091797,
    "stdev_mutual_informaiton_categorical_features": 0.1777014434337616,
    "min_mutual_informaiton_categorical_features": 0.00022938752954360098,
    "median_mutual_informaiton_categorical_features": 0.17793083143624244,
    "max_mutual_informaiton_categorical_features": 0.3556322753429413,
    "knn_5_accuracy": 0.9723809523809525,
    "knn_5_balanced_accuracy": 0.9746031746031747,
    "gaussian_nb_accuracy": 0.9714285714285715,
    "gaussian_nb_balanced_accuracy": 0.9732142857142858,
    "lda_accuracy": 0.9723809523809525,
    "lda_balanced_accuracy": 0.978409090909091,
    "decision_tree_3_accuracy": 0.9428571428571428,
    "decision_tree_3_balanced_accuracy": 0.9428571428571428,
    "decision_tree_1_accuracy": 0.9733333333333334,
    "decision_tree_1_balanced_accuracy": 0.9818181818181818,
    "random_tree_2_accuracy": 0.9285714285714286,
    "random_tree_2_balanced_accuracy": 0.9364646464646466
}