{
    "nb_instances": 189,
    "log_nb_instances": 5.241747015059643,
    "nb_features": 9,
    "dataset_dimensionality": 21.0,
    "log_dataset_dimensionality": 3.044522437723423,
    "dataset_ratio": 0.047619047619047616,
    "nb_missing_vals": 0,
    "ratio_features_with_missing_vals": 0.0,
    "ratio_instances_with_missing_vals": 0.0,
    "nb_numeric_features": 2,
    "nb_categorical_features": 7,
    "ratio_numeric_categorical_features": 0.2857142857142857,
    "ratio_categorical_numeric_features": 3.5,
    "nb_classes": 2,
    "class_entropy": 0.6920129648318738,
    "mean_target_class_ratio": 0.5,
    "stdev_target_class_ratio": 0.023809537291526794,
    "minority_target_class_ratio": 0.4761904776096344,
    "median_target_class_ratio": 0.5000000149011612,
    "majority_target_class_ratio": 0.523809552192688,
    "mean_mean_numeric_features": 76.52645874023438,
    "stdev_mean_numeric_features": 53.28836441040039,
    "min_mean_numeric_features": 23.238094329833984,
    "q1_mean_numeric_features": 49.88227558135986,
    "median_mean_numeric_features": 76.52645683288574,
    "q3_mean_numeric_features": 103.17063808441162,
    "max_mean_numeric_features": 129.8148193359375,
    "mean_stdev_numeric_features": 17.939029693603516,
    "stdev_stdev_numeric_features": 12.640351295471191,
    "min_stdev_numeric_features": 5.298677921295166,
    "q1_stdev_numeric_features": 11.618853449821472,
    "median_stdev_numeric_features": 17.93902897834778,
    "q3_stdev_numeric_features": 24.259204506874084,
    "max_stdev_numeric_features": 30.57938003540039,
    "mean_var_numeric_features": 481.5872497558594,
    "stdev_var_numeric_features": 453.5112609863281,
    "min_var_numeric_features": 28.07598876953125,
    "q1_var_numeric_features": 254.8316192626953,
    "median_var_numeric_features": 481.5872497558594,
    "q3_var_numeric_features": 708.3428802490234,
    "max_var_numeric_features": 935.0985107421875,
    "mean_min_numeric_features": 47.0,
    "stdev_min_numeric_features": 33.0,
    "min_min_numeric_features": 14.0,
    "q1_min_numeric_features": 30.5,
    "median_min_numeric_features": 47.0,
    "q3_min_numeric_features": 63.5,
    "max_min_numeric_features": 80.0,
    "mean_median_numeric_features": 72.0,
    "stdev_median_numeric_features": 49.0,
    "min_median_numeric_features": 23.0,
    "q1_median_numeric_features": 47.5,
    "median_median_numeric_features": 72.0,
    "q3_median_numeric_features": 96.5,
    "max_median_numeric_features": 121.0,
    "mean_max_numeric_features": 147.5,
    "stdev_max_numeric_features": 102.5,
    "min_max_numeric_features": 45.0,
    "q1_max_numeric_features": 96.25,
    "median_max_numeric_features": 147.5,
    "q3_max_numeric_features": 198.75,
    "max_max_numeric_features": 250.0,
    "pca_1": 0.9718240306292523,
    "pca_2": 0.02817596937074764,
    "mean_entropy_categorical_features": 0.6669303774833679,
    "stdev_entropy_categorical_features": 0.30683085322380066,
    "min_entropy_categorical_features": 0.23646986484527588,
    "median_entropy_categorical_features": 0.6208254098892212,
    "max_entropy_categorical_features": 1.206421971321106,
    "mean_information_gain_categorical_features": 0.2622106671333313,
    "stdev_information_gain_categorical_features": 0.4065589904785156,
    "min_information_gain_categorical_features": -0.0012356640072539449,
    "median_information_gain_categorical_features": 0.01326234545558691,
    "max_information_gain_categorical_features": 1.206421971321106,
    "mean_mutual_informaiton_categorical_features": 0.060688309371471405,
    "stdev_mutual_informaiton_categorical_features": 0.10398867726325989,
    "min_mutual_informaiton_categorical_features": 0.004989739041775465,
    "median_mutual_informaiton_categorical_features": 0.01924995146691799,
    "max_mutual_informaiton_categorical_features": 0.31418752670288086,
    "knn_5_accuracy": 0.5928876244665718,
    "knn_5_balanced_accuracy": 0.5830063963384396,
    "gaussian_nb_accuracy": 0.8039829302987197,
    "gaussian_nb_balanced_accuracy": 0.8064317545199898,
    "lda_accuracy": 0.8254623044096728,
    "lda_balanced_accuracy": 0.8133463560862941,
    "decision_tree_3_accuracy": 0.8194879089615933,
    "decision_tree_3_balanced_accuracy": 0.8199981013138906,
    "decision_tree_1_accuracy": 0.8362731152204838,
    "decision_tree_1_balanced_accuracy": 0.8196969696969696,
    "random_tree_2_accuracy": 0.8251778093883356,
    "random_tree_2_balanced_accuracy": 0.8186957813428402
}