{
    "nb_instances": 559,
    "log_nb_instances": 6.326149473155099,
    "nb_features": 4,
    "dataset_dimensionality": 139.75,
    "log_dataset_dimensionality": 4.939855112035208,
    "dataset_ratio": 0.007155635062611807,
    "nb_missing_vals": 0,
    "ratio_features_with_missing_vals": 0.0,
    "ratio_instances_with_missing_vals": 0.0,
    "nb_numeric_features": 3,
    "nb_categorical_features": 1,
    "ratio_numeric_categorical_features": 3.0,
    "ratio_categorical_numeric_features": 0.3333333333333333,
    "nb_classes": 2,
    "class_entropy": 0.17715841498387513,
    "mean_target_class_ratio": 0.5,
    "stdev_target_class_ratio": 0.4570661783218384,
    "minority_target_class_ratio": 0.042933810502290726,
    "median_target_class_ratio": 0.49999999441206455,
    "majority_target_class_ratio": 0.9570661783218384,
    "mean_mean_numeric_features": 9034.4306640625,
    "stdev_mean_numeric_features": 12519.0595703125,
    "min_mean_numeric_features": 52.5,
    "q1_mean_numeric_features": 182.43605041503906,
    "median_mean_numeric_features": 312.3721008300781,
    "q3_mean_numeric_features": 13525.396011352539,
    "max_mean_numeric_features": 26738.419921875,
    "mean_stdev_numeric_features": 69566.875,
    "stdev_stdev_numeric_features": 98185.546875,
    "min_stdev_numeric_features": 18.72504234313965,
    "q1_stdev_numeric_features": 139.2396116256714,
    "median_stdev_numeric_features": 259.7541809082031,
    "q3_stdev_numeric_features": 104340.9474029541,
    "max_stdev_numeric_features": 208422.140625,
    "mean_var_numeric_features": 14479952896.0,
    "stdev_var_numeric_features": 20477696000.0,
    "min_var_numeric_features": 350.6272277832031,
    "q1_var_numeric_features": 33911.4308013916,
    "median_var_numeric_features": 67472.234375,
    "q3_var_numeric_features": 21719927752.117188,
    "max_var_numeric_features": 43439788032.0,
    "mean_min_numeric_features": 10.833333015441895,
    "stdev_min_numeric_features": 9.2044677734375,
    "min_min_numeric_features": 0.0,
    "q1_min_numeric_features": 5.0,
    "median_min_numeric_features": 10.0,
    "q3_min_numeric_features": 16.25,
    "max_min_numeric_features": 22.5,
    "mean_median_numeric_features": 219.1666717529297,
    "stdev_median_numeric_features": 123.0869140625,
    "min_median_numeric_features": 52.5,
    "q1_median_numeric_features": 155.75,
    "median_median_numeric_features": 259.0,
    "q3_median_numeric_features": 302.5,
    "max_median_numeric_features": 346.0,
    "mean_max_numeric_features": 985884.8125,
    "stdev_max_numeric_features": 1393533.0,
    "min_max_numeric_features": 82.5,
    "q1_max_numeric_features": 508.25,
    "median_max_numeric_features": 934.0,
    "q3_max_numeric_features": 1478786.0,
    "max_max_numeric_features": 2956638.0,
    "pca_1": 0.9999984746155492,
    "pca_2": 1.5173727930135737e-06,
    "pca_3": 8.011657762146489e-09,
    "mean_entropy_categorical_features": 3.761200189590454,
    "stdev_entropy_categorical_features": 0.0,
    "min_entropy_categorical_features": 3.761200189590454,
    "median_entropy_categorical_features": 3.761200189590454,
    "max_entropy_categorical_features": 3.761200189590454,
    "mean_information_gain_categorical_features": 3.761200189590454,
    "stdev_information_gain_categorical_features": 0.0,
    "min_information_gain_categorical_features": 3.761200189590454,
    "median_information_gain_categorical_features": 3.761200189590454,
    "max_information_gain_categorical_features": 3.761200189590454,
    "mean_mutual_informaiton_categorical_features": 0.11677089333534241,
    "stdev_mutual_informaiton_categorical_features": 0.0,
    "min_mutual_informaiton_categorical_features": 0.11677089333534241,
    "median_mutual_informaiton_categorical_features": 0.11677089333534241,
    "max_mutual_informaiton_categorical_features": 0.11677089333534241,
    "knn_5_accuracy": 0.97493564993565,
    "knn_5_balanced_accuracy": 0.7385714285714285,
    "gaussian_nb_accuracy": 0.9767374517374516,
    "gaussian_nb_balanced_accuracy": 0.7598233095480802,
    "lda_accuracy": 0.9749678249678249,
    "lda_balanced_accuracy": 0.6864285714285715,
    "decision_tree_3_accuracy": 0.9785392535392535,
    "decision_tree_3_balanced_accuracy": 0.7571428571428571,
    "decision_tree_1_accuracy": 0.9803249678249678,
    "decision_tree_1_balanced_accuracy": 0.7699999999999999,
    "random_tree_2_accuracy": 0.9803088803088803,
    "random_tree_2_balanced_accuracy": 0.7914285714285715
}