{
    "nb_instances": 559,
    "log_nb_instances": 6.326149473155099,
    "nb_features": 4,
    "dataset_dimensionality": 139.75,
    "log_dataset_dimensionality": 4.939855112035208,
    "dataset_ratio": 0.007155635062611807,
    "nb_missing_vals": 0,
    "ratio_features_with_missing_vals": 0.0,
    "ratio_instances_with_missing_vals": 0.0,
    "nb_numeric_features": 3,
    "nb_categorical_features": 1,
    "ratio_numeric_categorical_features": 3.0,
    "ratio_categorical_numeric_features": 0.3333333333333333,
    "nb_classes": 2,
    "class_entropy": 0.41057395091227467,
    "mean_target_class_ratio": 0.5,
    "stdev_target_class_ratio": 0.3568872809410095,
    "minority_target_class_ratio": 0.14311270415782928,
    "median_target_class_ratio": 0.4999999925494194,
    "majority_target_class_ratio": 0.8568872809410095,
    "mean_mean_numeric_features": 7930.94873046875,
    "stdev_mean_numeric_features": 10958.564453125,
    "min_mean_numeric_features": 52.5,
    "q1_mean_numeric_features": 182.43605041503906,
    "median_mean_numeric_features": 312.3721008300781,
    "q3_mean_numeric_features": 11870.172378540039,
    "max_mean_numeric_features": 23427.97265625,
    "mean_stdev_numeric_features": 60409.703125,
    "stdev_stdev_numeric_features": 85235.359375,
    "min_stdev_numeric_features": 18.72504234313965,
    "q1_stdev_numeric_features": 139.2396116256714,
    "median_stdev_numeric_features": 259.7541809082031,
    "q3_stdev_numeric_features": 90605.1895904541,
    "max_stdev_numeric_features": 180950.625,
    "mean_var_numeric_features": 10914398208.0,
    "stdev_var_numeric_features": 15435242496.0,
    "min_var_numeric_features": 350.6272277832031,
    "q1_var_numeric_features": 33911.4308013916,
    "median_var_numeric_features": 67472.234375,
    "q3_var_numeric_features": 16371597256.117188,
    "max_var_numeric_features": 32743127040.0,
    "mean_min_numeric_features": 10.5,
    "stdev_min_numeric_features": 9.246621131896973,
    "min_min_numeric_features": 0.0,
    "q1_min_numeric_features": 4.5,
    "median_min_numeric_features": 9.0,
    "q3_min_numeric_features": 15.75,
    "max_min_numeric_features": 22.5,
    "mean_median_numeric_features": 221.1666717529297,
    "stdev_median_numeric_features": 125.16278076171875,
    "min_median_numeric_features": 52.5,
    "q1_median_numeric_features": 155.75,
    "median_median_numeric_features": 259.0,
    "q3_median_numeric_features": 305.5,
    "max_median_numeric_features": 352.0,
    "mean_max_numeric_features": 865515.1875,
    "stdev_max_numeric_features": 1223304.625,
    "min_max_numeric_features": 82.5,
    "q1_max_numeric_features": 508.25,
    "median_max_numeric_features": 934.0,
    "q3_max_numeric_features": 1298231.5,
    "max_max_numeric_features": 2595529.0,
    "pca_1": 0.9999979771055727,
    "pca_2": 2.012262566373005e-06,
    "pca_3": 1.0631860872579721e-08,
    "mean_entropy_categorical_features": 3.761200189590454,
    "stdev_entropy_categorical_features": 0.0,
    "min_entropy_categorical_features": 3.761200189590454,
    "median_entropy_categorical_features": 3.761200189590454,
    "max_entropy_categorical_features": 3.761200189590454,
    "mean_information_gain_categorical_features": 0.5567705631256104,
    "stdev_information_gain_categorical_features": 0.0,
    "min_information_gain_categorical_features": 0.5567705631256104,
    "median_information_gain_categorical_features": 0.5567705631256104,
    "max_information_gain_categorical_features": 0.5567705631256104,
    "mean_mutual_informaiton_categorical_features": 0.10345061123371124,
    "stdev_mutual_informaiton_categorical_features": 0.0,
    "min_mutual_informaiton_categorical_features": 0.10345061123371124,
    "median_mutual_informaiton_categorical_features": 0.10345061123371124,
    "max_mutual_informaiton_categorical_features": 0.10345061123371124,
    "knn_5_accuracy": 0.8533301158301159,
    "knn_5_balanced_accuracy": 0.5718460299249334,
    "gaussian_nb_accuracy": 0.8694015444015445,
    "gaussian_nb_balanced_accuracy": 0.5515242887935315,
    "lda_accuracy": 0.8748069498069497,
    "lda_balanced_accuracy": 0.5746913921137523,
    "decision_tree_3_accuracy": 0.8674227799227798,
    "decision_tree_3_balanced_accuracy": 0.5628122581722986,
    "decision_tree_1_accuracy": 0.8569176319176318,
    "decision_tree_1_balanced_accuracy": 0.5,
    "random_tree_2_accuracy": 0.8658622908622908,
    "random_tree_2_balanced_accuracy": 0.5328296703296702
}