{
    "nb_instances": 2000,
    "log_nb_instances": 7.600902459542082,
    "nb_features": 6,
    "dataset_dimensionality": 333.3333333333333,
    "log_dataset_dimensionality": 5.809142990314028,
    "dataset_ratio": 0.003,
    "nb_missing_vals": 0,
    "ratio_features_with_missing_vals": 0.0,
    "ratio_instances_with_missing_vals": 0.0,
    "nb_numeric_features": 6,
    "nb_categorical_features": 0,
    "ratio_numeric_categorical_features": 0.0,
    "ratio_categorical_numeric_features": 0.0,
    "nb_classes": 2,
    "class_entropy": 0.3250829733914482,
    "mean_target_class_ratio": 0.5,
    "stdev_target_class_ratio": 0.4000000059604645,
    "minority_target_class_ratio": 0.10000000149011612,
    "median_target_class_ratio": 0.4999999888241291,
    "majority_target_class_ratio": 0.8999999761581421,
    "mean_mean_numeric_features": 1052.69970703125,
    "stdev_mean_numeric_features": 2282.612060546875,
    "min_mean_numeric_features": 0.4925000071525574,
    "q1_mean_numeric_features": 0.9450172185897827,
    "median_mean_numeric_features": 1.6865344047546387,
    "q3_mean_numeric_features": 117.74753820896149,
    "max_mean_numeric_features": 6155.2001953125,
    "mean_stdev_numeric_features": 630.9071044921875,
    "stdev_stdev_numeric_features": 1398.34326171875,
    "min_stdev_numeric_features": 0.2913157045841217,
    "q1_stdev_numeric_features": 0.6736558228731155,
    "median_stdev_numeric_features": 0.9208720028400421,
    "q3_stdev_numeric_features": 19.04300644993782,
    "max_stdev_numeric_features": 3757.634521484375,
    "mean_var_numeric_features": 2353407.5,
    "stdev_var_numeric_features": 5262098.5,
    "min_var_numeric_features": 0.08486484736204147,
    "q1_var_numeric_features": 0.4540392756462097,
    "median_var_numeric_features": 0.8968962132930756,
    "q3_var_numeric_features": 469.4516275525093,
    "max_var_numeric_features": 14119817.0,
    "mean_min_numeric_features": 256.69781494140625,
    "stdev_min_numeric_features": 530.2203369140625,
    "min_min_numeric_features": 0.0,
    "q1_min_numeric_features": 0.0,
    "median_min_numeric_features": 0.5715649724006653,
    "q3_min_numeric_features": 74.91742578148842,
    "max_min_numeric_features": 1439.534912109375,
    "mean_median_numeric_features": 901.68701171875,
    "stdev_median_numeric_features": 1947.8131103515625,
    "min_median_numeric_features": 0.0,
    "q1_median_numeric_features": 1.156461387872696,
    "median_median_numeric_features": 1.8129227757453918,
    "q3_median_numeric_features": 113.04789352416992,
    "max_median_numeric_features": 5255.43212890625,
    "mean_max_numeric_features": 2969.839111328125,
    "stdev_max_numeric_features": 6530.90234375,
    "min_max_numeric_features": 2.0,
    "q1_max_numeric_features": 3.1691225171089172,
    "median_max_numeric_features": 5.5,
    "q3_max_numeric_features": 174.9576416015625,
    "max_max_numeric_features": 17572.19921875,
    "pca_1": 0.9999975077865153,
    "pca_2": 2.4025551111358124e-06,
    "pca_3": 5.0721736905573324e-08,
    "mean_entropy_categorical_features": NaN,
    "stdev_entropy_categorical_features": NaN,
    "min_entropy_categorical_features": NaN,
    "median_entropy_categorical_features": NaN,
    "max_entropy_categorical_features": NaN,
    "mean_information_gain_categorical_features": NaN,
    "stdev_information_gain_categorical_features": NaN,
    "min_information_gain_categorical_features": NaN,
    "median_information_gain_categorical_features": NaN,
    "max_information_gain_categorical_features": NaN,
    "mean_mutual_informaiton_categorical_features": NaN,
    "stdev_mutual_informaiton_categorical_features": NaN,
    "min_mutual_informaiton_categorical_features": NaN,
    "median_mutual_informaiton_categorical_features": NaN,
    "max_mutual_informaiton_categorical_features": NaN,
    "knn_5_accuracy": 0.9605,
    "knn_5_balanced_accuracy": 0.8860446207478049,
    "gaussian_nb_accuracy": 0.9984999999999999,
    "gaussian_nb_balanced_accuracy": 0.9937148217636022,
    "lda_accuracy": 0.9974999999999999,
    "lda_balanced_accuracy": 0.988361841410622,
    "decision_tree_3_accuracy": 0.9955,
    "decision_tree_3_balanced_accuracy": 0.9915078121726015,
    "decision_tree_1_accuracy": 0.9495000000000001,
    "decision_tree_1_balanced_accuracy": 0.9312373815358962,
    "random_tree_2_accuracy": 0.9,
    "random_tree_2_balanced_accuracy": 0.5
}