{
    "nb_instances": 1000,
    "log_nb_instances": 6.907755278982137,
    "nb_features": 10,
    "dataset_dimensionality": 100.0,
    "log_dataset_dimensionality": 4.605170185988092,
    "dataset_ratio": 0.01,
    "nb_missing_vals": 0,
    "ratio_features_with_missing_vals": 0.0,
    "ratio_instances_with_missing_vals": 0.0,
    "nb_numeric_features": 10,
    "nb_categorical_features": 0,
    "ratio_numeric_categorical_features": 0.0,
    "ratio_categorical_numeric_features": 0.0,
    "mean__target": 3.8010001182556152,
    "stdev__target": 0.8108015060424805,
    "min__target": 2.0,
    "q1__target": 3.0,
    "median__target": 4.0,
    "q3__target": 4.0,
    "max__target": 5.0,
    "mean_mean_numeric_features": 2.0359997749328613,
    "stdev_mean_numeric_features": 0.22745193541049957,
    "min_mean_numeric_features": 1.4550000429153442,
    "q1_mean_numeric_features": 1.9820000231266022,
    "median_mean_numeric_features": 2.0484999418258667,
    "q3_mean_numeric_features": 2.1737499237060547,
    "max_mean_numeric_features": 2.3469998836517334,
    "mean_stdev_numeric_features": 0.7995122671127319,
    "stdev_stdev_numeric_features": 0.14494846761226654,
    "min_stdev_numeric_features": 0.4982200562953949,
    "q1_stdev_numeric_features": 0.7434226423501968,
    "median_stdev_numeric_features": 0.7872215509414673,
    "q3_stdev_numeric_features": 0.8180189579725266,
    "max_stdev_numeric_features": 1.0397582054138184,
    "mean_var_numeric_features": 0.6602298617362976,
    "stdev_var_numeric_features": 0.23217473924160004,
    "min_var_numeric_features": 0.2482232302427292,
    "q1_var_numeric_features": 0.552691712975502,
    "median_var_numeric_features": 0.6197747886180878,
    "q3_var_numeric_features": 0.6692101955413818,
    "max_var_numeric_features": 1.08109712600708,
    "mean_min_numeric_features": 1.0,
    "stdev_min_numeric_features": 0.0,
    "min_min_numeric_features": 1.0,
    "q1_min_numeric_features": 1.0,
    "median_min_numeric_features": 1.0,
    "q3_min_numeric_features": 1.0,
    "max_min_numeric_features": 1.0,
    "mean_median_numeric_features": 1.899999976158142,
    "stdev_median_numeric_features": 0.29999998211860657,
    "min_median_numeric_features": 1.0,
    "q1_median_numeric_features": 2.0,
    "median_median_numeric_features": 2.0,
    "q3_median_numeric_features": 2.0,
    "max_median_numeric_features": 2.0,
    "mean_max_numeric_features": 3.0999999046325684,
    "stdev_max_numeric_features": 0.5385165214538574,
    "min_max_numeric_features": 2.0,
    "q1_max_numeric_features": 3.0,
    "median_max_numeric_features": 3.0,
    "q3_max_numeric_features": 3.0,
    "max_max_numeric_features": 4.0,
    "pca_1": 0.25688647777786777,
    "pca_2": 0.14292141592512217,
    "pca_3": 0.12567992184717988,
    "mean_cov_numeric_features": 0.18184582889080048,
    "stdev_cov_numeric_features": 0.10009066760540009,
    "min_cov_numeric_features": 0.0776996985077858,
    "q1_cov_numeric_features": 0.095121119171381,
    "median_cov_numeric_features": 0.17390740662813187,
    "q3_cov_numeric_features": 0.20544369146227837,
    "max_cov_numeric_features": 0.42479678988456726,
    "mean_entropy_categorical_features": NaN,
    "stdev_entropy_categorical_features": NaN,
    "min_entropy_categorical_features": NaN,
    "median_entropy_categorical_features": NaN,
    "max_entropy_categorical_features": NaN,
    "knn_5_mse": 0.43583999999999995,
    "knn_5_mae": 0.5132000000000001,
    "knn_5_r2": 0.3242556699706467,
    "decision_tree_3_mse": 0.4295228710527191,
    "decision_tree_3_mae": 0.5131626126030715,
    "decision_tree_3_r2": 0.34481548084867863,
    "decision_tree_1_mse": 0.5165200445040306,
    "decision_tree_1_mae": 0.5454590564606814,
    "decision_tree_1_r2": 0.2133811126870447,
    "random_tree_2_mse": 0.48563743622843886,
    "random_tree_2_mae": 0.5549444739354917,
    "random_tree_2_r2": 0.26079869076274653,
    "mean_correlation_features_target": 0.2685070335865021,
    "stdev_correlation_features_target": 0.1050681546330452,
    "min_correlation_features_target": 0.11648030579090118,
    "q1_correlation_features_target": 0.2038172110915184,
    "median_correlation_features_target": 0.2816069573163986,
    "q3_correlation_features_target": 0.3129151687026024,
    "max_correlation_features_target": 0.5036364197731018
}