{
    "nb_instances": 200,
    "log_nb_instances": 5.298317366548036,
    "nb_features": 19,
    "dataset_dimensionality": 10.526315789473685,
    "log_dataset_dimensionality": 2.3538783873815965,
    "dataset_ratio": 0.095,
    "nb_missing_vals": 0,
    "ratio_features_with_missing_vals": 0.0,
    "ratio_instances_with_missing_vals": 0.0,
    "nb_numeric_features": 19,
    "nb_categorical_features": 0,
    "ratio_numeric_categorical_features": 0.0,
    "ratio_categorical_numeric_features": 0.0,
    "mean__target": 1.125,
    "stdev__target": 0.45757511258125305,
    "min__target": 1.0,
    "q1__target": 1.0,
    "median__target": 1.0,
    "q3__target": 1.0,
    "max__target": 3.0,
    "mean_mean_numeric_features": 16.1605281829834,
    "stdev_mean_numeric_features": 36.74663543701172,
    "min_mean_numeric_features": 0.20000000298023224,
    "q1_mean_numeric_features": 1.0750000476837158,
    "median_mean_numeric_features": 1.100000023841858,
    "q3_mean_numeric_features": 1.4774999618530273,
    "max_mean_numeric_features": 132.27999877929688,
    "mean_stdev_numeric_features": 4.495952606201172,
    "stdev_stdev_numeric_features": 9.803093910217285,
    "min_stdev_numeric_features": 0.21849186718463898,
    "q1_stdev_numeric_features": 0.2680131494998932,
    "median_stdev_numeric_features": 0.35796746611595154,
    "q3_stdev_numeric_features": 0.4951902776956558,
    "max_stdev_numeric_features": 32.95209884643555,
    "mean_var_numeric_features": 116.31426239013672,
    "stdev_var_numeric_features": 290.363525390625,
    "min_var_numeric_features": 0.0477386936545372,
    "q1_var_numeric_features": 0.07184673473238945,
    "median_var_numeric_features": 0.12814070284366608,
    "q3_var_numeric_features": 0.2452135682106018,
    "max_var_numeric_features": 1085.8408203125,
    "mean_min_numeric_features": 5.5789475440979,
    "stdev_min_numeric_features": 11.463056564331055,
    "min_min_numeric_features": 0.0,
    "q1_min_numeric_features": 1.0,
    "median_min_numeric_features": 1.0,
    "q3_min_numeric_features": 1.0,
    "max_min_numeric_features": 39.0,
    "mean_median_numeric_features": 16.105262756347656,
    "stdev_median_numeric_features": 36.402565002441406,
    "min_median_numeric_features": 0.0,
    "q1_median_numeric_features": 1.0,
    "median_median_numeric_features": 1.0,
    "q3_median_numeric_features": 1.5,
    "max_median_numeric_features": 130.0,
    "mean_max_numeric_features": 30.105262756347656,
    "stdev_max_numeric_features": 70.22887420654297,
    "min_max_numeric_features": 1.0,
    "q1_max_numeric_features": 2.0,
    "median_max_numeric_features": 2.0,
    "q3_max_numeric_features": 2.0,
    "max_max_numeric_features": 256.0,
    "pca_1": 0.4948121534906681,
    "pca_2": 0.3235149641913087,
    "pca_3": 0.18078338043887104,
    "mean_cov_numeric_features": -0.13574451208114624,
    "stdev_cov_numeric_features": 0.6760997176170349,
    "min_cov_numeric_features": -2.718592882156372,
    "q1_cov_numeric_features": -0.010364321526139975,
    "median_cov_numeric_features": 0.005025125574320555,
    "q3_cov_numeric_features": 0.022927135229110718,
    "max_cov_numeric_features": 0.8812814354896545,
    "mean_entropy_categorical_features": NaN,
    "stdev_entropy_categorical_features": NaN,
    "min_entropy_categorical_features": NaN,
    "median_entropy_categorical_features": NaN,
    "max_entropy_categorical_features": NaN,
    "knn_5_mse": 0.2032,
    "knn_5_mae": 0.19399999999999998,
    "knn_5_r2": 0.017266248034502857,
    "decision_tree_3_mse": 0.19748824145978316,
    "decision_tree_3_mae": 0.15577765064836005,
    "decision_tree_3_r2": 0.05228499177706292,
    "decision_tree_1_mse": 0.22371060026281372,
    "decision_tree_1_mae": 0.20694592586158095,
    "decision_tree_1_r2": -0.28101973975395794,
    "random_tree_2_mse": 0.2020743123989416,
    "random_tree_2_mae": 0.17244760312151616,
    "random_tree_2_r2": -0.20402873104700003,
    "mean_correlation_features_target": 0.055744145065546036,
    "stdev_correlation_features_target": 0.153346985578537,
    "min_correlation_features_target": -0.17984992265701294,
    "q1_correlation_features_target": -0.0736030638217926,
    "median_correlation_features_target": 0.04027807340025902,
    "q3_correlation_features_target": 0.13268057256937027,
    "max_correlation_features_target": 0.43708670139312744
}