{
    "nb_instances": 442,
    "log_nb_instances": 6.091309882077698,
    "nb_features": 23,
    "dataset_dimensionality": 19.217391304347824,
    "log_dataset_dimensionality": 2.955815666148548,
    "dataset_ratio": 0.05203619909502263,
    "nb_missing_vals": 0,
    "ratio_features_with_missing_vals": 0.0,
    "ratio_instances_with_missing_vals": 0.0,
    "nb_numeric_features": 20,
    "nb_categorical_features": 3,
    "ratio_numeric_categorical_features": 6.666666666666667,
    "ratio_categorical_numeric_features": 0.15,
    "mean__target": 4.383691787719727,
    "stdev__target": 3.017009735107422,
    "min__target": 0.0024999999441206455,
    "q1__target": 2.0,
    "median__target": 3.9166667461395264,
    "q3__target": 6.13937520980835,
    "max__target": 17.0,
    "mean_mean_numeric_features": 10.868951797485352,
    "stdev_mean_numeric_features": 12.473038673400879,
    "min_mean_numeric_features": 5.452420234680176,
    "q1_mean_numeric_features": 6.351319313049316,
    "median_mean_numeric_features": 7.635363817214966,
    "q3_mean_numeric_features": 9.302453517913818,
    "max_mean_numeric_features": 64.3891372680664,
    "mean_stdev_numeric_features": 0.9857028126716614,
    "stdev_stdev_numeric_features": 2.1005218029022217,
    "min_stdev_numeric_features": 0.17915453016757965,
    "q1_stdev_numeric_features": 0.36632002145051956,
    "median_stdev_numeric_features": 0.5162378549575806,
    "q3_stdev_numeric_features": 0.6023163944482803,
    "max_stdev_numeric_features": 10.092437744140625,
    "mean_var_numeric_features": 5.383802890777588,
    "stdev_var_numeric_features": 22.1342830657959,
    "min_var_numeric_features": 0.032096344977617264,
    "q1_var_numeric_features": 0.13426707684993744,
    "median_var_numeric_features": 0.2665184438228607,
    "q3_var_numeric_features": 0.36332037299871445,
    "max_var_numeric_features": 101.8572998046875,
    "mean_min_numeric_features": 8.132262229919434,
    "stdev_min_numeric_features": 5.981051921844482,
    "min_min_numeric_features": 4.709430694580078,
    "q1_min_numeric_features": 5.550099611282349,
    "median_min_numeric_features": 6.385376214981079,
    "q3_min_numeric_features": 7.5256417989730835,
    "max_min_numeric_features": 33.0,
    "mean_median_numeric_features": 10.858925819396973,
    "stdev_median_numeric_features": 12.620349884033203,
    "min_median_numeric_features": 5.366213798522949,
    "q1_median_numeric_features": 6.27858829498291,
    "median_median_numeric_features": 7.617958068847656,
    "q3_median_numeric_features": 9.254999876022339,
    "max_median_numeric_features": 65.0,
    "mean_max_numeric_features": 13.93287181854248,
    "stdev_max_numeric_features": 16.883766174316406,
    "min_max_numeric_features": 6.915637969970703,
    "q1_max_numeric_features": 8.683307409286499,
    "median_max_numeric_features": 9.712559223175049,
    "q3_max_numeric_features": 11.945414781570435,
    "max_max_numeric_features": 87.0,
    "pca_1": 0.9462927181383445,
    "pca_2": 0.014422891169474636,
    "pca_3": 0.009012029208157095,
    "mean_cov_numeric_features": -0.3289913237094879,
    "stdev_cov_numeric_features": 1.243655800819397,
    "min_cov_numeric_features": -5.7290778160095215,
    "q1_cov_numeric_features": -0.12429906986653805,
    "median_cov_numeric_features": -0.06080799922347069,
    "q3_cov_numeric_features": -0.00438502069482638,
    "max_cov_numeric_features": 0.29349368810653687,
    "mean_entropy_categorical_features": 0.4613161087036133,
    "stdev_entropy_categorical_features": 0.32620105147361755,
    "min_entropy_categorical_features": 0.0,
    "median_entropy_categorical_features": 0.6908420324325562,
    "max_entropy_categorical_features": 0.6931062340736389,
    "knn_5_mse": NaN,
    "knn_5_mae": NaN,
    "knn_5_r2": NaN,
    "decision_tree_3_mse": NaN,
    "decision_tree_3_mae": NaN,
    "decision_tree_3_r2": NaN,
    "decision_tree_1_mse": NaN,
    "decision_tree_1_mae": NaN,
    "decision_tree_1_r2": NaN,
    "random_tree_2_mse": NaN,
    "random_tree_2_mae": NaN,
    "random_tree_2_r2": NaN,
    "mean_correlation_features_target": -0.03906814008951187,
    "stdev_correlation_features_target": 0.07856040447950363,
    "min_correlation_features_target": -0.18794038891792297,
    "q1_correlation_features_target": -0.08928545750677586,
    "median_correlation_features_target": -0.04226389341056347,
    "q3_correlation_features_target": -0.002661494156200206,
    "max_correlation_features_target": 0.11739124357700348
}