{
    "nb_instances": 159,
    "log_nb_instances": 5.0689042022202315,
    "nb_features": 15,
    "dataset_dimensionality": 10.6,
    "log_dataset_dimensionality": 2.3608540011180215,
    "dataset_ratio": 0.09433962264150944,
    "nb_missing_vals": 0,
    "ratio_features_with_missing_vals": 0.0,
    "ratio_instances_with_missing_vals": 0.0,
    "nb_numeric_features": 14,
    "nb_categorical_features": 1,
    "ratio_numeric_categorical_features": 14.0,
    "ratio_categorical_numeric_features": 0.07142857142857142,
    "mean__target": 11445.7294921875,
    "stdev__target": 5859.34326171875,
    "min__target": 5118.0,
    "q1__target": 7372.0,
    "median__target": 9233.0,
    "q3__target": 14719.5,
    "max__target": 35056.0,
    "mean_mean_numeric_features": 598.3326416015625,
    "stdev_mean_numeric_features": 1395.98974609375,
    "min_mean_numeric_features": 3.2363522052764893,
    "q1_mean_numeric_features": 27.911949634552002,
    "median_mean_numeric_features": 80.72201156616211,
    "q3_mean_numeric_features": 120.65565872192383,
    "max_mean_numeric_features": 5113.83642578125,
    "mean_stdev_numeric_features": 77.31729888916016,
    "stdev_stdev_numeric_features": 162.32872009277344,
    "min_stdev_numeric_features": 0.2673356235027313,
    "q1_stdev_numeric_features": 2.6739397048950195,
    "median_stdev_numeric_features": 6.278165578842163,
    "q3_stdev_numeric_features": 30.654134273529053,
    "max_stdev_numeric_features": 481.9413146972656,
    "mean_var_numeric_features": 32328.58203125,
    "stdev_var_numeric_features": 78548.078125,
    "min_var_numeric_features": 0.07146833837032318,
    "q1_var_numeric_features": 7.642461895942688,
    "median_var_numeric_features": 39.44813346862793,
    "q3_var_numeric_features": 939.6884613037109,
    "max_var_numeric_features": 232267.4375,
    "mean_min_numeric_features": 442.42926025390625,
    "stdev_min_numeric_features": 1093.506103515625,
    "min_min_numeric_features": 2.069999933242798,
    "q1_min_numeric_features": 15.75,
    "median_min_numeric_features": 54.85000038146973,
    "q3_min_numeric_features": 81.19999885559082,
    "max_min_numeric_features": 4150.0,
    "mean_median_numeric_features": 593.8099975585938,
    "stdev_median_numeric_features": 1405.5955810546875,
    "min_median_numeric_features": 3.2699999809265137,
    "q1_median_numeric_features": 27.5,
    "median_median_numeric_features": 76.70000076293945,
    "q3_median_numeric_features": 112.25,
    "max_median_numeric_features": 5200.0,
    "mean_max_numeric_features": 854.5578002929688,
    "stdev_max_numeric_features": 1891.894287109375,
    "min_max_numeric_features": 3.940000057220459,
    "q1_max_numeric_features": 50.25,
    "median_max_numeric_features": 93.64999771118164,
    "q3_max_numeric_features": 242.6500015258789,
    "max_max_numeric_features": 6600.0,
    "pca_1": 0.628270764088585,
    "pca_2": 0.3679723974008343,
    "pca_3": 0.002624430184808062,
    "mean_cov_numeric_features": 173694.28125,
    "stdev_cov_numeric_features": 668448.0,
    "min_cov_numeric_features": -470644.34375,
    "q1_cov_numeric_features": 418.5940704345703,
    "median_cov_numeric_features": 7221.21923828125,
    "q3_cov_numeric_features": 49277.685546875,
    "max_cov_numeric_features": 2531484.5,
    "mean_entropy_categorical_features": 1.571158528327942,
    "stdev_entropy_categorical_features": 0.0,
    "min_entropy_categorical_features": 1.571158528327942,
    "median_entropy_categorical_features": 1.571158528327942,
    "max_entropy_categorical_features": 1.571158528327942,
    "knn_5_mse": 6767848.007198718,
    "knn_5_mae": 1711.0025961538463,
    "knn_5_r2": 0.8013397296554241,
    "decision_tree_3_mse": 5843908.22987417,
    "decision_tree_3_mae": 1586.7075817010436,
    "decision_tree_3_r2": 0.8162286736873857,
    "decision_tree_1_mse": 13202604.44520046,
    "decision_tree_1_mae": 2398.2008895973945,
    "decision_tree_1_r2": 0.5584065164808436,
    "random_tree_2_mse": 10112474.009346513,
    "random_tree_2_mae": 2188.0586769422707,
    "random_tree_2_r2": 0.7039194219282425,
    "mean_correlation_features_target": 0.328641802072525,
    "stdev_correlation_features_target": 0.5267691016197205,
    "min_correlation_features_target": -0.7200900912284851,
    "q1_correlation_features_target": 0.1711885742843151,
    "median_correlation_features_target": 0.3893633112311363,
    "q3_correlation_features_target": 0.760682612657547,
    "max_correlation_features_target": 0.8936390280723572
}