{
    "nb_instances": 303,
    "log_nb_instances": 5.713732805509369,
    "nb_features": 13,
    "dataset_dimensionality": 23.307692307692307,
    "log_dataset_dimensionality": 3.1487834480478325,
    "dataset_ratio": 0.0429042904290429,
    "nb_missing_vals": 6,
    "ratio_features_with_missing_vals": 0.006600660066006601,
    "ratio_instances_with_missing_vals": 0.019801980198019802,
    "nb_numeric_features": 6,
    "nb_categorical_features": 7,
    "ratio_numeric_categorical_features": 0.8571428571428571,
    "ratio_categorical_numeric_features": 1.1666666666666667,
    "mean__target": 246.6930694580078,
    "stdev__target": 51.691410064697266,
    "min__target": 126.0,
    "q1__target": 211.0,
    "median__target": 241.0,
    "q3__target": 275.0,
    "max__target": 564.0,
    "mean_mean_numeric_features": 56.41891098022461,
    "stdev_mean_numeric_features": 62.71882629394531,
    "min_mean_numeric_features": 0.6767676472663879,
    "q1_mean_numeric_features": 0.9734848588705063,
    "median_mean_numeric_features": 27.798821568489075,
    "q3_mean_numeric_features": 112.40572452545166,
    "max_mean_numeric_features": 149.5993194580078,
    "mean_stdev_numeric_features": 8.848957061767578,
    "stdev_stdev_numeric_features": 8.733762741088867,
    "min_stdev_numeric_features": 0.9389645457267761,
    "q1_stdev_numeric_features": 1.1832297146320343,
    "median_stdev_numeric_features": 5.142143249511719,
    "q3_stdev_numeric_features": 15.584538459777832,
    "max_stdev_numeric_features": 22.94156265258789,
    "mean_var_numeric_features": 154.5826416015625,
    "stdev_var_numeric_features": 199.956787109375,
    "min_var_numeric_features": 0.8816543817520142,
    "q1_var_numeric_features": 1.4009104669094086,
    "median_var_numeric_features": 41.710913836956024,
    "q3_var_numeric_features": 257.11240577697754,
    "max_var_numeric_features": 526.3152465820312,
    "mean_min_numeric_features": 32.33333206176758,
    "stdev_min_numeric_features": 37.51740264892578,
    "min_min_numeric_features": 0.0,
    "q1_min_numeric_features": 0.0,
    "median_min_numeric_features": 14.5,
    "q3_min_numeric_features": 60.5,
    "max_min_numeric_features": 94.0,
    "mean_median_numeric_features": 56.633331298828125,
    "stdev_median_numeric_features": 63.51067352294922,
    "min_median_numeric_features": 0.0,
    "q1_median_numeric_features": 0.20000000298023224,
    "median_median_numeric_features": 28.400000005960464,
    "q3_median_numeric_features": 111.5,
    "max_median_numeric_features": 153.0,
    "mean_max_numeric_features": 82.03333282470703,
    "stdev_max_numeric_features": 87.95797729492188,
    "min_max_numeric_features": 3.0,
    "q1_max_numeric_features": 4.549999952316284,
    "median_max_numeric_features": 41.59999990463257,
    "q3_max_numeric_features": 169.25,
    "max_max_numeric_features": 202.0,
    "pca_1": 0.58753800863919,
    "pca_2": 0.3441546491109316,
    "pca_3": 0.06493817324863482,
    "mean_cov_numeric_features": 38.17066192626953,
    "stdev_cov_numeric_features": 50.276451110839844,
    "min_cov_numeric_features": -0.08895258605480194,
    "q1_cov_numeric_features": 2.8215956687927246,
    "median_cov_numeric_features": 4.963207483291626,
    "q3_cov_numeric_features": 72.93284213542938,
    "max_cov_numeric_features": 121.48941040039062,
    "mean_entropy_categorical_features": 0.7712910771369934,
    "stdev_entropy_categorical_features": 0.2332417219877243,
    "min_entropy_categorical_features": 0.41354861855506897,
    "median_entropy_categorical_features": 0.755195677280426,
    "max_entropy_categorical_features": 1.2044837474822998,
    "knn_5_mse": 2860.4256918918923,
    "knn_5_mae": 40.955288288288294,
    "knn_5_r2": -0.05949345522379654,
    "decision_tree_3_mse": 2833.196682899744,
    "decision_tree_3_mae": 39.89145131806991,
    "decision_tree_3_r2": -0.04953881048981987,
    "decision_tree_1_mse": 2755.9638692313815,
    "decision_tree_1_mae": 40.11024999287564,
    "decision_tree_1_r2": -0.02769408008099733,
    "random_tree_2_mse": 2867.960562988031,
    "random_tree_2_mae": 41.078177365531026,
    "random_tree_2_r2": -0.07464671009478502,
    "mean_correlation_features_target": 0.09251553565263748,
    "stdev_correlation_features_target": 0.0662815272808075,
    "min_correlation_features_target": -7.456799357896671e-05,
    "q1_correlation_features_target": 0.04555888380855322,
    "median_correlation_features_target": 0.09119637683033943,
    "q3_correlation_features_target": 0.12763793021440506,
    "max_correlation_features_target": 0.20264354348182678
}