{
    "nb_instances": 159,
    "log_nb_instances": 5.0689042022202315,
    "nb_features": 15,
    "dataset_dimensionality": 10.6,
    "log_dataset_dimensionality": 2.3608540011180215,
    "dataset_ratio": 0.09433962264150944,
    "nb_missing_vals": 0,
    "ratio_features_with_missing_vals": 0.0,
    "ratio_instances_with_missing_vals": 0.0,
    "nb_numeric_features": 15,
    "nb_categorical_features": 0,
    "ratio_numeric_categorical_features": 0.0,
    "ratio_categorical_numeric_features": 0.0,
    "mean__target": 11445.7294921875,
    "stdev__target": 5859.34326171875,
    "min__target": 5118.0,
    "q1__target": 7372.0,
    "median__target": 9233.0,
    "q3__target": 14719.5,
    "max__target": 35056.0,
    "mean_mean_numeric_features": 558.4928588867188,
    "stdev_mean_numeric_features": 1356.8673095703125,
    "min_mean_numeric_features": 0.7358490824699402,
    "q1_mean_numeric_features": 18.341572284698486,
    "median_mean_numeric_features": 65.6075439453125,
    "q3_mean_numeric_features": 120.17924499511719,
    "max_mean_numeric_features": 5113.83642578125,
    "mean_stdev_numeric_features": 72.24234008789062,
    "stdev_stdev_numeric_features": 157.96987915039062,
    "min_stdev_numeric_features": 0.2673356235027313,
    "q1_stdev_numeric_features": 2.108321964740753,
    "median_stdev_numeric_features": 6.097142219543457,
    "q3_stdev_numeric_features": 30.589686393737793,
    "max_stdev_numeric_features": 481.9413146972656,
    "mean_var_numeric_features": 30173.439453125,
    "stdev_var_numeric_features": 76311.8984375,
    "min_var_numeric_features": 0.07146833837032318,
    "q1_var_numeric_features": 4.470762372016907,
    "median_var_numeric_features": 37.17514419555664,
    "q3_var_numeric_features": 935.7455749511719,
    "max_var_numeric_features": 232267.4375,
    "mean_min_numeric_features": 412.8006591796875,
    "stdev_min_numeric_features": 1062.2279052734375,
    "min_min_numeric_features": -2.0,
    "q1_min_numeric_features": 11.0,
    "median_min_numeric_features": 49.400001525878906,
    "q3_min_numeric_features": 75.79999923706055,
    "max_min_numeric_features": 4150.0,
    "mean_median_numeric_features": 554.289306640625,
    "stdev_median_numeric_features": 1365.9620361328125,
    "min_median_numeric_features": 1.0,
    "q1_median_numeric_features": 17.5,
    "median_median_numeric_features": 65.4000015258789,
    "q3_median_numeric_features": 111.5,
    "max_median_numeric_features": 5200.0,
    "mean_max_numeric_features": 797.787353515625,
    "stdev_max_numeric_features": 1840.04541015625,
    "min_max_numeric_features": 3.0,
    "q1_max_numeric_features": 36.0,
    "median_max_numeric_features": 71.69999694824219,
    "q3_max_numeric_features": 229.3000030517578,
    "max_max_numeric_features": 6600.0,
    "pca_1": 0.6282690454301543,
    "pca_2": 0.3679712415832501,
    "pca_3": 0.0026253927350019875,
    "mean_cov_numeric_features": 162038.546875,
    "stdev_cov_numeric_features": 647253.0625,
    "min_cov_numeric_features": -470644.34375,
    "q1_cov_numeric_features": -431.58038330078125,
    "median_cov_numeric_features": 4786.3740234375,
    "q3_cov_numeric_features": 47014.87890625,
    "max_cov_numeric_features": 2531484.5,
    "mean_entropy_categorical_features": NaN,
    "stdev_entropy_categorical_features": NaN,
    "min_entropy_categorical_features": NaN,
    "median_entropy_categorical_features": NaN,
    "max_entropy_categorical_features": NaN,
    "knn_5_mse": 8705656.865147436,
    "knn_5_mae": 1796.746698717949,
    "knn_5_r2": 0.7345768752929762,
    "decision_tree_3_mse": 7705211.302204157,
    "decision_tree_3_mae": 1891.8641492392846,
    "decision_tree_3_r2": 0.7600330355734957,
    "decision_tree_1_mse": 14722906.679237409,
    "decision_tree_1_mae": 2527.0852741842714,
    "decision_tree_1_r2": 0.5637614629640826,
    "random_tree_2_mse": 12420659.831982868,
    "random_tree_2_mae": 2402.9088704631763,
    "random_tree_2_r2": 0.6149086493134892,
    "mean_correlation_features_target": 0.29587939381599426,
    "stdev_correlation_features_target": 0.5234633684158325,
    "min_correlation_features_target": -0.7200900912284851,
    "q1_correlation_features_target": -0.0010649710893630981,
    "median_correlation_features_target": 0.2448362559080124,
    "q3_correlation_features_target": 0.7604130506515503,
    "max_correlation_features_target": 0.8936390280723572
}