{
    "nb_instances": 950,
    "log_nb_instances": 6.856461984594587,
    "nb_features": 9,
    "dataset_dimensionality": 105.55555555555556,
    "log_dataset_dimensionality": 4.6592374072583675,
    "dataset_ratio": 0.009473684210526316,
    "nb_missing_vals": 0,
    "ratio_features_with_missing_vals": 0.0,
    "ratio_instances_with_missing_vals": 0.0,
    "nb_numeric_features": 9,
    "nb_categorical_features": 0,
    "ratio_numeric_categorical_features": 0.0,
    "ratio_categorical_numeric_features": 0.0,
    "mean__target": 46.99407958984375,
    "stdev__target": 6.535977363586426,
    "min__target": 34.0,
    "q1__target": 41.375,
    "median__target": 46.6875,
    "q3__target": 52.125,
    "max__target": 62.0,
    "mean_mean_numeric_features": 41.01183319091797,
    "stdev_mean_numeric_features": 16.390947341918945,
    "min_mean_numeric_features": 18.7044734954834,
    "q1_mean_numeric_features": 24.122631072998047,
    "median_mean_numeric_features": 43.95552444458008,
    "q3_mean_numeric_features": 45.3528938293457,
    "max_mean_numeric_features": 70.67342376708984,
    "mean_stdev_numeric_features": 7.146451473236084,
    "stdev_stdev_numeric_features": 3.836334466934204,
    "min_stdev_numeric_features": 2.7303638458251953,
    "q1_stdev_numeric_features": 4.270097732543945,
    "median_stdev_numeric_features": 5.606898307800293,
    "q3_stdev_numeric_features": 10.759763717651367,
    "max_stdev_numeric_features": 14.29941177368164,
    "mean_var_numeric_features": 65.78922271728516,
    "stdev_var_numeric_features": 64.55712890625,
    "min_var_numeric_features": 7.454886436462402,
    "q1_var_numeric_features": 18.233734130859375,
    "median_var_numeric_features": 31.437307357788086,
    "q3_var_numeric_features": 115.77252197265625,
    "max_var_numeric_features": 204.47317504882812,
    "mean_min_numeric_features": 25.70488739013672,
    "stdev_min_numeric_features": 13.575125694274902,
    "min_min_numeric_features": 12.75,
    "q1_min_numeric_features": 16.375,
    "median_min_numeric_features": 19.25,
    "q3_min_numeric_features": 31.5,
    "max_min_numeric_features": 58.0,
    "mean_median_numeric_features": 41.63022232055664,
    "stdev_median_numeric_features": 16.07135009765625,
    "min_median_numeric_features": 19.375,
    "q1_median_numeric_features": 25.75,
    "median_median_numeric_features": 43.9375,
    "q3_median_numeric_features": 49.0625,
    "max_median_numeric_features": 68.625,
    "mean_max_numeric_features": 56.20833206176758,
    "stdev_max_numeric_features": 22.61613655090332,
    "min_max_numeric_features": 25.125,
    "q1_max_numeric_features": 35.25,
    "median_max_numeric_features": 60.125,
    "q3_max_numeric_features": 61.5,
    "max_max_numeric_features": 94.125,
    "pca_1": 0.6846525706489799,
    "pca_2": 0.14819454529937046,
    "pca_3": 0.08620444493168812,
    "mean_cov_numeric_features": 0.08247460424900055,
    "stdev_cov_numeric_features": 21.38856315612793,
    "min_cov_numeric_features": -24.253965377807617,
    "q1_cov_numeric_features": -19.063011169433594,
    "median_cov_numeric_features": 2.8693368434906006,
    "q3_cov_numeric_features": 6.977527618408203,
    "max_cov_numeric_features": 50.03823471069336,
    "mean_entropy_categorical_features": NaN,
    "stdev_entropy_categorical_features": NaN,
    "min_entropy_categorical_features": NaN,
    "median_entropy_categorical_features": NaN,
    "max_entropy_categorical_features": NaN,
    "knn_5_mse": 0.630500910807361,
    "knn_5_mae": 0.5891062121050952,
    "knn_5_r2": 0.9850509548530321,
    "decision_tree_3_mse": 4.089632526656021,
    "decision_tree_3_mae": 1.5784191898729096,
    "decision_tree_3_r2": 0.9040615645381574,
    "decision_tree_1_mse": 16.481983451818802,
    "decision_tree_1_mae": 3.356092048702192,
    "decision_tree_1_r2": 0.6136872351426168,
    "random_tree_2_mse": 23.523630282443673,
    "random_tree_2_mae": 3.949255556330488,
    "random_tree_2_r2": 0.445779536101006,
    "mean_correlation_features_target": -0.001557817100547254,
    "stdev_correlation_features_target": 0.4318448305130005,
    "min_correlation_features_target": -0.6705681085586548,
    "q1_correlation_features_target": -0.25621986389160156,
    "median_correlation_features_target": 0.07305876910686493,
    "q3_correlation_features_target": 0.2498759925365448,
    "max_correlation_features_target": 0.7111480236053467
}