{
    "nb_instances": 6435,
    "log_nb_instances": 8.769507120030227,
    "nb_features": 36,
    "dataset_dimensionality": 178.75,
    "log_dataset_dimensionality": 5.185988181574117,
    "dataset_ratio": 0.005594405594405594,
    "nb_missing_vals": 0,
    "ratio_features_with_missing_vals": 0.0,
    "ratio_instances_with_missing_vals": 0.0,
    "nb_numeric_features": 36,
    "nb_categorical_features": 0,
    "ratio_numeric_categorical_features": 0.0,
    "ratio_categorical_numeric_features": 0.0,
    "mean__target": 3.668686866760254,
    "stdev__target": 2.2138803005218506,
    "min__target": 1.0,
    "q1__target": 2.0,
    "median__target": 3.0,
    "q3__target": 5.0,
    "max__target": 7.0,
    "mean_mean_numeric_features": 83.47183227539062,
    "stdev_mean_numeric_features": 10.645315170288086,
    "min_mean_numeric_features": 68.72758483886719,
    "q1_mean_numeric_features": 79.14114379882812,
    "median_mean_numeric_features": 82.75975036621094,
    "q3_mean_numeric_features": 87.40947914123535,
    "max_mean_numeric_features": 99.31126403808594,
    "mean_stdev_numeric_features": 18.01306915283203,
    "stdev_stdev_numeric_features": 3.4062037467956543,
    "min_stdev_numeric_features": 13.401602745056152,
    "q1_stdev_numeric_features": 15.860853672027588,
    "median_stdev_numeric_features": 17.813648223876953,
    "q3_stdev_numeric_features": 20.00374746322632,
    "max_stdev_numeric_features": 22.905065536499023,
    "mean_var_numeric_features": 336.0729064941406,
    "stdev_var_numeric_features": 124.7326889038086,
    "min_var_numeric_features": 179.60296630859375,
    "q1_var_numeric_features": 253.26164627075195,
    "median_var_numeric_features": 318.5011749267578,
    "q3_var_numeric_features": 402.76139068603516,
    "max_var_numeric_features": 524.6420288085938,
    "mean_min_numeric_features": 36.5,
    "stdev_min_numeric_features": 9.239108085632324,
    "min_min_numeric_features": 27.0,
    "q1_min_numeric_features": 28.5,
    "median_min_numeric_features": 36.0,
    "q3_min_numeric_features": 42.5,
    "max_min_numeric_features": 53.0,
    "mean_median_numeric_features": 83.5,
    "stdev_median_numeric_features": 11.658330917358398,
    "min_median_numeric_features": 67.0,
    "q1_median_numeric_features": 77.75,
    "median_median_numeric_features": 82.5,
    "q3_median_numeric_features": 90.25,
    "max_median_numeric_features": 101.0,
    "mean_max_numeric_features": 134.0833282470703,
    "stdev_max_numeric_features": 19.371191024780273,
    "min_max_numeric_features": 104.0,
    "q1_max_numeric_features": 123.5,
    "median_max_numeric_features": 138.5,
    "q3_max_numeric_features": 147.25,
    "max_max_numeric_features": 157.0,
    "pca_1": 0.47587518238868,
    "pca_2": 0.3886138887758529,
    "pca_3": 0.03336535905799012,
    "mean_cov_numeric_features": -14.33004379272461,
    "stdev_cov_numeric_features": 12.48617172241211,
    "min_cov_numeric_features": -27.6019344329834,
    "q1_cov_numeric_features": -25.848931312561035,
    "median_cov_numeric_features": -17.374959468841553,
    "q3_cov_numeric_features": -6.016290724277496,
    "max_cov_numeric_features": 4.293628692626953,
    "mean_entropy_categorical_features": NaN,
    "stdev_entropy_categorical_features": NaN,
    "min_entropy_categorical_features": NaN,
    "median_entropy_categorical_features": NaN,
    "max_entropy_categorical_features": NaN,
    "knn_5_mse": 0.4542549140561951,
    "knn_5_mae": 0.26974098587237827,
    "knn_5_r2": 0.907246448422087,
    "decision_tree_3_mse": 1.284213350335964,
    "decision_tree_3_mae": 0.7103612643402548,
    "decision_tree_3_r2": 0.7376456781746767,
    "decision_tree_1_mse": 2.3849744948403853,
    "decision_tree_1_mae": 1.2574184133138455,
    "decision_tree_1_r2": 0.5135212141465917,
    "random_tree_2_mse": 2.230205245176519,
    "random_tree_2_mae": 1.1770381186093017,
    "random_tree_2_r2": 0.5445004468314634,
    "mean_correlation_features_target": -0.3419944643974304,
    "stdev_correlation_features_target": 0.3345637023448944,
    "min_correlation_features_target": -0.7047991156578064,
    "q1_correlation_features_target": -0.6576736122369766,
    "median_correlation_features_target": -0.40626736730337143,
    "q3_correlation_features_target": -0.10610025748610497,
    "max_correlation_features_target": 0.14470379054546356
}