{
    "nb_instances": 13750,
    "log_nb_instances": 9.528794103094718,
    "nb_features": 40,
    "dataset_dimensionality": 343.75,
    "log_dataset_dimensionality": 5.839914648980781,
    "dataset_ratio": 0.002909090909090909,
    "nb_missing_vals": 0,
    "ratio_features_with_missing_vals": 0.0,
    "ratio_instances_with_missing_vals": 0.0,
    "nb_numeric_features": 40,
    "nb_categorical_features": 0,
    "ratio_numeric_categorical_features": 0.0,
    "ratio_categorical_numeric_features": 0.0,
    "mean__target": -0.0008718690369278193,
    "stdev__target": 0.00040778773836791515,
    "min__target": -0.003599999938160181,
    "q1__target": -0.0010999999940395355,
    "median__target": -0.0007999999797903001,
    "q3__target": -0.0006000000284984708,
    "max__target": 0.0,
    "mean_mean_numeric_features": -0.8504005670547485,
    "stdev_mean_numeric_features": 3.068542242050171,
    "min_mean_numeric_features": -12.599563598632812,
    "q1_mean_numeric_features": -9.070908890862484e-05,
    "median_mean_numeric_features": 0.0029683636967092752,
    "q3_mean_numeric_features": 0.02196081867441535,
    "max_mean_numeric_features": 0.6294087171554565,
    "mean_stdev_numeric_features": 7.591279029846191,
    "stdev_stdev_numeric_features": 40.680877685546875,
    "min_stdev_numeric_features": 1.2060892004228663e-05,
    "q1_stdev_numeric_features": 0.0006038261199137196,
    "median_stdev_numeric_features": 0.0069180435966700315,
    "q3_stdev_numeric_features": 0.03955425973981619,
    "max_stdev_numeric_features": 260.2144470214844,
    "mean_var_numeric_features": 1712.5615234375,
    "stdev_var_numeric_features": 10568.8134765625,
    "min_var_numeric_features": 1.454651260557327e-10,
    "q1_var_numeric_features": 3.6529973357346535e-07,
    "median_var_numeric_features": 4.785932651429903e-05,
    "q3_var_numeric_features": 0.0036410816901479848,
    "max_var_numeric_features": 67711.5625,
    "mean_min_numeric_features": -29.324298858642578,
    "stdev_min_numeric_features": 152.51988220214844,
    "min_min_numeric_features": -975.0,
    "q1_min_numeric_features": -0.030750000150874257,
    "median_min_numeric_features": -0.0035000001080334187,
    "q3_min_numeric_features": 0.012000000104308128,
    "max_min_numeric_features": 0.4000000059604645,
    "mean_median_numeric_features": -1.1077749729156494,
    "stdev_median_numeric_features": 4.134324550628662,
    "min_median_numeric_features": -21.0,
    "q1_median_numeric_features": 0.0,
    "median_median_numeric_features": 0.009999999776482582,
    "q3_median_numeric_features": 0.019999999552965164,
    "max_median_numeric_features": 0.6100000143051147,
    "mean_max_numeric_features": 28.49747657775879,
    "stdev_max_numeric_features": 152.7470703125,
    "min_max_numeric_features": -3.0,
    "q1_max_numeric_features": 0.004000000189989805,
    "median_max_numeric_features": 0.07400000095367432,
    "q3_max_numeric_features": 0.07800000160932541,
    "max_max_numeric_features": 977.0,
    "pca_1": 0.9884688123512864,
    "pca_2": 0.010047821771138556,
    "pca_3": 0.0012024151351014707,
    "mean_cov_numeric_features": -0.00014320711488835514,
    "stdev_cov_numeric_features": 0.0012216550530865788,
    "min_cov_numeric_features": -0.007654080167412758,
    "q1_cov_numeric_features": -1.799348666509104e-06,
    "median_cov_numeric_features": -1.7815979731494735e-06,
    "q3_cov_numeric_features": 3.375266927931053e-11,
    "max_cov_numeric_features": 0.0011887232540175319,
    "mean_entropy_categorical_features": NaN,
    "stdev_entropy_categorical_features": NaN,
    "min_entropy_categorical_features": NaN,
    "median_entropy_categorical_features": NaN,
    "max_entropy_categorical_features": NaN,
    "knn_5_mse": 1.2401926557025885e-07,
    "knn_5_mae": 0.0002601892749792111,
    "knn_5_r2": 0.25394173021173266,
    "decision_tree_3_mse": 8.404518943237192e-08,
    "decision_tree_3_mae": 0.00022216395100813256,
    "decision_tree_3_r2": 0.49443695834968077,
    "decision_tree_1_mse": 1.075726467663499e-07,
    "decision_tree_1_mae": 0.00024316096986053205,
    "decision_tree_1_r2": 0.3532471111888778,
    "random_tree_2_mse": 8.73670984389779e-08,
    "random_tree_2_mae": 0.0002246489514795609,
    "random_tree_2_r2": 0.4742818073038032,
    "mean_correlation_features_target": -0.2618926465511322,
    "stdev_correlation_features_target": 0.33761247992515564,
    "min_correlation_features_target": -0.6392696499824524,
    "q1_correlation_features_target": -0.6331253200769424,
    "median_correlation_features_target": -0.0863758772611618,
    "q3_correlation_features_target": 0.0042951705399900675,
    "max_correlation_features_target": 0.7030229568481445
}