{
    "nb_instances": 360,
    "log_nb_instances": 5.886104031450156,
    "nb_features": 90,
    "dataset_dimensionality": 4.0,
    "log_dataset_dimensionality": 1.3862943611198906,
    "dataset_ratio": 0.25,
    "nb_missing_vals": 0,
    "ratio_features_with_missing_vals": 0.0,
    "ratio_instances_with_missing_vals": 0.0,
    "nb_numeric_features": 90,
    "nb_categorical_features": 0,
    "ratio_numeric_categorical_features": 0.0,
    "ratio_categorical_numeric_features": 0.0,
    "mean__target": 8.0,
    "stdev__target": 4.320493698120117,
    "min__target": 1.0,
    "q1__target": 4.0,
    "median__target": 8.0,
    "q3__target": 12.0,
    "max__target": 15.0,
    "mean_mean_numeric_features": 0.511780321598053,
    "stdev_mean_numeric_features": 0.024322865530848503,
    "min_mean_numeric_features": 0.4637603759765625,
    "q1_mean_numeric_features": 0.49756482243537903,
    "median_mean_numeric_features": 0.5070177614688873,
    "q3_mean_numeric_features": 0.5222253203392029,
    "max_mean_numeric_features": 0.5666132569313049,
    "mean_stdev_numeric_features": 0.176030233502388,
    "stdev_stdev_numeric_features": 0.020130733028054237,
    "min_stdev_numeric_features": 0.14070096611976624,
    "q1_stdev_numeric_features": 0.1629476360976696,
    "median_stdev_numeric_features": 0.17626230418682098,
    "q3_stdev_numeric_features": 0.1877742037177086,
    "max_stdev_numeric_features": 0.22550712525844574,
    "mean_var_numeric_features": 0.03139188885688782,
    "stdev_var_numeric_features": 0.007112551014870405,
    "min_var_numeric_features": 0.019796762615442276,
    "q1_var_numeric_features": 0.026553891599178314,
    "median_var_numeric_features": 0.031068425625562668,
    "q3_var_numeric_features": 0.03525918163359165,
    "max_var_numeric_features": 0.050853464752435684,
    "mean_min_numeric_features": 0.08797552436590195,
    "stdev_min_numeric_features": 0.04776763170957565,
    "min_min_numeric_features": 0.0,
    "q1_min_numeric_features": 0.04899850022047758,
    "median_min_numeric_features": 0.09284300357103348,
    "q3_min_numeric_features": 0.13368000090122223,
    "max_min_numeric_features": 0.16053999960422516,
    "mean_median_numeric_features": 0.5162713527679443,
    "stdev_median_numeric_features": 0.02970411628484726,
    "min_median_numeric_features": 0.4661499857902527,
    "q1_median_numeric_features": 0.4952162429690361,
    "median_median_numeric_features": 0.5127300024032593,
    "q3_median_numeric_features": 0.5277799963951111,
    "max_median_numeric_features": 0.5851050019264221,
    "mean_max_numeric_features": 0.8938315510749817,
    "stdev_max_numeric_features": 0.046095844358205795,
    "min_max_numeric_features": 0.8194400072097778,
    "q1_max_numeric_features": 0.8559050112962723,
    "median_max_numeric_features": 0.8871899843215942,
    "q3_max_numeric_features": 0.9318174719810486,
    "max_max_numeric_features": 1.0,
    "pca_1": 0.25096891494722573,
    "pca_2": 0.22059426021834433,
    "pca_3": 0.18093573650159137,
    "mean_cov_numeric_features": 0.042718902230262756,
    "stdev_cov_numeric_features": 0.14292390644550323,
    "min_cov_numeric_features": -0.20715342462062836,
    "q1_cov_numeric_features": -0.06620679888874292,
    "median_cov_numeric_features": 0.035406140610575676,
    "q3_cov_numeric_features": 0.13307905197143555,
    "max_cov_numeric_features": 0.2895965278148651,
    "mean_entropy_categorical_features": NaN,
    "stdev_entropy_categorical_features": NaN,
    "min_entropy_categorical_features": NaN,
    "median_entropy_categorical_features": NaN,
    "max_entropy_categorical_features": NaN,
    "knn_5_mse": 3.8087777777777783,
    "knn_5_mae": 1.2172222222222222,
    "knn_5_r2": 0.7951915510016292,
    "decision_tree_3_mse": 11.910264100358514,
    "decision_tree_3_mae": 2.524160697975174,
    "decision_tree_3_r2": 0.3550985918834907,
    "decision_tree_1_mse": 16.34387787207571,
    "decision_tree_1_mae": 3.3500052361811217,
    "decision_tree_1_r2": 0.11343837240483837,
    "random_tree_2_mse": 17.062570313919853,
    "random_tree_2_mae": 3.241243689830227,
    "random_tree_2_r2": 0.07586473656227988,
    "mean_correlation_features_target": 0.05809691920876503,
    "stdev_correlation_features_target": 0.19212719798088074,
    "min_correlation_features_target": -0.27579089999198914,
    "q1_correlation_features_target": -0.08797917701303959,
    "median_correlation_features_target": 0.05239996872842312,
    "q3_correlation_features_target": 0.17726143077015877,
    "max_correlation_features_target": 0.37985655665397644
}