{
    "nb_instances": 8192,
    "log_nb_instances": 9.010913347279288,
    "nb_features": 32,
    "dataset_dimensionality": 256.0,
    "log_dataset_dimensionality": 5.545177444479562,
    "dataset_ratio": 0.00390625,
    "nb_missing_vals": 0,
    "ratio_features_with_missing_vals": 0.0,
    "ratio_instances_with_missing_vals": 0.0,
    "nb_numeric_features": 32,
    "nb_categorical_features": 0,
    "ratio_numeric_categorical_features": 0.0,
    "ratio_categorical_numeric_features": 0.0,
    "mean__target": 0.0004371812683530152,
    "stdev__target": 0.03025791049003601,
    "min__target": -0.08666100353002548,
    "q1__target": -0.018028249964118004,
    "median__target": 0.00026200000138487667,
    "q3__target": 0.01862974977120757,
    "max__target": 0.0898049995303154,
    "mean_mean_numeric_features": 0.6606090068817139,
    "stdev_mean_numeric_features": 0.6862388849258423,
    "min_mean_numeric_features": -0.5303204655647278,
    "q1_mean_numeric_features": 0.0018478448619134724,
    "median_mean_numeric_features": 0.29069453477859497,
    "q3_mean_numeric_features": 1.3771307468414307,
    "max_mean_numeric_features": 1.3857382535934448,
    "mean_stdev_numeric_features": 7.586923122406006,
    "stdev_stdev_numeric_features": 15.39136791229248,
    "min_stdev_numeric_features": 0.6451884508132935,
    "q1_stdev_numeric_features": 0.651191458106041,
    "median_stdev_numeric_features": 1.3469000458717346,
    "q3_stdev_numeric_features": 1.361037015914917,
    "max_stdev_numeric_features": 43.7473030090332,
    "mean_var_numeric_features": 294.4555969238281,
    "stdev_var_numeric_features": 681.854248046875,
    "min_var_numeric_features": 0.41626814007759094,
    "q1_var_numeric_features": 0.42405032366514206,
    "median_var_numeric_features": 1.8141825199127197,
    "q3_var_numeric_features": 1.8524225652217865,
    "max_var_numeric_features": 1913.826416015625,
    "mean_min_numeric_features": -12.481346130371094,
    "stdev_min_numeric_features": 26.92064094543457,
    "min_min_numeric_features": -74.9995346069336,
    "q1_min_numeric_features": -2.3558313250541687,
    "median_min_numeric_features": -2.355062484741211,
    "q3_min_numeric_features": 0.2501799985766411,
    "max_min_numeric_features": 0.25143900513648987,
    "mean_median_numeric_features": 0.69090336561203,
    "stdev_median_numeric_features": 0.6971508264541626,
    "min_median_numeric_features": -0.9000185132026672,
    "q1_median_numeric_features": 0.006250749924220145,
    "median_median_numeric_features": 0.7034105062484741,
    "q3_median_numeric_features": 1.3760114908218384,
    "max_median_numeric_features": 1.3930264711380005,
    "mean_max_numeric_features": 13.771668434143066,
    "stdev_max_numeric_features": 26.342811584472656,
    "min_max_numeric_features": 2.3540759086608887,
    "q1_max_numeric_features": 2.3557685017585754,
    "median_max_numeric_features": 2.4996585845947266,
    "q3_max_numeric_features": 2.499978542327881,
    "max_max_numeric_features": 74.99699401855469,
    "pca_1": 0.2046159366864156,
    "pca_2": 0.2029847047054486,
    "pca_3": 0.19862308113181174,
    "mean_cov_numeric_features": -0.019282523542642593,
    "stdev_cov_numeric_features": 0.10744985938072205,
    "min_cov_numeric_features": -0.6169288754463196,
    "q1_cov_numeric_features": -0.0002963543520309031,
    "median_cov_numeric_features": -9.87022758636158e-06,
    "q3_cov_numeric_features": 0.00019996562332380563,
    "max_cov_numeric_features": 0.02036096528172493,
    "mean_entropy_categorical_features": NaN,
    "stdev_entropy_categorical_features": NaN,
    "min_entropy_categorical_features": NaN,
    "median_entropy_categorical_features": NaN,
    "max_entropy_categorical_features": NaN,
    "knn_5_mse": 0.000855236413135254,
    "knn_5_mae": 0.02235248876953125,
    "knn_5_r2": 0.06566904032604129,
    "decision_tree_3_mse": 0.00038051511469690464,
    "decision_tree_3_mae": 0.015684528958737756,
    "decision_tree_3_r2": 0.5839954591498879,
    "decision_tree_1_mse": 0.0007687916156678402,
    "decision_tree_1_mae": 0.022196853548389846,
    "decision_tree_1_r2": 0.16028575694928493,
    "random_tree_2_mse": 0.0007293937509332691,
    "random_tree_2_mae": 0.02137444865184987,
    "random_tree_2_r2": 0.20287765629679205,
    "mean_correlation_features_target": -0.015765707939863205,
    "stdev_correlation_features_target": 0.08198241889476776,
    "min_correlation_features_target": -0.4686770439147949,
    "q1_correlation_features_target": -0.00948489410802722,
    "median_correlation_features_target": -0.0008758900221437216,
    "q3_correlation_features_target": 0.006433743517845869,
    "max_correlation_features_target": 0.01585935428738594
}