{
    "nb_instances": 1994,
    "log_nb_instances": 7.597897950521784,
    "nb_features": 127,
    "dataset_dimensionality": 15.700787401574804,
    "log_dataset_dimensionality": 2.7537108640631924,
    "dataset_ratio": 0.06369107321965897,
    "nb_missing_vals": 39202,
    "ratio_features_with_missing_vals": 0.012537612838515547,
    "ratio_instances_with_missing_vals": 0.9383149448345035,
    "nb_numeric_features": 126,
    "nb_categorical_features": 0,
    "ratio_numeric_categorical_features": 0.0,
    "ratio_categorical_numeric_features": 0.0,
    "mean__target": 0.23797892034053802,
    "stdev__target": 0.23292647302150726,
    "min__target": 0.0,
    "q1__target": 0.07000000029802322,
    "median__target": 0.15000000596046448,
    "q3__target": 0.33000001311302185,
    "max__target": 1.0,
    "mean_mean_numeric_features": 364.3569030761719,
    "stdev_mean_numeric_features": 4058.1865234375,
    "min_mean_numeric_features": 0.022682927548885345,
    "q1_mean_numeric_features": 0.2671341598033905,
    "median_mean_numeric_features": 0.39077235758304596,
    "q3_mean_numeric_features": 0.49371951818466187,
    "max_mean_numeric_features": 45736.1640625,
    "mean_stdev_numeric_features": 199.45127868652344,
    "stdev_stdev_numeric_features": 2209.696044921875,
    "min_stdev_numeric_features": 0.013090891763567924,
    "q1_stdev_numeric_features": 0.13181197270751,
    "median_stdev_numeric_features": 0.17300423234701157,
    "q3_stdev_numeric_features": 0.22276396676898003,
    "max_stdev_numeric_features": 24903.888671875,
    "mean_var_numeric_features": 4922537.5,
    "stdev_var_numeric_features": 55032408.0,
    "min_var_numeric_features": 0.00017137144459411502,
    "q1_var_numeric_features": 0.017374823335558176,
    "median_var_numeric_features": 0.029930620454251766,
    "q3_var_numeric_features": 0.04962380323559046,
    "max_var_numeric_features": 620203712.0,
    "mean_min_numeric_features": 8.099841117858887,
    "stdev_min_numeric_features": 88.72190856933594,
    "min_min_numeric_features": 0.0,
    "q1_min_numeric_features": 0.0,
    "median_min_numeric_features": 0.03999999910593033,
    "q3_min_numeric_features": 0.14000000059604645,
    "max_min_numeric_features": 1000.0,
    "mean_median_numeric_features": 379.1324157714844,
    "stdev_median_numeric_features": 4230.00341796875,
    "min_median_numeric_features": 0.0,
    "q1_median_numeric_features": 0.20250000059604645,
    "median_median_numeric_features": 0.36500000953674316,
    "q3_median_numeric_features": 0.47999998927116394,
    "max_median_numeric_features": 47672.0,
    "mean_max_numeric_features": 758.612060546875,
    "stdev_max_numeric_features": 8393.47265625,
    "min_max_numeric_features": 0.30000001192092896,
    "q1_max_numeric_features": 0.8600000143051147,
    "median_max_numeric_features": 1.0,
    "q3_max_numeric_features": 1.0,
    "max_max_numeric_features": 94597.0,
    "pca_1": 0.9999423373307768,
    "pca_2": 5.742839126213698e-05,
    "pca_3": 2.144165201940848e-07,
    "mean_cov_numeric_features": -9.263440132141113,
    "stdev_cov_numeric_features": 103.69096374511719,
    "min_cov_numeric_features": -1168.563232421875,
    "q1_cov_numeric_features": -0.015567350899800658,
    "median_cov_numeric_features": 0.006471504922956228,
    "q3_cov_numeric_features": 0.01692890888080001,
    "max_cov_numeric_features": 0.9451053142547607,
    "mean_entropy_categorical_features": NaN,
    "stdev_entropy_categorical_features": NaN,
    "min_entropy_categorical_features": NaN,
    "median_entropy_categorical_features": NaN,
    "max_entropy_categorical_features": NaN,
    "knn_5_mse": NaN,
    "knn_5_mae": NaN,
    "knn_5_r2": NaN,
    "decision_tree_3_mse": NaN,
    "decision_tree_3_mae": NaN,
    "decision_tree_3_r2": NaN,
    "decision_tree_1_mse": NaN,
    "decision_tree_1_mae": NaN,
    "decision_tree_1_r2": NaN,
    "random_tree_2_mse": NaN,
    "random_tree_2_mae": NaN,
    "random_tree_2_r2": NaN,
    "mean_correlation_features_target": 0.0811028927564621,
    "stdev_correlation_features_target": 0.43871477246284485,
    "min_correlation_features_target": -0.8589118719100952,
    "q1_correlation_features_target": -0.3094867765903473,
    "median_correlation_features_target": 0.13880392163991928,
    "q3_correlation_features_target": 0.41600045561790466,
    "max_correlation_features_target": 0.8332505226135254
}