{
    "nb_instances": 6574,
    "log_nb_instances": 8.790877754224164,
    "nb_features": 14,
    "dataset_dimensionality": 469.57142857142856,
    "log_dataset_dimensionality": 6.151820424608906,
    "dataset_ratio": 0.0021296014602981443,
    "nb_missing_vals": 0,
    "ratio_features_with_missing_vals": 0.0,
    "ratio_instances_with_missing_vals": 0.0,
    "nb_numeric_features": 14,
    "nb_categorical_features": 0,
    "ratio_numeric_categorical_features": 0.0,
    "ratio_categorical_numeric_features": 0.0,
    "mean__target": 15.599461555480957,
    "stdev__target": 6.697347164154053,
    "min__target": 0.6700000166893005,
    "q1__target": 10.710000038146973,
    "median__target": 15.0,
    "q3__target": 19.829999923706055,
    "max__target": 42.540000915527344,
    "mean_mean_numeric_features": 14.206658363342285,
    "stdev_mean_numeric_features": 15.548308372497559,
    "min_mean_numeric_features": 6.306274890899658,
    "q1_mean_numeric_features": 8.49476957321167,
    "median_mean_numeric_features": 10.12685775756836,
    "q3_mean_numeric_features": 12.187811613082886,
    "max_mean_numeric_features": 69.50030517578125,
    "mean_stdev_numeric_features": 4.987560272216797,
    "stdev_stdev_numeric_features": 1.2603380680084229,
    "min_stdev_numeric_features": 3.44887113571167,
    "q1_stdev_numeric_features": 4.250583529472351,
    "median_stdev_numeric_features": 4.956505537033081,
    "q3_stdev_numeric_features": 5.248483896255493,
    "max_stdev_numeric_features": 8.800334930419922,
    "mean_var_numeric_features": 26.464208602905273,
    "stdev_var_numeric_features": 15.496315002441406,
    "min_var_numeric_features": 11.8947114944458,
    "q1_var_numeric_features": 18.088029861450195,
    "median_var_numeric_features": 24.567378044128418,
    "q3_var_numeric_features": 27.547797203063965,
    "max_var_numeric_features": 77.44589233398438,
    "mean_min_numeric_features": 4.691428184509277,
    "stdev_min_numeric_features": 15.624260902404785,
    "min_min_numeric_features": 0.0,
    "q1_min_numeric_features": 0.0,
    "median_min_numeric_features": 0.12999999523162842,
    "q3_min_numeric_features": 0.9175000041723251,
    "max_min_numeric_features": 61.0,
    "mean_median_numeric_features": 13.863571166992188,
    "stdev_median_numeric_features": 15.641098022460938,
    "min_median_numeric_features": 5.75,
    "q1_median_numeric_features": 8.102499961853027,
    "median_median_numeric_features": 9.585000038146973,
    "q3_median_numeric_features": 11.512500047683716,
    "max_median_numeric_features": 69.5,
    "mean_max_numeric_features": 33.86357116699219,
    "stdev_max_numeric_features": 13.960344314575195,
    "min_max_numeric_features": 12.0,
    "q1_max_numeric_features": 28.272499084472656,
    "median_max_numeric_features": 31.039999961853027,
    "q3_max_numeric_features": 35.30999946594238,
    "max_max_numeric_features": 78.0,
    "pca_1": 0.5407552042430475,
    "pca_2": 0.20905743670417615,
    "pca_3": 0.07521775361992343,
    "mean_cov_numeric_features": 17.523107528686523,
    "stdev_cov_numeric_features": 9.19792366027832,
    "min_cov_numeric_features": 0.4474809765815735,
    "q1_cov_numeric_features": 15.921300172805786,
    "median_cov_numeric_features": 21.691986083984375,
    "q3_cov_numeric_features": 23.23810052871704,
    "max_cov_numeric_features": 29.57278060913086,
    "mean_entropy_categorical_features": NaN,
    "stdev_entropy_categorical_features": NaN,
    "min_entropy_categorical_features": NaN,
    "median_entropy_categorical_features": NaN,
    "max_entropy_categorical_features": NaN,
    "knn_5_mse": 12.499298481883994,
    "knn_5_mae": 2.7219374051309617,
    "knn_5_r2": 0.720796719976093,
    "decision_tree_3_mse": 16.295921527770545,
    "decision_tree_3_mae": 3.130575249650332,
    "decision_tree_3_r2": 0.6359583990684755,
    "decision_tree_1_mse": 25.56297489777631,
    "decision_tree_1_mae": 4.023537346789853,
    "decision_tree_1_r2": 0.4286066208438848,
    "random_tree_2_mse": 21.64092667616918,
    "random_tree_2_mae": 3.6844412301859655,
    "random_tree_2_r2": 0.5175023373911172,
    "mean_correlation_features_target": 0.5508757829666138,
    "stdev_correlation_features_target": 0.28239762783050537,
    "min_correlation_features_target": 0.00871199183166027,
    "q1_correlation_features_target": 0.5100550800561905,
    "median_correlation_features_target": 0.6653362810611725,
    "q3_correlation_features_target": 0.7537126988172531,
    "max_correlation_features_target": 0.8064512610435486
}