{
    "nb_instances": 4052,
    "log_nb_instances": 8.306965865368573,
    "nb_features": 7,
    "dataset_dimensionality": 578.8571428571429,
    "log_dataset_dimensionality": 6.361055716313261,
    "dataset_ratio": 0.0017275419545903258,
    "nb_missing_vals": 0,
    "ratio_features_with_missing_vals": 0.0,
    "ratio_instances_with_missing_vals": 0.0,
    "nb_numeric_features": 7,
    "nb_categorical_features": 0,
    "ratio_numeric_categorical_features": 0.0,
    "ratio_categorical_numeric_features": 0.0,
    "mean__target": 2.0336990356445312,
    "stdev__target": 0.5494306683540344,
    "min__target": 0.0,
    "q1__target": 2.0799999237060547,
    "median__target": 2.299999952316284,
    "q3__target": 2.299999952316284,
    "max__target": 2.299999952316284,
    "mean_mean_numeric_features": 281.94879150390625,
    "stdev_mean_numeric_features": 690.102783203125,
    "min_mean_numeric_features": 0.022951629012823105,
    "q1_mean_numeric_features": 0.09353405982255936,
    "median_mean_numeric_features": 0.22556762397289276,
    "q3_mean_numeric_features": 0.42867718636989594,
    "max_mean_numeric_features": 1972.3485107421875,
    "mean_stdev_numeric_features": 1.7577934265136719,
    "stdev_stdev_numeric_features": 3.3073930740356445,
    "min_stdev_numeric_features": 0.14976777136325836,
    "q1_stdev_numeric_features": 0.3432890772819519,
    "median_stdev_numeric_features": 0.47295352816581726,
    "q3_stdev_numeric_features": 0.5721144080162048,
    "max_stdev_numeric_features": 9.851025581359863,
    "mean_var_numeric_features": 14.028684616088867,
    "stdev_var_numeric_features": 33.890533447265625,
    "min_var_numeric_features": 0.022430386394262314,
    "q1_var_numeric_features": 0.12343018129467964,
    "median_var_numeric_features": 0.22368504106998444,
    "q3_var_numeric_features": 0.3325628489255905,
    "max_var_numeric_features": 97.04269409179688,
    "mean_min_numeric_features": 279.0,
    "stdev_min_numeric_features": 683.4076538085938,
    "min_min_numeric_features": 0.0,
    "q1_min_numeric_features": 0.0,
    "median_min_numeric_features": 0.0,
    "q3_min_numeric_features": 0.0,
    "max_min_numeric_features": 1953.0,
    "mean_median_numeric_features": 282.0,
    "stdev_median_numeric_features": 690.3479614257812,
    "min_median_numeric_features": 0.0,
    "q1_median_numeric_features": 0.0,
    "median_median_numeric_features": 0.0,
    "q3_median_numeric_features": 0.5,
    "max_median_numeric_features": 1973.0,
    "mean_max_numeric_features": 286.28570556640625,
    "stdev_max_numeric_features": 694.7305297851562,
    "min_max_numeric_features": 1.0,
    "q1_max_numeric_features": 1.0,
    "median_max_numeric_features": 1.0,
    "q3_max_numeric_features": 6.0,
    "max_max_numeric_features": 1988.0,
    "pca_1": 0.988334589840804,
    "pca_2": 0.004211602406574798,
    "pca_3": 0.0027786645298299097,
    "mean_cov_numeric_features": -0.5071419477462769,
    "stdev_cov_numeric_features": 1.2409144639968872,
    "min_cov_numeric_features": -3.546574592590332,
    "q1_cov_numeric_features": -0.016499962657690048,
    "median_cov_numeric_features": -0.0023502318654209375,
    "q3_cov_numeric_features": 0.004200597817543894,
    "max_cov_numeric_features": 0.02352975681424141,
    "mean_entropy_categorical_features": NaN,
    "stdev_entropy_categorical_features": NaN,
    "min_entropy_categorical_features": NaN,
    "median_entropy_categorical_features": NaN,
    "max_entropy_categorical_features": NaN,
    "knn_5_mse": 0.006513376110562685,
    "knn_5_mae": 0.01864560710760119,
    "knn_5_r2": 0.9781283509646604,
    "decision_tree_3_mse": 0.00711367505331027,
    "decision_tree_3_mae": 0.02589070584467108,
    "decision_tree_3_r2": 0.975846058154965,
    "decision_tree_1_mse": 0.06809014031096702,
    "decision_tree_1_mae": 0.1691745947265501,
    "decision_tree_1_r2": 0.7735161564297514,
    "random_tree_2_mse": 0.07527742704628945,
    "random_tree_2_mae": 0.15885132923119794,
    "random_tree_2_r2": 0.7497787715357991,
    "mean_correlation_features_target": -0.09189888089895248,
    "stdev_correlation_features_target": 0.23633438348770142,
    "min_correlation_features_target": -0.655180811882019,
    "q1_correlation_features_target": -0.0641868794336915,
    "median_correlation_features_target": -0.009043276309967041,
    "q3_correlation_features_target": 0.03180429572239518,
    "max_correlation_features_target": 0.08569711446762085
}