{
    "nb_instances": 2001,
    "log_nb_instances": 7.601402334583733,
    "nb_features": 1,
    "dataset_dimensionality": 2001.0,
    "log_dataset_dimensionality": 7.601402334583733,
    "dataset_ratio": 0.0004997501249375312,
    "nb_missing_vals": 0,
    "ratio_features_with_missing_vals": 0.0,
    "ratio_instances_with_missing_vals": 0.0,
    "nb_numeric_features": 1,
    "nb_categorical_features": 0,
    "ratio_numeric_categorical_features": 0.0,
    "ratio_categorical_numeric_features": 0.0,
    "mean__target": -0.04745527729392052,
    "stdev__target": 0.15164759755134583,
    "min__target": -1.600000023841858,
    "q1__target": -0.04500000178813934,
    "median__target": 0.0,
    "q3__target": 0.019999999552965164,
    "max__target": 0.16099999845027924,
    "mean_mean_numeric_features": 2.095802068710327,
    "stdev_mean_numeric_features": 0.0,
    "min_mean_numeric_features": 2.095802068710327,
    "q1_mean_numeric_features": 2.095802068710327,
    "median_mean_numeric_features": 2.095802068710327,
    "q3_mean_numeric_features": 2.095802068710327,
    "max_mean_numeric_features": 2.095802068710327,
    "mean_stdev_numeric_features": 0.17383891344070435,
    "stdev_stdev_numeric_features": 0.0,
    "min_stdev_numeric_features": 0.17383891344070435,
    "q1_stdev_numeric_features": 0.17383891344070435,
    "median_stdev_numeric_features": 0.17383891344070435,
    "q3_stdev_numeric_features": 0.17383891344070435,
    "max_stdev_numeric_features": 0.17383891344070435,
    "mean_var_numeric_features": 0.030219968408346176,
    "stdev_var_numeric_features": 0.0,
    "min_var_numeric_features": 0.030219968408346176,
    "q1_var_numeric_features": 0.030219968408346176,
    "median_var_numeric_features": 0.030219968408346176,
    "q3_var_numeric_features": 0.030219968408346176,
    "max_var_numeric_features": 0.030219968408346176,
    "mean_min_numeric_features": 0.5799999833106995,
    "stdev_min_numeric_features": 0.0,
    "min_min_numeric_features": 0.5799999833106995,
    "q1_min_numeric_features": 0.5799999833106995,
    "median_min_numeric_features": 0.5799999833106995,
    "q3_min_numeric_features": 0.5799999833106995,
    "max_min_numeric_features": 0.5799999833106995,
    "mean_median_numeric_features": 2.140000104904175,
    "stdev_median_numeric_features": 0.0,
    "min_median_numeric_features": 2.140000104904175,
    "q1_median_numeric_features": 2.140000104904175,
    "median_median_numeric_features": 2.140000104904175,
    "q3_median_numeric_features": 2.140000104904175,
    "max_median_numeric_features": 2.140000104904175,
    "mean_max_numeric_features": 2.359999895095825,
    "stdev_max_numeric_features": 0.0,
    "min_max_numeric_features": 2.359999895095825,
    "q1_max_numeric_features": 2.359999895095825,
    "median_max_numeric_features": 2.359999895095825,
    "q3_max_numeric_features": 2.359999895095825,
    "max_max_numeric_features": 2.359999895095825,
    "pca_1": 1.0,
    "mean_cov_numeric_features": 0.0212241280823946,
    "stdev_cov_numeric_features": 0.0,
    "min_cov_numeric_features": 0.0212241280823946,
    "q1_cov_numeric_features": 0.0212241280823946,
    "median_cov_numeric_features": 0.0212241280823946,
    "q3_cov_numeric_features": 0.0212241280823946,
    "max_cov_numeric_features": 0.0212241280823946,
    "mean_entropy_categorical_features": NaN,
    "stdev_entropy_categorical_features": NaN,
    "min_entropy_categorical_features": NaN,
    "median_entropy_categorical_features": NaN,
    "max_entropy_categorical_features": NaN,
    "knn_5_mse": 0.007048870663193613,
    "knn_5_mae": 0.056881081636726546,
    "knn_5_r2": 0.6835109798696112,
    "decision_tree_3_mse": 0.006472605097107079,
    "decision_tree_3_mae": 0.055782006007999596,
    "decision_tree_3_r2": 0.7137409614333827,
    "decision_tree_1_mse": 0.012475709004538059,
    "decision_tree_1_mae": 0.07558378332844715,
    "decision_tree_1_r2": 0.4429945831696486,
    "random_tree_2_mse": 0.007920455483861541,
    "random_tree_2_mae": 0.06008681775239323,
    "random_tree_2_r2": 0.6439675976286955,
    "mean_correlation_features_target": 0.8048941493034363,
    "stdev_correlation_features_target": 0.0,
    "min_correlation_features_target": 0.8048941493034363,
    "q1_correlation_features_target": 0.8048941493034363,
    "median_correlation_features_target": 0.8048941493034363,
    "q3_correlation_features_target": 0.8048941493034363,
    "max_correlation_features_target": 0.8048941493034363
}