{
    "nb_instances": 163,
    "log_nb_instances": 5.093750200806762,
    "nb_features": 5,
    "dataset_dimensionality": 32.6,
    "log_dataset_dimensionality": 3.484312288372662,
    "dataset_ratio": 0.03067484662576687,
    "nb_missing_vals": 0,
    "ratio_features_with_missing_vals": 0.0,
    "ratio_instances_with_missing_vals": 0.0,
    "nb_numeric_features": 3,
    "nb_categorical_features": 2,
    "ratio_numeric_categorical_features": 1.5,
    "ratio_categorical_numeric_features": 0.6666666666666666,
    "mean__target": 2.509202480316162,
    "stdev__target": 3.9511868953704834,
    "min__target": 0.0,
    "q1__target": 0.0,
    "median__target": 1.0,
    "q3__target": 3.0,
    "max__target": 22.0,
    "mean_mean_numeric_features": 82.04993438720703,
    "stdev_mean_numeric_features": 102.83030700683594,
    "min_mean_numeric_features": 4.867583274841309,
    "q1_mean_numeric_features": 9.384711742401123,
    "median_mean_numeric_features": 13.901840209960938,
    "q3_mean_numeric_features": 120.64110565185547,
    "max_mean_numeric_features": 227.38037109375,
    "mean_stdev_numeric_features": 78.13044738769531,
    "stdev_stdev_numeric_features": 92.74983978271484,
    "min_stdev_numeric_features": 1.207605242729187,
    "q1_stdev_numeric_features": 12.894421517848969,
    "median_stdev_numeric_features": 24.58123779296875,
    "q3_stdev_numeric_features": 116.59186553955078,
    "max_stdev_numeric_features": 208.6024932861328,
    "mean_var_numeric_features": 14706.8994140625,
    "stdev_var_numeric_features": 20371.892578125,
    "min_var_numeric_features": 1.4583104848861694,
    "q1_var_numeric_features": 302.84777706861496,
    "median_var_numeric_features": 604.2372436523438,
    "q3_var_numeric_features": 22059.620574951172,
    "max_var_numeric_features": 43515.00390625,
    "mean_min_numeric_features": 2.5972533226013184,
    "stdev_min_numeric_features": 2.5148379802703857,
    "min_min_numeric_features": 0.0,
    "q1_min_numeric_features": 0.8958799839019775,
    "median_min_numeric_features": 1.791759967803955,
    "q3_min_numeric_features": 3.8958799839019775,
    "max_min_numeric_features": 6.0,
    "mean_median_numeric_features": 54.6811408996582,
    "stdev_median_numeric_features": 70.93742370605469,
    "min_median_numeric_features": 4.0,
    "q1_median_numeric_features": 4.521714925765991,
    "median_median_numeric_features": 5.043429851531982,
    "q3_median_numeric_features": 80.02171492576599,
    "max_median_numeric_features": 155.0,
    "mean_max_numeric_features": 360.6081237792969,
    "stdev_max_numeric_features": 400.1486511230469,
    "min_max_numeric_features": 6.82436990737915,
    "q1_max_numeric_features": 80.91218495368958,
    "median_max_numeric_features": 155.0,
    "q3_max_numeric_features": 537.5,
    "max_max_numeric_features": 920.0,
    "pca_1": 0.9930372716922803,
    "pca_2": 0.006955593377480163,
    "pca_3": 7.1349302395608715e-06,
    "mean_cov_numeric_features": 108.40705108642578,
    "stdev_cov_numeric_features": 123.1382827758789,
    "min_cov_numeric_features": 1.5015538930892944,
    "q1_cov_numeric_features": 22.155552566051483,
    "median_cov_numeric_features": 42.80955123901367,
    "q3_cov_numeric_features": 161.85980796813965,
    "max_cov_numeric_features": 280.9100646972656,
    "mean_entropy_categorical_features": 0.6713010668754578,
    "stdev_entropy_categorical_features": 0.020321011543273926,
    "min_entropy_categorical_features": 0.6509800553321838,
    "median_entropy_categorical_features": 0.6713010668754578,
    "max_entropy_categorical_features": 0.6916220784187317,
    "knn_5_mse": 11.687524390243905,
    "knn_5_mae": 2.0821341463414633,
    "knn_5_r2": 0.2498168441002138,
    "decision_tree_3_mse": 10.814990527510464,
    "decision_tree_3_mae": 1.9924656657826423,
    "decision_tree_3_r2": 0.2016743264349184,
    "decision_tree_1_mse": 14.105661010919821,
    "decision_tree_1_mae": 2.496957181200525,
    "decision_tree_1_r2": 0.017687263079526006,
    "random_tree_2_mse": 13.639124216671497,
    "random_tree_2_mae": 2.3934853709627295,
    "random_tree_2_r2": 0.11743970955985986,
    "mean_correlation_features_target": 0.3643031418323517,
    "stdev_correlation_features_target": 0.05416445806622505,
    "min_correlation_features_target": 0.31372714042663574,
    "q1_correlation_features_target": 0.3267481327056885,
    "median_correlation_features_target": 0.3397691249847412,
    "q3_correlation_features_target": 0.38959114253520966,
    "max_correlation_features_target": 0.4394131600856781
}