{
    "nb_instances": 418,
    "log_nb_instances": 6.035481432524756,
    "nb_features": 19,
    "dataset_dimensionality": 22.0,
    "log_dataset_dimensionality": 3.091042453358316,
    "dataset_ratio": 0.045454545454545456,
    "nb_missing_vals": 1033,
    "ratio_features_with_missing_vals": 0.028708133971291867,
    "ratio_instances_with_missing_vals": 0.3397129186602871,
    "nb_numeric_features": 13,
    "nb_categorical_features": 6,
    "ratio_numeric_categorical_features": 2.1666666666666665,
    "ratio_categorical_numeric_features": 0.46153846153846156,
    "mean__target": 0.8301435112953186,
    "stdev__target": 0.9546414613723755,
    "min__target": 0.0,
    "q1__target": 0.0,
    "median__target": 0.0,
    "q3__target": 2.0,
    "max__target": 2.0,
    "mean_mean_numeric_features": 1794.403564453125,
    "stdev_mean_numeric_features": 4781.12890625,
    "min_mean_numeric_features": 3.0398550033569336,
    "q1_mean_numeric_features": 10.735507011413574,
    "median_mean_numeric_features": 124.97826385498047,
    "q3_mean_numeric_features": 371.2608642578125,
    "max_mean_numeric_features": 18189.326171875,
    "mean_stdev_numeric_features": 592.9331665039062,
    "stdev_stdev_numeric_features": 1109.4920654296875,
    "min_stdev_numeric_features": 0.4047885835170746,
    "q1_stdev_numeric_features": 4.601073741912842,
    "median_stdev_numeric_features": 88.26874542236328,
    "q3_stdev_numeric_features": 234.78836059570312,
    "max_stdev_numeric_features": 3843.5556640625,
    "mean_var_numeric_features": 1582542.25,
    "stdev_var_numeric_features": 3992721.0,
    "min_var_numeric_features": 0.16385379433631897,
    "q1_var_numeric_features": 21.169878005981445,
    "median_var_numeric_features": 7791.37158203125,
    "q3_var_numeric_features": 55125.57421875,
    "max_var_numeric_features": 14772920.0,
    "mean_min_numeric_features": 783.7415161132812,
    "stdev_min_numeric_features": 2545.61181640625,
    "min_min_numeric_features": 0.30000001192092896,
    "q1_min_numeric_features": 1.9600000381469727,
    "median_min_numeric_features": 28.3799991607666,
    "q3_min_numeric_features": 62.0,
    "max_min_numeric_features": 9598.0,
    "mean_median_numeric_features": 1712.5899658203125,
    "stdev_median_numeric_features": 4776.35791015625,
    "min_median_numeric_features": 1.399999976158142,
    "q1_median_numeric_features": 10.600000381469727,
    "median_median_numeric_features": 116.625,
    "q3_median_numeric_features": 310.0,
    "max_median_numeric_features": 18156.5,
    "mean_max_numeric_features": 3955.01171875,
    "stdev_max_numeric_features": 8013.818359375,
    "min_max_numeric_features": 4.0,
    "q1_max_numeric_features": 28.0,
    "median_max_numeric_features": 563.0,
    "q3_max_numeric_features": 1775.0,
    "max_max_numeric_features": 28650.0,
    "pca_1": 0.7196379845552214,
    "pca_2": 0.2183714525521054,
    "pca_3": 0.05819126110883272,
    "mean_cov_numeric_features": 80.48328399658203,
    "stdev_cov_numeric_features": 290.5247497558594,
    "min_cov_numeric_features": -410.5199890136719,
    "q1_cov_numeric_features": -0.10510829836130142,
    "median_cov_numeric_features": 1.8873201608657837,
    "q3_cov_numeric_features": 33.424190521240234,
    "max_cov_numeric_features": 832.2899780273438,
    "mean_entropy_categorical_features": 0.5234689116477966,
    "stdev_entropy_categorical_features": 0.1636151373386383,
    "min_entropy_categorical_features": 0.2506295144557953,
    "median_entropy_categorical_features": 0.5655924081802368,
    "max_entropy_categorical_features": 0.6930421590805054,
    "knn_5_mse": NaN,
    "knn_5_mae": NaN,
    "knn_5_r2": NaN,
    "decision_tree_3_mse": NaN,
    "decision_tree_3_mae": NaN,
    "decision_tree_3_r2": NaN,
    "decision_tree_1_mse": NaN,
    "decision_tree_1_mae": NaN,
    "decision_tree_1_r2": NaN,
    "random_tree_2_mse": NaN,
    "random_tree_2_mae": NaN,
    "random_tree_2_r2": NaN,
    "mean_correlation_features_target": 0.11861179769039154,
    "stdev_correlation_features_target": 0.2892138957977295,
    "min_correlation_features_target": -0.41822099685668945,
    "q1_correlation_features_target": -0.08654458820819855,
    "median_correlation_features_target": 0.22660063207149506,
    "q3_correlation_features_target": 0.3213675022125244,
    "max_correlation_features_target": 0.4273969531059265
}