{
    "nb_instances": 3848,
    "log_nb_instances": 8.255308811785596,
    "nb_features": 4,
    "dataset_dimensionality": 962.0,
    "log_dataset_dimensionality": 6.8690144506657065,
    "dataset_ratio": 0.0010395010395010396,
    "nb_missing_vals": 0,
    "ratio_features_with_missing_vals": 0.0,
    "ratio_instances_with_missing_vals": 0.0,
    "nb_numeric_features": 4,
    "nb_categorical_features": 0,
    "ratio_numeric_categorical_features": 0.0,
    "ratio_categorical_numeric_features": 0.0,
    "mean__target": 0.00016629125457257032,
    "stdev__target": 3.1439859867095947,
    "min__target": -12.03909969329834,
    "q1__target": -2.132449984550476,
    "median__target": -0.03044999949634075,
    "q3__target": 2.028625011444092,
    "max__target": 10.867300033569336,
    "mean_mean_numeric_features": 0.0009657938499003649,
    "stdev_mean_numeric_features": 0.003045546356588602,
    "min_mean_numeric_features": -0.0036366423591971397,
    "q1_mean_numeric_features": -0.0007894100745033938,
    "median_mean_numeric_features": 0.0016313928717863746,
    "q3_mean_numeric_features": 0.003386596799828112,
    "max_mean_numeric_features": 0.004237032029777765,
    "mean_stdev_numeric_features": 7.375709533691406,
    "stdev_stdev_numeric_features": 1.810617208480835,
    "min_stdev_numeric_features": 5.186310768127441,
    "q1_stdev_numeric_features": 6.095255255699158,
    "median_stdev_numeric_features": 7.136717796325684,
    "q3_stdev_numeric_features": 8.417172074317932,
    "max_stdev_numeric_features": 10.043091773986816,
    "mean_var_numeric_features": 57.67942428588867,
    "stdev_var_numeric_features": 27.890466690063477,
    "min_var_numeric_features": 26.897817611694336,
    "q1_var_numeric_features": 37.4275279045105,
    "median_var_numeric_features": 51.47809410095215,
    "q3_var_numeric_features": 71.72999095916748,
    "max_var_numeric_features": 100.86369323730469,
    "mean_min_numeric_features": -26.28139877319336,
    "stdev_min_numeric_features": 6.950005531311035,
    "min_min_numeric_features": -34.03519821166992,
    "q1_min_numeric_features": -32.06854963302612,
    "median_min_numeric_features": -27.34844970703125,
    "q3_min_numeric_features": -21.561299324035645,
    "max_min_numeric_features": -16.39349937438965,
    "mean_median_numeric_features": -0.1502625048160553,
    "stdev_median_numeric_features": 0.0625992864370346,
    "min_median_numeric_features": -0.23170000314712524,
    "q1_median_numeric_features": -0.18081249669194221,
    "median_median_numeric_features": -0.1565999984741211,
    "q3_median_numeric_features": -0.1260500019416213,
    "max_median_numeric_features": -0.05615000054240227,
    "mean_max_numeric_features": 26.19637680053711,
    "stdev_max_numeric_features": 7.2818379402160645,
    "min_max_numeric_features": 17.25830078125,
    "q1_max_numeric_features": 20.369525909423828,
    "median_max_numeric_features": 25.86220073699951,
    "q3_max_numeric_features": 31.68905019760132,
    "max_max_numeric_features": 35.802799224853516,
    "pca_1": 0.6166502054799939,
    "pca_2": 0.2508092693639457,
    "pca_3": 0.1096351737623065,
    "mean_cov_numeric_features": -0.5402846336364746,
    "stdev_cov_numeric_features": 7.572517395019531,
    "min_cov_numeric_features": -11.368680000305176,
    "q1_cov_numeric_features": -5.677167296409607,
    "median_cov_numeric_features": 0.7795693874359131,
    "q3_cov_numeric_features": 5.916452169418335,
    "max_cov_numeric_features": 7.648403167724609,
    "mean_entropy_categorical_features": NaN,
    "stdev_entropy_categorical_features": NaN,
    "min_entropy_categorical_features": NaN,
    "median_entropy_categorical_features": NaN,
    "max_entropy_categorical_features": NaN,
    "knn_5_mse": 3.160276464448129,
    "knn_5_mae": 1.3763823960498962,
    "knn_5_r2": 0.6801872486457771,
    "decision_tree_3_mse": 6.096405547692096,
    "decision_tree_3_mae": 1.9621530189991172,
    "decision_tree_3_r2": 0.38261762415219935,
    "decision_tree_1_mse": 7.752528839844917,
    "decision_tree_1_mae": 2.209565808738447,
    "decision_tree_1_r2": 0.21466180616228947,
    "random_tree_2_mse": 8.494505732016073,
    "random_tree_2_mae": 2.3037309260709704,
    "random_tree_2_r2": 0.13837681361869053,
    "mean_correlation_features_target": -0.037034772336483,
    "stdev_correlation_features_target": 0.35460636019706726,
    "min_correlation_features_target": -0.5650836229324341,
    "q1_correlation_features_target": -0.2557573541998863,
    "median_correlation_features_target": 0.04477351903915405,
    "q3_correlation_features_target": 0.2634961009025574,
    "max_correlation_features_target": 0.32739749550819397
}