{
    "nb_instances": 534,
    "log_nb_instances": 6.280395838960195,
    "nb_features": 10,
    "dataset_dimensionality": 53.4,
    "log_dataset_dimensionality": 3.977810745966149,
    "dataset_ratio": 0.018726591760299626,
    "nb_missing_vals": 0,
    "ratio_features_with_missing_vals": 0.0,
    "ratio_instances_with_missing_vals": 0.0,
    "nb_numeric_features": 3,
    "nb_categorical_features": 7,
    "ratio_numeric_categorical_features": 0.42857142857142855,
    "ratio_categorical_numeric_features": 2.3333333333333335,
    "mean__target": 9.024064064025879,
    "stdev__target": 5.13428258895874,
    "min__target": 1.0,
    "q1__target": 5.25,
    "median__target": 7.78000020980835,
    "q3__target": 11.25,
    "max__target": 44.5,
    "mean_mean_numeric_features": 22.55805206298828,
    "stdev_mean_numeric_features": 10.282859802246094,
    "min_mean_numeric_features": 13.018726348876953,
    "q1_mean_numeric_features": 15.420412063598633,
    "median_mean_numeric_features": 17.822097778320312,
    "q3_mean_numeric_features": 27.327714920043945,
    "max_mean_numeric_features": 36.83333206176758,
    "mean_stdev_numeric_features": 8.907218933105469,
    "stdev_stdev_numeric_features": 4.456989765167236,
    "min_stdev_numeric_features": 2.615372657775879,
    "q1_stdev_numeric_features": 7.17097282409668,
    "median_stdev_numeric_features": 11.72657299041748,
    "q3_stdev_numeric_features": 12.053141593933105,
    "max_stdev_numeric_features": 12.37971019744873,
    "mean_var_numeric_features": 99.20330810546875,
    "stdev_var_numeric_features": 65.62613677978516,
    "min_var_numeric_features": 6.840174198150635,
    "q1_var_numeric_features": 72.17634320259094,
    "median_var_numeric_features": 137.51251220703125,
    "q3_var_numeric_features": 145.3848648071289,
    "max_var_numeric_features": 153.25721740722656,
    "mean_min_numeric_features": 6.666666507720947,
    "stdev_min_numeric_features": 8.055364608764648,
    "min_min_numeric_features": 0.0,
    "q1_min_numeric_features": 1.0,
    "median_min_numeric_features": 2.0,
    "q3_min_numeric_features": 10.0,
    "max_min_numeric_features": 18.0,
    "mean_median_numeric_features": 20.66666603088379,
    "stdev_median_numeric_features": 10.208928108215332,
    "min_median_numeric_features": 12.0,
    "q1_median_numeric_features": 13.5,
    "median_median_numeric_features": 15.0,
    "q3_median_numeric_features": 25.0,
    "max_median_numeric_features": 35.0,
    "mean_max_numeric_features": 45.66666793823242,
    "stdev_max_numeric_features": 19.905330657958984,
    "min_max_numeric_features": 18.0,
    "q1_max_numeric_features": 36.5,
    "median_max_numeric_features": 55.0,
    "q3_max_numeric_features": 59.5,
    "max_max_numeric_features": 64.0,
    "pca_1": 0.9678509523111593,
    "pca_2": 0.03211564006682568,
    "pca_3": 3.340762201494518e-05,
    "mean_cov_numeric_features": 7.11226224899292,
    "stdev_cov_numeric_features": 2.517423629760742,
    "min_cov_numeric_features": 5.13328218460083,
    "q1_cov_numeric_features": 5.3360276222229,
    "median_cov_numeric_features": 5.538773059844971,
    "q3_cov_numeric_features": 8.101752042770386,
    "max_cov_numeric_features": 10.6647310256958,
    "mean_entropy_categorical_features": 0.7619668245315552,
    "stdev_entropy_categorical_features": 0.3887938857078552,
    "min_entropy_categorical_features": 0.4710525572299957,
    "median_entropy_categorical_features": 0.6440198421478271,
    "max_entropy_categorical_features": 1.7006473541259766,
    "knn_5_mse": NaN,
    "knn_5_mae": NaN,
    "knn_5_r2": NaN,
    "decision_tree_3_mse": NaN,
    "decision_tree_3_mae": NaN,
    "decision_tree_3_r2": NaN,
    "decision_tree_1_mse": NaN,
    "decision_tree_1_mae": NaN,
    "decision_tree_1_r2": NaN,
    "random_tree_2_mse": NaN,
    "random_tree_2_mae": NaN,
    "random_tree_2_r2": NaN,
    "mean_correlation_features_target": 0.21531616151332855,
    "stdev_correlation_features_target": 0.12339361757040024,
    "min_correlation_features_target": 0.08705952763557434,
    "q1_correlation_features_target": 0.1320132091641426,
    "median_correlation_features_target": 0.17696689069271088,
    "q3_correlation_features_target": 0.27944447845220566,
    "max_correlation_features_target": 0.38192206621170044
}