{
    "nb_instances": 559,
    "log_nb_instances": 6.326149473155099,
    "nb_features": 4,
    "dataset_dimensionality": 139.75,
    "log_dataset_dimensionality": 4.939855112035208,
    "dataset_ratio": 0.007155635062611807,
    "nb_missing_vals": 0,
    "ratio_features_with_missing_vals": 0.0,
    "ratio_instances_with_missing_vals": 0.0,
    "nb_numeric_features": 3,
    "nb_categorical_features": 1,
    "ratio_numeric_categorical_features": 3.0,
    "ratio_categorical_numeric_features": 0.3333333333333333,
    "mean__target": 5.90876579284668,
    "stdev__target": 49.244930267333984,
    "min__target": 0.0,
    "q1__target": 0.0,
    "median__target": 0.0,
    "q3__target": 0.0,
    "max__target": 607.0,
    "mean_mean_numeric_features": 9034.4306640625,
    "stdev_mean_numeric_features": 12519.0595703125,
    "min_mean_numeric_features": 52.5,
    "q1_mean_numeric_features": 182.43605041503906,
    "median_mean_numeric_features": 312.3721008300781,
    "q3_mean_numeric_features": 13525.396011352539,
    "max_mean_numeric_features": 26738.419921875,
    "mean_stdev_numeric_features": 69566.875,
    "stdev_stdev_numeric_features": 98185.546875,
    "min_stdev_numeric_features": 18.72504234313965,
    "q1_stdev_numeric_features": 139.2396116256714,
    "median_stdev_numeric_features": 259.7541809082031,
    "q3_stdev_numeric_features": 104340.9474029541,
    "max_stdev_numeric_features": 208422.140625,
    "mean_var_numeric_features": 14479952896.0,
    "stdev_var_numeric_features": 20477696000.0,
    "min_var_numeric_features": 350.6272277832031,
    "q1_var_numeric_features": 33911.4308013916,
    "median_var_numeric_features": 67472.234375,
    "q3_var_numeric_features": 21719927752.117188,
    "max_var_numeric_features": 43439788032.0,
    "mean_min_numeric_features": 10.833333015441895,
    "stdev_min_numeric_features": 9.2044677734375,
    "min_min_numeric_features": 0.0,
    "q1_min_numeric_features": 5.0,
    "median_min_numeric_features": 10.0,
    "q3_min_numeric_features": 16.25,
    "max_min_numeric_features": 22.5,
    "mean_median_numeric_features": 219.1666717529297,
    "stdev_median_numeric_features": 123.0869140625,
    "min_median_numeric_features": 52.5,
    "q1_median_numeric_features": 155.75,
    "median_median_numeric_features": 259.0,
    "q3_median_numeric_features": 302.5,
    "max_median_numeric_features": 346.0,
    "mean_max_numeric_features": 985884.8125,
    "stdev_max_numeric_features": 1393533.0,
    "min_max_numeric_features": 82.5,
    "q1_max_numeric_features": 508.25,
    "median_max_numeric_features": 934.0,
    "q3_max_numeric_features": 1478786.0,
    "max_max_numeric_features": 2956638.0,
    "pca_1": 0.9999984746155492,
    "pca_2": 1.5173727930135737e-06,
    "pca_3": 8.011657762146489e-09,
    "mean_cov_numeric_features": 1360297.375,
    "stdev_cov_numeric_features": 1924946.0,
    "min_cov_numeric_features": -1747.525146484375,
    "q1_cov_numeric_features": -844.8288822174072,
    "median_cov_numeric_features": 57.86738204956055,
    "q3_cov_numeric_features": 2041319.8086910248,
    "max_cov_numeric_features": 4082581.75,
    "mean_entropy_categorical_features": 3.761200189590454,
    "stdev_entropy_categorical_features": 0.0,
    "min_entropy_categorical_features": 3.761200189590454,
    "median_entropy_categorical_features": 3.761200189590454,
    "max_entropy_categorical_features": 3.761200189590454,
    "knn_5_mse": 1509.6634362795476,
    "knn_5_mae": 5.320074511819115,
    "knn_5_r2": 0.15371902497082313,
    "decision_tree_3_mse": 431.69898749969116,
    "decision_tree_3_mae": 2.7475255746105827,
    "decision_tree_3_r2": 0.8380192991894826,
    "decision_tree_1_mse": 1273.7003043627672,
    "decision_tree_1_mae": 5.5931332648776895,
    "decision_tree_1_r2": 0.4338490975441618,
    "random_tree_2_mse": 2028.8507656196496,
    "random_tree_2_mae": 8.784594511509134,
    "random_tree_2_r2": -0.22330447973719664,
    "mean_correlation_features_target": 0.10787257552146912,
    "stdev_correlation_features_target": 0.22029384970664978,
    "min_correlation_features_target": -0.1364930421113968,
    "q1_correlation_features_target": -0.03689701482653618,
    "median_correlation_features_target": 0.06269901245832443,
    "q3_correlation_features_target": 0.23005538806319237,
    "max_correlation_features_target": 0.3974117636680603
}