{
    "nb_instances": 284,
    "log_nb_instances": 5.648974238161206,
    "nb_features": 9,
    "dataset_dimensionality": 31.555555555555557,
    "log_dataset_dimensionality": 3.4517496608249867,
    "dataset_ratio": 0.03169014084507042,
    "nb_missing_vals": 0,
    "ratio_features_with_missing_vals": 0.0,
    "ratio_instances_with_missing_vals": 0.0,
    "nb_numeric_features": 9,
    "nb_categorical_features": 0,
    "ratio_numeric_categorical_features": 0.0,
    "ratio_categorical_numeric_features": 0.0,
    "mean__target": 25.573944091796875,
    "stdev__target": 14.524075508117676,
    "min__target": 1.0,
    "q1__target": 13.0,
    "median__target": 25.5,
    "q3__target": 38.0,
    "max__target": 50.0,
    "mean_mean_numeric_features": 582.544921875,
    "stdev_mean_numeric_features": 1035.2808837890625,
    "min_mean_numeric_features": 4.3380279541015625,
    "q1_mean_numeric_features": 22.18661880493164,
    "median_mean_numeric_features": 29.3626766204834,
    "q3_mean_numeric_features": 245.08802795410156,
    "max_mean_numeric_features": 3077.524658203125,
    "mean_stdev_numeric_features": 1080.5311279296875,
    "stdev_stdev_numeric_features": 1839.769287109375,
    "min_stdev_numeric_features": 2.089473247528076,
    "q1_stdev_numeric_features": 7.249980926513672,
    "median_stdev_numeric_features": 51.55674362182617,
    "q3_stdev_numeric_features": 596.33251953125,
    "max_stdev_numeric_features": 4745.52685546875,
    "mean_var_numeric_features": 4552298.5,
    "stdev_var_numeric_features": 8485238.0,
    "min_var_numeric_features": 4.365898609161377,
    "q1_var_numeric_features": 52.56222152709961,
    "median_var_numeric_features": 2658.09765625,
    "q3_var_numeric_features": 355612.5,
    "max_var_numeric_features": 22520028.0,
    "mean_min_numeric_features": 65.44444274902344,
    "stdev_min_numeric_features": 112.19239807128906,
    "min_min_numeric_features": 1.0,
    "q1_min_numeric_features": 3.0,
    "median_min_numeric_features": 8.0,
    "q3_min_numeric_features": 31.0,
    "max_min_numeric_features": 347.0,
    "mean_median_numeric_features": 320.77777099609375,
    "stdev_median_numeric_features": 594.6093139648438,
    "min_median_numeric_features": 4.0,
    "q1_median_numeric_features": 15.0,
    "median_median_numeric_features": 21.0,
    "q3_median_numeric_features": 113.5,
    "max_median_numeric_features": 1854.5,
    "mean_max_numeric_features": 12798.22265625,
    "stdev_max_numeric_features": 22043.177734375,
    "min_max_numeric_features": 8.0,
    "q1_max_numeric_features": 46.0,
    "median_max_numeric_features": 653.0,
    "q3_max_numeric_features": 6720.0,
    "max_max_numeric_features": 59877.0,
    "pca_1": 0.9702904212076303,
    "pca_2": 0.029688599266221753,
    "pca_3": 1.4788654662563639e-05,
    "mean_cov_numeric_features": -2074.7734375,
    "stdev_cov_numeric_features": 3591.64013671875,
    "min_cov_numeric_features": -9855.373046875,
    "q1_cov_numeric_features": -1038.00830078125,
    "median_cov_numeric_features": -106.70674133300781,
    "q3_cov_numeric_features": -30.053850173950195,
    "max_cov_numeric_features": 25.19753074645996,
    "mean_entropy_categorical_features": NaN,
    "stdev_entropy_categorical_features": NaN,
    "min_entropy_categorical_features": NaN,
    "median_entropy_categorical_features": NaN,
    "max_entropy_categorical_features": NaN,
    "knn_5_mse": 232.49042253521128,
    "knn_5_mae": 12.838028169014084,
    "knn_5_r2": -0.10083423802610927,
    "decision_tree_3_mse": 46.57009416541751,
    "decision_tree_3_mae": 4.6079349120622615,
    "decision_tree_3_r2": 0.7773776510421053,
    "decision_tree_1_mse": 89.65947266648149,
    "decision_tree_1_mae": 7.7953226087722225,
    "decision_tree_1_r2": 0.557648274505016,
    "random_tree_2_mse": 63.490535146956304,
    "random_tree_2_mae": 5.5643245607168765,
    "random_tree_2_r2": 0.6983547939604055,
    "mean_correlation_features_target": -0.05418437719345093,
    "stdev_correlation_features_target": 0.3498977720737457,
    "min_correlation_features_target": -0.5518690347671509,
    "q1_correlation_features_target": -0.15323074162006378,
    "median_correlation_features_target": -0.13870775699615479,
    "q3_correlation_features_target": -0.11963489651679993,
    "max_correlation_features_target": 0.8288324475288391
}