{
    "nb_instances": 662,
    "log_nb_instances": 6.495265555937008,
    "nb_features": 3,
    "dataset_dimensionality": 220.66666666666666,
    "log_dataset_dimensionality": 5.396653267268898,
    "dataset_ratio": 0.004531722054380665,
    "nb_missing_vals": 0,
    "ratio_features_with_missing_vals": 0.0,
    "ratio_instances_with_missing_vals": 0.0,
    "nb_numeric_features": 3,
    "nb_categorical_features": 0,
    "ratio_numeric_categorical_features": 0.0,
    "ratio_categorical_numeric_features": 0.0,
    "mean__target": 72793.8125,
    "stdev__target": 30000.07421875,
    "min__target": -21480.259765625,
    "q1__target": 54542.8154296875,
    "median__target": 73591.37890625,
    "q3__target": 89957.78125,
    "max__target": 224442.25,
    "mean_mean_numeric_features": 23.480947494506836,
    "stdev_mean_numeric_features": 13.74550724029541,
    "min_mean_numeric_features": 9.89602279663086,
    "q1_mean_numeric_features": 14.064004898071289,
    "median_mean_numeric_features": 18.23198699951172,
    "q3_mean_numeric_features": 30.273408889770508,
    "max_mean_numeric_features": 42.3148307800293,
    "mean_stdev_numeric_features": 8.96184253692627,
    "stdev_stdev_numeric_features": 4.901719093322754,
    "min_stdev_numeric_features": 4.271041393280029,
    "q1_stdev_numeric_features": 5.579076528549194,
    "median_stdev_numeric_features": 6.887111663818359,
    "q3_stdev_numeric_features": 11.307243347167969,
    "max_stdev_numeric_features": 15.727375030517578,
    "mean_var_numeric_features": 104.34146881103516,
    "stdev_var_numeric_features": 101.8222885131836,
    "min_var_numeric_features": 18.241796493530273,
    "q1_var_numeric_features": 32.83705234527588,
    "median_var_numeric_features": 47.432308197021484,
    "q3_var_numeric_features": 147.3913173675537,
    "max_var_numeric_features": 247.35032653808594,
    "mean_min_numeric_features": -1.6258853673934937,
    "stdev_min_numeric_features": 3.82779860496521,
    "min_min_numeric_features": -6.551535129547119,
    "q1_min_numeric_features": -3.8296075463294983,
    "median_min_numeric_features": -1.1076799631118774,
    "q3_min_numeric_features": 0.8369395136833191,
    "max_min_numeric_features": 2.7815589904785156,
    "mean_median_numeric_features": 23.284128189086914,
    "stdev_median_numeric_features": 13.466608047485352,
    "min_median_numeric_features": 9.801094055175781,
    "q1_median_numeric_features": 14.089280128479004,
    "median_median_numeric_features": 18.377466201782227,
    "q3_median_numeric_features": 30.025647163391113,
    "max_median_numeric_features": 41.673828125,
    "mean_max_numeric_features": 52.49714279174805,
    "stdev_max_numeric_features": 28.623153686523438,
    "min_max_numeric_features": 24.965124130249023,
    "q1_max_numeric_features": 32.76483631134033,
    "median_max_numeric_features": 40.56454849243164,
    "q3_max_numeric_features": 66.26315498352051,
    "max_max_numeric_features": 91.96176147460938,
    "pca_1": 0.790221999132392,
    "pca_2": 0.15151598735573296,
    "pca_3": 0.05826201351187508,
    "mean_cov_numeric_features": -13115.7548828125,
    "stdev_cov_numeric_features": 14234.154296875,
    "min_cov_numeric_features": -30592.48828125,
    "q1_cov_numeric_features": -21810.4326171875,
    "median_cov_numeric_features": -13028.376953125,
    "q3_cov_numeric_features": -4377.38916015625,
    "max_cov_numeric_features": 4273.5986328125,
    "mean_entropy_categorical_features": NaN,
    "stdev_entropy_categorical_features": NaN,
    "min_entropy_categorical_features": NaN,
    "median_entropy_categorical_features": NaN,
    "max_entropy_categorical_features": NaN,
    "knn_5_mse": 1066176203.9743187,
    "knn_5_mae": 25859.555202771084,
    "knn_5_r2": -0.21052428666860162,
    "decision_tree_3_mse": 966087894.0643008,
    "decision_tree_3_mae": 23879.68600092701,
    "decision_tree_3_r2": -0.08038624501866307,
    "decision_tree_1_mse": 919386948.449556,
    "decision_tree_1_mae": 23462.749502273524,
    "decision_tree_1_r2": -0.028427065300286575,
    "random_tree_2_mse": 899113235.2714204,
    "random_tree_2_mae": 23103.228655954706,
    "random_tree_2_r2": -0.006576442922314574,
    "mean_correlation_features_target": -0.04857483506202698,
    "stdev_correlation_features_target": 0.05121693015098572,
    "min_correlation_features_target": -0.10160285979509354,
    "q1_correlation_features_target": -0.08319642767310143,
    "median_correlation_features_target": -0.06478999555110931,
    "q3_correlation_features_target": -0.022060818038880825,
    "max_correlation_features_target": 0.020668359473347664
}