{
    "nb_instances": 222,
    "log_nb_instances": 5.402677381872279,
    "nb_features": 2,
    "dataset_dimensionality": 111.0,
    "log_dataset_dimensionality": 4.709530201312334,
    "dataset_ratio": 0.009009009009009009,
    "nb_missing_vals": 0,
    "ratio_features_with_missing_vals": 0.0,
    "ratio_instances_with_missing_vals": 0.0,
    "nb_numeric_features": 2,
    "nb_categorical_features": 0,
    "ratio_numeric_categorical_features": 0.0,
    "ratio_categorical_numeric_features": 0.0,
    "mean__target": 71.0090103149414,
    "stdev__target": 12.770317077636719,
    "min__target": 42.0,
    "q1__target": 60.0,
    "median__target": 75.0,
    "q3__target": 81.0,
    "max__target": 95.0,
    "mean_mean_numeric_features": 7.93671178817749,
    "stdev_mean_numeric_features": 4.360585689544678,
    "min_mean_numeric_features": 3.5761260986328125,
    "q1_mean_numeric_features": 5.756418943405151,
    "median_mean_numeric_features": 7.93671178817749,
    "q3_mean_numeric_features": 10.117004632949829,
    "max_mean_numeric_features": 12.297297477722168,
    "mean_stdev_numeric_features": 4.473282814025879,
    "stdev_stdev_numeric_features": 3.3893325328826904,
    "min_stdev_numeric_features": 1.0839500427246094,
    "q1_stdev_numeric_features": 2.7786163091659546,
    "median_stdev_numeric_features": 4.4732825756073,
    "q3_stdev_numeric_features": 6.167948842048645,
    "max_stdev_numeric_features": 7.86261510848999,
    "mean_var_numeric_features": 31.497833251953125,
    "stdev_var_numeric_features": 30.32288360595703,
    "min_var_numeric_features": 1.1749478578567505,
    "q1_var_numeric_features": 16.336390107870102,
    "median_var_numeric_features": 31.497832357883453,
    "q3_var_numeric_features": 46.659274607896805,
    "max_var_numeric_features": 61.820716857910156,
    "mean_min_numeric_features": 1.350000023841858,
    "stdev_min_numeric_features": 0.3500000238418579,
    "min_min_numeric_features": 1.0,
    "q1_min_numeric_features": 1.175000011920929,
    "median_min_numeric_features": 1.350000023841858,
    "q3_min_numeric_features": 1.5250000357627869,
    "max_min_numeric_features": 1.7000000476837158,
    "mean_median_numeric_features": 10.0,
    "stdev_median_numeric_features": 6.0,
    "min_median_numeric_features": 4.0,
    "q1_median_numeric_features": 7.0,
    "median_median_numeric_features": 10.0,
    "q3_median_numeric_features": 13.0,
    "max_median_numeric_features": 16.0,
    "mean_max_numeric_features": 14.100000381469727,
    "stdev_max_numeric_features": 8.899999618530273,
    "min_max_numeric_features": 5.199999809265137,
    "q1_max_numeric_features": 9.649999856948853,
    "median_max_numeric_features": 14.099999904632568,
    "q3_max_numeric_features": 18.549999952316284,
    "max_max_numeric_features": 23.0,
    "pca_1": 0.9814814659282488,
    "pca_2": 0.018518534071751133,
    "mean_cov_numeric_features": 5.896048069000244,
    "stdev_cov_numeric_features": 6.274303913116455,
    "min_cov_numeric_features": -0.37825608253479004,
    "q1_cov_numeric_features": 2.7588959336280823,
    "median_cov_numeric_features": 5.896047949790955,
    "q3_cov_numeric_features": 9.033199965953827,
    "max_cov_numeric_features": 12.1703519821167,
    "mean_entropy_categorical_features": NaN,
    "stdev_entropy_categorical_features": NaN,
    "min_entropy_categorical_features": NaN,
    "median_entropy_categorical_features": NaN,
    "max_entropy_categorical_features": NaN,
    "knn_5_mse": 42.050321428571436,
    "knn_5_mae": 5.168068181818181,
    "knn_5_r2": 0.7280131019362808,
    "decision_tree_3_mse": 42.60284387404539,
    "decision_tree_3_mae": 5.123845920746488,
    "decision_tree_3_r2": 0.7213628409342471,
    "decision_tree_1_mse": 51.56790342512792,
    "decision_tree_1_mae": 5.544021211028539,
    "decision_tree_1_r2": 0.6763057576873337,
    "random_tree_2_mse": 51.1920071421879,
    "random_tree_2_mae": 5.498148493801338,
    "random_tree_2_r2": 0.678273199759627,
    "mean_correlation_features_target": 0.43673399090766907,
    "stdev_correlation_features_target": 0.4404926896095276,
    "min_correlation_features_target": -0.003758693113923073,
    "q1_correlation_features_target": 0.21648764284327626,
    "median_correlation_features_target": 0.4367339788004756,
    "q3_correlation_features_target": 0.6569803147576749,
    "max_correlation_features_target": 0.8772266507148743
}