{
    "nb_instances": 345,
    "log_nb_instances": 5.84354441703136,
    "nb_features": 5,
    "dataset_dimensionality": 69.0,
    "log_dataset_dimensionality": 4.23410650459726,
    "dataset_ratio": 0.014492753623188406,
    "nb_missing_vals": 0,
    "ratio_features_with_missing_vals": 0.0,
    "ratio_instances_with_missing_vals": 0.0,
    "nb_numeric_features": 5,
    "nb_categorical_features": 0,
    "ratio_numeric_categorical_features": 0.0,
    "ratio_categorical_numeric_features": 0.0,
    "mean__target": 3.4550724029541016,
    "stdev__target": 3.3329944610595703,
    "min__target": 0.0,
    "q1__target": 0.5,
    "median__target": 3.0,
    "q3__target": 6.0,
    "max__target": 20.0,
    "mean_mean_numeric_features": 50.672462463378906,
    "stdev_mean_numeric_features": 25.177242279052734,
    "min_mean_numeric_features": 24.643478393554688,
    "q1_mean_numeric_features": 30.405797958374023,
    "median_mean_numeric_features": 38.2840576171875,
    "q3_mean_numeric_features": 69.86956787109375,
    "max_mean_numeric_features": 90.159423828125,
    "mean_stdev_numeric_features": 18.325435638427734,
    "stdev_stdev_numeric_features": 11.834385871887207,
    "min_stdev_numeric_features": 4.448095798492432,
    "q1_stdev_numeric_features": 10.064494132995605,
    "median_stdev_numeric_features": 18.34766960144043,
    "q3_stdev_numeric_features": 19.51230812072754,
    "max_stdev_numeric_features": 39.254615783691406,
    "mean_var_numeric_features": 475.87432861328125,
    "stdev_var_numeric_features": 549.7453002929688,
    "min_var_numeric_features": 19.785558700561523,
    "q1_var_numeric_features": 101.29403686523438,
    "median_var_numeric_features": 336.6369934082031,
    "q3_var_numeric_features": 380.7301940917969,
    "max_var_numeric_features": 1540.9249267578125,
    "mean_min_numeric_features": 20.399999618530273,
    "stdev_min_numeric_features": 23.405981063842773,
    "min_min_numeric_features": 4.0,
    "q1_min_numeric_features": 5.0,
    "median_min_numeric_features": 5.0,
    "q3_min_numeric_features": 23.0,
    "max_min_numeric_features": 65.0,
    "mean_median_numeric_features": 46.20000076293945,
    "stdev_median_numeric_features": 27.374441146850586,
    "min_median_numeric_features": 23.0,
    "q1_median_numeric_features": 25.0,
    "median_median_numeric_features": 26.0,
    "q3_median_numeric_features": 67.0,
    "max_median_numeric_features": 90.0,
    "mean_max_numeric_features": 155.0,
    "stdev_max_numeric_features": 75.47979736328125,
    "min_max_numeric_features": 82.0,
    "q1_max_numeric_features": 103.0,
    "median_max_numeric_features": 138.0,
    "q3_max_numeric_features": 155.0,
    "max_max_numeric_features": 297.0,
    "pca_1": 0.7156819860532074,
    "pca_2": 0.13846656851889785,
    "pca_3": 0.12226797509457424,
    "mean_cov_numeric_features": 15.677682876586914,
    "stdev_cov_numeric_features": 14.827736854553223,
    "min_cov_numeric_features": 4.64235782623291,
    "q1_cov_numeric_features": 6.1729021072387695,
    "median_cov_numeric_features": 9.392366409301758,
    "q3_cov_numeric_features": 13.471773147583008,
    "max_cov_numeric_features": 44.70901870727539,
    "mean_entropy_categorical_features": NaN,
    "stdev_entropy_categorical_features": NaN,
    "min_entropy_categorical_features": NaN,
    "median_entropy_categorical_features": NaN,
    "max_entropy_categorical_features": NaN,
    "knn_5_mse": 11.99964113873296,
    "knn_5_mae": 2.6358192996524994,
    "knn_5_r2": -0.12117114278139074,
    "decision_tree_3_mse": 13.178132597171404,
    "decision_tree_3_mae": 2.6776724546224973,
    "decision_tree_3_r2": -0.1916603681951051,
    "decision_tree_1_mse": 10.596066648149463,
    "decision_tree_1_mae": 2.5706813095754977,
    "decision_tree_1_r2": 0.02615897335010378,
    "random_tree_2_mse": 9.905347472818775,
    "random_tree_2_mae": 2.488146569346358,
    "random_tree_2_r2": 0.09750317384855459,
    "mean_correlation_features_target": 0.2482270449399948,
    "stdev_correlation_features_target": 0.08629505336284637,
    "min_correlation_features_target": 0.10079605877399445,
    "q1_correlation_features_target": 0.2068479359149933,
    "median_correlation_features_target": 0.2795877754688263,
    "q3_correlation_features_target": 0.31267958879470825,
    "max_correlation_features_target": 0.34122395515441895
}