{
    "nb_instances": 898,
    "log_nb_instances": 6.8001700683022,
    "nb_features": 38,
    "dataset_dimensionality": 23.63157894736842,
    "log_dataset_dimensionality": 3.162583908575814,
    "dataset_ratio": 0.042316258351893093,
    "nb_missing_vals": 0,
    "ratio_features_with_missing_vals": 0.0,
    "ratio_instances_with_missing_vals": 0.0,
    "nb_numeric_features": 6,
    "nb_categorical_features": 32,
    "ratio_numeric_categorical_features": 0.1875,
    "ratio_categorical_numeric_features": 5.333333333333333,
    "nb_classes": 6,
    "class_entropy": 0.8247299827628457,
    "mean_target_class_ratio": 0.1666666716337204,
    "stdev_target_class_ratio": 0.1666666716337204,
    "min_target_class_ratio": 0.0,
    "median_target_class_ratio": 0.059576839208602905,
    "max_target_class_ratio": 0.7616926431655884,
    "mean_mean_numeric_features": 348.5042419433594,
    "stdev_mean_numeric_features": 348.5042419433594,
    "mean_stdev_numeric_features": 405.1732482910156,
    "stdev_stdev_numeric_features": 405.1732482910156,
    "mean_var_numeric_features": 613409.3125,
    "stdev_var_numeric_features": 613409.3125,
    "mean_min_numeric_features": 0.03999999910593033,
    "stdev_min_numeric_features": 0.03999999910593033,
    "mean_median_numeric_features": 203.6333465576172,
    "stdev_median_numeric_features": 203.6333465576172,
    "mean_max_numeric_features": 1210.6666259765625,
    "stdev_max_numeric_features": 1210.6666259765625,
    "mean_skew_numeric_features": 2.026982545852661,
    "stdev_skew_numeric_features": 2.026982545852661,
    "mean_kurtosis_numeric_features": 4.648024559020996,
    "stdev_kurtosis_numeric_features": 4.648024559020996,
    "pca_1": 0.9524590253319098,
    "pca_2": 0.04375339035837265,
    "pca_3": 0.0035760763356248253,
    "mean_entropy_categorical_features": 0.3213450312614441,
    "stdev_entropy_categorical_features": 0.3213450312614441,
    "mean_information_gain_categorical_features": NaN,
    "stdev_information_gain_categorical_features": NaN,
    "mean_mutual_informaiton_categorical_features": 0.05672953650355339,
    "stdev_mutual_informaiton_categorical_features": 0.05672953650355339,
    "gaussian_nb_accuracy": NaN,
    "gaussian_nb_balanced_accuracy": NaN,
    "lda_accuracy": NaN,
    "lda_balanced_accuracy": NaN,
    "decision_tree_1_accuracy": NaN,
    "decision_tree_1_balanced_accuracy": NaN,
    "decision_tree_2_accuracy": NaN,
    "decision_tree_2_balanced_accuracy": NaN,
    "extra_trees_2_10_accuracy": NaN,
    "extra_trees_2_10_balanced_accuracy": NaN
}