{
    "nb_instances": 4562,
    "log_nb_instances": 8.425516402844334,
    "nb_features": 14,
    "dataset_dimensionality": 325.85714285714283,
    "log_dataset_dimensionality": 5.786459073229075,
    "dataset_ratio": 0.003068829460762823,
    "nb_missing_vals": 88,
    "ratio_features_with_missing_vals": 0.00021920210434020167,
    "ratio_instances_with_missing_vals": 0.019289785181937746,
    "nb_numeric_features": 6,
    "nb_categorical_features": 8,
    "ratio_numeric_categorical_features": 0.75,
    "ratio_categorical_numeric_features": 1.3333333333333333,
    "nb_classes": 2,
    "class_entropy": 0.5602789176035153,
    "mean_target_class_ratio": 0.5,
    "stdev_target_class_ratio": 0.5,
    "min_target_class_ratio": 0.24813678860664368,
    "median_target_class_ratio": 0.5,
    "max_target_class_ratio": 0.7518632411956787,
    "mean_mean_numeric_features": 32082.9140625,
    "stdev_mean_numeric_features": 32082.9140625,
    "mean_stdev_numeric_features": 19529.771484375,
    "stdev_stdev_numeric_features": 19529.771484375,
    "mean_var_numeric_features": 1964043264.0,
    "stdev_var_numeric_features": 1964043264.0,
    "mean_min_numeric_features": 3388.0,
    "stdev_min_numeric_features": 3388.0,
    "mean_median_numeric_features": 29801.166015625,
    "stdev_median_numeric_features": 29801.166015625,
    "mean_max_numeric_features": 214751.5,
    "stdev_max_numeric_features": 214751.5,
    "mean_skew_numeric_features": 2.8197410106658936,
    "stdev_skew_numeric_features": 2.8197410106658936,
    "mean_kurtosis_numeric_features": 24.283227920532227,
    "stdev_kurtosis_numeric_features": 24.283227920532227,
    "pca_1": 0.9938422749786476,
    "pca_2": 0.006142644588315631,
    "pca_3": 1.5053434167479563e-05,
    "mean_entropy_categorical_features": 1.2292124032974243,
    "stdev_entropy_categorical_features": 1.2292124032974243,
    "mean_information_gain_categorical_features": 0.04947870969772339,
    "stdev_information_gain_categorical_features": 0.04947870969772339,
    "mean_mutual_informaiton_categorical_features": 0.04947870969772339,
    "stdev_mutual_informaiton_categorical_features": 0.04947870969772339,
    "gaussian_nb_accuracy": NaN,
    "gaussian_nb_balanced_accuracy": NaN,
    "lda_accuracy": NaN,
    "lda_balanced_accuracy": NaN,
    "decision_tree_1_accuracy": NaN,
    "decision_tree_1_balanced_accuracy": NaN,
    "decision_tree_2_accuracy": NaN,
    "decision_tree_2_balanced_accuracy": NaN,
    "extra_trees_2_10_accuracy": NaN,
    "extra_trees_2_10_balanced_accuracy": NaN
}