{
    "nb_instances": 3468,
    "log_nb_instances": 8.151333337900432,
    "nb_features": 970,
    "dataset_dimensionality": 3.575257731958763,
    "log_dataset_dimensionality": 1.274037266403004,
    "dataset_ratio": 0.27970011534025374,
    "nb_missing_vals": 0,
    "ratio_features_with_missing_vals": 0.0,
    "ratio_instances_with_missing_vals": 0.0,
    "nb_numeric_features": 970,
    "nb_categorical_features": 0,
    "ratio_numeric_categorical_features": 0.0,
    "ratio_categorical_numeric_features": 0.0,
    "nb_classes": 2,
    "class_entropy": 0.6930073223191227,
    "mean_target_class_ratio": 0.5,
    "stdev_target_class_ratio": 0.5,
    "min_target_class_ratio": 0.49163782596588135,
    "median_target_class_ratio": 0.5,
    "max_target_class_ratio": 0.5083621740341187,
    "mean_mean_numeric_features": 53.99496078491211,
    "stdev_mean_numeric_features": 53.99496078491211,
    "mean_stdev_numeric_features": 77.24974822998047,
    "stdev_stdev_numeric_features": 77.24974822998047,
    "mean_var_numeric_features": 7066.27197265625,
    "stdev_var_numeric_features": 7066.27197265625,
    "mean_min_numeric_features": 0.0,
    "stdev_min_numeric_features": 0.0,
    "mean_median_numeric_features": 19.905670166015625,
    "stdev_median_numeric_features": 19.905670166015625,
    "mean_max_numeric_features": 254.95567321777344,
    "stdev_max_numeric_features": 254.95567321777344,
    "mean_skew_numeric_features": 2.9342777729034424,
    "stdev_skew_numeric_features": 2.9342777729034424,
    "mean_kurtosis_numeric_features": 18.648494720458984,
    "stdev_kurtosis_numeric_features": 18.648494720458984,
    "pca_1": 0.05027614022395481,
    "pca_2": 0.04940705455239822,
    "pca_3": 0.03773491114978149,
    "mean_entropy_categorical_features": NaN,
    "stdev_entropy_categorical_features": NaN,
    "mean_information_gain_categorical_features": NaN,
    "stdev_information_gain_categorical_features": NaN,
    "mean_mutual_informaiton_categorical_features": NaN,
    "stdev_mutual_informaiton_categorical_features": NaN,
    "gaussian_nb_accuracy": 0.7846039647192384,
    "gaussian_nb_balanced_accuracy": 0.7835975410457909,
    "lda_accuracy": 0.8145876217922327,
    "lda_balanced_accuracy": 0.8141888749522392,
    "decision_tree_1_accuracy": 0.7350179439516615,
    "decision_tree_1_balanced_accuracy": 0.7327107239059153,
    "decision_tree_2_accuracy": 0.7825762773889575,
    "decision_tree_2_balanced_accuracy": 0.7816610469282499,
    "extra_trees_2_10_accuracy": 0.7845910733518803,
    "extra_trees_2_10_balanced_accuracy": 0.7834510720986619
}