{
    "nb_instances": 14395,
    "log_nb_instances": 9.574636203046277,
    "nb_features": 108,
    "dataset_dimensionality": 133.28703703703704,
    "log_dataset_dimensionality": 4.892504975922057,
    "dataset_ratio": 0.007502605071205279,
    "nb_missing_vals": 0,
    "ratio_features_with_missing_vals": 0.0,
    "ratio_instances_with_missing_vals": 0.0,
    "nb_numeric_features": 108,
    "nb_categorical_features": 0,
    "ratio_numeric_categorical_features": 0.0,
    "ratio_categorical_numeric_features": 0.0,
    "nb_classes": 2,
    "class_entropy": 0.23120895455669463,
    "mean_target_class_ratio": 0.5,
    "stdev_target_class_ratio": 0.5,
    "min_target_class_ratio": 0.061549149453639984,
    "median_target_class_ratio": 0.5,
    "max_target_class_ratio": 0.9384508728981018,
    "mean_mean_numeric_features": 84.19905853271484,
    "stdev_mean_numeric_features": 84.19905853271484,
    "mean_stdev_numeric_features": 28.352237701416016,
    "stdev_stdev_numeric_features": 28.352237701416016,
    "mean_var_numeric_features": 5153.91259765625,
    "stdev_var_numeric_features": 5153.91259765625,
    "mean_min_numeric_features": 7.814815044403076,
    "stdev_min_numeric_features": 7.814815044403076,
    "mean_median_numeric_features": 80.53704071044922,
    "stdev_median_numeric_features": 80.53704071044922,
    "mean_max_numeric_features": 180.5833282470703,
    "stdev_max_numeric_features": 180.5833282470703,
    "mean_skew_numeric_features": 14.907844543457031,
    "stdev_skew_numeric_features": 14.907844543457031,
    "mean_kurtosis_numeric_features": 777.1176147460938,
    "stdev_kurtosis_numeric_features": 777.1176147460938,
    "pca_1": 0.2047183347925587,
    "pca_2": 0.20010662293718823,
    "pca_3": 0.12424075973982611,
    "mean_entropy_categorical_features": NaN,
    "stdev_entropy_categorical_features": NaN,
    "mean_information_gain_categorical_features": NaN,
    "stdev_information_gain_categorical_features": NaN,
    "mean_mutual_informaiton_categorical_features": NaN,
    "stdev_mutual_informaiton_categorical_features": NaN,
    "gaussian_nb_accuracy": 0.9831886071552622,
    "gaussian_nb_balanced_accuracy": 0.9861805518340088,
    "lda_accuracy": 0.9844390413337963,
    "lda_balanced_accuracy": 0.9669169129155357,
    "decision_tree_1_accuracy": 0.9384508509899272,
    "decision_tree_1_balanced_accuracy": 0.5,
    "decision_tree_2_accuracy": 0.981312955887461,
    "decision_tree_2_balanced_accuracy": 0.9385730003498972,
    "extra_trees_2_10_accuracy": 0.938450850989927,
    "extra_trees_2_10_balanced_accuracy": 0.5
}