{
    "nb_instances": 3468,
    "log_nb_instances": 8.151333337900432,
    "nb_features": 784,
    "dataset_dimensionality": 4.423469387755102,
    "log_dataset_dimensionality": 1.4869243175500246,
    "dataset_ratio": 0.22606689734717417,
    "nb_missing_vals": 0,
    "ratio_features_with_missing_vals": 0.0,
    "ratio_instances_with_missing_vals": 0.0,
    "nb_numeric_features": 784,
    "nb_categorical_features": 0,
    "ratio_numeric_categorical_features": 0.0,
    "ratio_categorical_numeric_features": 0.0,
    "nb_classes": 10,
    "class_entropy": 2.3003953532663117,
    "mean_target_class_ratio": 0.10000000149011612,
    "stdev_target_class_ratio": 0.10000000149011612,
    "min_target_class_ratio": 0.09083045274019241,
    "median_target_class_ratio": 0.10020184516906738,
    "max_target_class_ratio": 0.11043829470872879,
    "mean_mean_numeric_features": 33.4616813659668,
    "stdev_mean_numeric_features": 33.4616813659668,
    "mean_stdev_numeric_features": 49.10647201538086,
    "stdev_stdev_numeric_features": 49.10647201538086,
    "mean_var_numeric_features": 4388.06005859375,
    "stdev_var_numeric_features": 4388.06005859375,
    "mean_min_numeric_features": 0.0,
    "stdev_min_numeric_features": 0.0,
    "mean_median_numeric_features": 12.182397842407227,
    "stdev_median_numeric_features": 12.182397842407227,
    "mean_max_numeric_features": 196.30612182617188,
    "stdev_max_numeric_features": 196.30612182617188,
    "mean_skew_numeric_features": 9.162196159362793,
    "stdev_skew_numeric_features": 9.162196159362793,
    "mean_kurtosis_numeric_features": 337.5251159667969,
    "stdev_kurtosis_numeric_features": 337.5251159667969,
    "pca_1": 0.09801666921348647,
    "pca_2": 0.06961428503096369,
    "pca_3": 0.06347031168191743,
    "mean_entropy_categorical_features": NaN,
    "stdev_entropy_categorical_features": NaN,
    "mean_information_gain_categorical_features": NaN,
    "stdev_information_gain_categorical_features": NaN,
    "mean_mutual_informaiton_categorical_features": NaN,
    "stdev_mutual_informaiton_categorical_features": NaN,
    "gaussian_nb_accuracy": 0.5816048504809311,
    "gaussian_nb_balanced_accuracy": 0.5665283446610827,
    "lda_accuracy": 0.8047914301516608,
    "lda_balanced_accuracy": 0.8002783140887866,
    "decision_tree_1_accuracy": 0.20674301682947216,
    "decision_tree_1_balanced_accuracy": 0.19160761779842486,
    "decision_tree_2_accuracy": 0.32987012987012987,
    "decision_tree_2_balanced_accuracy": 0.3223537254133865,
    "extra_trees_2_10_accuracy": 0.521621318163105,
    "extra_trees_2_10_balanced_accuracy": 0.5116468238331586
}