{
    "nb_instances": 4562,
    "log_nb_instances": 8.425516402844334,
    "nb_features": 48,
    "dataset_dimensionality": 95.04166666666667,
    "log_dataset_dimensionality": 4.554315391936442,
    "dataset_ratio": 0.01052170100832968,
    "nb_missing_vals": 0,
    "ratio_features_with_missing_vals": 0.0,
    "ratio_instances_with_missing_vals": 0.0,
    "nb_numeric_features": 48,
    "nb_categorical_features": 0,
    "ratio_numeric_categorical_features": 0.0,
    "ratio_categorical_numeric_features": 0.0,
    "nb_classes": 2,
    "class_entropy": 0.5602789176035153,
    "mean_target_class_ratio": 0.5,
    "stdev_target_class_ratio": 0.5,
    "min_target_class_ratio": 0.24813678860664368,
    "median_target_class_ratio": 0.5,
    "max_target_class_ratio": 0.7518632411956787,
    "mean_mean_numeric_features": 34.15561294555664,
    "stdev_mean_numeric_features": 34.15561294555664,
    "mean_stdev_numeric_features": 14.345588684082031,
    "stdev_stdev_numeric_features": 14.345588684082031,
    "mean_var_numeric_features": 1721.48095703125,
    "stdev_var_numeric_features": 1721.48095703125,
    "mean_min_numeric_features": 5.9375,
    "stdev_min_numeric_features": 5.9375,
    "mean_median_numeric_features": 32.54166793823242,
    "stdev_median_numeric_features": 32.54166793823242,
    "mean_max_numeric_features": 118.25,
    "stdev_max_numeric_features": 118.25,
    "mean_skew_numeric_features": 7.152925968170166,
    "stdev_skew_numeric_features": 7.152925968170166,
    "mean_kurtosis_numeric_features": 258.0687255859375,
    "stdev_kurtosis_numeric_features": 258.0687255859375,
    "pca_1": 0.32552091577599623,
    "pca_2": 0.25507835204937346,
    "pca_3": 0.16354332598295138,
    "mean_entropy_categorical_features": NaN,
    "stdev_entropy_categorical_features": NaN,
    "mean_information_gain_categorical_features": NaN,
    "stdev_information_gain_categorical_features": NaN,
    "mean_mutual_informaiton_categorical_features": NaN,
    "stdev_mutual_informaiton_categorical_features": NaN,
    "gaussian_nb_accuracy": 0.7231435310620473,
    "gaussian_nb_balanced_accuracy": 0.771066586816966,
    "lda_accuracy": 0.832966315020849,
    "lda_balanced_accuracy": 0.7398769892258171,
    "decision_tree_1_accuracy": 0.7518629542091813,
    "decision_tree_1_balanced_accuracy": 0.5,
    "decision_tree_2_accuracy": 0.8220050056686075,
    "decision_tree_2_balanced_accuracy": 0.7097154159275261,
    "extra_trees_2_10_accuracy": 0.7518679983090255,
    "extra_trees_2_10_balanced_accuracy": 0.5
}