{
    "nb_instances": 10936,
    "log_nb_instances": 9.299815378403785,
    "nb_features": 27,
    "dataset_dimensionality": 405.037037037037,
    "log_dataset_dimensionality": 6.003978512399456,
    "dataset_ratio": 0.002468910021945867,
    "nb_missing_vals": 0,
    "ratio_features_with_missing_vals": 0.0,
    "ratio_instances_with_missing_vals": 0.0,
    "nb_numeric_features": 24,
    "nb_categorical_features": 3,
    "ratio_numeric_categorical_features": 8.0,
    "ratio_categorical_numeric_features": 0.125,
    "nb_classes": 3,
    "class_entropy": 1.0856402641667202,
    "mean_target_class_ratio": 0.3333333432674408,
    "stdev_target_class_ratio": 0.3333333432674408,
    "min_target_class_ratio": 0.26243600249290466,
    "median_target_class_ratio": 0.3478419780731201,
    "max_target_class_ratio": 0.3897220194339752,
    "mean_mean_numeric_features": 349.4521484375,
    "stdev_mean_numeric_features": 349.4521484375,
    "mean_stdev_numeric_features": 303.3383483886719,
    "stdev_stdev_numeric_features": 303.3383483886719,
    "mean_var_numeric_features": 601818.6875,
    "stdev_var_numeric_features": 601818.6875,
    "mean_min_numeric_features": 3.381725311279297,
    "stdev_min_numeric_features": 3.381725311279297,
    "mean_median_numeric_features": 301.5809020996094,
    "stdev_median_numeric_features": 301.5809020996094,
    "mean_max_numeric_features": 3054.542236328125,
    "stdev_max_numeric_features": 3054.542236328125,
    "mean_skew_numeric_features": 3.068143606185913,
    "stdev_skew_numeric_features": 3.068143606185913,
    "mean_kurtosis_numeric_features": 23.60500144958496,
    "stdev_kurtosis_numeric_features": 23.60500144958496,
    "pca_1": 0.6911449462817939,
    "pca_2": 0.2633791693842397,
    "pca_3": 0.032193312522322694,
    "mean_entropy_categorical_features": 0.5641350150108337,
    "stdev_entropy_categorical_features": 0.5641350150108337,
    "mean_information_gain_categorical_features": 0.013557295314967632,
    "stdev_information_gain_categorical_features": 0.013557295314967632,
    "mean_mutual_informaiton_categorical_features": 0.013557295314967632,
    "stdev_mutual_informaiton_categorical_features": 0.013557295314967632,
    "gaussian_nb_accuracy": 0.4323333241382308,
    "gaussian_nb_balanced_accuracy": 0.4280325314500826,
    "lda_accuracy": 0.5040231081285542,
    "lda_balanced_accuracy": 0.501911176030886,
    "decision_tree_1_accuracy": 0.4188906275991838,
    "decision_tree_1_balanced_accuracy": 0.45781035320168195,
    "decision_tree_2_accuracy": 0.43260846668321784,
    "decision_tree_2_balanced_accuracy": 0.4679574138080169,
    "extra_trees_2_10_accuracy": 0.42520110107173104,
    "extra_trees_2_10_balanced_accuracy": 0.38387290719576816
}