{
    "nb_instances": 15545,
    "log_nb_instances": 9.651494322492853,
    "nb_features": 5,
    "dataset_dimensionality": 3109.0,
    "log_dataset_dimensionality": 8.042056410058754,
    "dataset_ratio": 0.000321646831778707,
    "nb_missing_vals": 0,
    "ratio_features_with_missing_vals": 0.0,
    "ratio_instances_with_missing_vals": 0.0,
    "nb_numeric_features": 5,
    "nb_categorical_features": 0,
    "ratio_numeric_categorical_features": 0.0,
    "ratio_categorical_numeric_features": 0.0,
    "nb_classes": 2,
    "class_entropy": 0.6331787420422597,
    "mean_target_class_ratio": 0.5,
    "stdev_target_class_ratio": 0.5,
    "min_target_class_ratio": 0.3285944163799286,
    "median_target_class_ratio": 0.5,
    "max_target_class_ratio": 0.6714056134223938,
    "mean_mean_numeric_features": 221598.578125,
    "stdev_mean_numeric_features": 221598.578125,
    "mean_stdev_numeric_features": 220055.546875,
    "stdev_stdev_numeric_features": 220055.546875,
    "mean_var_numeric_features": 121134489600.0,
    "stdev_var_numeric_features": 121134489600.0,
    "mean_min_numeric_features": 0.6000000238418579,
    "stdev_min_numeric_features": 0.6000000238418579,
    "mean_median_numeric_features": 142656.59375,
    "stdev_median_numeric_features": 142656.59375,
    "mean_max_numeric_features": 786937.0,
    "stdev_max_numeric_features": 786937.0,
    "mean_skew_numeric_features": 1.471471905708313,
    "stdev_skew_numeric_features": 1.471471905708313,
    "mean_kurtosis_numeric_features": 9.975481033325195,
    "stdev_kurtosis_numeric_features": 9.975481033325195,
    "pca_1": 0.8857638580232658,
    "pca_2": 0.11423266224887833,
    "pca_3": 2.169445639186513e-06,
    "mean_entropy_categorical_features": NaN,
    "stdev_entropy_categorical_features": NaN,
    "mean_information_gain_categorical_features": NaN,
    "stdev_information_gain_categorical_features": NaN,
    "mean_mutual_informaiton_categorical_features": NaN,
    "stdev_mutual_informaiton_categorical_features": NaN,
    "gaussian_nb_accuracy": 0.6787391444194275,
    "gaussian_nb_balanced_accuracy": 0.73315333749398,
    "lda_accuracy": 0.8054036667738822,
    "lda_balanced_accuracy": 0.7493421684119138,
    "decision_tree_1_accuracy": 0.9344483756834995,
    "decision_tree_1_balanced_accuracy": 0.9002364271422352,
    "decision_tree_2_accuracy": 0.9344483756834997,
    "decision_tree_2_balanced_accuracy": 0.900228770224768,
    "extra_trees_2_10_accuracy": 0.7041492441299454,
    "extra_trees_2_10_balanced_accuracy": 0.5545555681324144
}