{
    "nb_instances": 1458,
    "log_nb_instances": 7.284820912568604,
    "nb_features": 37,
    "dataset_dimensionality": 39.4054054054054,
    "log_dataset_dimensionality": 3.673902999924379,
    "dataset_ratio": 0.025377229080932786,
    "nb_missing_vals": 0,
    "ratio_features_with_missing_vals": 0.0,
    "ratio_instances_with_missing_vals": 0.0,
    "nb_numeric_features": 37,
    "nb_categorical_features": 0,
    "ratio_numeric_categorical_features": 0.0,
    "ratio_categorical_numeric_features": 0.0,
    "nb_classes": 2,
    "class_entropy": 0.3710588214839124,
    "mean_target_class_ratio": 0.5,
    "stdev_target_class_ratio": 0.5,
    "min_target_class_ratio": 0.12208504974842072,
    "median_target_class_ratio": 0.5,
    "max_target_class_ratio": 0.8779149651527405,
    "mean_mean_numeric_features": 583.4639892578125,
    "stdev_mean_numeric_features": 583.4639892578125,
    "mean_stdev_numeric_features": 1837.8292236328125,
    "stdev_stdev_numeric_features": 1837.8292236328125,
    "mean_var_numeric_features": 106280584.0,
    "stdev_var_numeric_features": 106280584.0,
    "mean_min_numeric_features": 0.21675677597522736,
    "stdev_min_numeric_features": 0.21675677597522736,
    "mean_median_numeric_features": 83.70851135253906,
    "stdev_median_numeric_features": 83.70851135253906,
    "mean_max_numeric_features": 41034.6484375,
    "stdev_max_numeric_features": 41034.6484375,
    "mean_skew_numeric_features": 6.450282096862793,
    "stdev_skew_numeric_features": 6.450282096862793,
    "mean_kurtosis_numeric_features": 105.087158203125,
    "stdev_kurtosis_numeric_features": 105.087158203125,
    "pca_1": 0.9998659527536348,
    "pca_2": 0.00013231281239239946,
    "pca_3": 7.330379573906784e-07,
    "mean_entropy_categorical_features": NaN,
    "stdev_entropy_categorical_features": NaN,
    "mean_information_gain_categorical_features": NaN,
    "stdev_information_gain_categorical_features": NaN,
    "mean_mutual_informaiton_categorical_features": NaN,
    "stdev_mutual_informaiton_categorical_features": NaN,
    "gaussian_nb_accuracy": 0.8703902461987478,
    "gaussian_nb_balanced_accuracy": 0.6143316549848251,
    "lda_accuracy": 0.9053241067645812,
    "lda_balanced_accuracy": 0.6772919876529604,
    "decision_tree_1_accuracy": 0.8779221390575719,
    "decision_tree_1_balanced_accuracy": 0.5,
    "decision_tree_2_accuracy": 0.8888975191827896,
    "decision_tree_2_balanced_accuracy": 0.6019672297826106,
    "extra_trees_2_10_accuracy": 0.8792920020712705,
    "extra_trees_2_10_balanced_accuracy": 0.505718954248366
}