{
    "nb_instances": 1563,
    "log_nb_instances": 7.354362330421477,
    "nb_features": 37,
    "dataset_dimensionality": 42.24324324324324,
    "log_dataset_dimensionality": 3.743444417777252,
    "dataset_ratio": 0.023672424824056303,
    "nb_missing_vals": 0,
    "ratio_features_with_missing_vals": 0.0,
    "ratio_instances_with_missing_vals": 0.0,
    "nb_numeric_features": 37,
    "nb_categorical_features": 0,
    "ratio_numeric_categorical_features": 0.0,
    "ratio_categorical_numeric_features": 0.0,
    "nb_classes": 2,
    "class_entropy": 0.3302534201072316,
    "mean_target_class_ratio": 0.5,
    "stdev_target_class_ratio": 0.5,
    "min_target_class_ratio": 0.10236724466085434,
    "median_target_class_ratio": 0.5,
    "max_target_class_ratio": 0.8976327776908875,
    "mean_mean_numeric_features": 1008.1458740234375,
    "stdev_mean_numeric_features": 1008.1458740234375,
    "mean_stdev_numeric_features": 10334.5029296875,
    "stdev_stdev_numeric_features": 10334.5029296875,
    "mean_var_numeric_features": 3478068992.0,
    "stdev_var_numeric_features": 3478068992.0,
    "mean_min_numeric_features": 0.2989189326763153,
    "stdev_min_numeric_features": 0.2989189326763153,
    "mean_median_numeric_features": 105.6581039428711,
    "stdev_median_numeric_features": 105.6581039428711,
    "mean_max_numeric_features": 367116.375,
    "stdev_max_numeric_features": 367116.375,
    "mean_skew_numeric_features": 10.324325561523438,
    "stdev_skew_numeric_features": 10.324325561523438,
    "mean_kurtosis_numeric_features": 238.9541015625,
    "stdev_kurtosis_numeric_features": 238.9541015625,
    "pca_1": 0.999983476566125,
    "pca_2": 1.6455407768436314e-05,
    "pca_3": 3.454133642064541e-08,
    "mean_entropy_categorical_features": NaN,
    "stdev_entropy_categorical_features": NaN,
    "mean_information_gain_categorical_features": NaN,
    "stdev_information_gain_categorical_features": NaN,
    "mean_mutual_informaiton_categorical_features": NaN,
    "stdev_mutual_informaiton_categorical_features": NaN,
    "gaussian_nb_accuracy": 0.28047841402473994,
    "gaussian_nb_balanced_accuracy": 0.5486354999104208,
    "lda_accuracy": 0.8957237650528386,
    "lda_balanced_accuracy": 0.6170395294264169,
    "decision_tree_1_accuracy": 0.8976632260178586,
    "decision_tree_1_balanced_accuracy": 0.5,
    "decision_tree_2_accuracy": 0.897618169902515,
    "decision_tree_2_balanced_accuracy": 0.5,
    "extra_trees_2_10_accuracy": 0.8976366019497009,
    "extra_trees_2_10_balanced_accuracy": 0.5
}