{
    "nb_instances": 10885,
    "log_nb_instances": 9.295140973668648,
    "nb_features": 21,
    "dataset_dimensionality": 518.3333333333334,
    "log_dataset_dimensionality": 6.250618535945225,
    "dataset_ratio": 0.0019292604501607716,
    "nb_missing_vals": 25,
    "ratio_features_with_missing_vals": 0.00045934772622875517,
    "ratio_instances_with_missing_vals": 0.00045934772622875517,
    "nb_numeric_features": 21,
    "nb_categorical_features": 0,
    "ratio_numeric_categorical_features": 0.0,
    "ratio_categorical_numeric_features": 0.0,
    "nb_classes": 2,
    "class_entropy": 0.4912259288656543,
    "mean_target_class_ratio": 0.5,
    "stdev_target_class_ratio": 0.5,
    "min_target_class_ratio": 0.19347725808620453,
    "median_target_class_ratio": 0.5,
    "max_target_class_ratio": 0.8065227270126343,
    "mean_mean_numeric_features": 1903.2489013671875,
    "stdev_mean_numeric_features": 1903.2489013671875,
    "mean_stdev_numeric_features": 21968.767578125,
    "stdev_stdev_numeric_features": 21968.767578125,
    "mean_var_numeric_features": 9016579072.0,
    "stdev_var_numeric_features": 9016579072.0,
    "mean_min_numeric_features": 0.2380952388048172,
    "stdev_min_numeric_features": 0.2380952388048172,
    "mean_median_numeric_features": 121.91166687011719,
    "stdev_median_numeric_features": 121.91166687011719,
    "mean_max_numeric_features": 1567411.5,
    "stdev_max_numeric_features": 1567411.5,
    "mean_skew_numeric_features": 15.834489822387695,
    "stdev_skew_numeric_features": 15.834489822387695,
    "mean_kurtosis_numeric_features": 586.4171752929688,
    "stdev_kurtosis_numeric_features": 586.4171752929688,
    "pca_1": 0.9999925725790882,
    "pca_2": 7.402866056809697e-06,
    "pca_3": 9.428231703374013e-09,
    "mean_entropy_categorical_features": NaN,
    "stdev_entropy_categorical_features": NaN,
    "mean_information_gain_categorical_features": NaN,
    "stdev_information_gain_categorical_features": NaN,
    "mean_mutual_informaiton_categorical_features": NaN,
    "stdev_mutual_informaiton_categorical_features": NaN,
    "gaussian_nb_accuracy": 0.8055147058823529,
    "gaussian_nb_balanced_accuracy": 0.5583888393159725,
    "lda_accuracy": 0.8117647058823529,
    "lda_balanced_accuracy": 0.5533870313476774,
    "decision_tree_1_accuracy": 0.8067095588235296,
    "decision_tree_1_balanced_accuracy": 0.5,
    "decision_tree_2_accuracy": 0.8036764705882353,
    "decision_tree_2_balanced_accuracy": 0.536816119463295,
    "extra_trees_2_10_accuracy": 0.8073529411764706,
    "extra_trees_2_10_balanced_accuracy": 0.5022524167944931
}