{
    "nb_instances": 161,
    "log_nb_instances": 5.081404364984463,
    "nb_features": 39,
    "dataset_dimensionality": 4.128205128205129,
    "log_dataset_dimensionality": 1.4178427188548166,
    "dataset_ratio": 0.2422360248447205,
    "nb_missing_vals": 0,
    "ratio_features_with_missing_vals": 0.0,
    "ratio_instances_with_missing_vals": 0.0,
    "nb_numeric_features": 39,
    "nb_categorical_features": 0,
    "ratio_numeric_categorical_features": 0.0,
    "ratio_categorical_numeric_features": 0.0,
    "nb_classes": 2,
    "class_entropy": 0.6290963368527184,
    "mean_target_class_ratio": 0.5,
    "stdev_target_class_ratio": 0.5,
    "min_target_class_ratio": 0.3229813575744629,
    "median_target_class_ratio": 0.5,
    "max_target_class_ratio": 0.6770186424255371,
    "mean_mean_numeric_features": 1526.550537109375,
    "stdev_mean_numeric_features": 1526.550537109375,
    "mean_stdev_numeric_features": 4006.825439453125,
    "stdev_stdev_numeric_features": 4006.825439453125,
    "mean_var_numeric_features": 544037568.0,
    "stdev_var_numeric_features": 544037568.0,
    "mean_min_numeric_features": 0.38769230246543884,
    "stdev_min_numeric_features": 0.38769230246543884,
    "mean_median_numeric_features": 193.0728302001953,
    "stdev_median_numeric_features": 193.0728302001953,
    "mean_max_numeric_features": 27278.92578125,
    "stdev_max_numeric_features": 27278.92578125,
    "mean_skew_numeric_features": 2.4934816360473633,
    "stdev_skew_numeric_features": 2.4934816360473633,
    "mean_kurtosis_numeric_features": 9.175644874572754,
    "stdev_kurtosis_numeric_features": 9.175644874572754,
    "pca_1": 0.9999804841822184,
    "pca_2": 1.9281680217510306e-05,
    "pca_3": 1.1493413910046783e-07,
    "mean_entropy_categorical_features": NaN,
    "stdev_entropy_categorical_features": NaN,
    "mean_information_gain_categorical_features": NaN,
    "stdev_information_gain_categorical_features": NaN,
    "mean_mutual_informaiton_categorical_features": NaN,
    "stdev_mutual_informaiton_categorical_features": NaN,
    "gaussian_nb_accuracy": 0.7261363636363637,
    "gaussian_nb_balanced_accuracy": 0.6287017894386315,
    "lda_accuracy": 0.6333333333333333,
    "lda_balanced_accuracy": 0.544770711744396,
    "decision_tree_1_accuracy": 0.6956439393939394,
    "decision_tree_1_balanced_accuracy": 0.5919139106507528,
    "decision_tree_2_accuracy": 0.6893939393939394,
    "decision_tree_2_balanced_accuracy": 0.5627517410126106,
    "extra_trees_2_10_accuracy": 0.6962121212121212,
    "extra_trees_2_10_balanced_accuracy": 0.5564072871572872
}