{
    "nb_instances": 522,
    "log_nb_instances": 6.257667587882639,
    "nb_features": 21,
    "dataset_dimensionality": 24.857142857142858,
    "log_dataset_dimensionality": 3.2131451501592156,
    "dataset_ratio": 0.040229885057471264,
    "nb_missing_vals": 0,
    "ratio_features_with_missing_vals": 0.0,
    "ratio_instances_with_missing_vals": 0.0,
    "nb_numeric_features": 21,
    "nb_categorical_features": 0,
    "ratio_numeric_categorical_features": 0.0,
    "ratio_categorical_numeric_features": 0.0,
    "nb_classes": 2,
    "class_entropy": 0.5072302867654668,
    "mean_target_class_ratio": 0.5,
    "stdev_target_class_ratio": 0.5,
    "min_target_class_ratio": 0.20498085021972656,
    "median_target_class_ratio": 0.5,
    "max_target_class_ratio": 0.7950191497802734,
    "mean_mean_numeric_features": 977.8936767578125,
    "stdev_mean_numeric_features": 977.8936767578125,
    "mean_stdev_numeric_features": 5875.72998046875,
    "stdev_stdev_numeric_features": 5875.72998046875,
    "mean_var_numeric_features": 613850816.0,
    "stdev_var_numeric_features": 613850816.0,
    "mean_min_numeric_features": 0.380952388048172,
    "stdev_min_numeric_features": 0.380952388048172,
    "mean_median_numeric_features": 42.05356979370117,
    "stdev_median_numeric_features": 42.05356979370117,
    "mean_max_numeric_features": 111741.90625,
    "stdev_max_numeric_features": 111741.90625,
    "mean_skew_numeric_features": 8.953092575073242,
    "stdev_skew_numeric_features": 8.953092575073242,
    "mean_kurtosis_numeric_features": 130.10842895507812,
    "stdev_kurtosis_numeric_features": 130.10842895507812,
    "pca_1": 0.9999294824900387,
    "pca_2": 5.4077927821621755e-05,
    "pca_3": 1.637259048999413e-05,
    "mean_entropy_categorical_features": NaN,
    "stdev_entropy_categorical_features": NaN,
    "mean_information_gain_categorical_features": NaN,
    "stdev_information_gain_categorical_features": NaN,
    "mean_mutual_informaiton_categorical_features": NaN,
    "stdev_mutual_informaiton_categorical_features": NaN,
    "gaussian_nb_accuracy": 0.8372161172161171,
    "gaussian_nb_balanced_accuracy": 0.6754937473346404,
    "lda_accuracy": 0.8237912087912086,
    "lda_balanced_accuracy": 0.6726366036950492,
    "decision_tree_1_accuracy": 0.7837362637362636,
    "decision_tree_1_balanced_accuracy": 0.7056855829103955,
    "decision_tree_2_accuracy": 0.8354212454212455,
    "decision_tree_2_balanced_accuracy": 0.6608665333812125,
    "extra_trees_2_10_accuracy": 0.8332600732600733,
    "extra_trees_2_10_balanced_accuracy": 0.627160455425883
}