{
    "nb_instances": 458,
    "log_nb_instances": 6.126869184114185,
    "nb_features": 39,
    "dataset_dimensionality": 11.743589743589743,
    "log_dataset_dimensionality": 2.4633075379845386,
    "dataset_ratio": 0.0851528384279476,
    "nb_missing_vals": 0,
    "ratio_features_with_missing_vals": 0.0,
    "ratio_instances_with_missing_vals": 0.0,
    "nb_numeric_features": 39,
    "nb_categorical_features": 0,
    "ratio_numeric_categorical_features": 0.0,
    "ratio_categorical_numeric_features": 0.0,
    "nb_classes": 2,
    "class_entropy": 0.3114386363618641,
    "mean_target_class_ratio": 0.5,
    "stdev_target_class_ratio": 0.5,
    "min_target_class_ratio": 0.09388646483421326,
    "median_target_class_ratio": 0.5,
    "max_target_class_ratio": 0.9061135649681091,
    "mean_mean_numeric_features": 395.49468994140625,
    "stdev_mean_numeric_features": 395.49468994140625,
    "mean_stdev_numeric_features": 1244.992431640625,
    "stdev_stdev_numeric_features": 1244.992431640625,
    "mean_var_numeric_features": 50723628.0,
    "stdev_var_numeric_features": 50723628.0,
    "mean_min_numeric_features": 0.2943589687347412,
    "stdev_min_numeric_features": 0.2943589687347412,
    "mean_median_numeric_features": 36.362693786621094,
    "stdev_median_numeric_features": 36.362693786621094,
    "mean_max_numeric_features": 16179.203125,
    "stdev_max_numeric_features": 16179.203125,
    "mean_skew_numeric_features": 3.101138114929199,
    "stdev_skew_numeric_features": 3.101138114929199,
    "mean_kurtosis_numeric_features": 18.93270492553711,
    "stdev_kurtosis_numeric_features": 18.93270492553711,
    "pca_1": 0.9999403129948415,
    "pca_2": 5.9297117510312866e-05,
    "pca_3": 1.9529010416999541e-07,
    "mean_entropy_categorical_features": NaN,
    "stdev_entropy_categorical_features": NaN,
    "mean_information_gain_categorical_features": NaN,
    "stdev_information_gain_categorical_features": NaN,
    "mean_mutual_informaiton_categorical_features": NaN,
    "stdev_mutual_informaiton_categorical_features": NaN,
    "gaussian_nb_accuracy": 0.8625895843287147,
    "gaussian_nb_balanced_accuracy": 0.6834526068046822,
    "lda_accuracy": 0.8974677496416626,
    "lda_balanced_accuracy": 0.6127890306872088,
    "decision_tree_1_accuracy": 0.9061395126612519,
    "decision_tree_1_balanced_accuracy": 0.5,
    "decision_tree_2_accuracy": 0.8973244147157191,
    "decision_tree_2_balanced_accuracy": 0.5752512934220251,
    "extra_trees_2_10_accuracy": 0.9039178213091258,
    "extra_trees_2_10_balanced_accuracy": 0.49876543209876545
}