{
    "nb_instances": 2109,
    "log_nb_instances": 7.653969180478774,
    "nb_features": 21,
    "dataset_dimensionality": 100.42857142857143,
    "log_dataset_dimensionality": 4.609446742755352,
    "dataset_ratio": 0.00995732574679943,
    "nb_missing_vals": 0,
    "ratio_features_with_missing_vals": 0.0,
    "ratio_instances_with_missing_vals": 0.0,
    "nb_numeric_features": 21,
    "nb_categorical_features": 0,
    "ratio_numeric_categorical_features": 0.0,
    "ratio_categorical_numeric_features": 0.0,
    "nb_classes": 2,
    "class_entropy": 0.4305645508080653,
    "mean_target_class_ratio": 0.5,
    "stdev_target_class_ratio": 0.5,
    "min_target_class_ratio": 0.1545756310224533,
    "median_target_class_ratio": 0.5,
    "max_target_class_ratio": 0.8454243540763855,
    "mean_mean_numeric_features": 285.096923828125,
    "stdev_mean_numeric_features": 285.096923828125,
    "mean_stdev_numeric_features": 915.4548950195312,
    "stdev_stdev_numeric_features": 915.4548950195312,
    "mean_var_numeric_features": 14549819.0,
    "stdev_var_numeric_features": 14549819.0,
    "mean_min_numeric_features": 0.2380952388048172,
    "stdev_min_numeric_features": 0.2380952388048172,
    "mean_median_numeric_features": 17.239999771118164,
    "stdev_median_numeric_features": 17.239999771118164,
    "mean_max_numeric_features": 16869.353515625,
    "stdev_max_numeric_features": 16869.353515625,
    "mean_skew_numeric_features": 4.203177452087402,
    "stdev_skew_numeric_features": 4.203177452087402,
    "mean_kurtosis_numeric_features": 31.853389739990234,
    "stdev_kurtosis_numeric_features": 31.853389739990234,
    "pca_1": 0.9998810537382442,
    "pca_2": 0.00011780036236268252,
    "pca_3": 4.436964151215741e-07,
    "mean_entropy_categorical_features": NaN,
    "stdev_entropy_categorical_features": NaN,
    "mean_information_gain_categorical_features": NaN,
    "stdev_information_gain_categorical_features": NaN,
    "mean_mutual_informaiton_categorical_features": NaN,
    "stdev_mutual_informaiton_categorical_features": NaN,
    "gaussian_nb_accuracy": 0.8255113642759848,
    "gaussian_nb_balanced_accuracy": 0.6376954867276037,
    "lda_accuracy": 0.8577613670903176,
    "lda_balanced_accuracy": 0.6227024714014207,
    "decision_tree_1_accuracy": 0.845431212076865,
    "decision_tree_1_balanced_accuracy": 0.5,
    "decision_tree_2_accuracy": 0.8458972655942183,
    "decision_tree_2_balanced_accuracy": 0.5543515153873433,
    "extra_trees_2_10_accuracy": 0.8430604180972858,
    "extra_trees_2_10_balanced_accuracy": 0.5050755917596317
}