{
    "nb_instances": 1109,
    "log_nb_instances": 7.011213987350367,
    "nb_features": 21,
    "dataset_dimensionality": 52.80952380952381,
    "log_dataset_dimensionality": 3.966691549626944,
    "dataset_ratio": 0.018935978358881875,
    "nb_missing_vals": 0,
    "ratio_features_with_missing_vals": 0.0,
    "ratio_instances_with_missing_vals": 0.0,
    "nb_numeric_features": 21,
    "nb_categorical_features": 0,
    "ratio_numeric_categorical_features": 0.0,
    "ratio_categorical_numeric_features": 0.0,
    "nb_classes": 2,
    "class_entropy": 0.25216701728943836,
    "mean_target_class_ratio": 0.5,
    "stdev_target_class_ratio": 0.5,
    "min_target_class_ratio": 0.06943192332983017,
    "median_target_class_ratio": 0.5,
    "max_target_class_ratio": 0.9305680990219116,
    "mean_mean_numeric_features": 1500.9949951171875,
    "stdev_mean_numeric_features": 1500.9949951171875,
    "mean_stdev_numeric_features": 8678.6103515625,
    "stdev_stdev_numeric_features": 8678.6103515625,
    "mean_var_numeric_features": 1391021696.0,
    "stdev_var_numeric_features": 1391021696.0,
    "mean_min_numeric_features": 0.3333333432674408,
    "stdev_min_numeric_features": 0.3333333432674408,
    "mean_median_numeric_features": 183.56190490722656,
    "stdev_median_numeric_features": 183.56190490722656,
    "mean_max_numeric_features": 216793.90625,
    "stdev_max_numeric_features": 216793.90625,
    "mean_skew_numeric_features": 8.008504867553711,
    "stdev_skew_numeric_features": 8.008504867553711,
    "mean_kurtosis_numeric_features": 116.04528045654297,
    "stdev_kurtosis_numeric_features": 116.04528045654297,
    "pca_1": 0.999971428291996,
    "pca_2": 2.847874432398152e-05,
    "pca_3": 5.174454964335452e-08,
    "mean_entropy_categorical_features": NaN,
    "stdev_entropy_categorical_features": NaN,
    "mean_information_gain_categorical_features": NaN,
    "stdev_information_gain_categorical_features": NaN,
    "mean_mutual_informaiton_categorical_features": NaN,
    "stdev_mutual_informaiton_categorical_features": NaN,
    "gaussian_nb_accuracy": 0.8945212180506299,
    "gaussian_nb_balanced_accuracy": 0.6151503766190036,
    "lda_accuracy": 0.9260772084301496,
    "lda_balanced_accuracy": 0.5837340154617896,
    "decision_tree_1_accuracy": 0.9260609025314908,
    "decision_tree_1_balanced_accuracy": 0.503768115942029,
    "decision_tree_2_accuracy": 0.9242713301536831,
    "decision_tree_2_balanced_accuracy": 0.5420683721539239,
    "extra_trees_2_10_accuracy": 0.9314377726142432,
    "extra_trees_2_10_balanced_accuracy": 0.5055555555555555
}