{
    "nb_instances": 403,
    "log_nb_instances": 5.998936561946683,
    "nb_features": 37,
    "dataset_dimensionality": 10.891891891891891,
    "log_dataset_dimensionality": 2.3880186493024587,
    "dataset_ratio": 0.09181141439205956,
    "nb_missing_vals": 0,
    "ratio_features_with_missing_vals": 0.0,
    "ratio_instances_with_missing_vals": 0.0,
    "nb_numeric_features": 37,
    "nb_categorical_features": 0,
    "ratio_numeric_categorical_features": 0.0,
    "ratio_categorical_numeric_features": 0.0,
    "nb_classes": 2,
    "class_entropy": 0.2711893730418441,
    "mean_target_class_ratio": 0.5,
    "stdev_target_class_ratio": 0.5,
    "min_target_class_ratio": 0.07692307978868484,
    "median_target_class_ratio": 0.5,
    "max_target_class_ratio": 0.9230769276618958,
    "mean_mean_numeric_features": 251.88784790039062,
    "stdev_mean_numeric_features": 251.88784790039062,
    "mean_stdev_numeric_features": 556.7655639648438,
    "stdev_stdev_numeric_features": 556.7655639648438,
    "mean_var_numeric_features": 9345200.0,
    "stdev_var_numeric_features": 9345200.0,
    "mean_min_numeric_features": 1.865675687789917,
    "stdev_min_numeric_features": 1.865675687789917,
    "mean_median_numeric_features": 67.43621063232422,
    "stdev_median_numeric_features": 67.43621063232422,
    "mean_max_numeric_features": 5807.04931640625,
    "stdev_max_numeric_features": 5807.04931640625,
    "mean_skew_numeric_features": 2.519298553466797,
    "stdev_skew_numeric_features": 2.519298553466797,
    "mean_kurtosis_numeric_features": 11.65133285522461,
    "stdev_kurtosis_numeric_features": 11.65133285522461,
    "pca_1": 0.9998528137213067,
    "pca_2": 0.00014278912966442985,
    "pca_3": 1.7129929849599987e-06,
    "mean_entropy_categorical_features": NaN,
    "stdev_entropy_categorical_features": NaN,
    "mean_information_gain_categorical_features": NaN,
    "stdev_information_gain_categorical_features": NaN,
    "mean_mutual_informaiton_categorical_features": NaN,
    "stdev_mutual_informaiton_categorical_features": NaN,
    "gaussian_nb_accuracy": 0.8337037037037037,
    "gaussian_nb_balanced_accuracy": 0.6917664955613767,
    "lda_accuracy": 0.9130864197530864,
    "lda_balanced_accuracy": 0.6721515161778321,
    "decision_tree_1_accuracy": 0.9131481481481482,
    "decision_tree_1_balanced_accuracy": 0.5711257309941521,
    "decision_tree_2_accuracy": 0.9180864197530865,
    "decision_tree_2_balanced_accuracy": 0.5823607503607503,
    "extra_trees_2_10_accuracy": 0.9230246913580247,
    "extra_trees_2_10_balanced_accuracy": 0.5
}