{
    "nb_instances": 478,
    "log_nb_instances": 6.169610732491456,
    "nb_features": 10,
    "dataset_dimensionality": 47.8,
    "log_dataset_dimensionality": 3.86702563949741,
    "dataset_ratio": 0.02092050209205021,
    "nb_missing_vals": 0,
    "ratio_features_with_missing_vals": 0.0,
    "ratio_instances_with_missing_vals": 0.0,
    "nb_numeric_features": 6,
    "nb_categorical_features": 4,
    "ratio_numeric_categorical_features": 1.5,
    "ratio_categorical_numeric_features": 0.6666666666666666,
    "nb_classes": 3,
    "class_entropy": 1.0156840922819246,
    "mean_target_class_ratio": 0.3333333432674408,
    "stdev_target_class_ratio": 0.3333333432674408,
    "min_target_class_ratio": 0.1882845163345337,
    "median_target_class_ratio": 0.294979065656662,
    "max_target_class_ratio": 0.5167363882064819,
    "mean_mean_numeric_features": 4.259414196014404,
    "stdev_mean_numeric_features": 4.259414196014404,
    "mean_stdev_numeric_features": 0.9741489887237549,
    "stdev_stdev_numeric_features": 0.9741489887237549,
    "mean_var_numeric_features": 0.958484947681427,
    "stdev_var_numeric_features": 0.958484947681427,
    "mean_min_numeric_features": 2.5,
    "stdev_min_numeric_features": 2.5,
    "mean_median_numeric_features": 4.333333492279053,
    "stdev_median_numeric_features": 4.333333492279053,
    "mean_max_numeric_features": 5.833333492279053,
    "stdev_max_numeric_features": 5.833333492279053,
    "mean_skew_numeric_features": -0.06857813149690628,
    "stdev_skew_numeric_features": -0.06857813149690628,
    "mean_kurtosis_numeric_features": -0.8969559669494629,
    "stdev_kurtosis_numeric_features": -0.8969559669494629,
    "pca_1": 0.34893962479094165,
    "pca_2": 0.2656403297463157,
    "pca_3": 0.19429498204429563,
    "mean_entropy_categorical_features": 1.0461359024047852,
    "stdev_entropy_categorical_features": 1.0461359024047852,
    "mean_information_gain_categorical_features": 0.02025584876537323,
    "stdev_information_gain_categorical_features": 0.02025584876537323,
    "mean_mutual_informaiton_categorical_features": 0.02025584876537323,
    "stdev_mutual_informaiton_categorical_features": 0.02025584876537323,
    "gaussian_nb_accuracy": NaN,
    "gaussian_nb_balanced_accuracy": NaN,
    "lda_accuracy": NaN,
    "lda_balanced_accuracy": NaN,
    "decision_tree_1_accuracy": NaN,
    "decision_tree_1_balanced_accuracy": NaN,
    "decision_tree_2_accuracy": NaN,
    "decision_tree_2_balanced_accuracy": NaN,
    "extra_trees_2_10_accuracy": NaN,
    "extra_trees_2_10_balanced_accuracy": NaN
}