{
    "nb_instances": 151,
    "log_nb_instances": 5.017279836814924,
    "nb_features": 6,
    "dataset_dimensionality": 25.166666666666668,
    "log_dataset_dimensionality": 3.2255203675868693,
    "dataset_ratio": 0.039735099337748346,
    "nb_missing_vals": 0,
    "ratio_features_with_missing_vals": 0.0,
    "ratio_instances_with_missing_vals": 0.0,
    "nb_numeric_features": 2,
    "nb_categorical_features": 4,
    "ratio_numeric_categorical_features": 0.5,
    "ratio_categorical_numeric_features": 2.0,
    "nb_classes": 3,
    "class_entropy": 1.0983062060529227,
    "mean_target_class_ratio": 0.3333333432674408,
    "stdev_target_class_ratio": 0.3333333432674408,
    "min_target_class_ratio": 0.3245033025741577,
    "median_target_class_ratio": 0.33112582564353943,
    "max_target_class_ratio": 0.34437087178230286,
    "mean_mean_numeric_features": 51.93377685546875,
    "stdev_mean_numeric_features": 51.93377685546875,
    "mean_stdev_numeric_features": 28.313899993896484,
    "stdev_stdev_numeric_features": 28.313899993896484,
    "mean_var_numeric_features": 1039.457763671875,
    "stdev_var_numeric_features": 1039.457763671875,
    "mean_min_numeric_features": 2.0,
    "stdev_min_numeric_features": 2.0,
    "mean_median_numeric_features": 51.5,
    "stdev_median_numeric_features": 51.5,
    "mean_max_numeric_features": 108.5,
    "stdev_max_numeric_features": 108.5,
    "mean_skew_numeric_features": 0.2491529881954193,
    "stdev_skew_numeric_features": 0.2491529881954193,
    "mean_kurtosis_numeric_features": -0.7737371325492859,
    "stdev_kurtosis_numeric_features": -0.7737371325492859,
    "pca_1": 0.9225574614083379,
    "pca_2": 0.07744253859166204,
    "pca_3": NaN,
    "mean_entropy_categorical_features": 1.6238250732421875,
    "stdev_entropy_categorical_features": 1.6238250732421875,
    "mean_information_gain_categorical_features": 0.16562119126319885,
    "stdev_information_gain_categorical_features": 0.16562119126319885,
    "mean_mutual_informaiton_categorical_features": 0.16562119126319885,
    "stdev_mutual_informaiton_categorical_features": 0.16562119126319885,
    "gaussian_nb_accuracy": 0.5038709677419355,
    "gaussian_nb_balanced_accuracy": 0.5355224405224405,
    "lda_accuracy": 0.5569892473118279,
    "lda_balanced_accuracy": 0.5636724386724387,
    "decision_tree_1_accuracy": 0.33763440860215055,
    "decision_tree_1_balanced_accuracy": 0.3831818181818182,
    "decision_tree_2_accuracy": 0.47053763440860213,
    "decision_tree_2_balanced_accuracy": 0.46872053872053876,
    "extra_trees_2_10_accuracy": 0.4978494623655914,
    "extra_trees_2_10_balanced_accuracy": 0.544010434010434
}