{
    "nb_instances": 294,
    "log_nb_instances": 5.683579767338681,
    "nb_features": 10,
    "dataset_dimensionality": 29.4,
    "log_dataset_dimensionality": 3.380994674344636,
    "dataset_ratio": 0.034013605442176874,
    "nb_missing_vals": 0,
    "ratio_features_with_missing_vals": 0.0,
    "ratio_instances_with_missing_vals": 0.0,
    "nb_numeric_features": 7,
    "nb_categorical_features": 3,
    "ratio_numeric_categorical_features": 2.3333333333333335,
    "ratio_categorical_numeric_features": 0.42857142857142855,
    "nb_classes": 2,
    "class_entropy": 0.5982695885852573,
    "mean_target_class_ratio": 0.5,
    "stdev_target_class_ratio": 0.5,
    "min_target_class_ratio": 0.2857142984867096,
    "median_target_class_ratio": 0.5,
    "max_target_class_ratio": 0.7142857313156128,
    "mean_mean_numeric_features": 4.419154644012451,
    "stdev_mean_numeric_features": 4.419154644012451,
    "mean_stdev_numeric_features": 1.0966312885284424,
    "stdev_stdev_numeric_features": 1.0966312885284424,
    "mean_var_numeric_features": 2.033846616744995,
    "stdev_var_numeric_features": 2.033846616744995,
    "mean_min_numeric_features": 2.1785714626312256,
    "stdev_min_numeric_features": 2.1785714626312256,
    "mean_median_numeric_features": 4.22428560256958,
    "stdev_median_numeric_features": 4.22428560256958,
    "mean_max_numeric_features": 8.821428298950195,
    "stdev_max_numeric_features": 8.821428298950195,
    "mean_skew_numeric_features": 1.0422815084457397,
    "stdev_skew_numeric_features": 1.0422815084457397,
    "mean_kurtosis_numeric_features": 1.1636439561843872,
    "stdev_kurtosis_numeric_features": 1.1636439561843872,
    "pca_1": 0.8270426725858755,
    "pca_2": 0.11930439977339838,
    "pca_3": 0.05145924361593733,
    "mean_entropy_categorical_features": 0.5323498249053955,
    "stdev_entropy_categorical_features": 0.5323498249053955,
    "mean_information_gain_categorical_features": 0.2272138148546219,
    "stdev_information_gain_categorical_features": 0.2272138148546219,
    "mean_mutual_informaiton_categorical_features": 0.2272138148546219,
    "stdev_mutual_informaiton_categorical_features": 0.2272138148546219,
    "gaussian_nb_accuracy": 1.0,
    "gaussian_nb_balanced_accuracy": 1.0,
    "lda_accuracy": 0.7859146697837522,
    "lda_balanced_accuracy": 0.6426554130424099,
    "decision_tree_1_accuracy": 1.0,
    "decision_tree_1_balanced_accuracy": 1.0,
    "decision_tree_2_accuracy": 1.0,
    "decision_tree_2_balanced_accuracy": 1.0,
    "extra_trees_2_10_accuracy": 0.9864406779661017,
    "extra_trees_2_10_balanced_accuracy": 0.9764705882352942
}