{
    "nb_instances": 2000,
    "log_nb_instances": 7.600902459542082,
    "nb_features": 216,
    "dataset_dimensionality": 9.25925925925926,
    "log_dataset_dimensionality": 2.2256240518579173,
    "dataset_ratio": 0.108,
    "nb_missing_vals": 0,
    "ratio_features_with_missing_vals": 0.0,
    "ratio_instances_with_missing_vals": 0.0,
    "nb_numeric_features": 216,
    "nb_categorical_features": 0,
    "ratio_numeric_categorical_features": 0.0,
    "ratio_categorical_numeric_features": 0.0,
    "nb_classes": 10,
    "class_entropy": 2.3025850929940455,
    "mean_target_class_ratio": 0.10000000149011612,
    "stdev_target_class_ratio": 0.10000000149011612,
    "min_target_class_ratio": 0.10000000149011612,
    "median_target_class_ratio": 0.10000000149011612,
    "max_target_class_ratio": 0.10000000149011612,
    "mean_mean_numeric_features": 318.2703857421875,
    "stdev_mean_numeric_features": 318.2703857421875,
    "mean_stdev_numeric_features": 49.58131790161133,
    "stdev_stdev_numeric_features": 49.58131790161133,
    "mean_var_numeric_features": 4581.54296875,
    "stdev_var_numeric_features": 4581.54296875,
    "mean_min_numeric_features": 188.0601806640625,
    "stdev_min_numeric_features": 188.0601806640625,
    "mean_median_numeric_features": 318.1134338378906,
    "stdev_median_numeric_features": 318.1134338378906,
    "mean_max_numeric_features": 474.6111145019531,
    "stdev_max_numeric_features": 474.6111145019531,
    "mean_skew_numeric_features": 0.02756051905453205,
    "stdev_skew_numeric_features": 0.02756051905453205,
    "mean_kurtosis_numeric_features": -0.3151882290840149,
    "stdev_kurtosis_numeric_features": -0.3151882290840149,
    "pca_1": 0.31069675987456324,
    "pca_2": 0.1974718136875096,
    "pca_3": 0.1633117930045286,
    "mean_entropy_categorical_features": NaN,
    "stdev_entropy_categorical_features": NaN,
    "mean_information_gain_categorical_features": NaN,
    "stdev_information_gain_categorical_features": NaN,
    "mean_mutual_informaiton_categorical_features": NaN,
    "stdev_mutual_informaiton_categorical_features": NaN,
    "gaussian_nb_accuracy": 0.925,
    "gaussian_nb_balanced_accuracy": 0.922965324166021,
    "lda_accuracy": 0.9789999999999999,
    "lda_balanced_accuracy": 0.978822897905481,
    "decision_tree_1_accuracy": 0.1685,
    "decision_tree_1_balanced_accuracy": 0.19571445221445222,
    "decision_tree_2_accuracy": 0.364,
    "decision_tree_2_balanced_accuracy": 0.3621009269411203,
    "extra_trees_2_10_accuracy": 0.716,
    "extra_trees_2_10_balanced_accuracy": 0.7218942215726406
}