{
    "nb_instances": 149639,
    "log_nb_instances": 11.915981005734594,
    "nb_features": 11,
    "dataset_dimensionality": 13603.545454545454,
    "log_dataset_dimensionality": 9.518085732936223,
    "dataset_ratio": 7.351024799684575e-05,
    "nb_missing_vals": 0,
    "ratio_features_with_missing_vals": 0.0,
    "ratio_instances_with_missing_vals": 0.0,
    "nb_numeric_features": 11,
    "nb_categorical_features": 0,
    "ratio_numeric_categorical_features": 0.0,
    "ratio_categorical_numeric_features": 0.0,
    "nb_classes": 2,
    "class_entropy": 0.18262683231646143,
    "mean_target_class_ratio": 0.5,
    "stdev_target_class_ratio": 0.5,
    "min_target_class_ratio": 0.04470759630203247,
    "median_target_class_ratio": 0.5,
    "max_target_class_ratio": 0.9552924036979675,
    "mean_mean_numeric_features": 8.797582173268869e+17,
    "stdev_mean_numeric_features": 8.797582173268869e+17,
    "mean_stdev_numeric_features": 4.51863235650388e+17,
    "stdev_stdev_numeric_features": 4.51863235650388e+17,
    "mean_var_numeric_features": 2.2459841947720948e+36,
    "stdev_var_numeric_features": 2.2459841947720948e+36,
    "mean_min_numeric_features": 46363668643840.0,
    "stdev_min_numeric_features": 46363668643840.0,
    "mean_median_numeric_features": 9.482380005280317e+17,
    "stdev_median_numeric_features": 9.482380005280317e+17,
    "mean_max_numeric_features": 1.676892121556058e+18,
    "stdev_max_numeric_features": 1.676892121556058e+18,
    "mean_skew_numeric_features": 33.66804504394531,
    "stdev_skew_numeric_features": 33.66804504394531,
    "mean_kurtosis_numeric_features": 11833.4755859375,
    "stdev_kurtosis_numeric_features": 11833.4755859375,
    "pca_1": 0.9999999999999984,
    "pca_2": 2.107979708278073e-24,
    "pca_3": 1.5071728688892214e-24,
    "mean_entropy_categorical_features": NaN,
    "stdev_entropy_categorical_features": NaN,
    "mean_information_gain_categorical_features": NaN,
    "stdev_information_gain_categorical_features": NaN,
    "mean_mutual_informaiton_categorical_features": NaN,
    "stdev_mutual_informaiton_categorical_features": NaN,
    "gaussian_nb_accuracy": 0.9552923871860806,
    "gaussian_nb_balanced_accuracy": 0.5,
    "lda_accuracy": 0.9553057590721045,
    "lda_balanced_accuracy": 0.5002270986467063,
    "decision_tree_1_accuracy": 0.9552923972345895,
    "decision_tree_1_balanced_accuracy": 0.5,
    "decision_tree_2_accuracy": 0.9552923990209912,
    "decision_tree_2_balanced_accuracy": 0.5,
    "extra_trees_2_10_accuracy": 0.9552924229141129,
    "extra_trees_2_10_balanced_accuracy": 0.5
}