{
    "nb_instances": 2000,
    "log_nb_instances": 7.600902459542082,
    "nb_features": 76,
    "dataset_dimensionality": 26.31578947368421,
    "log_dataset_dimensionality": 3.270169119255751,
    "dataset_ratio": 0.038,
    "nb_missing_vals": 0,
    "ratio_features_with_missing_vals": 0.0,
    "ratio_instances_with_missing_vals": 0.0,
    "nb_numeric_features": 76,
    "nb_categorical_features": 0,
    "ratio_numeric_categorical_features": 0.0,
    "ratio_categorical_numeric_features": 0.0,
    "nb_classes": 10,
    "class_entropy": 2.3025850929940455,
    "mean_target_class_ratio": 0.10000000149011612,
    "stdev_target_class_ratio": 0.10000000149011612,
    "min_target_class_ratio": 0.10000000149011612,
    "median_target_class_ratio": 0.10000000149011612,
    "max_target_class_ratio": 0.10000000149011612,
    "mean_mean_numeric_features": 0.13203206658363342,
    "stdev_mean_numeric_features": 0.13203206658363342,
    "mean_stdev_numeric_features": 0.06710795313119888,
    "stdev_stdev_numeric_features": 0.06710795313119888,
    "mean_var_numeric_features": 0.005520282778888941,
    "stdev_var_numeric_features": 0.005520282778888941,
    "mean_min_numeric_features": 0.0031921565532684326,
    "stdev_min_numeric_features": 0.0031921565532684326,
    "mean_median_numeric_features": 0.12622766196727753,
    "stdev_median_numeric_features": 0.12622766196727753,
    "mean_max_numeric_features": 0.38195136189460754,
    "stdev_max_numeric_features": 0.38195136189460754,
    "mean_skew_numeric_features": 0.5447007417678833,
    "stdev_skew_numeric_features": 0.5447007417678833,
    "mean_kurtosis_numeric_features": 0.11900629848241806,
    "stdev_kurtosis_numeric_features": 0.11900629848241806,
    "pca_1": 0.19237015981482575,
    "pca_2": 0.13130310670181158,
    "pca_3": 0.09669924694516094,
    "mean_entropy_categorical_features": NaN,
    "stdev_entropy_categorical_features": NaN,
    "mean_information_gain_categorical_features": NaN,
    "stdev_information_gain_categorical_features": NaN,
    "mean_mutual_informaiton_categorical_features": NaN,
    "stdev_mutual_informaiton_categorical_features": NaN,
    "gaussian_nb_accuracy": 0.7645000000000001,
    "gaussian_nb_balanced_accuracy": 0.7647636518210229,
    "lda_accuracy": 0.8045000000000002,
    "lda_balanced_accuracy": 0.8046363171017672,
    "decision_tree_1_accuracy": 0.164,
    "decision_tree_1_balanced_accuracy": 0.19495129780613651,
    "decision_tree_2_accuracy": 0.36100000000000004,
    "decision_tree_2_balanced_accuracy": 0.37056041211395946,
    "extra_trees_2_10_accuracy": 0.49949999999999994,
    "extra_trees_2_10_balanced_accuracy": 0.5080585402539525
}