{
    "nb_instances": 661,
    "log_nb_instances": 6.493753839851686,
    "nb_features": 37,
    "dataset_dimensionality": 17.864864864864863,
    "log_dataset_dimensionality": 2.882835927207462,
    "dataset_ratio": 0.05597579425113464,
    "nb_missing_vals": 0,
    "ratio_features_with_missing_vals": 0.0,
    "ratio_instances_with_missing_vals": 0.0,
    "nb_numeric_features": 37,
    "nb_categorical_features": 0,
    "ratio_numeric_categorical_features": 0.0,
    "ratio_categorical_numeric_features": 0.0,
    "nb_classes": 2,
    "class_entropy": 0.27550573334402895,
    "mean_target_class_ratio": 0.5,
    "stdev_target_class_ratio": 0.5,
    "min_target_class_ratio": 0.07866868376731873,
    "median_target_class_ratio": 0.5,
    "max_target_class_ratio": 0.9213312864303589,
    "mean_mean_numeric_features": 962.8440551757812,
    "stdev_mean_numeric_features": 962.8440551757812,
    "mean_stdev_numeric_features": 3961.851318359375,
    "stdev_stdev_numeric_features": 3961.851318359375,
    "mean_var_numeric_features": 505286496.0,
    "stdev_var_numeric_features": 505286496.0,
    "mean_min_numeric_features": 3.946216583251953,
    "stdev_min_numeric_features": 3.946216583251953,
    "mean_median_numeric_features": 203.9794464111328,
    "stdev_median_numeric_features": 203.9794464111328,
    "mean_max_numeric_features": 78916.8359375,
    "stdev_max_numeric_features": 78916.8359375,
    "mean_skew_numeric_features": 5.662196159362793,
    "stdev_skew_numeric_features": 5.662196159362793,
    "mean_kurtosis_numeric_features": 62.6682243347168,
    "stdev_kurtosis_numeric_features": 62.6682243347168,
    "pca_1": 0.9999799975961076,
    "pca_2": 1.9781711095485215e-05,
    "pca_3": 9.646069063546293e-08,
    "mean_entropy_categorical_features": NaN,
    "stdev_entropy_categorical_features": NaN,
    "mean_information_gain_categorical_features": NaN,
    "stdev_information_gain_categorical_features": NaN,
    "mean_mutual_informaiton_categorical_features": NaN,
    "stdev_mutual_informaiton_categorical_features": NaN,
    "gaussian_nb_accuracy": 0.872863978127136,
    "gaussian_nb_balanced_accuracy": 0.6100458148881791,
    "lda_accuracy": 0.9182957393483709,
    "lda_balanced_accuracy": 0.6154738627076496,
    "decision_tree_1_accuracy": 0.9213260423786741,
    "decision_tree_1_balanced_accuracy": 0.5,
    "decision_tree_2_accuracy": 0.9303372066529961,
    "decision_tree_2_balanced_accuracy": 0.5785985432001667,
    "extra_trees_2_10_accuracy": 0.9243563454089768,
    "extra_trees_2_10_balanced_accuracy": 0.519090909090909
}