{
    "nb_instances": 296,
    "log_nb_instances": 5.69035945432406,
    "nb_features": 37,
    "dataset_dimensionality": 8.0,
    "log_dataset_dimensionality": 2.0794415416798357,
    "dataset_ratio": 0.125,
    "nb_missing_vals": 0,
    "ratio_features_with_missing_vals": 0.0,
    "ratio_instances_with_missing_vals": 0.0,
    "nb_numeric_features": 37,
    "nb_categorical_features": 0,
    "ratio_numeric_categorical_features": 0.0,
    "ratio_categorical_numeric_features": 0.0,
    "nb_classes": 2,
    "class_entropy": 0.383292403718047,
    "mean_target_class_ratio": 0.5,
    "stdev_target_class_ratio": 0.5,
    "min_target_class_ratio": 0.12837837636470795,
    "median_target_class_ratio": 0.5,
    "max_target_class_ratio": 0.8716216087341309,
    "mean_mean_numeric_features": 1214.3013916015625,
    "stdev_mean_numeric_features": 1214.3013916015625,
    "mean_stdev_numeric_features": 4061.626220703125,
    "stdev_stdev_numeric_features": 4061.626220703125,
    "mean_var_numeric_features": 531265696.0,
    "stdev_var_numeric_features": 531265696.0,
    "mean_min_numeric_features": 7.032432556152344,
    "stdev_min_numeric_features": 7.032432556152344,
    "mean_median_numeric_features": 265.3197326660156,
    "stdev_median_numeric_features": 265.3197326660156,
    "mean_max_numeric_features": 60863.5546875,
    "stdev_max_numeric_features": 60863.5546875,
    "mean_skew_numeric_features": 3.8133623600006104,
    "stdev_skew_numeric_features": 3.8133623600006104,
    "mean_kurtosis_numeric_features": 29.661815643310547,
    "stdev_kurtosis_numeric_features": 29.661815643310547,
    "pca_1": 0.9999652245497025,
    "pca_2": 3.460040809935863e-05,
    "pca_3": 6.782122492672084e-08,
    "mean_entropy_categorical_features": NaN,
    "stdev_entropy_categorical_features": NaN,
    "mean_information_gain_categorical_features": NaN,
    "stdev_information_gain_categorical_features": NaN,
    "mean_mutual_informaiton_categorical_features": NaN,
    "stdev_mutual_informaiton_categorical_features": NaN,
    "gaussian_nb_accuracy": 0.7940677966101696,
    "gaussian_nb_balanced_accuracy": 0.5951198349817275,
    "lda_accuracy": 0.8478531073446327,
    "lda_balanced_accuracy": 0.5719191537282547,
    "decision_tree_1_accuracy": 0.8715254237288136,
    "decision_tree_1_balanced_accuracy": 0.5,
    "decision_tree_2_accuracy": 0.8648587570621469,
    "decision_tree_2_balanced_accuracy": 0.5171945701357467,
    "extra_trees_2_10_accuracy": 0.8713559322033898,
    "extra_trees_2_10_balanced_accuracy": 0.5
}