{
    "nb_instances": 327,
    "log_nb_instances": 5.7899601708972535,
    "nb_features": 37,
    "dataset_dimensionality": 8.837837837837839,
    "log_dataset_dimensionality": 2.179042258253029,
    "dataset_ratio": 0.11314984709480122,
    "nb_missing_vals": 0,
    "ratio_features_with_missing_vals": 0.0,
    "ratio_instances_with_missing_vals": 0.0,
    "nb_numeric_features": 37,
    "nb_categorical_features": 0,
    "ratio_numeric_categorical_features": 0.0,
    "ratio_categorical_numeric_features": 0.0,
    "nb_classes": 2,
    "class_entropy": 0.3834111178560703,
    "mean_target_class_ratio": 0.5,
    "stdev_target_class_ratio": 0.5,
    "min_target_class_ratio": 0.12844036519527435,
    "median_target_class_ratio": 0.5,
    "max_target_class_ratio": 0.8715596199035645,
    "mean_mean_numeric_features": 1462.3875732421875,
    "stdev_mean_numeric_features": 1462.3875732421875,
    "mean_stdev_numeric_features": 4655.66845703125,
    "stdev_stdev_numeric_features": 4655.66845703125,
    "mean_var_numeric_features": 697131392.0,
    "stdev_var_numeric_features": 697131392.0,
    "mean_min_numeric_features": 7.032432556152344,
    "stdev_min_numeric_features": 7.032432556152344,
    "mean_median_numeric_features": 299.5329895019531,
    "stdev_median_numeric_features": 299.5329895019531,
    "mean_max_numeric_features": 60873.546875,
    "stdev_max_numeric_features": 60873.546875,
    "mean_skew_numeric_features": 3.5743634700775146,
    "stdev_skew_numeric_features": 3.5743634700775146,
    "mean_kurtosis_numeric_features": 22.62786102294922,
    "stdev_kurtosis_numeric_features": 22.62786102294922,
    "pca_1": 0.9999653043626308,
    "pca_2": 3.4520991125291276e-05,
    "pca_3": 6.073772695879038e-08,
    "mean_entropy_categorical_features": NaN,
    "stdev_entropy_categorical_features": NaN,
    "mean_information_gain_categorical_features": NaN,
    "stdev_information_gain_categorical_features": NaN,
    "mean_mutual_informaiton_categorical_features": NaN,
    "stdev_mutual_informaiton_categorical_features": NaN,
    "gaussian_nb_accuracy": 0.8137062937062938,
    "gaussian_nb_balanced_accuracy": 0.5725002953265769,
    "lda_accuracy": 0.8503030303030303,
    "lda_balanced_accuracy": 0.573074136490652,
    "decision_tree_1_accuracy": 0.8717016317016316,
    "decision_tree_1_balanced_accuracy": 0.5,
    "decision_tree_2_accuracy": 0.8625641025641027,
    "decision_tree_2_balanced_accuracy": 0.4947368421052632,
    "extra_trees_2_10_accuracy": 0.8682983682983684,
    "extra_trees_2_10_balanced_accuracy": 0.49830508474576274
}