{
    "nb_instances": 253,
    "log_nb_instances": 5.53338948872752,
    "nb_features": 37,
    "dataset_dimensionality": 6.837837837837838,
    "log_dataset_dimensionality": 1.9224715760832958,
    "dataset_ratio": 0.14624505928853754,
    "nb_missing_vals": 0,
    "ratio_features_with_missing_vals": 0.0,
    "ratio_instances_with_missing_vals": 0.0,
    "nb_numeric_features": 37,
    "nb_categorical_features": 0,
    "ratio_numeric_categorical_features": 0.0,
    "ratio_categorical_numeric_features": 0.0,
    "nb_classes": 2,
    "class_entropy": 0.3396009305549768,
    "mean_target_class_ratio": 0.5,
    "stdev_target_class_ratio": 0.5,
    "min_target_class_ratio": 0.10671936720609665,
    "median_target_class_ratio": 0.5,
    "max_target_class_ratio": 0.8932806253433228,
    "mean_mean_numeric_features": 344.99951171875,
    "stdev_mean_numeric_features": 344.99951171875,
    "mean_stdev_numeric_features": 576.1685791015625,
    "stdev_stdev_numeric_features": 576.1685791015625,
    "mean_var_numeric_features": 10047191.0,
    "stdev_var_numeric_features": 10047191.0,
    "mean_min_numeric_features": 5.690810680389404,
    "stdev_min_numeric_features": 5.690810680389404,
    "mean_median_numeric_features": 124.7805404663086,
    "stdev_median_numeric_features": 124.7805404663086,
    "mean_max_numeric_features": 5201.06298828125,
    "stdev_max_numeric_features": 5201.06298828125,
    "mean_skew_numeric_features": 2.1270790100097656,
    "stdev_skew_numeric_features": 2.1270790100097656,
    "mean_kurtosis_numeric_features": 8.056947708129883,
    "stdev_kurtosis_numeric_features": 8.056947708129883,
    "pca_1": 0.999837615566908,
    "pca_2": 0.00015879318651786922,
    "pca_3": 1.1487460868282667e-06,
    "mean_entropy_categorical_features": NaN,
    "stdev_entropy_categorical_features": NaN,
    "mean_information_gain_categorical_features": NaN,
    "stdev_information_gain_categorical_features": NaN,
    "mean_mutual_informaiton_categorical_features": NaN,
    "stdev_mutual_informaiton_categorical_features": NaN,
    "gaussian_nb_accuracy": 0.8141176470588235,
    "gaussian_nb_balanced_accuracy": 0.6936133637151214,
    "lda_accuracy": 0.8931764705882352,
    "lda_balanced_accuracy": 0.6507827571540917,
    "decision_tree_1_accuracy": 0.8894901960784314,
    "decision_tree_1_balanced_accuracy": 0.6529870239298955,
    "decision_tree_2_accuracy": 0.8850980392156862,
    "decision_tree_2_balanced_accuracy": 0.5837512664640323,
    "extra_trees_2_10_accuracy": 0.8851764705882352,
    "extra_trees_2_10_balanced_accuracy": 0.5185245143385754
}