{
    "nb_instances": 705,
    "log_nb_instances": 6.558197802812269,
    "nb_features": 37,
    "dataset_dimensionality": 19.054054054054053,
    "log_dataset_dimensionality": 2.947279890168044,
    "dataset_ratio": 0.0524822695035461,
    "nb_missing_vals": 0,
    "ratio_features_with_missing_vals": 0.0,
    "ratio_instances_with_missing_vals": 0.0,
    "nb_numeric_features": 37,
    "nb_categorical_features": 0,
    "ratio_numeric_categorical_features": 0.0,
    "ratio_categorical_numeric_features": 0.0,
    "nb_classes": 2,
    "class_entropy": 0.29442293000974995,
    "mean_target_class_ratio": 0.5,
    "stdev_target_class_ratio": 0.5,
    "min_target_class_ratio": 0.08652482181787491,
    "median_target_class_ratio": 0.5,
    "max_target_class_ratio": 0.9134751558303833,
    "mean_mean_numeric_features": 1283.6397705078125,
    "stdev_mean_numeric_features": 1283.6397705078125,
    "mean_stdev_numeric_features": 6136.7119140625,
    "stdev_stdev_numeric_features": 6136.7119140625,
    "mean_var_numeric_features": 1224512768.0,
    "stdev_var_numeric_features": 1224512768.0,
    "mean_min_numeric_features": 3.9448649883270264,
    "stdev_min_numeric_features": 3.9448649883270264,
    "mean_median_numeric_features": 217.36163330078125,
    "stdev_median_numeric_features": 217.36163330078125,
    "mean_max_numeric_features": 123113.921875,
    "stdev_max_numeric_features": 123113.921875,
    "mean_skew_numeric_features": 5.345353603363037,
    "stdev_skew_numeric_features": 5.345353603363037,
    "mean_kurtosis_numeric_features": 56.502559661865234,
    "stdev_kurtosis_numeric_features": 56.502559661865234,
    "pca_1": 0.9999757233163518,
    "pca_2": 2.4160549104968017e-05,
    "pca_3": 4.7452939587806744e-08,
    "mean_entropy_categorical_features": NaN,
    "stdev_entropy_categorical_features": NaN,
    "mean_information_gain_categorical_features": NaN,
    "stdev_information_gain_categorical_features": NaN,
    "mean_mutual_informaiton_categorical_features": NaN,
    "stdev_mutual_informaiton_categorical_features": NaN,
    "gaussian_nb_accuracy": 0.8780141843971631,
    "gaussian_nb_balanced_accuracy": 0.6214190015692598,
    "lda_accuracy": 0.897872340425532,
    "lda_balanced_accuracy": 0.606909939534251,
    "decision_tree_1_accuracy": 0.9134751773049645,
    "decision_tree_1_balanced_accuracy": 0.5,
    "decision_tree_2_accuracy": 0.9148936170212766,
    "decision_tree_2_balanced_accuracy": 0.5786689660251529,
    "extra_trees_2_10_accuracy": 0.9148936170212766,
    "extra_trees_2_10_balanced_accuracy": 0.5055555555555555
}