{
    "nb_instances": 10218,
    "log_nb_instances": 9.231906149890744,
    "nb_features": 7,
    "dataset_dimensionality": 1459.7142857142858,
    "log_dataset_dimensionality": 7.28599600083543,
    "dataset_ratio": 0.0006850655705617538,
    "nb_missing_vals": 0,
    "ratio_features_with_missing_vals": 0.0,
    "ratio_instances_with_missing_vals": 0.0,
    "nb_numeric_features": 7,
    "nb_categorical_features": 0,
    "ratio_numeric_categorical_features": 0.0,
    "ratio_categorical_numeric_features": 0.0,
    "nb_classes": 10,
    "class_entropy": 2.2768678881982374,
    "mean_target_class_ratio": 0.10000000149011612,
    "stdev_target_class_ratio": 0.10000000149011612,
    "min_target_class_ratio": 0.05871990695595741,
    "median_target_class_ratio": 0.09825797379016876,
    "max_target_class_ratio": 0.13857898116111755,
    "mean_mean_numeric_features": 15.677499771118164,
    "stdev_mean_numeric_features": 15.677499771118164,
    "mean_stdev_numeric_features": 9.504522323608398,
    "stdev_stdev_numeric_features": 9.504522323608398,
    "mean_var_numeric_features": 104.81687927246094,
    "stdev_var_numeric_features": 104.81687927246094,
    "mean_min_numeric_features": 1.8414286375045776,
    "stdev_min_numeric_features": 1.8414286375045776,
    "mean_median_numeric_features": 13.74571418762207,
    "stdev_median_numeric_features": 13.74571418762207,
    "mean_max_numeric_features": 51.131431579589844,
    "stdev_max_numeric_features": 51.131431579589844,
    "mean_skew_numeric_features": 0.6738720536231995,
    "stdev_skew_numeric_features": 0.6738720536231995,
    "mean_kurtosis_numeric_features": -0.03922174498438835,
    "stdev_kurtosis_numeric_features": -0.03922174498438835,
    "pca_1": 0.4780363663235792,
    "pca_2": 0.19468575901144747,
    "pca_3": 0.1578454717535319,
    "mean_entropy_categorical_features": NaN,
    "stdev_entropy_categorical_features": NaN,
    "mean_information_gain_categorical_features": NaN,
    "stdev_information_gain_categorical_features": NaN,
    "mean_mutual_informaiton_categorical_features": NaN,
    "stdev_mutual_informaiton_categorical_features": NaN,
    "gaussian_nb_accuracy": 0.2649226081517434,
    "gaussian_nb_balanced_accuracy": 0.2870736197419467,
    "lda_accuracy": 0.34184921449117944,
    "lda_balanced_accuracy": 0.3288234934111789,
    "decision_tree_1_accuracy": 0.17341928383205313,
    "decision_tree_1_balanced_accuracy": 0.16446827438787617,
    "decision_tree_2_accuracy": 0.2344871945921973,
    "decision_tree_2_balanced_accuracy": 0.21287937029644416,
    "extra_trees_2_10_accuracy": 0.22137555281602112,
    "extra_trees_2_10_balanced_accuracy": 0.17842737922116209
}