{
    "nb_instances": 5300,
    "log_nb_instances": 8.575462099540212,
    "nb_features": 2,
    "dataset_dimensionality": 2650.0,
    "log_dataset_dimensionality": 7.882314918980268,
    "dataset_ratio": 0.0003773584905660377,
    "nb_missing_vals": 0,
    "ratio_features_with_missing_vals": 0.0,
    "ratio_instances_with_missing_vals": 0.0,
    "nb_numeric_features": 2,
    "nb_categorical_features": 0,
    "ratio_numeric_categorical_features": 0.0,
    "ratio_categorical_numeric_features": 0.0,
    "nb_classes": 2,
    "class_entropy": 0.6877922253799458,
    "mean_target_class_ratio": 0.5,
    "stdev_target_class_ratio": 0.5,
    "min_target_class_ratio": 0.44830188155174255,
    "median_target_class_ratio": 0.5,
    "max_target_class_ratio": 0.5516980886459351,
    "mean_mean_numeric_features": 1.665754825808108e-05,
    "stdev_mean_numeric_features": 1.665754825808108e-05,
    "mean_stdev_numeric_features": 0.9999591708183289,
    "stdev_stdev_numeric_features": 0.9999591708183289,
    "mean_var_numeric_features": 0.9999183416366577,
    "stdev_var_numeric_features": 0.9999183416366577,
    "mean_min_numeric_features": -2.740000009536743,
    "stdev_min_numeric_features": -2.740000009536743,
    "mean_median_numeric_features": -0.026225000619888306,
    "stdev_median_numeric_features": -0.026225000619888306,
    "mean_max_numeric_features": 3.0,
    "stdev_max_numeric_features": 3.0,
    "mean_skew_numeric_features": 0.09728044271469116,
    "stdev_skew_numeric_features": 0.09728044271469116,
    "mean_kurtosis_numeric_features": -0.8442896604537964,
    "stdev_kurtosis_numeric_features": -0.8442896604537964,
    "pca_1": 0.5947116151837176,
    "pca_2": 0.4052883848162824,
    "pca_3": NaN,
    "mean_entropy_categorical_features": NaN,
    "stdev_entropy_categorical_features": NaN,
    "mean_information_gain_categorical_features": NaN,
    "stdev_information_gain_categorical_features": NaN,
    "mean_mutual_informaiton_categorical_features": NaN,
    "stdev_mutual_informaiton_categorical_features": NaN,
    "gaussian_nb_accuracy": 0.6111320754716981,
    "gaussian_nb_balanced_accuracy": 0.5828681809247069,
    "lda_accuracy": 0.5509433962264151,
    "lda_balanced_accuracy": 0.5119018968352127,
    "decision_tree_1_accuracy": 0.5867924528301887,
    "decision_tree_1_balanced_accuracy": 0.604531668586559,
    "decision_tree_2_accuracy": 0.7179245283018869,
    "decision_tree_2_balanced_accuracy": 0.7121076129481654,
    "extra_trees_2_10_accuracy": 0.5641509433962264,
    "extra_trees_2_10_balanced_accuracy": 0.5146266363257592
}