{
    "nb_instances": 1372,
    "log_nb_instances": 7.22402480828583,
    "nb_features": 4,
    "dataset_dimensionality": 343.0,
    "log_dataset_dimensionality": 5.8377304471659395,
    "dataset_ratio": 0.0029154518950437317,
    "nb_missing_vals": 0,
    "ratio_features_with_missing_vals": 0.0,
    "ratio_instances_with_missing_vals": 0.0,
    "nb_numeric_features": 4,
    "nb_categorical_features": 0,
    "ratio_numeric_categorical_features": 0.0,
    "ratio_categorical_numeric_features": 0.0,
    "nb_classes": 2,
    "class_entropy": 0.6869976659350199,
    "mean_target_class_ratio": 0.5,
    "stdev_target_class_ratio": 0.5,
    "min_target_class_ratio": 0.4446064233779907,
    "median_target_class_ratio": 0.5,
    "max_target_class_ratio": 0.5553935766220093,
    "mean_mean_numeric_features": 0.6405147314071655,
    "stdev_mean_numeric_features": 0.6405147314071655,
    "mean_stdev_numeric_features": 3.7807130813598633,
    "stdev_stdev_numeric_features": 3.7807130813598633,
    "mean_var_numeric_features": 16.379405975341797,
    "stdev_var_numeric_features": 16.379405975341797,
    "mean_min_numeric_features": -8.662375450134277,
    "stdev_min_numeric_features": -8.662375450134277,
    "mean_median_numeric_features": 0.7114524841308594,
    "stdev_median_numeric_features": 0.7114524841308594,
    "mean_max_numeric_features": 10.038325309753418,
    "stdev_max_numeric_features": 10.038325309753418,
    "mean_skew_numeric_features": -0.11929140985012054,
    "stdev_skew_numeric_features": -0.11929140985012054,
    "mean_kurtosis_numeric_features": 0.14479467272758484,
    "stdev_kurtosis_numeric_features": 0.14479467272758484,
    "pca_1": 0.7613240913798661,
    "pca_2": 0.1419049040463938,
    "pca_3": 0.06701766830098953,
    "mean_entropy_categorical_features": NaN,
    "stdev_entropy_categorical_features": NaN,
    "mean_information_gain_categorical_features": NaN,
    "stdev_information_gain_categorical_features": NaN,
    "mean_mutual_informaiton_categorical_features": NaN,
    "stdev_mutual_informaiton_categorical_features": NaN,
    "gaussian_nb_accuracy": 0.840376907763769,
    "gaussian_nb_balanced_accuracy": 0.8354463290162837,
    "lda_accuracy": 0.9766741871267419,
    "lda_balanced_accuracy": 0.9790122377622378,
    "decision_tree_1_accuracy": 0.8396602521566026,
    "decision_tree_1_balanced_accuracy": 0.8454781603733572,
    "decision_tree_2_accuracy": 0.8899455872594558,
    "decision_tree_2_balanced_accuracy": 0.8838076399868189,
    "extra_trees_2_10_accuracy": 0.8717478433974785,
    "extra_trees_2_10_balanced_accuracy": 0.857869701048747
}