{
    "nb_instances": 540,
    "log_nb_instances": 6.29156913955832,
    "nb_features": 20,
    "dataset_dimensionality": 27.0,
    "log_dataset_dimensionality": 3.295836866004329,
    "dataset_ratio": 0.037037037037037035,
    "nb_missing_vals": 0,
    "ratio_features_with_missing_vals": 0.0,
    "ratio_instances_with_missing_vals": 0.0,
    "nb_numeric_features": 20,
    "nb_categorical_features": 0,
    "ratio_numeric_categorical_features": 0.0,
    "ratio_categorical_numeric_features": 0.0,
    "nb_classes": 2,
    "class_entropy": 0.29125423265214945,
    "mean_target_class_ratio": 0.5,
    "stdev_target_class_ratio": 0.5,
    "min_target_class_ratio": 0.08518518507480621,
    "median_target_class_ratio": 0.5,
    "max_target_class_ratio": 0.914814829826355,
    "mean_mean_numeric_features": 18.575016021728516,
    "stdev_mean_numeric_features": 18.575016021728516,
    "mean_stdev_numeric_features": 10.688349723815918,
    "stdev_stdev_numeric_features": 10.688349723815918,
    "mean_var_numeric_features": 1352.600830078125,
    "stdev_var_numeric_features": 1352.600830078125,
    "mean_min_numeric_features": 0.1512037217617035,
    "stdev_min_numeric_features": 0.1512037217617035,
    "mean_median_numeric_features": 18.574951171875,
    "stdev_median_numeric_features": 18.574951171875,
    "mean_max_numeric_features": 36.9987678527832,
    "stdev_max_numeric_features": 36.9987678527832,
    "mean_skew_numeric_features": 2.9030674340901896e-05,
    "stdev_skew_numeric_features": 2.9030674340901896e-05,
    "mean_kurtosis_numeric_features": -1.2151730060577393,
    "stdev_kurtosis_numeric_features": -1.2151730060577393,
    "pca_1": 0.9003233926756736,
    "pca_2": 0.09960268551224079,
    "pca_3": 2.4689603425563806e-05,
    "mean_entropy_categorical_features": NaN,
    "stdev_entropy_categorical_features": NaN,
    "mean_information_gain_categorical_features": NaN,
    "stdev_information_gain_categorical_features": NaN,
    "mean_mutual_informaiton_categorical_features": NaN,
    "stdev_mutual_informaiton_categorical_features": NaN,
    "gaussian_nb_accuracy": 0.8777777777777779,
    "gaussian_nb_balanced_accuracy": 0.7187782033925036,
    "lda_accuracy": 0.9074074074074074,
    "lda_balanced_accuracy": 0.5387035340411869,
    "decision_tree_1_accuracy": 0.9148148148148149,
    "decision_tree_1_balanced_accuracy": 0.5,
    "decision_tree_2_accuracy": 0.9092592592592592,
    "decision_tree_2_balanced_accuracy": 0.4969480453199959,
    "extra_trees_2_10_accuracy": 0.9148148148148147,
    "extra_trees_2_10_balanced_accuracy": 0.5
}