{
    "nb_instances": 1080,
    "log_nb_instances": 6.984716320118266,
    "nb_features": 856,
    "dataset_dimensionality": 1.2616822429906542,
    "log_dataset_dimensionality": 0.2324459439765233,
    "dataset_ratio": 0.7925925925925926,
    "nb_missing_vals": 0,
    "ratio_features_with_missing_vals": 0.0,
    "ratio_instances_with_missing_vals": 0.0,
    "nb_numeric_features": 856,
    "nb_categorical_features": 0,
    "ratio_numeric_categorical_features": 0.0,
    "ratio_categorical_numeric_features": 0.0,
    "nb_classes": 9,
    "class_entropy": 2.1972245773362196,
    "mean_target_class_ratio": 0.1111111119389534,
    "stdev_target_class_ratio": 0.1111111119389534,
    "min_target_class_ratio": 0.1111111119389534,
    "median_target_class_ratio": 0.1111111119389534,
    "max_target_class_ratio": 0.1111111119389534,
    "mean_mean_numeric_features": 0.008213265798985958,
    "stdev_mean_numeric_features": 0.008213265798985958,
    "mean_stdev_numeric_features": 0.06570781767368317,
    "stdev_stdev_numeric_features": 0.06570781767368317,
    "mean_var_numeric_features": 0.00825103186070919,
    "stdev_var_numeric_features": 0.00825103186070919,
    "mean_min_numeric_features": 0.0,
    "stdev_min_numeric_features": 0.0,
    "mean_median_numeric_features": 0.0,
    "stdev_median_numeric_features": 0.0,
    "mean_max_numeric_features": 1.1471962928771973,
    "stdev_max_numeric_features": 1.1471962928771973,
    "mean_skew_numeric_features": 23.162384033203125,
    "stdev_skew_numeric_features": 23.162384033203125,
    "mean_kurtosis_numeric_features": 636.4605712890625,
    "stdev_kurtosis_numeric_features": 636.4605712890625,
    "pca_1": 0.07398556443283674,
    "pca_2": 0.06469001113227968,
    "pca_3": 0.04681122045601259,
    "mean_entropy_categorical_features": NaN,
    "stdev_entropy_categorical_features": NaN,
    "mean_information_gain_categorical_features": NaN,
    "stdev_information_gain_categorical_features": NaN,
    "mean_mutual_informaiton_categorical_features": NaN,
    "stdev_mutual_informaiton_categorical_features": NaN,
    "gaussian_nb_accuracy": 0.8925925925925926,
    "gaussian_nb_balanced_accuracy": 0.893287486091497,
    "lda_accuracy": 0.8648148148148149,
    "lda_balanced_accuracy": 0.866806078166039,
    "decision_tree_1_accuracy": 0.16666666666666666,
    "decision_tree_1_balanced_accuracy": 0.19993784784021246,
    "decision_tree_2_accuracy": 0.2564814814814815,
    "decision_tree_2_balanced_accuracy": 0.28648805453319326,
    "extra_trees_2_10_accuracy": 0.4685185185185185,
    "extra_trees_2_10_balanced_accuracy": 0.4899449652805152
}