{
    "nb_instances": 14980,
    "log_nb_instances": 9.61447125707121,
    "nb_features": 14,
    "dataset_dimensionality": 1070.0,
    "log_dataset_dimensionality": 6.975413927455952,
    "dataset_ratio": 0.0009345794392523365,
    "nb_missing_vals": 0,
    "ratio_features_with_missing_vals": 0.0,
    "ratio_instances_with_missing_vals": 0.0,
    "nb_numeric_features": 14,
    "nb_categorical_features": 0,
    "ratio_numeric_categorical_features": 0.0,
    "ratio_categorical_numeric_features": 0.0,
    "nb_classes": 2,
    "class_entropy": 0.6878947700382305,
    "mean_target_class_ratio": 0.5,
    "stdev_target_class_ratio": 0.5,
    "min_target_class_ratio": 0.44879838824272156,
    "median_target_class_ratio": 0.5,
    "max_target_class_ratio": 0.551201581954956,
    "mean_mean_numeric_features": 4316.88232421875,
    "stdev_mean_numeric_features": 4316.88232421875,
    "mean_stdev_numeric_features": 1767.288330078125,
    "stdev_stdev_numeric_features": 1767.288330078125,
    "mean_var_numeric_features": 7420472.0,
    "stdev_var_numeric_features": 7420472.0,
    "mean_min_numeric_features": 2073.18603515625,
    "stdev_min_numeric_features": 2073.18603515625,
    "mean_median_numeric_features": 4299.1201171875,
    "stdev_median_numeric_features": 4299.1201171875,
    "mean_max_numeric_features": 218879.09375,
    "stdev_max_numeric_features": 218879.09375,
    "mean_skew_numeric_features": 71.73726654052734,
    "stdev_skew_numeric_features": 71.73726654052734,
    "mean_kurtosis_numeric_features": 8904.7216796875,
    "stdev_kurtosis_numeric_features": 8904.7216796875,
    "pca_1": 0.5052446998053034,
    "pca_2": 0.37693630892085755,
    "pca_3": 0.11772945954460605,
    "mean_entropy_categorical_features": NaN,
    "stdev_entropy_categorical_features": NaN,
    "mean_information_gain_categorical_features": NaN,
    "stdev_information_gain_categorical_features": NaN,
    "mean_mutual_informaiton_categorical_features": NaN,
    "stdev_mutual_informaiton_categorical_features": NaN,
    "gaussian_nb_accuracy": 0.47263017356475306,
    "gaussian_nb_balanced_accuracy": 0.4980416393205206,
    "lda_accuracy": 0.6387182910547395,
    "lda_balanced_accuracy": 0.6239616743320301,
    "decision_tree_1_accuracy": 0.5908544726301737,
    "decision_tree_1_balanced_accuracy": 0.5542839983223427,
    "decision_tree_2_accuracy": 0.6188918558077436,
    "decision_tree_2_balanced_accuracy": 0.6277173216626243,
    "extra_trees_2_10_accuracy": 0.5512016021361816,
    "extra_trees_2_10_balanced_accuracy": 0.5
}