{
    "nb_instances": 6118,
    "log_nb_instances": 8.718990524710849,
    "nb_features": 51,
    "dataset_dimensionality": 119.96078431372548,
    "log_dataset_dimensionality": 4.787164891986523,
    "dataset_ratio": 0.008336057535142204,
    "nb_missing_vals": 0,
    "ratio_features_with_missing_vals": 0.0,
    "ratio_instances_with_missing_vals": 0.0,
    "nb_numeric_features": 51,
    "nb_categorical_features": 0,
    "ratio_numeric_categorical_features": 0.0,
    "ratio_categorical_numeric_features": 0.0,
    "nb_classes": 6,
    "class_entropy": 1.594243407567355,
    "mean_target_class_ratio": 0.1666666567325592,
    "stdev_target_class_ratio": 0.1666666567325592,
    "min_target_class_ratio": 0.0794377252459526,
    "median_target_class_ratio": 0.11212814599275589,
    "max_target_class_ratio": 0.4174566864967346,
    "mean_mean_numeric_features": -0.0005510328337550163,
    "stdev_mean_numeric_features": -0.0005510328337550163,
    "mean_stdev_numeric_features": 0.9916437864303589,
    "stdev_stdev_numeric_features": 0.9916437864303589,
    "mean_var_numeric_features": 0.9902510046958923,
    "stdev_var_numeric_features": 0.9902510046958923,
    "mean_min_numeric_features": -1.1762866973876953,
    "stdev_min_numeric_features": -1.1762866973876953,
    "mean_median_numeric_features": -0.16255655884742737,
    "stdev_median_numeric_features": -0.16255655884742737,
    "mean_max_numeric_features": 14.915953636169434,
    "stdev_max_numeric_features": 14.915953636169434,
    "mean_skew_numeric_features": 7.440976142883301,
    "stdev_skew_numeric_features": 7.440976142883301,
    "mean_kurtosis_numeric_features": 228.19085693359375,
    "stdev_kurtosis_numeric_features": 228.19085693359375,
    "pca_1": 0.2912255819054287,
    "pca_2": 0.09714826415812955,
    "pca_3": 0.0881782783495038,
    "mean_entropy_categorical_features": NaN,
    "stdev_entropy_categorical_features": NaN,
    "mean_information_gain_categorical_features": NaN,
    "stdev_information_gain_categorical_features": NaN,
    "mean_mutual_informaiton_categorical_features": NaN,
    "stdev_mutual_informaiton_categorical_features": NaN,
    "gaussian_nb_accuracy": 0.1747302518718035,
    "gaussian_nb_balanced_accuracy": 0.24147978379610283,
    "lda_accuracy": 0.4738477920467723,
    "lda_balanced_accuracy": 0.3231870741690726,
    "decision_tree_1_accuracy": 0.4181090642852944,
    "decision_tree_1_balanced_accuracy": 0.17303086815105045,
    "decision_tree_2_accuracy": 0.4207279859340847,
    "decision_tree_2_balanced_accuracy": 0.19478488256133997,
    "extra_trees_2_10_accuracy": 0.41746108091642214,
    "extra_trees_2_10_balanced_accuracy": 0.16666666666666666
}