{
    "nb_instances": 13910,
    "log_nb_instances": 9.540363284917488,
    "nb_features": 128,
    "dataset_dimensionality": 108.671875,
    "log_dataset_dimensionality": 4.688333020997871,
    "dataset_ratio": 0.009202012940330698,
    "nb_missing_vals": 0,
    "ratio_features_with_missing_vals": 0.0,
    "ratio_instances_with_missing_vals": 0.0,
    "nb_numeric_features": 128,
    "nb_categorical_features": 0,
    "ratio_numeric_categorical_features": 0.0,
    "ratio_categorical_numeric_features": 0.0,
    "nb_classes": 6,
    "class_entropy": 1.764541888954864,
    "mean_target_class_ratio": 0.1666666865348816,
    "stdev_target_class_ratio": 0.1666666865348816,
    "min_target_class_ratio": 0.11797267943620682,
    "median_target_class_ratio": 0.16179007291793823,
    "max_target_class_ratio": 0.21631918847560883,
    "mean_mean_numeric_features": 2791.46337890625,
    "stdev_mean_numeric_features": 2791.46337890625,
    "mean_stdev_numeric_features": 2729.30810546875,
    "stdev_stdev_numeric_features": 2729.30810546875,
    "mean_var_numeric_features": 119418976.0,
    "stdev_var_numeric_features": 119418976.0,
    "mean_min_numeric_features": -1411.210205078125,
    "stdev_min_numeric_features": -1411.210205078125,
    "mean_median_numeric_features": 1994.5048828125,
    "stdev_median_numeric_features": 1994.5048828125,
    "mean_max_numeric_features": 23039.142578125,
    "stdev_max_numeric_features": 23039.142578125,
    "mean_skew_numeric_features": 4.620308876037598,
    "stdev_skew_numeric_features": 4.620308876037598,
    "mean_kurtosis_numeric_features": 1037.148681640625,
    "stdev_kurtosis_numeric_features": 1037.148681640625,
    "pca_1": 0.900910842375633,
    "pca_2": 0.060838452868757914,
    "pca_3": 0.024927093370630954,
    "mean_entropy_categorical_features": NaN,
    "stdev_entropy_categorical_features": NaN,
    "mean_information_gain_categorical_features": NaN,
    "stdev_information_gain_categorical_features": NaN,
    "mean_mutual_informaiton_categorical_features": NaN,
    "stdev_mutual_informaiton_categorical_features": NaN,
    "gaussian_nb_accuracy": 0.5552839683680806,
    "gaussian_nb_balanced_accuracy": 0.5573846619379119,
    "lda_accuracy": 0.9447160316319195,
    "lda_balanced_accuracy": 0.9421252312328494,
    "decision_tree_1_accuracy": 0.3884974838245866,
    "decision_tree_1_balanced_accuracy": 0.3031527514289086,
    "decision_tree_2_accuracy": 0.5350826743350108,
    "decision_tree_2_balanced_accuracy": 0.4928915697117147,
    "extra_trees_2_10_accuracy": 0.5275341480948957,
    "extra_trees_2_10_balanced_accuracy": 0.4530102141584244
}