{
    "nb_instances": 583,
    "log_nb_instances": 6.368187186350492,
    "nb_features": 10,
    "dataset_dimensionality": 58.3,
    "log_dataset_dimensionality": 4.065602093356446,
    "dataset_ratio": 0.017152658662092625,
    "nb_missing_vals": 0,
    "ratio_features_with_missing_vals": 0.0,
    "ratio_instances_with_missing_vals": 0.0,
    "nb_numeric_features": 9,
    "nb_categorical_features": 1,
    "ratio_numeric_categorical_features": 9.0,
    "ratio_categorical_numeric_features": 0.1111111111111111,
    "nb_classes": 2,
    "class_entropy": 0.5989418433963181,
    "mean_target_class_ratio": 0.5,
    "stdev_target_class_ratio": 0.5,
    "min_target_class_ratio": 0.2864494025707245,
    "median_target_class_ratio": 0.5,
    "max_target_class_ratio": 0.7135506272315979,
    "mean_mean_numeric_features": 60.14487075805664,
    "stdev_mean_numeric_features": 60.14487075805664,
    "mean_stdev_numeric_features": 82.43157196044922,
    "stdev_stdev_numeric_features": 82.43157196044922,
    "mean_var_numeric_features": 19572.603515625,
    "stdev_var_numeric_features": 19572.603515625,
    "mean_min_numeric_features": 10.155555725097656,
    "stdev_min_numeric_features": 10.155555725097656,
    "mean_median_numeric_features": 37.994117736816406,
    "stdev_median_numeric_features": 37.994117736816406,
    "mean_max_numeric_features": 1026.8443603515625,
    "stdev_max_numeric_features": 1026.8443603515625,
    "mean_skew_numeric_features": 3.2908124923706055,
    "stdev_skew_numeric_features": 3.2908124923706055,
    "mean_kurtosis_numeric_features": 30.042076110839844,
    "stdev_kurtosis_numeric_features": 30.042076110839844,
    "pca_1": 0.626781831344529,
    "pca_2": 0.316607408220029,
    "pca_3": 0.05490403642317655,
    "mean_entropy_categorical_features": 0.5551576018333435,
    "stdev_entropy_categorical_features": 0.5551576018333435,
    "mean_information_gain_categorical_features": 0.003306708997115493,
    "stdev_information_gain_categorical_features": 0.003306708997115493,
    "mean_mutual_informaiton_categorical_features": 0.003306708997115493,
    "stdev_mutual_informaiton_categorical_features": 0.003306708997115493,
    "gaussian_nb_accuracy": NaN,
    "gaussian_nb_balanced_accuracy": NaN,
    "lda_accuracy": NaN,
    "lda_balanced_accuracy": NaN,
    "decision_tree_1_accuracy": NaN,
    "decision_tree_1_balanced_accuracy": NaN,
    "decision_tree_2_accuracy": NaN,
    "decision_tree_2_balanced_accuracy": NaN,
    "extra_trees_2_10_accuracy": NaN,
    "extra_trees_2_10_balanced_accuracy": NaN
}