{
    "nb_instances": 28056,
    "log_nb_instances": 10.241957791820013,
    "nb_features": 6,
    "dataset_dimensionality": 4676.0,
    "log_dataset_dimensionality": 8.450198322591959,
    "dataset_ratio": 0.000213857998289136,
    "nb_missing_vals": 0,
    "ratio_features_with_missing_vals": 0.0,
    "ratio_instances_with_missing_vals": 0.0,
    "nb_numeric_features": 3,
    "nb_categorical_features": 3,
    "ratio_numeric_categorical_features": 1.0,
    "ratio_categorical_numeric_features": 1.0,
    "nb_classes": 18,
    "class_entropy": 2.4288979453173543,
    "mean_target_class_ratio": 0.0555555559694767,
    "stdev_target_class_ratio": 0.0555555559694767,
    "min_target_class_ratio": 0.0009623609948903322,
    "median_target_class_ratio": 0.037710294127464294,
    "max_target_class_ratio": 0.1622825711965561,
    "mean_mean_numeric_features": 3.6060736179351807,
    "stdev_mean_numeric_features": 3.6060736179351807,
    "mean_stdev_numeric_features": 1.8191746473312378,
    "stdev_stdev_numeric_features": 1.8191746473312378,
    "mean_var_numeric_features": 3.7081034183502197,
    "stdev_var_numeric_features": 3.7081034183502197,
    "mean_min_numeric_features": 1.0,
    "stdev_min_numeric_features": 1.0,
    "mean_median_numeric_features": 3.6666667461395264,
    "stdev_median_numeric_features": 3.6666667461395264,
    "mean_max_numeric_features": 6.666666507720947,
    "stdev_max_numeric_features": 6.666666507720947,
    "mean_skew_numeric_features": 0.24968747794628143,
    "stdev_skew_numeric_features": 0.24968747794628143,
    "mean_kurtosis_numeric_features": -0.9619951248168945,
    "stdev_kurtosis_numeric_features": -0.9619951248168945,
    "pca_1": 0.4736639549409034,
    "pca_2": 0.45063345384758363,
    "pca_3": 0.07570259121151296,
    "mean_entropy_categorical_features": 1.7826837301254272,
    "stdev_entropy_categorical_features": 1.7826837301254272,
    "mean_information_gain_categorical_features": 0.09253660589456558,
    "stdev_information_gain_categorical_features": 0.09253660589456558,
    "mean_mutual_informaiton_categorical_features": 0.09253660589456558,
    "stdev_mutual_informaiton_categorical_features": 0.09253660589456558,
    "gaussian_nb_accuracy": 0.23780997716912083,
    "gaussian_nb_balanced_accuracy": 0.257970015788796,
    "lda_accuracy": 0.2715642562917028,
    "lda_balanced_accuracy": 0.19986619044780207,
    "decision_tree_1_accuracy": 0.19083251854969233,
    "decision_tree_1_balanced_accuracy": 0.09454257908110383,
    "decision_tree_2_accuracy": 0.24030503162190447,
    "decision_tree_2_balanced_accuracy": 0.11310681898324171,
    "extra_trees_2_10_accuracy": 0.22551343437116259,
    "extra_trees_2_10_balanced_accuracy": 0.09103894916440192
}