{
    "nb_instances": 2600,
    "log_nb_instances": 7.8632667240095735,
    "nb_features": 500,
    "dataset_dimensionality": 5.2,
    "log_dataset_dimensionality": 1.6486586255873816,
    "dataset_ratio": 0.19230769230769232,
    "nb_missing_vals": 0,
    "ratio_features_with_missing_vals": 0.0,
    "ratio_instances_with_missing_vals": 0.0,
    "nb_numeric_features": 500,
    "nb_categorical_features": 0,
    "ratio_numeric_categorical_features": 0.0,
    "ratio_categorical_numeric_features": 0.0,
    "nb_classes": 2,
    "class_entropy": 0.6931471805599453,
    "mean_target_class_ratio": 0.5,
    "stdev_target_class_ratio": 0.5,
    "min_target_class_ratio": 0.5,
    "median_target_class_ratio": 0.5,
    "max_target_class_ratio": 0.5,
    "mean_mean_numeric_features": 488.06103515625,
    "stdev_mean_numeric_features": 488.06103515625,
    "mean_stdev_numeric_features": 24.752038955688477,
    "stdev_stdev_numeric_features": 24.752038955688477,
    "mean_var_numeric_features": 909.8861694335938,
    "stdev_var_numeric_features": 909.8861694335938,
    "mean_min_numeric_features": 400.1759948730469,
    "stdev_min_numeric_features": 400.1759948730469,
    "mean_median_numeric_features": 487.9530029296875,
    "stdev_median_numeric_features": 487.9530029296875,
    "mean_max_numeric_features": 577.8040161132812,
    "stdev_max_numeric_features": 577.8040161132812,
    "mean_skew_numeric_features": 0.032949741929769516,
    "stdev_skew_numeric_features": 0.032949741929769516,
    "mean_kurtosis_numeric_features": 0.08333148807287216,
    "stdev_kurtosis_numeric_features": 0.08333148807287216,
    "pca_1": 0.10340989240022719,
    "pca_2": 0.0852643084630193,
    "pca_3": 0.05410463512710792,
    "mean_entropy_categorical_features": NaN,
    "stdev_entropy_categorical_features": NaN,
    "mean_information_gain_categorical_features": NaN,
    "stdev_information_gain_categorical_features": NaN,
    "mean_mutual_informaiton_categorical_features": NaN,
    "stdev_mutual_informaiton_categorical_features": NaN,
    "gaussian_nb_accuracy": 0.595,
    "gaussian_nb_balanced_accuracy": 0.5947156755492419,
    "lda_accuracy": 0.5507692307692307,
    "lda_balanced_accuracy": 0.5505441188528847,
    "decision_tree_1_accuracy": 0.6134615384615385,
    "decision_tree_1_balanced_accuracy": 0.6138485387057306,
    "decision_tree_2_accuracy": 0.648076923076923,
    "decision_tree_2_balanced_accuracy": 0.6479701765510726,
    "extra_trees_2_10_accuracy": 0.573076923076923,
    "extra_trees_2_10_balanced_accuracy": 0.5748195397655085
}