{
    "nb_instances": 2534,
    "log_nb_instances": 7.837554360881084,
    "nb_features": 72,
    "dataset_dimensionality": 35.19444444444444,
    "log_dataset_dimensionality": 3.560888241865029,
    "dataset_ratio": 0.028413575374901343,
    "nb_missing_vals": 0,
    "ratio_features_with_missing_vals": 0.0,
    "ratio_instances_with_missing_vals": 0.0,
    "nb_numeric_features": 72,
    "nb_categorical_features": 0,
    "ratio_numeric_categorical_features": 0.0,
    "ratio_categorical_numeric_features": 0.0,
    "nb_classes": 2,
    "class_entropy": 0.23552477528910556,
    "mean_target_class_ratio": 0.5,
    "stdev_target_class_ratio": 0.5,
    "min_target_class_ratio": 0.06314127892255783,
    "median_target_class_ratio": 0.5,
    "max_target_class_ratio": 0.9368587136268616,
    "mean_mean_numeric_features": 296.4945983886719,
    "stdev_mean_numeric_features": 296.4945983886719,
    "mean_stdev_numeric_features": 7.570160865783691,
    "stdev_stdev_numeric_features": 7.570160865783691,
    "mean_var_numeric_features": 216.95079040527344,
    "stdev_var_numeric_features": 216.95079040527344,
    "mean_min_numeric_features": 268.71527099609375,
    "stdev_min_numeric_features": 268.71527099609375,
    "mean_median_numeric_features": 296.9181823730469,
    "stdev_median_numeric_features": 296.9181823730469,
    "mean_max_numeric_features": 316.4888916015625,
    "stdev_max_numeric_features": 316.4888916015625,
    "mean_skew_numeric_features": 0.08595602214336395,
    "stdev_skew_numeric_features": 0.08595602214336395,
    "mean_kurtosis_numeric_features": 1.4930548667907715,
    "stdev_kurtosis_numeric_features": 1.4930548667907715,
    "pca_1": 0.616216683592,
    "pca_2": 0.25028495441478377,
    "pca_3": 0.06616077998368207,
    "mean_entropy_categorical_features": NaN,
    "stdev_entropy_categorical_features": NaN,
    "mean_information_gain_categorical_features": NaN,
    "stdev_information_gain_categorical_features": NaN,
    "mean_mutual_informaiton_categorical_features": NaN,
    "stdev_mutual_informaiton_categorical_features": NaN,
    "gaussian_nb_accuracy": 0.6937663228633129,
    "gaussian_nb_balanced_accuracy": 0.7499431280617976,
    "lda_accuracy": 0.935267519548456,
    "lda_balanced_accuracy": 0.5992113738494453,
    "decision_tree_1_accuracy": 0.9368563432108582,
    "decision_tree_1_balanced_accuracy": 0.5,
    "decision_tree_2_accuracy": 0.9368618004069509,
    "decision_tree_2_balanced_accuracy": 0.5,
    "extra_trees_2_10_accuracy": 0.9368571228103001,
    "extra_trees_2_10_balanced_accuracy": 0.5
}