{
    "nb_instances": 195,
    "log_nb_instances": 5.272999558563747,
    "nb_features": 22,
    "dataset_dimensionality": 8.863636363636363,
    "log_dataset_dimensionality": 2.1819571052054307,
    "dataset_ratio": 0.11282051282051282,
    "nb_missing_vals": 0,
    "ratio_features_with_missing_vals": 0.0,
    "ratio_instances_with_missing_vals": 0.0,
    "nb_numeric_features": 22,
    "nb_categorical_features": 0,
    "ratio_numeric_categorical_features": 0.0,
    "ratio_categorical_numeric_features": 0.0,
    "nb_classes": 2,
    "class_entropy": 0.5580701289224494,
    "mean_target_class_ratio": 0.5,
    "stdev_target_class_ratio": 0.5,
    "min_target_class_ratio": 0.2461538463830948,
    "median_target_class_ratio": 0.5,
    "max_target_class_ratio": 0.7538461685180664,
    "mean_mean_numeric_features": 22.19798469543457,
    "stdev_mean_numeric_features": 22.19798469543457,
    "mean_stdev_numeric_features": 8.317173957824707,
    "stdev_stdev_numeric_features": 8.317173957824707,
    "mean_var_numeric_features": 545.4066772460938,
    "stdev_var_numeric_features": 545.4066772460938,
    "mean_min_numeric_features": 11.7666597366333,
    "stdev_min_numeric_features": 11.7666597366333,
    "mean_median_numeric_features": 20.43849754333496,
    "stdev_median_numeric_features": 20.43849754333496,
    "mean_max_numeric_features": 51.381595611572266,
    "stdev_max_numeric_features": 51.381595611572266,
    "mean_skew_numeric_features": 1.6572703123092651,
    "stdev_skew_numeric_features": 1.6572703123092651,
    "mean_kurtosis_numeric_features": 5.519079685211182,
    "stdev_kurtosis_numeric_features": 5.519079685211182,
    "pca_1": 0.7289926852958067,
    "pca_2": 0.21824461443936888,
    "pca_3": 0.05112088361602998,
    "mean_entropy_categorical_features": NaN,
    "stdev_entropy_categorical_features": NaN,
    "mean_information_gain_categorical_features": NaN,
    "stdev_information_gain_categorical_features": NaN,
    "mean_mutual_informaiton_categorical_features": NaN,
    "stdev_mutual_informaiton_categorical_features": NaN,
    "gaussian_nb_accuracy": 0.7076923076923076,
    "gaussian_nb_balanced_accuracy": 0.7808859638281218,
    "lda_accuracy": 0.8615384615384617,
    "lda_balanced_accuracy": 0.8004258847278869,
    "decision_tree_1_accuracy": 0.8102564102564103,
    "decision_tree_1_balanced_accuracy": 0.685033866995074,
    "decision_tree_2_accuracy": 0.8358974358974359,
    "decision_tree_2_balanced_accuracy": 0.7039314807056742,
    "extra_trees_2_10_accuracy": 0.8153846153846154,
    "extra_trees_2_10_balanced_accuracy": 0.6370879120879122
}