{
    "nb_instances": 182,
    "log_nb_instances": 5.204006687076795,
    "nb_features": 12,
    "dataset_dimensionality": 15.166666666666666,
    "log_dataset_dimensionality": 2.719100037288795,
    "dataset_ratio": 0.06593406593406594,
    "nb_missing_vals": 0,
    "ratio_features_with_missing_vals": 0.0,
    "ratio_instances_with_missing_vals": 0.0,
    "nb_numeric_features": 12,
    "nb_categorical_features": 0,
    "ratio_numeric_categorical_features": 0.0,
    "ratio_categorical_numeric_features": 0.0,
    "nb_classes": 2,
    "class_entropy": 0.5982695885852573,
    "mean_target_class_ratio": 0.5,
    "stdev_target_class_ratio": 0.5,
    "min_target_class_ratio": 0.2857142984867096,
    "median_target_class_ratio": 0.5,
    "max_target_class_ratio": 0.7142857313156128,
    "mean_mean_numeric_features": -0.004839777015149593,
    "stdev_mean_numeric_features": -0.004839777015149593,
    "mean_stdev_numeric_features": 0.4121737480163574,
    "stdev_stdev_numeric_features": 0.4121737480163574,
    "mean_var_numeric_features": 0.1727755069732666,
    "stdev_var_numeric_features": 0.1727755069732666,
    "mean_min_numeric_features": -1.2768374681472778,
    "stdev_min_numeric_features": -1.2768374681472778,
    "mean_median_numeric_features": 0.00010766679042717442,
    "stdev_median_numeric_features": 0.00010766679042717442,
    "mean_max_numeric_features": 1.0,
    "stdev_max_numeric_features": 1.0,
    "mean_skew_numeric_features": -0.16362576186656952,
    "stdev_skew_numeric_features": -0.16362576186656952,
    "mean_kurtosis_numeric_features": 0.5393018126487732,
    "stdev_kurtosis_numeric_features": 0.5393018126487732,
    "pca_1": 0.2705255999548188,
    "pca_2": 0.19439381673225825,
    "pca_3": 0.19152764735238711,
    "mean_entropy_categorical_features": NaN,
    "stdev_entropy_categorical_features": NaN,
    "mean_information_gain_categorical_features": NaN,
    "stdev_information_gain_categorical_features": NaN,
    "mean_mutual_informaiton_categorical_features": NaN,
    "stdev_mutual_informaiton_categorical_features": NaN,
    "gaussian_nb_accuracy": 0.6536036036036036,
    "gaussian_nb_balanced_accuracy": 0.48646060197784335,
    "lda_accuracy": 0.7025525525525527,
    "lda_balanced_accuracy": 0.4994983277591974,
    "decision_tree_1_accuracy": 0.7144144144144143,
    "decision_tree_1_balanced_accuracy": 0.5,
    "decision_tree_2_accuracy": 0.7082582582582584,
    "decision_tree_2_balanced_accuracy": 0.4954545454545455,
    "extra_trees_2_10_accuracy": 0.7142642642642643,
    "extra_trees_2_10_balanced_accuracy": 0.5
}