{
    "nb_instances": 1600,
    "log_nb_instances": 7.3777589082278725,
    "nb_features": 64,
    "dataset_dimensionality": 25.0,
    "log_dataset_dimensionality": 3.2188758248682006,
    "dataset_ratio": 0.04,
    "nb_missing_vals": 0,
    "ratio_features_with_missing_vals": 0.0,
    "ratio_instances_with_missing_vals": 0.0,
    "nb_numeric_features": 64,
    "nb_categorical_features": 0,
    "ratio_numeric_categorical_features": 0.0,
    "ratio_categorical_numeric_features": 0.0,
    "nb_classes": 100,
    "class_entropy": 4.60517018598809,
    "mean_target_class_ratio": 0.009999997913837433,
    "stdev_target_class_ratio": 0.009999997913837433,
    "min_target_class_ratio": 0.009999999776482582,
    "median_target_class_ratio": 0.009999999776482582,
    "max_target_class_ratio": 0.009999999776482582,
    "mean_mean_numeric_features": 0.015624954365193844,
    "stdev_mean_numeric_features": 0.015624954365193844,
    "mean_stdev_numeric_features": 0.016837868839502335,
    "stdev_stdev_numeric_features": 0.016837868839502335,
    "mean_var_numeric_features": 0.0003685180563479662,
    "stdev_var_numeric_features": 0.0003685180563479662,
    "mean_min_numeric_features": 0.0,
    "stdev_min_numeric_features": 0.0,
    "mean_median_numeric_features": 0.01025390625,
    "stdev_median_numeric_features": 0.01025390625,
    "mean_max_numeric_features": 0.11288468539714813,
    "stdev_max_numeric_features": 0.11288468539714813,
    "mean_skew_numeric_features": 2.2227721214294434,
    "stdev_skew_numeric_features": 2.2227721214294434,
    "mean_kurtosis_numeric_features": 10.547111511230469,
    "stdev_kurtosis_numeric_features": 10.547111511230469,
    "pca_1": 0.36634615992772396,
    "pca_2": 0.13647982687265553,
    "pca_3": 0.0876136879877714,
    "mean_entropy_categorical_features": NaN,
    "stdev_entropy_categorical_features": NaN,
    "mean_information_gain_categorical_features": NaN,
    "stdev_information_gain_categorical_features": NaN,
    "mean_mutual_informaiton_categorical_features": NaN,
    "stdev_mutual_informaiton_categorical_features": NaN,
    "gaussian_nb_accuracy": 0.7350000000000001,
    "gaussian_nb_balanced_accuracy": 0.7533239632146206,
    "lda_accuracy": 0.79375,
    "lda_balanced_accuracy": 0.7961133690860495,
    "decision_tree_1_accuracy": 0.00125,
    "decision_tree_1_balanced_accuracy": 0.004145189003436426,
    "decision_tree_2_accuracy": 0.0125,
    "decision_tree_2_balanced_accuracy": 0.03240653962303447,
    "extra_trees_2_10_accuracy": 0.135,
    "extra_trees_2_10_balanced_accuracy": 0.19150779516907143
}