{
    "nb_instances": 1599,
    "log_nb_instances": 7.377133712833954,
    "nb_features": 64,
    "dataset_dimensionality": 24.984375,
    "log_dataset_dimensionality": 3.2182506294742823,
    "dataset_ratio": 0.04002501563477173,
    "nb_missing_vals": 0,
    "ratio_features_with_missing_vals": 0.0,
    "ratio_instances_with_missing_vals": 0.0,
    "nb_numeric_features": 64,
    "nb_categorical_features": 0,
    "ratio_numeric_categorical_features": 0.0,
    "ratio_categorical_numeric_features": 0.0,
    "nb_classes": 100,
    "class_entropy": 4.60515041762173,
    "mean_target_class_ratio": 0.009999999776482582,
    "stdev_target_class_ratio": 0.009999999776482582,
    "min_target_class_ratio": 0.009380863048136234,
    "median_target_class_ratio": 0.010006253607571125,
    "max_target_class_ratio": 0.010006253607571125,
    "mean_mean_numeric_features": 0.01562502235174179,
    "stdev_mean_numeric_features": 0.01562502235174179,
    "mean_stdev_numeric_features": 0.02696152590215206,
    "stdev_stdev_numeric_features": 0.02696152590215206,
    "mean_var_numeric_features": 0.0009439440327696502,
    "stdev_var_numeric_features": 0.0009439440327696502,
    "mean_min_numeric_features": 0.0,
    "stdev_min_numeric_features": 0.0,
    "mean_median_numeric_features": 0.005493140779435635,
    "stdev_median_numeric_features": 0.005493140779435635,
    "mean_max_numeric_features": 0.23623692989349365,
    "stdev_max_numeric_features": 0.23623692989349365,
    "mean_skew_numeric_features": 3.1430156230926514,
    "stdev_skew_numeric_features": 3.1430156230926514,
    "mean_kurtosis_numeric_features": 15.691932678222656,
    "stdev_kurtosis_numeric_features": 15.691932678222656,
    "pca_1": 0.18876535155752525,
    "pca_2": 0.1218757696299019,
    "pca_3": 0.09512728442690005,
    "mean_entropy_categorical_features": NaN,
    "stdev_entropy_categorical_features": NaN,
    "mean_information_gain_categorical_features": NaN,
    "stdev_information_gain_categorical_features": NaN,
    "mean_mutual_informaiton_categorical_features": NaN,
    "stdev_mutual_informaiton_categorical_features": NaN,
    "gaussian_nb_accuracy": 0.6585344827586207,
    "gaussian_nb_balanced_accuracy": 0.6745078185680907,
    "lda_accuracy": 0.7661265673981191,
    "lda_balanced_accuracy": 0.7766437945624984,
    "decision_tree_1_accuracy": 0.0012519592476489029,
    "decision_tree_1_balanced_accuracy": 0.004124149659863945,
    "decision_tree_2_accuracy": 0.01188283699059561,
    "decision_tree_2_balanced_accuracy": 0.028677063608948734,
    "extra_trees_2_10_accuracy": 0.13633228840125394,
    "extra_trees_2_10_balanced_accuracy": 0.1848227683685158
}