{
    "nb_instances": 1055,
    "log_nb_instances": 6.961296045910167,
    "nb_features": 41,
    "dataset_dimensionality": 25.73170731707317,
    "log_dataset_dimensionality": 3.247723979205859,
    "dataset_ratio": 0.03886255924170616,
    "nb_missing_vals": 0,
    "ratio_features_with_missing_vals": 0.0,
    "ratio_instances_with_missing_vals": 0.0,
    "nb_numeric_features": 41,
    "nb_categorical_features": 0,
    "ratio_numeric_categorical_features": 0.0,
    "ratio_categorical_numeric_features": 0.0,
    "nb_classes": 2,
    "class_entropy": 0.6393233359530519,
    "mean_target_class_ratio": 0.5,
    "stdev_target_class_ratio": 0.5,
    "min_target_class_ratio": 0.33744075894355774,
    "median_target_class_ratio": 0.5,
    "max_target_class_ratio": 0.6625592708587646,
    "mean_mean_numeric_features": 2.6835215091705322,
    "stdev_mean_numeric_features": 2.6835215091705322,
    "mean_stdev_numeric_features": 1.5943958759307861,
    "stdev_stdev_numeric_features": 1.5943958759307861,
    "mean_var_numeric_features": 7.936984062194824,
    "stdev_var_numeric_features": 7.936984062194824,
    "mean_min_numeric_features": 0.3683878183364868,
    "stdev_min_numeric_features": 0.3683878183364868,
    "mean_median_numeric_features": 2.204885244369507,
    "stdev_median_numeric_features": 2.204885244369507,
    "mean_max_numeric_features": 16.562965393066406,
    "stdev_max_numeric_features": 16.562965393066406,
    "mean_skew_numeric_features": 3.7986390590667725,
    "stdev_skew_numeric_features": 3.7986390590667725,
    "mean_kurtosis_numeric_features": 44.71323776245117,
    "stdev_kurtosis_numeric_features": 44.71323776245117,
    "pca_1": 0.4819634044487799,
    "pca_2": 0.27481138318532294,
    "pca_3": 0.0856440330078802,
    "mean_entropy_categorical_features": NaN,
    "stdev_entropy_categorical_features": NaN,
    "mean_information_gain_categorical_features": NaN,
    "stdev_information_gain_categorical_features": NaN,
    "mean_mutual_informaiton_categorical_features": NaN,
    "stdev_mutual_informaiton_categorical_features": NaN,
    "gaussian_nb_accuracy": 0.7175355450236967,
    "gaussian_nb_balanced_accuracy": 0.7719778809693411,
    "lda_accuracy": 0.8616113744075828,
    "lda_balanced_accuracy": 0.8378245278668907,
    "decision_tree_1_accuracy": 0.7232227488151659,
    "decision_tree_1_balanced_accuracy": 0.7454837306550554,
    "decision_tree_2_accuracy": 0.7440758293838863,
    "decision_tree_2_balanced_accuracy": 0.7541283306883417,
    "extra_trees_2_10_accuracy": 0.671090047393365,
    "extra_trees_2_10_balanced_accuracy": 0.5185094472091376
}