{
    "nb_instances": 7400,
    "log_nb_instances": 8.909235279192261,
    "nb_features": 20,
    "dataset_dimensionality": 370.0,
    "log_dataset_dimensionality": 5.91350300563827,
    "dataset_ratio": 0.002702702702702703,
    "nb_missing_vals": 0,
    "ratio_features_with_missing_vals": 0.0,
    "ratio_instances_with_missing_vals": 0.0,
    "nb_numeric_features": 20,
    "nb_categorical_features": 0,
    "ratio_numeric_categorical_features": 0.0,
    "ratio_categorical_numeric_features": 0.0,
    "nb_classes": 2,
    "class_entropy": 0.6930998459927801,
    "mean_target_class_ratio": 0.5,
    "stdev_target_class_ratio": 0.5,
    "min_target_class_ratio": 0.4951351284980774,
    "median_target_class_ratio": 0.5,
    "max_target_class_ratio": 0.5048648715019226,
    "mean_mean_numeric_features": 204.23423767089844,
    "stdev_mean_numeric_features": 204.23423767089844,
    "mean_stdev_numeric_features": 1503.282470703125,
    "stdev_stdev_numeric_features": 1503.282470703125,
    "mean_var_numeric_features": 2260244.5,
    "stdev_var_numeric_features": 2260244.5,
    "mean_min_numeric_features": -7301.7998046875,
    "stdev_min_numeric_features": -7301.7998046875,
    "mean_median_numeric_features": 158.25,
    "stdev_median_numeric_features": 158.25,
    "mean_max_numeric_features": 6867.10009765625,
    "stdev_max_numeric_features": 6867.10009765625,
    "mean_skew_numeric_features": -0.2338109016418457,
    "stdev_skew_numeric_features": -0.2338109016418457,
    "mean_kurtosis_numeric_features": 1.5057733058929443,
    "stdev_kurtosis_numeric_features": 1.5057733058929443,
    "pca_1": 0.06654717381321985,
    "pca_2": 0.05307772408200639,
    "pca_3": 0.05281027525316455,
    "mean_entropy_categorical_features": NaN,
    "stdev_entropy_categorical_features": NaN,
    "mean_information_gain_categorical_features": NaN,
    "stdev_information_gain_categorical_features": NaN,
    "mean_mutual_informaiton_categorical_features": NaN,
    "stdev_mutual_informaiton_categorical_features": NaN,
    "gaussian_nb_accuracy": 0.9797297297297298,
    "gaussian_nb_balanced_accuracy": 0.9796417406348749,
    "lda_accuracy": 0.7632432432432432,
    "lda_balanced_accuracy": 0.7626677247700523,
    "decision_tree_1_accuracy": 0.6021621621621621,
    "decision_tree_1_balanced_accuracy": 0.5984000603350154,
    "decision_tree_2_accuracy": 0.6705405405405405,
    "decision_tree_2_balanced_accuracy": 0.667687905975712,
    "extra_trees_2_10_accuracy": 0.8148648648648649,
    "extra_trees_2_10_balanced_accuracy": 0.8143084615337755
}