{
    "nb_instances": 462,
    "log_nb_instances": 6.135564891081739,
    "nb_features": 9,
    "dataset_dimensionality": 51.333333333333336,
    "log_dataset_dimensionality": 3.9383403137455195,
    "dataset_ratio": 0.01948051948051948,
    "nb_missing_vals": 0,
    "ratio_features_with_missing_vals": 0.0,
    "ratio_instances_with_missing_vals": 0.0,
    "nb_numeric_features": 8,
    "nb_categorical_features": 1,
    "ratio_numeric_categorical_features": 8.0,
    "ratio_categorical_numeric_features": 0.125,
    "nb_classes": 2,
    "class_entropy": 0.6451389826734641,
    "mean_target_class_ratio": 0.5,
    "stdev_target_class_ratio": 0.5,
    "min_target_class_ratio": 0.34632036089897156,
    "median_target_class_ratio": 0.5,
    "max_target_class_ratio": 0.6536796689033508,
    "mean_mean_numeric_features": 38.889747619628906,
    "stdev_mean_numeric_features": 38.889747619628906,
    "mean_stdev_numeric_features": 11.007772445678711,
    "stdev_stdev_numeric_features": 11.007772445678711,
    "mean_var_numeric_features": 179.11322021484375,
    "stdev_var_numeric_features": 179.11322021484375,
    "mean_min_numeric_features": 18.927499771118164,
    "stdev_min_numeric_features": 18.927499771118164,
    "mean_median_numeric_features": 37.22125244140625,
    "stdev_median_numeric_features": 37.22125244140625,
    "mean_max_numeric_features": 80.3487548828125,
    "stdev_max_numeric_features": 80.3487548828125,
    "mean_skew_numeric_features": 0.856000542640686,
    "stdev_skew_numeric_features": 0.856000542640686,
    "mean_kurtosis_numeric_features": 2.2573904991149902,
    "stdev_kurtosis_numeric_features": 2.2573904991149902,
    "pca_1": 0.4499624178265239,
    "pca_2": 0.3131036111699888,
    "pca_3": 0.12421272456138235,
    "mean_entropy_categorical_features": 0.6788266897201538,
    "stdev_entropy_categorical_features": 0.6788266897201538,
    "mean_information_gain_categorical_features": 0.03702820464968681,
    "stdev_information_gain_categorical_features": 0.03702820464968681,
    "mean_mutual_informaiton_categorical_features": 0.03702820464968681,
    "stdev_mutual_informaiton_categorical_features": 0.03702820464968681,
    "gaussian_nb_accuracy": 0.7075502571294999,
    "gaussian_nb_balanced_accuracy": 0.685973265521947,
    "lda_accuracy": 0.7294997662459094,
    "lda_balanced_accuracy": 0.6787358688798605,
    "decision_tree_1_accuracy": 0.6579008882655446,
    "decision_tree_1_balanced_accuracy": 0.5266666666666666,
    "decision_tree_2_accuracy": 0.6429640018700328,
    "decision_tree_2_balanced_accuracy": 0.60290785280308,
    "extra_trees_2_10_accuracy": 0.6795932678821879,
    "extra_trees_2_10_balanced_accuracy": 0.5469426510773072
}