{
    "nb_instances": 210,
    "log_nb_instances": 5.3471075307174685,
    "nb_features": 7,
    "dataset_dimensionality": 30.0,
    "log_dataset_dimensionality": 3.4011973816621555,
    "dataset_ratio": 0.03333333333333333,
    "nb_missing_vals": 0,
    "ratio_features_with_missing_vals": 0.0,
    "ratio_instances_with_missing_vals": 0.0,
    "nb_numeric_features": 7,
    "nb_categorical_features": 0,
    "ratio_numeric_categorical_features": 0.0,
    "ratio_categorical_numeric_features": 0.0,
    "nb_classes": 3,
    "class_entropy": 1.0986122886681096,
    "mean_target_class_ratio": 0.3333333432674408,
    "stdev_target_class_ratio": 0.3333333432674408,
    "min_target_class_ratio": 0.3333333432674408,
    "median_target_class_ratio": 0.3333333432674408,
    "max_target_class_ratio": 0.3333333432674408,
    "mean_mean_numeric_features": 6.896174907684326,
    "stdev_mean_numeric_features": 6.896174907684326,
    "mean_stdev_numeric_features": 1.0078718662261963,
    "stdev_stdev_numeric_features": 1.0078718662261963,
    "mean_var_numeric_features": 1.8590924739837646,
    "stdev_var_numeric_features": 1.8590924739837646,
    "mean_min_numeric_features": 5.231600284576416,
    "stdev_min_numeric_features": 5.231600284576416,
    "mean_median_numeric_features": 6.732992649078369,
    "stdev_median_numeric_features": 6.732992649078369,
    "mean_max_numeric_features": 9.294614791870117,
    "stdev_max_numeric_features": 9.294614791870117,
    "mean_skew_numeric_features": 0.2674189805984497,
    "stdev_skew_numeric_features": 0.2674189805984497,
    "mean_kurtosis_numeric_features": -0.7317172288894653,
    "stdev_kurtosis_numeric_features": -0.7317172288894653,
    "pca_1": 0.8293851967000075,
    "pca_2": 0.1636324521286828,
    "pca_3": 0.0056579088033186925,
    "mean_entropy_categorical_features": NaN,
    "stdev_entropy_categorical_features": NaN,
    "mean_information_gain_categorical_features": NaN,
    "stdev_information_gain_categorical_features": NaN,
    "mean_mutual_informaiton_categorical_features": NaN,
    "stdev_mutual_informaiton_categorical_features": NaN,
    "gaussian_nb_accuracy": 0.8952380952380953,
    "gaussian_nb_balanced_accuracy": 0.9064312648136177,
    "lda_accuracy": 0.9619047619047618,
    "lda_balanced_accuracy": 0.9632094757094757,
    "decision_tree_1_accuracy": 0.6095238095238095,
    "decision_tree_1_balanced_accuracy": 0.645515873015873,
    "decision_tree_2_accuracy": 0.8904761904761905,
    "decision_tree_2_balanced_accuracy": 0.8977551834130783,
    "extra_trees_2_10_accuracy": 0.8761904761904763,
    "extra_trees_2_10_balanced_accuracy": 0.8855857595563478
}