{
    "nb_instances": 699,
    "log_nb_instances": 6.54965074223381,
    "nb_features": 9,
    "dataset_dimensionality": 77.66666666666667,
    "log_dataset_dimensionality": 4.352426164897591,
    "dataset_ratio": 0.012875536480686695,
    "nb_missing_vals": 16,
    "ratio_features_with_missing_vals": 0.001430615164520744,
    "ratio_instances_with_missing_vals": 0.022889842632331903,
    "nb_numeric_features": 9,
    "nb_categorical_features": 0,
    "ratio_numeric_categorical_features": 0.0,
    "ratio_categorical_numeric_features": 0.0,
    "nb_classes": 2,
    "class_entropy": 0.6441541080484818,
    "mean_target_class_ratio": 0.5,
    "stdev_target_class_ratio": 0.5,
    "min_target_class_ratio": 0.34477826952934265,
    "median_target_class_ratio": 0.5,
    "max_target_class_ratio": 0.6552217602729797,
    "mean_mean_numeric_features": 3.148365020751953,
    "stdev_mean_numeric_features": 3.148365020751953,
    "mean_stdev_numeric_features": 2.7601141929626465,
    "stdev_stdev_numeric_features": 2.7601141929626465,
    "mean_var_numeric_features": 7.89232063293457,
    "stdev_var_numeric_features": 7.89232063293457,
    "mean_min_numeric_features": 1.0,
    "stdev_min_numeric_features": 1.0,
    "mean_median_numeric_features": 1.6666666269302368,
    "stdev_median_numeric_features": 1.6666666269302368,
    "mean_max_numeric_features": 10.0,
    "stdev_max_numeric_features": 10.0,
    "mean_skew_numeric_features": 1.4668933153152466,
    "stdev_skew_numeric_features": 1.4668933153152466,
    "mean_kurtosis_numeric_features": 1.6235054731369019,
    "stdev_kurtosis_numeric_features": 1.6235054731369019,
    "pca_1": 0.6905075641936107,
    "pca_2": 0.07195066439862997,
    "pca_3": 0.06055921297677471,
    "mean_entropy_categorical_features": NaN,
    "stdev_entropy_categorical_features": NaN,
    "mean_information_gain_categorical_features": NaN,
    "stdev_information_gain_categorical_features": NaN,
    "mean_mutual_informaiton_categorical_features": NaN,
    "stdev_mutual_informaiton_categorical_features": NaN,
    "gaussian_nb_accuracy": 0.9619579218548735,
    "gaussian_nb_balanced_accuracy": 0.9652748674015761,
    "lda_accuracy": 0.9575783598110776,
    "lda_balanced_accuracy": 0.9469773082722395,
    "decision_tree_1_accuracy": 0.909145556032632,
    "decision_tree_1_balanced_accuracy": 0.905133589956194,
    "decision_tree_2_accuracy": 0.9239051094890511,
    "decision_tree_2_balanced_accuracy": 0.9270335080355881,
    "extra_trees_2_10_accuracy": 0.9516638042078146,
    "extra_trees_2_10_balanced_accuracy": 0.9427479263812766
}