{
    "nb_instances": 1593,
    "log_nb_instances": 7.373374309910049,
    "nb_features": 256,
    "dataset_dimensionality": 6.22265625,
    "log_dataset_dimensionality": 1.828196865430486,
    "dataset_ratio": 0.16070307595731326,
    "nb_missing_vals": 0,
    "ratio_features_with_missing_vals": 0.0,
    "ratio_instances_with_missing_vals": 0.0,
    "nb_numeric_features": 256,
    "nb_categorical_features": 0,
    "ratio_numeric_categorical_features": 0.0,
    "ratio_categorical_numeric_features": 0.0,
    "nb_classes": 10,
    "class_entropy": 2.302509813605468,
    "mean_target_class_ratio": 0.10000000149011612,
    "stdev_target_class_ratio": 0.10000000149011612,
    "min_target_class_ratio": 0.0973006933927536,
    "median_target_class_ratio": 0.09981167316436768,
    "max_target_class_ratio": 0.10169491171836853,
    "mean_mean_numeric_features": 0.32862526178359985,
    "stdev_mean_numeric_features": 0.32862526178359985,
    "mean_stdev_numeric_features": 0.4553505480289459,
    "stdev_stdev_numeric_features": 0.4553505480289459,
    "mean_var_numeric_features": 0.20925742387771606,
    "stdev_var_numeric_features": 0.20925742387771606,
    "mean_min_numeric_features": 0.0,
    "stdev_min_numeric_features": 0.0,
    "mean_median_numeric_features": 0.05859375,
    "stdev_median_numeric_features": 0.05859375,
    "mean_max_numeric_features": 1.0,
    "stdev_max_numeric_features": 1.0,
    "mean_skew_numeric_features": 0.8093820810317993,
    "stdev_skew_numeric_features": 0.8093820810317993,
    "mean_kurtosis_numeric_features": -0.9633612632751465,
    "stdev_kurtosis_numeric_features": -0.9633612632751465,
    "pca_1": 0.07828543736081998,
    "pca_2": 0.06658118077587415,
    "pca_3": 0.05626980076221325,
    "mean_entropy_categorical_features": NaN,
    "stdev_entropy_categorical_features": NaN,
    "mean_information_gain_categorical_features": NaN,
    "stdev_information_gain_categorical_features": NaN,
    "mean_mutual_informaiton_categorical_features": NaN,
    "stdev_mutual_informaiton_categorical_features": NaN,
    "gaussian_nb_accuracy": 0.7903412787602768,
    "gaussian_nb_balanced_accuracy": 0.7894359690493467,
    "lda_accuracy": 0.8876283984937207,
    "lda_balanced_accuracy": 0.8875036063954556,
    "decision_tree_1_accuracy": 0.17576349046745923,
    "decision_tree_1_balanced_accuracy": 0.19641829004329006,
    "decision_tree_2_accuracy": 0.33208138640799667,
    "decision_tree_2_balanced_accuracy": 0.3373908162096758,
    "extra_trees_2_10_accuracy": 0.5248319236608111,
    "extra_trees_2_10_balanced_accuracy": 0.5323427982888461
}