{
    "nb_instances": 1941,
    "log_nb_instances": 7.57095858316901,
    "nb_features": 33,
    "dataset_dimensionality": 58.81818181818182,
    "log_dataset_dimensionality": 4.07445102170253,
    "dataset_ratio": 0.017001545595054096,
    "nb_missing_vals": 0,
    "ratio_features_with_missing_vals": 0.0,
    "ratio_instances_with_missing_vals": 0.0,
    "nb_numeric_features": 33,
    "nb_categorical_features": 0,
    "ratio_numeric_categorical_features": 0.0,
    "ratio_categorical_numeric_features": 0.0,
    "nb_classes": 2,
    "class_entropy": 0.6453978896979566,
    "mean_target_class_ratio": 0.5,
    "stdev_target_class_ratio": 0.5,
    "min_target_class_ratio": 0.34672850370407104,
    "median_target_class_ratio": 0.5,
    "max_target_class_ratio": 0.653271496295929,
    "mean_mean_numeric_features": 106447.796875,
    "stdev_mean_numeric_features": 106447.796875,
    "mean_stdev_numeric_features": 123291.9453125,
    "stdev_stdev_numeric_features": 123291.9453125,
    "mean_var_numeric_features": 198811238400.0,
    "stdev_var_numeric_features": 198811238400.0,
    "mean_min_numeric_features": 454.4788818359375,
    "stdev_min_numeric_features": 454.4788818359375,
    "mean_median_numeric_features": 73644.0625,
    "stdev_median_numeric_features": 73644.0625,
    "mean_max_numeric_features": 1144061.25,
    "stdev_max_numeric_features": 1144061.25,
    "mean_skew_numeric_features": 3.6458966732025146,
    "stdev_skew_numeric_features": 3.6458966732025146,
    "mean_kurtosis_numeric_features": 91.64639282226562,
    "stdev_kurtosis_numeric_features": 91.64639282226562,
    "pca_1": 0.9599959801013401,
    "pca_2": 0.040003750412430074,
    "pca_3": 1.9295448886733825e-07,
    "mean_entropy_categorical_features": NaN,
    "stdev_entropy_categorical_features": NaN,
    "mean_information_gain_categorical_features": NaN,
    "stdev_information_gain_categorical_features": NaN,
    "mean_mutual_informaiton_categorical_features": NaN,
    "stdev_mutual_informaiton_categorical_features": NaN,
    "gaussian_nb_accuracy": 0.49717753690403627,
    "gaussian_nb_balanced_accuracy": 0.6055524150340099,
    "lda_accuracy": 0.7722921580579334,
    "lda_balanced_accuracy": 0.7169906424269309,
    "decision_tree_1_accuracy": 0.6532862481117323,
    "decision_tree_1_balanced_accuracy": 0.5,
    "decision_tree_2_accuracy": 0.7552765483794026,
    "decision_tree_2_balanced_accuracy": 0.8123729043605905,
    "extra_trees_2_10_accuracy": 0.667171971483847,
    "extra_trees_2_10_balanced_accuracy": 0.5260534542514594
}