{
    "nb_instances": 470,
    "log_nb_instances": 6.152732694704104,
    "nb_features": 16,
    "dataset_dimensionality": 29.375,
    "log_dataset_dimensionality": 3.380143972464323,
    "dataset_ratio": 0.03404255319148936,
    "nb_missing_vals": 0,
    "ratio_features_with_missing_vals": 0.0,
    "ratio_instances_with_missing_vals": 0.0,
    "nb_numeric_features": 3,
    "nb_categorical_features": 13,
    "ratio_numeric_categorical_features": 0.23076923076923078,
    "ratio_categorical_numeric_features": 4.333333333333333,
    "nb_classes": 2,
    "class_entropy": 0.42085932068995974,
    "mean_target_class_ratio": 0.5,
    "stdev_target_class_ratio": 0.5,
    "min_target_class_ratio": 0.1489361673593521,
    "median_target_class_ratio": 0.5,
    "max_target_class_ratio": 0.8510638475418091,
    "mean_mean_numeric_features": 23.461462020874023,
    "stdev_mean_numeric_features": 23.461462020874023,
    "mean_stdev_numeric_features": 7.115384578704834,
    "stdev_stdev_numeric_features": 7.115384578704834,
    "mean_var_numeric_features": 71.6839828491211,
    "stdev_var_numeric_features": 71.6839828491211,
    "mean_min_numeric_features": 7.799999713897705,
    "stdev_min_numeric_features": 7.799999713897705,
    "mean_median_numeric_features": 22.51999855041504,
    "stdev_median_numeric_features": 22.51999855041504,
    "mean_max_numeric_features": 59.866668701171875,
    "stdev_max_numeric_features": 59.866668701171875,
    "mean_skew_numeric_features": 1.9958399534225464,
    "stdev_skew_numeric_features": 1.9958399534225464,
    "mean_kurtosis_numeric_features": 10.369462966918945,
    "stdev_kurtosis_numeric_features": 10.369462966918945,
    "pca_1": 0.6540790484317482,
    "pca_2": 0.34269010765210706,
    "pca_3": 0.0032308439161447405,
    "mean_entropy_categorical_features": 0.42042282223701477,
    "stdev_entropy_categorical_features": 0.42042282223701477,
    "mean_information_gain_categorical_features": 0.004827714525163174,
    "stdev_information_gain_categorical_features": 0.004827714525163174,
    "mean_mutual_informaiton_categorical_features": 0.004827714525163174,
    "stdev_mutual_informaiton_categorical_features": 0.004827714525163174,
    "gaussian_nb_accuracy": 0.20425531914893616,
    "gaussian_nb_balanced_accuracy": 0.5275291396987227,
    "lda_accuracy": 0.8297872340425532,
    "lda_balanced_accuracy": 0.5123749742169141,
    "decision_tree_1_accuracy": 0.851063829787234,
    "decision_tree_1_balanced_accuracy": 0.5,
    "decision_tree_2_accuracy": 0.8425531914893618,
    "decision_tree_2_balanced_accuracy": 0.499501681143838,
    "extra_trees_2_10_accuracy": 0.851063829787234,
    "extra_trees_2_10_balanced_accuracy": 0.5
}