{
    "nb_instances": 7400,
    "log_nb_instances": 8.909235279192261,
    "nb_features": 20,
    "dataset_dimensionality": 370.0,
    "log_dataset_dimensionality": 5.91350300563827,
    "dataset_ratio": 0.002702702702702703,
    "nb_missing_vals": 0,
    "ratio_features_with_missing_vals": 0.0,
    "ratio_instances_with_missing_vals": 0.0,
    "nb_numeric_features": 20,
    "nb_categorical_features": 0,
    "ratio_numeric_categorical_features": 0.0,
    "ratio_categorical_numeric_features": 0.0,
    "nb_classes": 2,
    "class_entropy": 0.6931468518528239,
    "mean_target_class_ratio": 0.5,
    "stdev_target_class_ratio": 0.5,
    "min_target_class_ratio": 0.4995945990085602,
    "median_target_class_ratio": 0.5,
    "max_target_class_ratio": 0.5004054307937622,
    "mean_mean_numeric_features": 0.00231140642426908,
    "stdev_mean_numeric_features": 0.00231140642426908,
    "mean_stdev_numeric_features": 1.0925791263580322,
    "stdev_stdev_numeric_features": 1.0925791263580322,
    "mean_var_numeric_features": 1.193806529045105,
    "stdev_var_numeric_features": 1.193806529045105,
    "mean_min_numeric_features": -3.9835801124572754,
    "stdev_min_numeric_features": -3.9835801124572754,
    "mean_median_numeric_features": -0.0008924997528083622,
    "stdev_median_numeric_features": -0.0008924997528083622,
    "mean_max_numeric_features": 4.167355060577393,
    "stdev_max_numeric_features": 4.167355060577393,
    "mean_skew_numeric_features": 0.011570590548217297,
    "stdev_skew_numeric_features": 0.011570590548217297,
    "mean_kurtosis_numeric_features": -0.0638807862997055,
    "stdev_kurtosis_numeric_features": -0.0638807862997055,
    "pca_1": 0.2081210251049443,
    "pca_2": 0.045095511587377304,
    "pca_3": 0.044253874787028635,
    "mean_entropy_categorical_features": NaN,
    "stdev_entropy_categorical_features": NaN,
    "mean_information_gain_categorical_features": NaN,
    "stdev_information_gain_categorical_features": NaN,
    "mean_mutual_informaiton_categorical_features": NaN,
    "stdev_mutual_informaiton_categorical_features": NaN,
    "gaussian_nb_accuracy": 0.9786486486486486,
    "gaussian_nb_balanced_accuracy": 0.9786369535492095,
    "lda_accuracy": 0.9781081081081082,
    "lda_balanced_accuracy": 0.9780752938200041,
    "decision_tree_1_accuracy": 0.6648648648648648,
    "decision_tree_1_balanced_accuracy": 0.6651903366253029,
    "decision_tree_2_accuracy": 0.6906756756756757,
    "decision_tree_2_balanced_accuracy": 0.6911112035591926,
    "extra_trees_2_10_accuracy": 0.8689189189189189,
    "extra_trees_2_10_balanced_accuracy": 0.8688921862886725
}