{
    "nb_instances": 403,
    "log_nb_instances": 5.998936561946683,
    "nb_features": 5,
    "dataset_dimensionality": 80.6,
    "log_dataset_dimensionality": 4.389498649512583,
    "dataset_ratio": 0.01240694789081886,
    "nb_missing_vals": 0,
    "ratio_features_with_missing_vals": 0.0,
    "ratio_instances_with_missing_vals": 0.0,
    "nb_numeric_features": 5,
    "nb_categorical_features": 0,
    "ratio_numeric_categorical_features": 0.0,
    "ratio_categorical_numeric_features": 0.0,
    "nb_classes": 5,
    "class_entropy": 1.4189430222642563,
    "mean_target_class_ratio": 0.20000000298023224,
    "stdev_target_class_ratio": 0.20000000298023224,
    "min_target_class_ratio": 0.0595533512532711,
    "median_target_class_ratio": 0.25310173630714417,
    "max_target_class_ratio": 0.32009926438331604,
    "mean_mean_numeric_features": 0.41088786721229553,
    "stdev_mean_numeric_features": 0.41088786721229553,
    "mean_stdev_numeric_features": 0.23971042037010193,
    "stdev_stdev_numeric_features": 0.23971042037010193,
    "mean_var_numeric_features": 0.05795123428106308,
    "stdev_var_numeric_features": 0.05795123428106308,
    "mean_min_numeric_features": 0.0,
    "stdev_min_numeric_features": 0.0,
    "mean_median_numeric_features": 0.3540000021457672,
    "stdev_median_numeric_features": 0.3540000021457672,
    "mean_max_numeric_features": 0.9639999270439148,
    "stdev_max_numeric_features": 0.9639999270439148,
    "mean_skew_numeric_features": 0.3924737870693207,
    "stdev_skew_numeric_features": 0.3924737870693207,
    "mean_kurtosis_numeric_features": -0.7674421072006226,
    "stdev_kurtosis_numeric_features": -0.7674421072006226,
    "pca_1": 0.2917875739342521,
    "pca_2": 0.23990726758340017,
    "pca_3": 0.20040694874276704,
    "mean_entropy_categorical_features": NaN,
    "stdev_entropy_categorical_features": NaN,
    "mean_information_gain_categorical_features": NaN,
    "stdev_information_gain_categorical_features": NaN,
    "mean_mutual_informaiton_categorical_features": NaN,
    "stdev_mutual_informaiton_categorical_features": NaN,
    "gaussian_nb_accuracy": 0.8436111111111112,
    "gaussian_nb_balanced_accuracy": 0.7460757249286661,
    "lda_accuracy": 0.9082716049382716,
    "lda_balanced_accuracy": 0.7834887334887335,
    "decision_tree_1_accuracy": 0.5704012345679013,
    "decision_tree_1_balanced_accuracy": 0.3984615384615385,
    "decision_tree_2_accuracy": 0.7716358024691358,
    "decision_tree_2_balanced_accuracy": 0.6746203795314779,
    "extra_trees_2_10_accuracy": 0.7691358024691359,
    "extra_trees_2_10_balanced_accuracy": 0.5259380262838811
}