{
    "nb_instances": 569,
    "log_nb_instances": 6.343880434126331,
    "nb_features": 30,
    "dataset_dimensionality": 18.966666666666665,
    "log_dataset_dimensionality": 2.9426830524641754,
    "dataset_ratio": 0.05272407732864675,
    "nb_missing_vals": 0,
    "ratio_features_with_missing_vals": 0.0,
    "ratio_instances_with_missing_vals": 0.0,
    "nb_numeric_features": 30,
    "nb_categorical_features": 0,
    "ratio_numeric_categorical_features": 0.0,
    "ratio_categorical_numeric_features": 0.0,
    "nb_classes": 2,
    "class_entropy": 0.6603163491952275,
    "mean_target_class_ratio": 0.5,
    "stdev_target_class_ratio": 0.5,
    "min_target_class_ratio": 0.3725834786891937,
    "median_target_class_ratio": 0.5,
    "max_target_class_ratio": 0.6274164915084839,
    "mean_mean_numeric_features": 61.89071273803711,
    "stdev_mean_numeric_features": 61.89071273803711,
    "mean_stdev_numeric_features": 34.90471649169922,
    "stdev_stdev_numeric_features": 34.90471649169922,
    "mean_var_numeric_features": 15063.216796875,
    "stdev_var_numeric_features": 15063.216796875,
    "mean_min_numeric_features": 15.604080200195312,
    "stdev_min_numeric_features": 15.604080200195312,
    "mean_median_numeric_features": 50.799373626708984,
    "stdev_median_numeric_features": 50.799373626708984,
    "mean_max_numeric_features": 264.18548583984375,
    "stdev_max_numeric_features": 264.18548583984375,
    "mean_skew_numeric_features": 1.7404066324234009,
    "stdev_skew_numeric_features": 1.7404066324234009,
    "mean_kurtosis_numeric_features": 7.814734935760498,
    "stdev_kurtosis_numeric_features": 7.814734935760498,
    "pca_1": 0.9820446715106622,
    "pca_2": 0.016176489863511032,
    "pca_3": 0.0015575107450152422,
    "mean_entropy_categorical_features": NaN,
    "stdev_entropy_categorical_features": NaN,
    "mean_information_gain_categorical_features": NaN,
    "stdev_information_gain_categorical_features": NaN,
    "mean_mutual_informaiton_categorical_features": NaN,
    "stdev_mutual_informaiton_categorical_features": NaN,
    "gaussian_nb_accuracy": 0.9419965843813072,
    "gaussian_nb_balanced_accuracy": 0.9310584553304093,
    "lda_accuracy": 0.9561092997981679,
    "lda_balanced_accuracy": 0.9423161037291473,
    "decision_tree_1_accuracy": 0.8822543083372147,
    "decision_tree_1_balanced_accuracy": 0.86335481565515,
    "decision_tree_2_accuracy": 0.8927340475081509,
    "decision_tree_2_balanced_accuracy": 0.8920015064591853,
    "extra_trees_2_10_accuracy": 0.9261760596180716,
    "extra_trees_2_10_balanced_accuracy": 0.9072351572751423
}