{
    "nb_instances": 440,
    "log_nb_instances": 6.0867747269123065,
    "nb_features": 8,
    "dataset_dimensionality": 55.0,
    "log_dataset_dimensionality": 4.007333185232471,
    "dataset_ratio": 0.01818181818181818,
    "nb_missing_vals": 0,
    "ratio_features_with_missing_vals": 0.0,
    "ratio_instances_with_missing_vals": 0.0,
    "nb_numeric_features": 7,
    "nb_categorical_features": 1,
    "ratio_numeric_categorical_features": 7.0,
    "ratio_categorical_numeric_features": 0.14285714285714285,
    "nb_classes": 2,
    "class_entropy": 0.6289081333714215,
    "mean_target_class_ratio": 0.5,
    "stdev_target_class_ratio": 0.5,
    "min_target_class_ratio": 0.3227272629737854,
    "median_target_class_ratio": 0.5,
    "max_target_class_ratio": 0.6772727370262146,
    "mean_mean_numeric_features": 4746.9541015625,
    "stdev_mean_numeric_features": 4746.9541015625,
    "mean_stdev_numeric_features": 5996.3251953125,
    "stdev_stdev_numeric_features": 5996.3251953125,
    "mean_var_numeric_features": 51284040.0,
    "stdev_var_numeric_features": 51284040.0,
    "mean_min_numeric_features": 13.285714149475098,
    "stdev_min_numeric_features": 13.285714149475098,
    "mean_median_numeric_features": 2885.357177734375,
    "stdev_median_numeric_features": 2885.357177734375,
    "mean_max_numeric_features": 61153.0,
    "stdev_max_numeric_features": 61153.0,
    "mean_skew_numeric_features": 4.230042934417725,
    "stdev_skew_numeric_features": 4.230042934417725,
    "mean_kurtosis_numeric_features": 43.05915069580078,
    "stdev_kurtosis_numeric_features": 43.05915069580078,
    "pca_1": 0.45961361605119383,
    "pca_2": 0.40517226744898155,
    "pca_3": 0.07003008035471783,
    "mean_entropy_categorical_features": 0.7816736102104187,
    "stdev_entropy_categorical_features": 0.7816736102104187,
    "mean_information_gain_categorical_features": 0.005069216247648001,
    "stdev_information_gain_categorical_features": 0.005069216247648001,
    "mean_mutual_informaiton_categorical_features": 0.005069216247648001,
    "stdev_mutual_informaiton_categorical_features": 0.005069216247648001,
    "gaussian_nb_accuracy": 0.9022727272727271,
    "gaussian_nb_balanced_accuracy": 0.876872088103737,
    "lda_accuracy": 0.8431818181818181,
    "lda_balanced_accuracy": 0.7665655138858135,
    "decision_tree_1_accuracy": 0.9136363636363637,
    "decision_tree_1_balanced_accuracy": 0.9206205580003068,
    "decision_tree_2_accuracy": 0.909090909090909,
    "decision_tree_2_balanced_accuracy": 0.9139467312348668,
    "extra_trees_2_10_accuracy": 0.7113636363636364,
    "extra_trees_2_10_balanced_accuracy": 0.5544310400852391
}