{
    "nb_instances": 571,
    "log_nb_instances": 6.3473892096560105,
    "nb_features": 1300,
    "dataset_dimensionality": 0.43923076923076926,
    "log_dataset_dimensionality": -0.8227303337936178,
    "dataset_ratio": 2.276707530647986,
    "nb_missing_vals": 0,
    "ratio_features_with_missing_vals": 0.0,
    "ratio_instances_with_missing_vals": 0.0,
    "nb_numeric_features": 1300,
    "nb_categorical_features": 0,
    "ratio_numeric_categorical_features": 0.0,
    "ratio_categorical_numeric_features": 0.0,
    "nb_classes": 20,
    "class_entropy": 2.911144142903756,
    "mean_target_class_ratio": 0.05000000074505806,
    "stdev_target_class_ratio": 0.05000000074505806,
    "min_target_class_ratio": 0.019264448434114456,
    "median_target_class_ratio": 0.04640980809926987,
    "max_target_class_ratio": 0.1050788089632988,
    "mean_mean_numeric_features": 67437.2890625,
    "stdev_mean_numeric_features": 67437.2890625,
    "mean_stdev_numeric_features": 343176.125,
    "stdev_stdev_numeric_features": 343176.125,
    "mean_var_numeric_features": 607724765184.0,
    "stdev_var_numeric_features": 607724765184.0,
    "mean_min_numeric_features": 0.0,
    "stdev_min_numeric_features": 0.0,
    "mean_median_numeric_features": 23.531858444213867,
    "stdev_median_numeric_features": 23.531858444213867,
    "mean_max_numeric_features": 4751261.0,
    "stdev_max_numeric_features": 4751261.0,
    "mean_skew_numeric_features": 10.668813705444336,
    "stdev_skew_numeric_features": 10.668813705444336,
    "mean_kurtosis_numeric_features": 177.27352905273438,
    "stdev_kurtosis_numeric_features": 177.27352905273438,
    "pca_1": 0.1421455719766313,
    "pca_2": 0.10540194273795774,
    "pca_3": 0.07998662135102706,
    "mean_entropy_categorical_features": NaN,
    "stdev_entropy_categorical_features": NaN,
    "mean_information_gain_categorical_features": NaN,
    "stdev_information_gain_categorical_features": NaN,
    "mean_mutual_informaiton_categorical_features": NaN,
    "stdev_mutual_informaiton_categorical_features": NaN,
    "gaussian_nb_accuracy": 0.8336689549961861,
    "gaussian_nb_balanced_accuracy": 0.8048754177109441,
    "lda_accuracy": 0.5637528604118993,
    "lda_balanced_accuracy": 0.55896216794901,
    "decision_tree_1_accuracy": 0.17510297482837528,
    "decision_tree_1_balanced_accuracy": 0.09219867851446799,
    "decision_tree_2_accuracy": 0.25400457665903886,
    "decision_tree_2_balanced_accuracy": 0.16760214054950895,
    "extra_trees_2_10_accuracy": 0.32418001525553014,
    "extra_trees_2_10_balanced_accuracy": 0.25051848005795374
}