{
    "nb_instances": 164,
    "log_nb_instances": 5.099866427824199,
    "nb_features": 90,
    "dataset_dimensionality": 1.8222222222222222,
    "log_dataset_dimensionality": 0.6000567574939334,
    "dataset_ratio": 0.5487804878048781,
    "nb_missing_vals": 0,
    "ratio_features_with_missing_vals": 0.0,
    "ratio_instances_with_missing_vals": 0.0,
    "nb_numeric_features": 90,
    "nb_categorical_features": 0,
    "ratio_numeric_categorical_features": 0.0,
    "ratio_categorical_numeric_features": 0.0,
    "nb_classes": 5,
    "class_entropy": 1.5582976940309958,
    "mean_target_class_ratio": 0.20000000298023224,
    "stdev_target_class_ratio": 0.20000000298023224,
    "min_target_class_ratio": 0.12804877758026123,
    "median_target_class_ratio": 0.15853658318519592,
    "max_target_class_ratio": 0.28658536076545715,
    "mean_mean_numeric_features": -17.654539108276367,
    "stdev_mean_numeric_features": -17.654539108276367,
    "mean_stdev_numeric_features": 125.8388442993164,
    "stdev_stdev_numeric_features": 125.8388442993164,
    "mean_var_numeric_features": 45782.9453125,
    "stdev_var_numeric_features": 45782.9453125,
    "mean_min_numeric_features": -791.54443359375,
    "stdev_min_numeric_features": -791.54443359375,
    "mean_median_numeric_features": 0.5444444417953491,
    "stdev_median_numeric_features": 0.5444444417953491,
    "mean_max_numeric_features": 262.6333312988281,
    "stdev_max_numeric_features": 262.6333312988281,
    "mean_skew_numeric_features": -1.4502125978469849,
    "stdev_skew_numeric_features": -1.4502125978469849,
    "mean_kurtosis_numeric_features": 33.19197082519531,
    "stdev_kurtosis_numeric_features": 33.19197082519531,
    "pca_1": 0.5311703948724071,
    "pca_2": 0.2118024573936528,
    "pca_3": 0.09942549656169818,
    "mean_entropy_categorical_features": NaN,
    "stdev_entropy_categorical_features": NaN,
    "mean_information_gain_categorical_features": NaN,
    "stdev_information_gain_categorical_features": NaN,
    "mean_mutual_informaiton_categorical_features": NaN,
    "stdev_mutual_informaiton_categorical_features": NaN,
    "gaussian_nb_accuracy": 0.6160984848484847,
    "gaussian_nb_balanced_accuracy": 0.6658095238095239,
    "lda_accuracy": 0.3784090909090909,
    "lda_balanced_accuracy": 0.3468326118326118,
    "decision_tree_1_accuracy": 0.2924242424242424,
    "decision_tree_1_balanced_accuracy": 0.3164444444444444,
    "decision_tree_2_accuracy": 0.5121212121212121,
    "decision_tree_2_balanced_accuracy": 0.4893534243534243,
    "extra_trees_2_10_accuracy": 0.4259469696969697,
    "extra_trees_2_10_balanced_accuracy": 0.3942550782550783
}