{
    "nb_instances": 310,
    "log_nb_instances": 5.736572297479192,
    "nb_features": 6,
    "dataset_dimensionality": 51.666666666666664,
    "log_dataset_dimensionality": 3.9448128282511368,
    "dataset_ratio": 0.01935483870967742,
    "nb_missing_vals": 0,
    "ratio_features_with_missing_vals": 0.0,
    "ratio_instances_with_missing_vals": 0.0,
    "nb_numeric_features": 6,
    "nb_categorical_features": 0,
    "ratio_numeric_categorical_features": 0.0,
    "ratio_categorical_numeric_features": 0.0,
    "nb_classes": 2,
    "class_entropy": 0.6287993940937805,
    "mean_target_class_ratio": 0.5,
    "stdev_target_class_ratio": 0.5,
    "min_target_class_ratio": 0.32258063554763794,
    "median_target_class_ratio": 0.5,
    "max_target_class_ratio": 0.6774193644523621,
    "mean_mean_numeric_features": 52.856929779052734,
    "stdev_mean_numeric_features": 52.856929779052734,
    "mean_stdev_numeric_features": 18.3497371673584,
    "stdev_stdev_numeric_features": 18.3497371673584,
    "mean_var_numeric_features": 418.2883605957031,
    "stdev_var_numeric_features": 418.2883605957031,
    "mean_min_numeric_features": 17.66404914855957,
    "stdev_min_numeric_features": 17.66404914855957,
    "mean_median_numeric_features": 49.50869369506836,
    "stdev_median_numeric_features": 49.50869369506836,
    "mean_max_numeric_features": 168.0086669921875,
    "stdev_max_numeric_features": 168.0086669921875,
    "mean_skew_numeric_features": 1.1216901540756226,
    "stdev_skew_numeric_features": 1.1216901540756226,
    "mean_kurtosis_numeric_features": 7.178752899169922,
    "stdev_kurtosis_numeric_features": 7.178752899169922,
    "pca_1": 0.7096357117453059,
    "pca_2": 0.13759529061392917,
    "pca_3": 0.07521803776802803,
    "mean_entropy_categorical_features": NaN,
    "stdev_entropy_categorical_features": NaN,
    "mean_information_gain_categorical_features": NaN,
    "stdev_information_gain_categorical_features": NaN,
    "mean_mutual_informaiton_categorical_features": NaN,
    "stdev_mutual_informaiton_categorical_features": NaN,
    "gaussian_nb_accuracy": 0.7774193548387096,
    "gaussian_nb_balanced_accuracy": 0.8030406077539887,
    "lda_accuracy": 0.8225806451612904,
    "lda_balanced_accuracy": 0.7960769582971248,
    "decision_tree_1_accuracy": 0.7741935483870968,
    "decision_tree_1_balanced_accuracy": 0.8216293987501938,
    "decision_tree_2_accuracy": 0.7645161290322582,
    "decision_tree_2_balanced_accuracy": 0.6996230551306157,
    "extra_trees_2_10_accuracy": 0.6774193548387097,
    "extra_trees_2_10_balanced_accuracy": 0.5040760869565217
}