{
    "nb_instances": 5456,
    "log_nb_instances": 8.604471199523298,
    "nb_features": 2,
    "dataset_dimensionality": 2728.0,
    "log_dataset_dimensionality": 7.911324018963353,
    "dataset_ratio": 0.00036656891495601173,
    "nb_missing_vals": 0,
    "ratio_features_with_missing_vals": 0.0,
    "ratio_instances_with_missing_vals": 0.0,
    "nb_numeric_features": 2,
    "nb_categorical_features": 0,
    "ratio_numeric_categorical_features": 0.0,
    "ratio_categorical_numeric_features": 0.0,
    "nb_classes": 4,
    "class_entropy": 1.1884928509974293,
    "mean_target_class_ratio": 0.2499999850988388,
    "stdev_target_class_ratio": 0.2499999850988388,
    "min_target_class_ratio": 0.06011730059981346,
    "median_target_class_ratio": 0.2678702473640442,
    "max_target_class_ratio": 0.40414223074913025,
    "mean_mean_numeric_features": 0.9857879877090454,
    "stdev_mean_numeric_features": 0.9857879877090454,
    "mean_stdev_numeric_features": 0.48464691638946533,
    "stdev_stdev_numeric_features": 0.48464691638946533,
    "mean_var_numeric_features": 0.2550615668296814,
    "stdev_var_numeric_features": 0.2550615668296814,
    "mean_min_numeric_features": 0.41750001907348633,
    "stdev_min_numeric_features": 0.41750001907348633,
    "mean_median_numeric_features": 0.8507499694824219,
    "stdev_median_numeric_features": 0.8507499694824219,
    "mean_max_numeric_features": 5.0,
    "stdev_max_numeric_features": 5.0,
    "mean_skew_numeric_features": 3.381802797317505,
    "stdev_skew_numeric_features": 3.381802797317505,
    "mean_kurtosis_numeric_features": 20.919998168945312,
    "stdev_kurtosis_numeric_features": 20.919998168945312,
    "pca_1": 0.7701853126860237,
    "pca_2": 0.22981468731397625,
    "pca_3": NaN,
    "mean_entropy_categorical_features": NaN,
    "stdev_entropy_categorical_features": NaN,
    "mean_information_gain_categorical_features": NaN,
    "stdev_information_gain_categorical_features": NaN,
    "mean_mutual_informaiton_categorical_features": NaN,
    "stdev_mutual_informaiton_categorical_features": NaN,
    "gaussian_nb_accuracy": 0.9065232353958294,
    "gaussian_nb_balanced_accuracy": 0.9099046083778681,
    "lda_accuracy": 0.7093107778259016,
    "lda_balanced_accuracy": 0.625124941696883,
    "decision_tree_1_accuracy": 0.7884930987130804,
    "decision_tree_1_balanced_accuracy": 0.5,
    "decision_tree_2_accuracy": 0.9398819176546033,
    "decision_tree_2_balanced_accuracy": 0.75,
    "extra_trees_2_10_accuracy": 0.5496667707483474,
    "extra_trees_2_10_balanced_accuracy": 0.40206120084427593
}