{
    "nb_instances": 5456,
    "log_nb_instances": 8.604471199523298,
    "nb_features": 4,
    "dataset_dimensionality": 1364.0,
    "log_dataset_dimensionality": 7.218176838403408,
    "dataset_ratio": 0.0007331378299120235,
    "nb_missing_vals": 0,
    "ratio_features_with_missing_vals": 0.0,
    "ratio_instances_with_missing_vals": 0.0,
    "nb_numeric_features": 4,
    "nb_categorical_features": 0,
    "ratio_numeric_categorical_features": 0.0,
    "ratio_categorical_numeric_features": 0.0,
    "nb_classes": 4,
    "class_entropy": 1.1884928509974293,
    "mean_target_class_ratio": 0.2499999850988388,
    "stdev_target_class_ratio": 0.2499999850988388,
    "min_target_class_ratio": 0.06011730059981346,
    "median_target_class_ratio": 0.2678702473640442,
    "max_target_class_ratio": 0.40414223074913025,
    "mean_mean_numeric_features": 1.281770944595337,
    "stdev_mean_numeric_features": 1.281770944595337,
    "mean_stdev_numeric_features": 0.5883942246437073,
    "stdev_stdev_numeric_features": 0.5883942246437073,
    "mean_var_numeric_features": 0.3754599690437317,
    "stdev_var_numeric_features": 0.3754599690437317,
    "mean_min_numeric_features": 0.5095000267028809,
    "stdev_min_numeric_features": 0.5095000267028809,
    "mean_median_numeric_features": 1.1302499771118164,
    "stdev_median_numeric_features": 1.1302499771118164,
    "mean_max_numeric_features": 5.0,
    "stdev_max_numeric_features": 5.0,
    "mean_skew_numeric_features": 2.5363941192626953,
    "stdev_skew_numeric_features": 2.5363941192626953,
    "mean_kurtosis_numeric_features": 12.355497360229492,
    "stdev_kurtosis_numeric_features": 12.355497360229492,
    "pca_1": 0.48473805490572136,
    "pca_2": 0.256573159887828,
    "pca_3": 0.19464561928074936,
    "mean_entropy_categorical_features": NaN,
    "stdev_entropy_categorical_features": NaN,
    "mean_information_gain_categorical_features": NaN,
    "stdev_information_gain_categorical_features": NaN,
    "mean_mutual_informaiton_categorical_features": NaN,
    "stdev_mutual_informaiton_categorical_features": NaN,
    "gaussian_nb_accuracy": 0.8870955503402801,
    "gaussian_nb_balanced_accuracy": 0.8955953876900458,
    "lda_accuracy": 0.7124239951920979,
    "lda_balanced_accuracy": 0.6259101172159091,
    "decision_tree_1_accuracy": 0.7884924272183668,
    "decision_tree_1_balanced_accuracy": 0.5,
    "decision_tree_2_accuracy": 0.9398830927703521,
    "decision_tree_2_balanced_accuracy": 0.75,
    "extra_trees_2_10_accuracy": 0.6567089036841557,
    "extra_trees_2_10_balanced_accuracy": 0.5138217786478638
}