{
    "nb_instances": 3252,
    "log_nb_instances": 8.087025470667701,
    "nb_features": 3,
    "dataset_dimensionality": 1084.0,
    "log_dataset_dimensionality": 6.988413181999592,
    "dataset_ratio": 0.0009225092250922509,
    "nb_missing_vals": 0,
    "ratio_features_with_missing_vals": 0.0,
    "ratio_instances_with_missing_vals": 0.0,
    "nb_numeric_features": 3,
    "nb_categorical_features": 0,
    "ratio_numeric_categorical_features": 0.0,
    "ratio_categorical_numeric_features": 0.0,
    "nb_classes": 5,
    "class_entropy": 0.43429027695242955,
    "mean_target_class_ratio": 0.20000000298023224,
    "stdev_target_class_ratio": 0.20000000298023224,
    "min_target_class_ratio": 0.01783517748117447,
    "median_target_class_ratio": 0.026445263996720314,
    "max_target_class_ratio": 0.9077490568161011,
    "mean_mean_numeric_features": 335.91949462890625,
    "stdev_mean_numeric_features": 335.91949462890625,
    "mean_stdev_numeric_features": 195.4342041015625,
    "stdev_stdev_numeric_features": 195.4342041015625,
    "mean_var_numeric_features": 57284.71484375,
    "stdev_var_numeric_features": 57284.71484375,
    "mean_min_numeric_features": 10.783337593078613,
    "stdev_min_numeric_features": 10.783337593078613,
    "mean_median_numeric_features": 338.4690246582031,
    "stdev_median_numeric_features": 338.4690246582031,
    "mean_max_numeric_features": 671.5909423828125,
    "stdev_max_numeric_features": 671.5909423828125,
    "mean_skew_numeric_features": 0.5500088334083557,
    "stdev_skew_numeric_features": 0.5500088334083557,
    "mean_kurtosis_numeric_features": 0.01750548742711544,
    "stdev_kurtosis_numeric_features": 0.01750548742711544,
    "pca_1": 0.5126058232651318,
    "pca_2": 0.48739413737721093,
    "pca_3": 3.935765721569081e-08,
    "mean_entropy_categorical_features": NaN,
    "stdev_entropy_categorical_features": NaN,
    "mean_information_gain_categorical_features": NaN,
    "stdev_information_gain_categorical_features": NaN,
    "mean_mutual_informaiton_categorical_features": NaN,
    "stdev_mutual_informaiton_categorical_features": NaN,
    "gaussian_nb_accuracy": 0.9089764858797116,
    "gaussian_nb_balanced_accuracy": 0.3366456861470243,
    "lda_accuracy": 0.9096008507621411,
    "lda_balanced_accuracy": 0.3389236134278328,
    "decision_tree_1_accuracy": 0.9077494978140139,
    "decision_tree_1_balanced_accuracy": 0.2,
    "decision_tree_2_accuracy": 0.9111341131986294,
    "decision_tree_2_balanced_accuracy": 0.33043082170745314,
    "extra_trees_2_10_accuracy": 0.9077523336878176,
    "extra_trees_2_10_balanced_accuracy": 0.2
}