{
    "nb_instances": 1623,
    "log_nb_instances": 7.392031567514591,
    "nb_features": 3,
    "dataset_dimensionality": 541.0,
    "log_dataset_dimensionality": 6.293419278846481,
    "dataset_ratio": 0.0018484288354898336,
    "nb_missing_vals": 0,
    "ratio_features_with_missing_vals": 0.0,
    "ratio_instances_with_missing_vals": 0.0,
    "nb_numeric_features": 3,
    "nb_categorical_features": 0,
    "ratio_numeric_categorical_features": 0.0,
    "ratio_categorical_numeric_features": 0.0,
    "nb_classes": 5,
    "class_entropy": 0.4393964498243517,
    "mean_target_class_ratio": 0.20000000298023224,
    "stdev_target_class_ratio": 0.20000000298023224,
    "min_target_class_ratio": 0.017868146300315857,
    "median_target_class_ratio": 0.02711028978228569,
    "max_target_class_ratio": 0.9063462615013123,
    "mean_mean_numeric_features": 335.8156433105469,
    "stdev_mean_numeric_features": 335.8156433105469,
    "mean_stdev_numeric_features": 194.88136291503906,
    "stdev_stdev_numeric_features": 194.88136291503906,
    "mean_var_numeric_features": 56966.92578125,
    "stdev_var_numeric_features": 56966.92578125,
    "mean_min_numeric_features": 10.78335189819336,
    "stdev_min_numeric_features": 10.78335189819336,
    "mean_median_numeric_features": 337.1357727050781,
    "stdev_median_numeric_features": 337.1357727050781,
    "mean_max_numeric_features": 671.93115234375,
    "stdev_max_numeric_features": 671.93115234375,
    "mean_skew_numeric_features": 0.5434091687202454,
    "stdev_skew_numeric_features": 0.5434091687202454,
    "mean_kurtosis_numeric_features": -0.005685726646333933,
    "stdev_kurtosis_numeric_features": -0.005685726646333933,
    "pca_1": 0.516647115645103,
    "pca_2": 0.4833528422279553,
    "pca_3": 4.212694160096672e-08,
    "mean_entropy_categorical_features": NaN,
    "stdev_entropy_categorical_features": NaN,
    "mean_information_gain_categorical_features": NaN,
    "stdev_information_gain_categorical_features": NaN,
    "mean_mutual_informaiton_categorical_features": NaN,
    "stdev_mutual_informaiton_categorical_features": NaN,
    "gaussian_nb_accuracy": 0.9082013295346629,
    "gaussian_nb_balanced_accuracy": 0.36011058948566704,
    "lda_accuracy": 0.908807217473884,
    "lda_balanced_accuracy": 0.342648778250706,
    "decision_tree_1_accuracy": 0.9063342830009496,
    "decision_tree_1_balanced_accuracy": 0.2,
    "decision_tree_2_accuracy": 0.9014245014245015,
    "decision_tree_2_balanced_accuracy": 0.26017862046779494,
    "extra_trees_2_10_accuracy": 0.9063570750237417,
    "extra_trees_2_10_balanced_accuracy": 0.2
}