{
    "nb_instances": 1515,
    "log_nb_instances": 7.323170717943469,
    "nb_features": 3,
    "dataset_dimensionality": 505.0,
    "log_dataset_dimensionality": 6.22455842927536,
    "dataset_ratio": 0.0019801980198019802,
    "nb_missing_vals": 0,
    "ratio_features_with_missing_vals": 0.0,
    "ratio_instances_with_missing_vals": 0.0,
    "nb_numeric_features": 3,
    "nb_categorical_features": 0,
    "ratio_numeric_categorical_features": 0.0,
    "ratio_categorical_numeric_features": 0.0,
    "nb_classes": 5,
    "class_entropy": 0.4585637895523763,
    "mean_target_class_ratio": 0.20000000298023224,
    "stdev_target_class_ratio": 0.20000000298023224,
    "min_target_class_ratio": 0.019141914322972298,
    "median_target_class_ratio": 0.028382837772369385,
    "max_target_class_ratio": 0.9009901285171509,
    "mean_mean_numeric_features": 335.839111328125,
    "stdev_mean_numeric_features": 335.839111328125,
    "mean_stdev_numeric_features": 194.65135192871094,
    "stdev_stdev_numeric_features": 194.65135192871094,
    "mean_var_numeric_features": 56835.44140625,
    "stdev_var_numeric_features": 56835.44140625,
    "mean_min_numeric_features": 10.783339500427246,
    "stdev_min_numeric_features": 10.783339500427246,
    "mean_median_numeric_features": 337.8035583496094,
    "stdev_median_numeric_features": 337.8035583496094,
    "mean_max_numeric_features": 671.5957641601562,
    "stdev_max_numeric_features": 671.5957641601562,
    "mean_skew_numeric_features": 0.5072394013404846,
    "stdev_skew_numeric_features": 0.5072394013404846,
    "mean_kurtosis_numeric_features": -0.14324700832366943,
    "stdev_kurtosis_numeric_features": -0.14324700832366943,
    "pca_1": 0.5179185899035494,
    "pca_2": 0.4820813692118182,
    "pca_3": 4.0884632297775856e-08,
    "mean_entropy_categorical_features": NaN,
    "stdev_entropy_categorical_features": NaN,
    "mean_information_gain_categorical_features": NaN,
    "stdev_information_gain_categorical_features": NaN,
    "mean_mutual_informaiton_categorical_features": NaN,
    "stdev_mutual_informaiton_categorical_features": NaN,
    "gaussian_nb_accuracy": 0.895049504950495,
    "gaussian_nb_balanced_accuracy": 0.29389757564676044,
    "lda_accuracy": 0.8957095709570957,
    "lda_balanced_accuracy": 0.2993864293406031,
    "decision_tree_1_accuracy": 0.9009900990099011,
    "decision_tree_1_balanced_accuracy": 0.2,
    "decision_tree_2_accuracy": 0.8976897689768977,
    "decision_tree_2_balanced_accuracy": 0.24160039078192325,
    "extra_trees_2_10_accuracy": 0.9009900990099009,
    "extra_trees_2_10_balanced_accuracy": 0.2
}