{
    "nb_instances": 10176,
    "log_nb_instances": 9.227787285579904,
    "nb_features": 3,
    "dataset_dimensionality": 3392.0,
    "log_dataset_dimensionality": 8.129174996911793,
    "dataset_ratio": 0.00029481132075471697,
    "nb_missing_vals": 0,
    "ratio_features_with_missing_vals": 0.0,
    "ratio_instances_with_missing_vals": 0.0,
    "nb_numeric_features": 3,
    "nb_categorical_features": 0,
    "ratio_numeric_categorical_features": 0.0,
    "ratio_categorical_numeric_features": 0.0,
    "nb_classes": 5,
    "class_entropy": 0.20434033014181982,
    "mean_target_class_ratio": 0.20000000298023224,
    "stdev_target_class_ratio": 0.20000000298023224,
    "min_target_class_ratio": 0.0025550315622240305,
    "median_target_class_ratio": 0.007272012531757355,
    "max_target_class_ratio": 0.962165892124176,
    "mean_mean_numeric_features": 343.8268737792969,
    "stdev_mean_numeric_features": 343.8268737792969,
    "mean_stdev_numeric_features": 191.83326721191406,
    "stdev_stdev_numeric_features": 191.83326721191406,
    "mean_var_numeric_features": 55190.92578125,
    "stdev_var_numeric_features": 55190.92578125,
    "mean_min_numeric_features": 10.666666984558105,
    "stdev_min_numeric_features": 10.666666984558105,
    "mean_median_numeric_features": 344.46337890625,
    "stdev_median_numeric_features": 344.46337890625,
    "mean_max_numeric_features": 672.2646484375,
    "stdev_max_numeric_features": 672.2646484375,
    "mean_skew_numeric_features": 0.5463858246803284,
    "stdev_skew_numeric_features": 0.5463858246803284,
    "mean_kurtosis_numeric_features": 2.2013938426971436,
    "stdev_kurtosis_numeric_features": 2.2013938426971436,
    "pca_1": 0.5063498019736967,
    "pca_2": 0.4936501781032213,
    "pca_3": 1.9923081966758194e-08,
    "mean_entropy_categorical_features": NaN,
    "stdev_entropy_categorical_features": NaN,
    "mean_information_gain_categorical_features": NaN,
    "stdev_information_gain_categorical_features": NaN,
    "mean_mutual_informaiton_categorical_features": NaN,
    "stdev_mutual_informaiton_categorical_features": NaN,
    "gaussian_nb_accuracy": 0.9614779666253144,
    "gaussian_nb_balanced_accuracy": 0.2985580008900367,
    "lda_accuracy": 0.9601996495513194,
    "lda_balanced_accuracy": 0.29367668536459257,
    "decision_tree_1_accuracy": 0.9621659273132751,
    "decision_tree_1_balanced_accuracy": 0.2,
    "decision_tree_2_accuracy": 0.9657036246820138,
    "decision_tree_2_balanced_accuracy": 0.27690367561002827,
    "extra_trees_2_10_accuracy": 0.9621658790421069,
    "extra_trees_2_10_balanced_accuracy": 0.2
}