{
    "nb_instances": 10190,
    "log_nb_instances": 9.229162126216771,
    "nb_features": 3,
    "dataset_dimensionality": 3396.6666666666665,
    "log_dataset_dimensionality": 8.13054983754866,
    "dataset_ratio": 0.0002944062806673209,
    "nb_missing_vals": 0,
    "ratio_features_with_missing_vals": 0.0,
    "ratio_instances_with_missing_vals": 0.0,
    "nb_numeric_features": 3,
    "nb_categorical_features": 0,
    "ratio_numeric_categorical_features": 0.0,
    "ratio_categorical_numeric_features": 0.0,
    "nb_classes": 5,
    "class_entropy": 0.20411121344517155,
    "mean_target_class_ratio": 0.20000000298023224,
    "stdev_target_class_ratio": 0.20000000298023224,
    "min_target_class_ratio": 0.002551521174609661,
    "median_target_class_ratio": 0.007360157091170549,
    "max_target_class_ratio": 0.9622178673744202,
    "mean_mean_numeric_features": 343.3160400390625,
    "stdev_mean_numeric_features": 343.3160400390625,
    "mean_stdev_numeric_features": 191.63804626464844,
    "stdev_stdev_numeric_features": 191.63804626464844,
    "mean_var_numeric_features": 55077.875,
    "stdev_var_numeric_features": 55077.875,
    "mean_min_numeric_features": 10.333333015441895,
    "stdev_min_numeric_features": 10.333333015441895,
    "mean_median_numeric_features": 344.13037109375,
    "stdev_median_numeric_features": 344.13037109375,
    "mean_max_numeric_features": 672.2640991210938,
    "stdev_max_numeric_features": 672.2640991210938,
    "mean_skew_numeric_features": 0.5308595895767212,
    "stdev_skew_numeric_features": 0.5308595895767212,
    "mean_kurtosis_numeric_features": 2.0271849632263184,
    "stdev_kurtosis_numeric_features": 2.0271849632263184,
    "pca_1": 0.5053469888421654,
    "pca_2": 0.494652990758586,
    "pca_3": 2.0399248666627164e-08,
    "mean_entropy_categorical_features": NaN,
    "stdev_entropy_categorical_features": NaN,
    "mean_information_gain_categorical_features": NaN,
    "stdev_information_gain_categorical_features": NaN,
    "mean_mutual_informaiton_categorical_features": NaN,
    "stdev_mutual_informaiton_categorical_features": NaN,
    "gaussian_nb_accuracy": 0.9611383709519135,
    "gaussian_nb_balanced_accuracy": 0.29685006321376745,
    "lda_accuracy": 0.9600588812561334,
    "lda_balanced_accuracy": 0.29977641709504377,
    "decision_tree_1_accuracy": 0.9622178606476938,
    "decision_tree_1_balanced_accuracy": 0.2,
    "decision_tree_2_accuracy": 0.9664376840039255,
    "decision_tree_2_balanced_accuracy": 0.2742343275970741,
    "extra_trees_2_10_accuracy": 0.9622178606476938,
    "extra_trees_2_10_balanced_accuracy": 0.2
}