{
    "nb_instances": 8753,
    "log_nb_instances": 9.077151777732437,
    "nb_features": 3,
    "dataset_dimensionality": 2917.6666666666665,
    "log_dataset_dimensionality": 7.978539489064328,
    "dataset_ratio": 0.0003427396321261282,
    "nb_missing_vals": 0,
    "ratio_features_with_missing_vals": 0.0,
    "ratio_instances_with_missing_vals": 0.0,
    "nb_numeric_features": 3,
    "nb_categorical_features": 0,
    "ratio_numeric_categorical_features": 0.0,
    "ratio_categorical_numeric_features": 0.0,
    "nb_classes": 5,
    "class_entropy": 0.28416369516462603,
    "mean_target_class_ratio": 0.19999998807907104,
    "stdev_target_class_ratio": 0.19999998807907104,
    "min_target_class_ratio": 0.006397806573659182,
    "median_target_class_ratio": 0.013138352893292904,
    "max_target_class_ratio": 0.9442476630210876,
    "mean_mean_numeric_features": 338.3807373046875,
    "stdev_mean_numeric_features": 338.3807373046875,
    "mean_stdev_numeric_features": 192.07122802734375,
    "stdev_stdev_numeric_features": 192.07122802734375,
    "mean_var_numeric_features": 55319.265625,
    "stdev_var_numeric_features": 55319.265625,
    "mean_min_numeric_features": 10.666666984558105,
    "stdev_min_numeric_features": 10.666666984558105,
    "mean_median_numeric_features": 339.4737243652344,
    "stdev_median_numeric_features": 339.4737243652344,
    "mean_max_numeric_features": 672.2944946289062,
    "stdev_max_numeric_features": 672.2944946289062,
    "mean_skew_numeric_features": 0.4118795692920685,
    "stdev_skew_numeric_features": 0.4118795692920685,
    "mean_kurtosis_numeric_features": -0.3255671560764313,
    "stdev_kurtosis_numeric_features": -0.3255671560764313,
    "pca_1": 0.5081720106172227,
    "pca_2": 0.49182793773837313,
    "pca_3": 5.164440421019369e-08,
    "mean_entropy_categorical_features": NaN,
    "stdev_entropy_categorical_features": NaN,
    "mean_information_gain_categorical_features": NaN,
    "stdev_information_gain_categorical_features": NaN,
    "mean_mutual_informaiton_categorical_features": NaN,
    "stdev_mutual_informaiton_categorical_features": NaN,
    "gaussian_nb_accuracy": 0.9351069266541568,
    "gaussian_nb_balanced_accuracy": 0.23213805329482934,
    "lda_accuracy": 0.9365934894346089,
    "lda_balanced_accuracy": 0.22627351591044298,
    "decision_tree_1_accuracy": 0.9442480215387125,
    "decision_tree_1_balanced_accuracy": 0.2,
    "decision_tree_2_accuracy": 0.9442473688504528,
    "decision_tree_2_balanced_accuracy": 0.2,
    "extra_trees_2_10_accuracy": 0.9442465856245411,
    "extra_trees_2_10_balanced_accuracy": 0.2
}