{
    "nb_instances": 829201,
    "log_nb_instances": 13.628217865524704,
    "nb_features": 10,
    "dataset_dimensionality": 82920.1,
    "log_dataset_dimensionality": 11.325632772530659,
    "dataset_ratio": 1.2059802146885979e-05,
    "nb_missing_vals": 0,
    "ratio_features_with_missing_vals": 0.0,
    "ratio_instances_with_missing_vals": 0.0,
    "nb_numeric_features": 5,
    "nb_categorical_features": 5,
    "ratio_numeric_categorical_features": 1.0,
    "ratio_categorical_numeric_features": 1.0,
    "nb_classes": 10,
    "class_entropy": 0.9821572116107635,
    "mean_target_class_ratio": 0.10000000149011612,
    "stdev_target_class_ratio": 0.10000000149011612,
    "min_target_class_ratio": 2.4119603949657176e-06,
    "median_target_class_ratio": 0.0029437977354973555,
    "max_target_class_ratio": 0.501116156578064,
    "mean_mean_numeric_features": 6.9996018409729,
    "stdev_mean_numeric_features": 6.9996018409729,
    "mean_stdev_numeric_features": 2.068599224090576,
    "stdev_stdev_numeric_features": 2.068599224090576,
    "mean_var_numeric_features": 4.352424621582031,
    "stdev_var_numeric_features": 4.352424621582031,
    "mean_min_numeric_features": 1.2000000476837158,
    "stdev_min_numeric_features": 1.2000000476837158,
    "mean_median_numeric_features": 7.0,
    "stdev_median_numeric_features": 7.0,
    "mean_max_numeric_features": 12.800000190734863,
    "stdev_max_numeric_features": 12.800000190734863,
    "mean_skew_numeric_features": 0.0025903701316565275,
    "stdev_skew_numeric_features": 0.0025903701316565275,
    "mean_kurtosis_numeric_features": 0.24619491398334503,
    "stdev_kurtosis_numeric_features": 0.24619491398334503,
    "pca_1": 0.6346915368122199,
    "pca_2": 0.17027113006388045,
    "pca_3": 0.08640681391530726,
    "mean_entropy_categorical_features": 1.3837926387786865,
    "stdev_entropy_categorical_features": 1.3837926387786865,
    "mean_information_gain_categorical_features": 0.005766901653259993,
    "stdev_information_gain_categorical_features": 0.005766901653259993,
    "mean_mutual_informaiton_categorical_features": 0.005766901653259993,
    "stdev_mutual_informaiton_categorical_features": 0.005766901653259993,
    "gaussian_nb_accuracy": 0.5937088814179367,
    "gaussian_nb_balanced_accuracy": 0.1670141817932378,
    "lda_accuracy": 0.56880539377314,
    "lda_balanced_accuracy": 0.1322012012923517,
    "decision_tree_1_accuracy": 0.5334834382192188,
    "decision_tree_1_balanced_accuracy": 0.11483954908532627,
    "decision_tree_2_accuracy": 0.5676066481395141,
    "decision_tree_2_balanced_accuracy": 0.13481395671097185,
    "extra_trees_2_10_accuracy": 0.5698545928148888,
    "extra_trees_2_10_balanced_accuracy": 0.12426997724833344
}