{
    "nb_instances": 1100,
    "log_nb_instances": 7.003065458786462,
    "nb_features": 12,
    "dataset_dimensionality": 91.66666666666667,
    "log_dataset_dimensionality": 4.518158808998462,
    "dataset_ratio": 0.01090909090909091,
    "nb_missing_vals": 0,
    "ratio_features_with_missing_vals": 0.0,
    "ratio_instances_with_missing_vals": 0.0,
    "nb_numeric_features": 8,
    "nb_categorical_features": 4,
    "ratio_numeric_categorical_features": 2.0,
    "ratio_categorical_numeric_features": 0.5,
    "nb_classes": 5,
    "class_entropy": 1.580832712515842,
    "mean_target_class_ratio": 0.20000000298023224,
    "stdev_target_class_ratio": 0.20000000298023224,
    "min_target_class_ratio": 0.1390909105539322,
    "median_target_class_ratio": 0.1963636428117752,
    "max_target_class_ratio": 0.2772727310657501,
    "mean_mean_numeric_features": 1061.532958984375,
    "stdev_mean_numeric_features": 1061.532958984375,
    "mean_stdev_numeric_features": 210.24072265625,
    "stdev_stdev_numeric_features": 210.24072265625,
    "mean_var_numeric_features": 281781.71875,
    "stdev_var_numeric_features": 281781.71875,
    "mean_min_numeric_features": 758.38623046875,
    "stdev_min_numeric_features": 758.38623046875,
    "mean_median_numeric_features": 973.8831176757812,
    "stdev_median_numeric_features": 973.8831176757812,
    "mean_max_numeric_features": 1375.513671875,
    "stdev_max_numeric_features": 1375.513671875,
    "mean_skew_numeric_features": 0.06283941864967346,
    "stdev_skew_numeric_features": 0.06283941864967346,
    "mean_kurtosis_numeric_features": -1.3807306289672852,
    "stdev_kurtosis_numeric_features": -1.3807306289672852,
    "pca_1": 0.9845165860610285,
    "pca_2": 0.015479966410213018,
    "pca_3": 2.5371692796065417e-06,
    "mean_entropy_categorical_features": 0.8038976192474365,
    "stdev_entropy_categorical_features": 0.8038976192474365,
    "mean_information_gain_categorical_features": 0.03561623394489288,
    "stdev_information_gain_categorical_features": 0.03561623394489288,
    "mean_mutual_informaiton_categorical_features": 0.03561623394489288,
    "stdev_mutual_informaiton_categorical_features": 0.03561623394489288,
    "gaussian_nb_accuracy": NaN,
    "gaussian_nb_balanced_accuracy": NaN,
    "lda_accuracy": NaN,
    "lda_balanced_accuracy": NaN,
    "decision_tree_1_accuracy": NaN,
    "decision_tree_1_balanced_accuracy": NaN,
    "decision_tree_2_accuracy": NaN,
    "decision_tree_2_balanced_accuracy": NaN,
    "extra_trees_2_10_accuracy": NaN,
    "extra_trees_2_10_balanced_accuracy": NaN
}