{
    "nb_instances": 700,
    "log_nb_instances": 6.551080335043404,
    "nb_features": 12,
    "dataset_dimensionality": 58.333333333333336,
    "log_dataset_dimensionality": 4.0661736852554045,
    "dataset_ratio": 0.017142857142857144,
    "nb_missing_vals": 0,
    "ratio_features_with_missing_vals": 0.0,
    "ratio_instances_with_missing_vals": 0.0,
    "nb_numeric_features": 8,
    "nb_categorical_features": 4,
    "ratio_numeric_categorical_features": 2.0,
    "ratio_categorical_numeric_features": 0.5,
    "nb_classes": 3,
    "class_entropy": 1.09684720680143,
    "mean_target_class_ratio": 0.3333333432674408,
    "stdev_target_class_ratio": 0.3333333432674408,
    "min_target_class_ratio": 0.30571427941322327,
    "median_target_class_ratio": 0.3442857265472412,
    "max_target_class_ratio": 0.3499999940395355,
    "mean_mean_numeric_features": 1053.5225830078125,
    "stdev_mean_numeric_features": 1053.5225830078125,
    "mean_stdev_numeric_features": 201.16561889648438,
    "stdev_stdev_numeric_features": 201.16561889648438,
    "mean_var_numeric_features": 259282.578125,
    "stdev_var_numeric_features": 259282.578125,
    "mean_min_numeric_features": 758.76123046875,
    "stdev_min_numeric_features": 758.76123046875,
    "mean_median_numeric_features": 965.1580810546875,
    "stdev_median_numeric_features": 965.1580810546875,
    "mean_max_numeric_features": 1375.138671875,
    "stdev_max_numeric_features": 1375.138671875,
    "mean_skew_numeric_features": 0.006349585950374603,
    "stdev_skew_numeric_features": 0.006349585950374603,
    "mean_kurtosis_numeric_features": -1.3127291202545166,
    "stdev_kurtosis_numeric_features": -1.3127291202545166,
    "pca_1": 0.9853435270830346,
    "pca_2": 0.014652966458057288,
    "pca_3": 2.5093687990997357e-06,
    "mean_entropy_categorical_features": 0.7465981841087341,
    "stdev_entropy_categorical_features": 0.7465981841087341,
    "mean_information_gain_categorical_features": 0.0032683450262993574,
    "stdev_information_gain_categorical_features": 0.0032683450262993574,
    "mean_mutual_informaiton_categorical_features": 0.0032683450262993574,
    "stdev_mutual_informaiton_categorical_features": 0.0032683450262993574,
    "gaussian_nb_accuracy": NaN,
    "gaussian_nb_balanced_accuracy": NaN,
    "lda_accuracy": NaN,
    "lda_balanced_accuracy": NaN,
    "decision_tree_1_accuracy": NaN,
    "decision_tree_1_balanced_accuracy": NaN,
    "decision_tree_2_accuracy": NaN,
    "decision_tree_2_balanced_accuracy": NaN,
    "extra_trees_2_10_accuracy": NaN,
    "extra_trees_2_10_balanced_accuracy": NaN
}