{
    "nb_instances": 500,
    "log_nb_instances": 6.214608098422191,
    "nb_features": 12,
    "dataset_dimensionality": 41.666666666666664,
    "log_dataset_dimensionality": 3.7297014486341915,
    "dataset_ratio": 0.024,
    "nb_missing_vals": 0,
    "ratio_features_with_missing_vals": 0.0,
    "ratio_instances_with_missing_vals": 0.0,
    "nb_numeric_features": 8,
    "nb_categorical_features": 4,
    "ratio_numeric_categorical_features": 2.0,
    "ratio_categorical_numeric_features": 0.5,
    "nb_classes": 5,
    "class_entropy": 1.4890015711447033,
    "mean_target_class_ratio": 0.20000000298023224,
    "stdev_target_class_ratio": 0.20000000298023224,
    "min_target_class_ratio": 0.0860000029206276,
    "median_target_class_ratio": 0.17000000178813934,
    "max_target_class_ratio": 0.3840000033378601,
    "mean_mean_numeric_features": 1050.559326171875,
    "stdev_mean_numeric_features": 1050.559326171875,
    "mean_stdev_numeric_features": 212.7593994140625,
    "stdev_stdev_numeric_features": 212.7593994140625,
    "mean_var_numeric_features": 286696.6875,
    "stdev_var_numeric_features": 286696.6875,
    "mean_min_numeric_features": 759.01123046875,
    "stdev_min_numeric_features": 759.01123046875,
    "mean_median_numeric_features": 974.7518920898438,
    "stdev_median_numeric_features": 974.7518920898438,
    "mean_max_numeric_features": 1375.138671875,
    "stdev_max_numeric_features": 1375.138671875,
    "mean_skew_numeric_features": 0.09673735499382019,
    "stdev_skew_numeric_features": 0.09673735499382019,
    "mean_kurtosis_numeric_features": -1.3496496677398682,
    "stdev_kurtosis_numeric_features": -1.3496496677398682,
    "pca_1": 0.9834356767008674,
    "pca_2": 0.01656108398985892,
    "pca_3": 2.385367330022069e-06,
    "mean_entropy_categorical_features": 0.7539705038070679,
    "stdev_entropy_categorical_features": 0.7539705038070679,
    "mean_information_gain_categorical_features": 0.02470000833272934,
    "stdev_information_gain_categorical_features": 0.02470000833272934,
    "mean_mutual_informaiton_categorical_features": 0.02470000833272934,
    "stdev_mutual_informaiton_categorical_features": 0.02470000833272934,
    "gaussian_nb_accuracy": NaN,
    "gaussian_nb_balanced_accuracy": NaN,
    "lda_accuracy": NaN,
    "lda_balanced_accuracy": NaN,
    "decision_tree_1_accuracy": NaN,
    "decision_tree_1_balanced_accuracy": NaN,
    "decision_tree_2_accuracy": NaN,
    "decision_tree_2_balanced_accuracy": NaN,
    "extra_trees_2_10_accuracy": NaN,
    "extra_trees_2_10_balanced_accuracy": NaN
}