{
    "nb_instances": 4177,
    "log_nb_instances": 8.337348564497175,
    "nb_features": 8,
    "dataset_dimensionality": 522.125,
    "log_dataset_dimensionality": 6.2579070228173395,
    "dataset_ratio": 0.0019152501795547043,
    "nb_missing_vals": 0,
    "ratio_features_with_missing_vals": 0.0,
    "ratio_instances_with_missing_vals": 0.0,
    "nb_numeric_features": 7,
    "nb_categorical_features": 1,
    "ratio_numeric_categorical_features": 7.0,
    "ratio_categorical_numeric_features": 0.14285714285714285,
    "nb_classes": 3,
    "class_entropy": 1.0979199138101299,
    "mean_target_class_ratio": 0.3333333432674408,
    "stdev_target_class_ratio": 0.3333333432674408,
    "min_target_class_ratio": 0.3167344927787781,
    "median_target_class_ratio": 0.33684462308883667,
    "max_target_class_ratio": 0.34642088413238525,
    "mean_mean_numeric_features": 0.38270339369773865,
    "stdev_mean_numeric_features": 0.38270339369773865,
    "mean_stdev_numeric_features": 0.17461839318275452,
    "stdev_stdev_numeric_features": 0.17461839318275452,
    "mean_var_numeric_features": 0.04959456995129585,
    "stdev_var_numeric_features": 0.04959456995129585,
    "mean_min_numeric_features": 0.019285712391138077,
    "stdev_min_numeric_features": 0.019285712391138077,
    "mean_median_numeric_features": 0.37864285707473755,
    "stdev_median_numeric_features": 0.37864285707473755,
    "mean_max_numeric_features": 1.2390714883804321,
    "stdev_max_numeric_features": 1.2390714883804321,
    "mean_skew_numeric_features": 0.6203687787055969,
    "stdev_skew_numeric_features": 0.6203687787055969,
    "mean_kurtosis_numeric_features": 11.033154487609863,
    "stdev_kurtosis_numeric_features": 11.033154487609863,
    "pca_1": 0.9741007291817074,
    "pca_2": 0.01141838857639591,
    "pca_3": 0.008375670212241367,
    "mean_entropy_categorical_features": 1.0962191820144653,
    "stdev_entropy_categorical_features": 1.0962191820144653,
    "mean_information_gain_categorical_features": 0.13630235195159912,
    "stdev_information_gain_categorical_features": 0.13630235195159912,
    "mean_mutual_informaiton_categorical_features": 0.13630235195159912,
    "stdev_mutual_informaiton_categorical_features": 0.13630235195159912,
    "gaussian_nb_accuracy": NaN,
    "gaussian_nb_balanced_accuracy": NaN,
    "lda_accuracy": NaN,
    "lda_balanced_accuracy": NaN,
    "decision_tree_1_accuracy": NaN,
    "decision_tree_1_balanced_accuracy": NaN,
    "decision_tree_2_accuracy": NaN,
    "decision_tree_2_balanced_accuracy": NaN,
    "extra_trees_2_10_accuracy": NaN,
    "extra_trees_2_10_balanced_accuracy": NaN
}