{
    "nb_instances": 4521,
    "log_nb_instances": 8.416488487294606,
    "nb_features": 16,
    "dataset_dimensionality": 282.5625,
    "log_dataset_dimensionality": 5.643899765054824,
    "dataset_ratio": 0.0035390400353904005,
    "nb_missing_vals": 0,
    "ratio_features_with_missing_vals": 0.0,
    "ratio_instances_with_missing_vals": 0.0,
    "nb_numeric_features": 7,
    "nb_categorical_features": 9,
    "ratio_numeric_categorical_features": 0.7777777777777778,
    "ratio_categorical_numeric_features": 1.2857142857142858,
    "nb_classes": 2,
    "class_entropy": 0.3573324748722175,
    "mean_target_class_ratio": 0.5,
    "stdev_target_class_ratio": 0.5,
    "min_target_class_ratio": 0.11523999273777008,
    "median_target_class_ratio": 0.5,
    "max_target_class_ratio": 0.8847600221633911,
    "mean_mean_numeric_features": 255.2581787109375,
    "stdev_mean_numeric_features": 255.2581787109375,
    "mean_stdev_numeric_features": 484.7490234375,
    "stdev_stdev_numeric_features": 484.7490234375,
    "mean_var_numeric_features": 1305094.875,
    "stdev_var_numeric_features": 1305094.875,
    "mean_min_numeric_features": -469.8571472167969,
    "stdev_min_numeric_features": -469.8571472167969,
    "mean_median_numeric_features": 97.85713958740234,
    "stdev_median_numeric_features": 97.85713958740234,
    "mean_max_numeric_features": 10753.857421875,
    "stdev_max_numeric_features": 10753.857421875,
    "mean_skew_numeric_features": 3.3570315837860107,
    "stdev_skew_numeric_features": 3.3570315837860107,
    "mean_kurtosis_numeric_features": 28.192983627319336,
    "stdev_kurtosis_numeric_features": 28.192983627319336,
    "pca_1": 0.991492338749648,
    "pca_2": 0.007389671764177423,
    "pca_3": 0.0010972047088574602,
    "mean_entropy_categorical_features": 0.981679379940033,
    "stdev_entropy_categorical_features": 0.981679379940033,
    "mean_information_gain_categorical_features": 0.008555587381124496,
    "stdev_information_gain_categorical_features": 0.008555587381124496,
    "mean_mutual_informaiton_categorical_features": 0.008555587381124496,
    "stdev_mutual_informaiton_categorical_features": 0.008555587381124496,
    "gaussian_nb_accuracy": NaN,
    "gaussian_nb_balanced_accuracy": NaN,
    "lda_accuracy": NaN,
    "lda_balanced_accuracy": NaN,
    "decision_tree_1_accuracy": NaN,
    "decision_tree_1_balanced_accuracy": NaN,
    "decision_tree_2_accuracy": NaN,
    "decision_tree_2_balanced_accuracy": NaN,
    "extra_trees_2_10_accuracy": NaN,
    "extra_trees_2_10_balanced_accuracy": NaN
}