{
    "nb_instances": 2126,
    "log_nb_instances": 7.661997558901893,
    "nb_features": 35,
    "dataset_dimensionality": 60.74285714285714,
    "log_dataset_dimensionality": 4.106649497412479,
    "dataset_ratio": 0.016462841015992474,
    "nb_missing_vals": 0,
    "ratio_features_with_missing_vals": 0.0,
    "ratio_instances_with_missing_vals": 0.0,
    "nb_numeric_features": 35,
    "nb_categorical_features": 0,
    "ratio_numeric_categorical_features": 0.0,
    "ratio_categorical_numeric_features": 0.0,
    "nb_classes": 3,
    "class_entropy": 0.6752672815856012,
    "mean_target_class_ratio": 0.3333333432674408,
    "stdev_target_class_ratio": 0.3333333432674408,
    "min_target_class_ratio": 0.08278457075357437,
    "median_target_class_ratio": 0.13875822722911835,
    "max_target_class_ratio": 0.7784572243690491,
    "mean_mean_numeric_features": 106.21292114257812,
    "stdev_mean_numeric_features": 106.21292114257812,
    "mean_stdev_numeric_features": 60.49882888793945,
    "stdev_stdev_numeric_features": 60.49882888793945,
    "mean_var_numeric_features": 47793.71875,
    "stdev_var_numeric_features": 47793.71875,
    "mean_min_numeric_features": 25.605714797973633,
    "stdev_min_numeric_features": 25.605714797973633,
    "mean_median_numeric_features": 82.34571838378906,
    "stdev_median_numeric_features": 82.34571838378906,
    "mean_max_numeric_features": 273.5057067871094,
    "stdev_max_numeric_features": 273.5057067871094,
    "mean_skew_numeric_features": 2.392190456390381,
    "stdev_skew_numeric_features": 2.392190456390381,
    "mean_kurtosis_numeric_features": 17.74030113220215,
    "stdev_kurtosis_numeric_features": 17.74030113220215,
    "pca_1": 0.968585227628151,
    "pca_2": 0.02742044288857091,
    "pca_3": 0.0018194467434086371,
    "mean_entropy_categorical_features": NaN,
    "stdev_entropy_categorical_features": NaN,
    "mean_information_gain_categorical_features": NaN,
    "stdev_information_gain_categorical_features": NaN,
    "mean_mutual_informaiton_categorical_features": NaN,
    "stdev_mutual_informaiton_categorical_features": NaN,
    "gaussian_nb_accuracy": 0.988239712786523,
    "gaussian_nb_balanced_accuracy": 0.9781105756646744,
    "lda_accuracy": 0.9840055233360949,
    "lda_balanced_accuracy": 0.9633265314703842,
    "decision_tree_1_accuracy": 0.8706545153272577,
    "decision_tree_1_balanced_accuracy": 0.5554924825850123,
    "decision_tree_2_accuracy": 0.9209687931510633,
    "decision_tree_2_balanced_accuracy": 0.7591925980263011,
    "extra_trees_2_10_accuracy": 0.8523148301574152,
    "extra_trees_2_10_balanced_accuracy": 0.5356159627245717
}