{
    "nb_instances": 1025009,
    "log_nb_instances": 13.840211951003901,
    "nb_features": 10,
    "dataset_dimensionality": 102500.9,
    "log_dataset_dimensionality": 11.537626858009856,
    "dataset_ratio": 9.75601189843211e-06,
    "nb_missing_vals": 0,
    "ratio_features_with_missing_vals": 0.0,
    "ratio_instances_with_missing_vals": 0.0,
    "nb_numeric_features": 10,
    "nb_categorical_features": 0,
    "ratio_numeric_categorical_features": 0.0,
    "ratio_categorical_numeric_features": 0.0,
    "nb_classes": 10,
    "class_entropy": 0.9821794786789001,
    "mean_target_class_ratio": 0.09999999403953552,
    "stdev_target_class_ratio": 0.09999999403953552,
    "min_target_class_ratio": 7.804809683875646e-06,
    "median_target_class_ratio": 0.0029404619708657265,
    "max_target_class_ratio": 0.5011672973632812,
    "mean_mean_numeric_features": 4.749439716339111,
    "stdev_mean_numeric_features": 4.749439716339111,
    "mean_stdev_numeric_features": 2.430178642272949,
    "stdev_stdev_numeric_features": 2.430178642272949,
    "mean_var_numeric_features": 7.6271162033081055,
    "stdev_var_numeric_features": 7.6271162033081055,
    "mean_min_numeric_features": 1.0,
    "stdev_min_numeric_features": 1.0,
    "mean_median_numeric_features": 4.800000190734863,
    "stdev_median_numeric_features": 4.800000190734863,
    "mean_max_numeric_features": 8.5,
    "stdev_max_numeric_features": 8.5,
    "mean_skew_numeric_features": -0.000236729349126108,
    "stdev_skew_numeric_features": -0.000236729349126108,
    "mean_kurtosis_numeric_features": -1.2874832153320312,
    "stdev_kurtosis_numeric_features": -1.2874832153320312,
    "pca_1": 0.18809681315230847,
    "pca_2": 0.18724391917989497,
    "pca_3": 0.18698405871028959,
    "mean_entropy_categorical_features": NaN,
    "stdev_entropy_categorical_features": NaN,
    "mean_information_gain_categorical_features": NaN,
    "stdev_information_gain_categorical_features": NaN,
    "mean_mutual_informaiton_categorical_features": NaN,
    "stdev_mutual_informaiton_categorical_features": NaN,
    "gaussian_nb_accuracy": 0.5011673065152684,
    "gaussian_nb_balanced_accuracy": 0.10222222222222224,
    "lda_accuracy": 0.5011673077478501,
    "lda_balanced_accuracy": 0.10444444444444442,
    "decision_tree_1_accuracy": 0.5011673081095342,
    "decision_tree_1_balanced_accuracy": 0.10222222222222221,
    "decision_tree_2_accuracy": 0.5062472629749144,
    "decision_tree_2_balanced_accuracy": 0.10644833739336959,
    "extra_trees_2_10_accuracy": 0.5011673084379054,
    "extra_trees_2_10_balanced_accuracy": 0.10222222222222221
}