{
    "nb_instances": 1025000,
    "log_nb_instances": 13.840203170554645,
    "nb_features": 10,
    "dataset_dimensionality": 102500.0,
    "log_dataset_dimensionality": 11.5376180775606,
    "dataset_ratio": 9.75609756097561e-06,
    "nb_missing_vals": 0,
    "ratio_features_with_missing_vals": 0.0,
    "ratio_instances_with_missing_vals": 0.0,
    "nb_numeric_features": 10,
    "nb_categorical_features": 0,
    "ratio_numeric_categorical_features": 0.0,
    "ratio_categorical_numeric_features": 0.0,
    "nb_classes": 9,
    "class_entropy": 0.9820876659915246,
    "mean_target_class_ratio": 0.1111111119389534,
    "stdev_target_class_ratio": 0.1111111119389534,
    "min_target_class_ratio": 1.658536530158017e-05,
    "median_target_class_ratio": 0.0038809755351394415,
    "max_target_class_ratio": 0.5011717081069946,
    "mean_mean_numeric_features": 4.749427318572998,
    "stdev_mean_numeric_features": 4.749427318572998,
    "mean_stdev_numeric_features": 2.4301724433898926,
    "stdev_stdev_numeric_features": 2.4301724433898926,
    "mean_var_numeric_features": 7.627071380615234,
    "stdev_var_numeric_features": 7.627071380615234,
    "mean_min_numeric_features": 1.0,
    "stdev_min_numeric_features": 1.0,
    "mean_median_numeric_features": 4.800000190734863,
    "stdev_median_numeric_features": 4.800000190734863,
    "mean_max_numeric_features": 8.5,
    "stdev_max_numeric_features": 8.5,
    "mean_skew_numeric_features": -0.00023029310978017747,
    "stdev_skew_numeric_features": -0.00023029310978017747,
    "mean_kurtosis_numeric_features": -1.2874795198440552,
    "stdev_kurtosis_numeric_features": -1.2874795198440552,
    "pca_1": 0.18809657054405288,
    "pca_2": 0.18724427827514473,
    "pca_3": 0.18698459918491941,
    "mean_entropy_categorical_features": NaN,
    "stdev_entropy_categorical_features": NaN,
    "mean_information_gain_categorical_features": NaN,
    "stdev_information_gain_categorical_features": NaN,
    "mean_mutual_informaiton_categorical_features": NaN,
    "stdev_mutual_informaiton_categorical_features": NaN,
    "gaussian_nb_accuracy": 0.5011717073170733,
    "gaussian_nb_balanced_accuracy": 0.11111111111111112,
    "lda_accuracy": 0.5011717073170733,
    "lda_balanced_accuracy": 0.11111111111111112,
    "decision_tree_1_accuracy": 0.5011717073170733,
    "decision_tree_1_balanced_accuracy": 0.11111111111111112,
    "decision_tree_2_accuracy": 0.5059570731707317,
    "decision_tree_2_balanced_accuracy": 0.1131782021542412,
    "extra_trees_2_10_accuracy": 0.5011717073170732,
    "extra_trees_2_10_balanced_accuracy": 0.11388888888888889
}