{
    "nb_instances": 4839,
    "log_nb_instances": 8.48446336679332,
    "nb_features": 5,
    "dataset_dimensionality": 967.8,
    "log_dataset_dimensionality": 6.875025454359218,
    "dataset_ratio": 0.0010332713370531101,
    "nb_missing_vals": 0,
    "ratio_features_with_missing_vals": 0.0,
    "ratio_instances_with_missing_vals": 0.0,
    "nb_numeric_features": 5,
    "nb_categorical_features": 0,
    "ratio_numeric_categorical_features": 0.0,
    "ratio_categorical_numeric_features": 0.0,
    "nb_classes": 2,
    "class_entropy": 0.2099475693852791,
    "mean_target_class_ratio": 0.5,
    "stdev_target_class_ratio": 0.5,
    "min_target_class_ratio": 0.05393676459789276,
    "median_target_class_ratio": 0.5,
    "max_target_class_ratio": 0.946063220500946,
    "mean_mean_numeric_features": 204.97116088867188,
    "stdev_mean_numeric_features": 204.97116088867188,
    "mean_stdev_numeric_features": 61.205467224121094,
    "stdev_stdev_numeric_features": 61.205467224121094,
    "mean_var_numeric_features": 6532.0419921875,
    "stdev_var_numeric_features": 6532.0419921875,
    "mean_min_numeric_features": 50.85789489746094,
    "stdev_min_numeric_features": 50.85789489746094,
    "mean_median_numeric_features": 198.04598999023438,
    "stdev_median_numeric_features": 198.04598999023438,
    "mean_max_numeric_features": 1076.1246337890625,
    "stdev_max_numeric_features": 1076.1246337890625,
    "mean_skew_numeric_features": 3.3734290599823,
    "stdev_skew_numeric_features": 3.3734290599823,
    "mean_kurtosis_numeric_features": 48.00791931152344,
    "stdev_kurtosis_numeric_features": 48.00791931152344,
    "pca_1": 0.7673030912916822,
    "pca_2": 0.22046735876435078,
    "pca_3": 0.0054673803993903255,
    "mean_entropy_categorical_features": NaN,
    "stdev_entropy_categorical_features": NaN,
    "mean_information_gain_categorical_features": NaN,
    "stdev_information_gain_categorical_features": NaN,
    "mean_mutual_informaiton_categorical_features": NaN,
    "stdev_mutual_informaiton_categorical_features": NaN,
    "gaussian_nb_accuracy": 0.8894420846616015,
    "gaussian_nb_balanced_accuracy": 0.7305206204191667,
    "lda_accuracy": 0.942138077209056,
    "lda_balanced_accuracy": 0.5643953630691201,
    "decision_tree_1_accuracy": 0.9460628423940449,
    "decision_tree_1_balanced_accuracy": 0.5,
    "decision_tree_2_accuracy": 0.9588719050996948,
    "decision_tree_2_balanced_accuracy": 0.7359567763386482,
    "extra_trees_2_10_accuracy": 0.9460626287316144,
    "extra_trees_2_10_balanced_accuracy": 0.5
}