{
    "nb_instances": 2000,
    "log_nb_instances": 7.600902459542082,
    "nb_features": 64,
    "dataset_dimensionality": 31.25,
    "log_dataset_dimensionality": 3.4420193761824107,
    "dataset_ratio": 0.032,
    "nb_missing_vals": 0,
    "ratio_features_with_missing_vals": 0.0,
    "ratio_instances_with_missing_vals": 0.0,
    "nb_numeric_features": 64,
    "nb_categorical_features": 0,
    "ratio_numeric_categorical_features": 0.0,
    "ratio_categorical_numeric_features": 0.0,
    "nb_classes": 10,
    "class_entropy": 2.3025850929940455,
    "mean_target_class_ratio": 0.10000000149011612,
    "stdev_target_class_ratio": 0.10000000149011612,
    "min_target_class_ratio": 0.10000000149011612,
    "median_target_class_ratio": 0.10000000149011612,
    "max_target_class_ratio": 0.10000000149011612,
    "mean_mean_numeric_features": 0.05308474227786064,
    "stdev_mean_numeric_features": 0.05308474227786064,
    "mean_stdev_numeric_features": 2.152662754058838,
    "stdev_stdev_numeric_features": 2.152662754058838,
    "mean_var_numeric_features": 6.491588592529297,
    "stdev_var_numeric_features": 6.491588592529297,
    "mean_min_numeric_features": -6.756514549255371,
    "stdev_min_numeric_features": -6.756514549255371,
    "mean_median_numeric_features": 0.045688554644584656,
    "stdev_median_numeric_features": 0.045688554644584656,
    "mean_max_numeric_features": 6.89372444152832,
    "stdev_max_numeric_features": 6.89372444152832,
    "mean_skew_numeric_features": -0.004285664297640324,
    "stdev_skew_numeric_features": -0.004285664297640324,
    "mean_kurtosis_numeric_features": -0.04565484821796417,
    "stdev_kurtosis_numeric_features": -0.04565484821796417,
    "pca_1": 0.18791554439894315,
    "pca_2": 0.11622646623062768,
    "pca_3": 0.10238097916342966,
    "mean_entropy_categorical_features": NaN,
    "stdev_entropy_categorical_features": NaN,
    "mean_information_gain_categorical_features": NaN,
    "stdev_information_gain_categorical_features": NaN,
    "mean_mutual_informaiton_categorical_features": NaN,
    "stdev_mutual_informaiton_categorical_features": NaN,
    "gaussian_nb_accuracy": 0.9324999999999999,
    "gaussian_nb_balanced_accuracy": 0.9316110965905992,
    "lda_accuracy": 0.9525,
    "lda_balanced_accuracy": 0.952828600030674,
    "decision_tree_1_accuracy": 0.16799999999999998,
    "decision_tree_1_balanced_accuracy": 0.1951294220485397,
    "decision_tree_2_accuracy": 0.35650000000000004,
    "decision_tree_2_balanced_accuracy": 0.36101769910443904,
    "extra_trees_2_10_accuracy": 0.653,
    "extra_trees_2_10_balanced_accuracy": 0.6610533286479787
}