{
    "nb_instances": 110393,
    "log_nb_instances": 11.611802005017799,
    "nb_features": 54,
    "dataset_dimensionality": 2044.3148148148148,
    "log_dataset_dimensionality": 7.622817958453523,
    "dataset_ratio": 0.0004891614504542861,
    "nb_missing_vals": 0,
    "ratio_features_with_missing_vals": 0.0,
    "ratio_instances_with_missing_vals": 0.0,
    "nb_numeric_features": 14,
    "nb_categorical_features": 40,
    "ratio_numeric_categorical_features": 0.35,
    "ratio_categorical_numeric_features": 2.857142857142857,
    "nb_classes": 7,
    "class_entropy": 1.2959493598049396,
    "mean_target_class_ratio": 0.1428571343421936,
    "stdev_target_class_ratio": 0.1428571343421936,
    "min_target_class_ratio": 0.012129392474889755,
    "median_target_class_ratio": 0.040835920721292496,
    "max_target_class_ratio": 0.46816372871398926,
    "mean_mean_numeric_features": 596.2954711914062,
    "stdev_mean_numeric_features": 596.2954711914062,
    "mean_stdev_numeric_features": 259.7849426269531,
    "stdev_stdev_numeric_features": 259.7849426269531,
    "mean_var_numeric_features": 308565.0625,
    "stdev_var_numeric_features": 308565.0625,
    "mean_min_numeric_features": 121.28571319580078,
    "stdev_min_numeric_features": 121.28571319580078,
    "mean_median_numeric_features": 547.9285888671875,
    "stdev_median_numeric_features": 547.9285888671875,
    "mean_max_numeric_features": 1515.7857666015625,
    "stdev_max_numeric_features": 1515.7857666015625,
    "mean_skew_numeric_features": 0.7713164687156677,
    "stdev_skew_numeric_features": 0.7713164687156677,
    "mean_kurtosis_numeric_features": 2.35271954536438,
    "stdev_kurtosis_numeric_features": 2.35271954536438,
    "pca_1": 0.6631959117154002,
    "pca_2": 0.3065662826276904,
    "pca_3": 0.017726402761750956,
    "mean_entropy_categorical_features": 0.09556026756763458,
    "stdev_entropy_categorical_features": 0.09556026756763458,
    "mean_information_gain_categorical_features": 0.008699638769030571,
    "stdev_information_gain_categorical_features": 0.008699638769030571,
    "mean_mutual_informaiton_categorical_features": 0.008699638769030571,
    "stdev_mutual_informaiton_categorical_features": 0.008699638769030571,
    "gaussian_nb_accuracy": 0.48641679563549645,
    "gaussian_nb_balanced_accuracy": 0.41325524246463585,
    "lda_accuracy": 0.6486189856064587,
    "lda_balanced_accuracy": 0.4671776545080336,
    "decision_tree_1_accuracy": 0.4670767647264681,
    "decision_tree_1_balanced_accuracy": 0.20446668963610967,
    "decision_tree_2_accuracy": 0.642404849075646,
    "decision_tree_2_balanced_accuracy": 0.2942084677297605,
    "extra_trees_2_10_accuracy": 0.5045792870351526,
    "extra_trees_2_10_balanced_accuracy": 0.1715724775145577
}