{
    "nb_instances": 736,
    "log_nb_instances": 6.601230118728877,
    "nb_features": 19,
    "dataset_dimensionality": 38.73684210526316,
    "log_dataset_dimensionality": 3.656791139562436,
    "dataset_ratio": 0.025815217391304348,
    "nb_missing_vals": 448,
    "ratio_features_with_missing_vals": 0.012228260869565218,
    "ratio_instances_with_missing_vals": 0.12907608695652173,
    "nb_numeric_features": 14,
    "nb_categorical_features": 5,
    "ratio_numeric_categorical_features": 2.8,
    "ratio_categorical_numeric_features": 0.35714285714285715,
    "nb_classes": 5,
    "class_entropy": 1.5679568836906919,
    "mean_target_class_ratio": 0.20000000298023224,
    "stdev_target_class_ratio": 0.20000000298023224,
    "min_target_class_ratio": 0.14266304671764374,
    "median_target_class_ratio": 0.176630437374115,
    "max_target_class_ratio": 0.29076087474823,
    "mean_mean_numeric_features": 387.2294006347656,
    "stdev_mean_numeric_features": 387.2294006347656,
    "mean_stdev_numeric_features": 175.46603393554688,
    "stdev_stdev_numeric_features": 175.46603393554688,
    "mean_var_numeric_features": 222295.390625,
    "stdev_var_numeric_features": 222295.390625,
    "mean_min_numeric_features": 207.33570861816406,
    "stdev_min_numeric_features": 207.33570861816406,
    "mean_median_numeric_features": 387.7799987792969,
    "stdev_median_numeric_features": 387.7799987792969,
    "mean_max_numeric_features": 3470.377685546875,
    "stdev_max_numeric_features": 3470.377685546875,
    "mean_skew_numeric_features": 2.330531358718872,
    "stdev_skew_numeric_features": 2.330531358718872,
    "mean_kurtosis_numeric_features": 55.948848724365234,
    "stdev_kurtosis_numeric_features": 55.948848724365234,
    "pca_1": 0.8873788033483769,
    "pca_2": 0.10768823213620082,
    "pca_3": 0.0036521342277251586,
    "mean_entropy_categorical_features": 2.2286629676818848,
    "stdev_entropy_categorical_features": 2.2286629676818848,
    "mean_information_gain_categorical_features": 0.16759173572063446,
    "stdev_information_gain_categorical_features": 0.16759173572063446,
    "mean_mutual_informaiton_categorical_features": 0.16759173572063446,
    "stdev_mutual_informaiton_categorical_features": 0.16759173572063446,
    "gaussian_nb_accuracy": NaN,
    "gaussian_nb_balanced_accuracy": NaN,
    "lda_accuracy": NaN,
    "lda_balanced_accuracy": NaN,
    "decision_tree_1_accuracy": NaN,
    "decision_tree_1_balanced_accuracy": NaN,
    "decision_tree_2_accuracy": NaN,
    "decision_tree_2_balanced_accuracy": NaN,
    "extra_trees_2_10_accuracy": NaN,
    "extra_trees_2_10_balanced_accuracy": NaN
}