{
    "nb_instances": 2000,
    "log_nb_instances": 7.600902459542082,
    "nb_features": 47,
    "dataset_dimensionality": 42.5531914893617,
    "log_dataset_dimensionality": 3.750754857832024,
    "dataset_ratio": 0.0235,
    "nb_missing_vals": 0,
    "ratio_features_with_missing_vals": 0.0,
    "ratio_instances_with_missing_vals": 0.0,
    "nb_numeric_features": 47,
    "nb_categorical_features": 0,
    "ratio_numeric_categorical_features": 0.0,
    "ratio_categorical_numeric_features": 0.0,
    "nb_classes": 10,
    "class_entropy": 2.3025850929940455,
    "mean_target_class_ratio": 0.10000000149011612,
    "stdev_target_class_ratio": 0.10000000149011612,
    "min_target_class_ratio": 0.10000000149011612,
    "median_target_class_ratio": 0.10000000149011612,
    "max_target_class_ratio": 0.10000000149011612,
    "mean_mean_numeric_features": 88.63642120361328,
    "stdev_mean_numeric_features": 88.63642120361328,
    "mean_stdev_numeric_features": 40.125457763671875,
    "stdev_stdev_numeric_features": 40.125457763671875,
    "mean_var_numeric_features": 2910.4384765625,
    "stdev_var_numeric_features": 2910.4384765625,
    "mean_min_numeric_features": 13.034600257873535,
    "stdev_min_numeric_features": 13.034600257873535,
    "mean_median_numeric_features": 83.48502349853516,
    "stdev_median_numeric_features": 83.48502349853516,
    "mean_max_numeric_features": 221.22523498535156,
    "stdev_max_numeric_features": 221.22523498535156,
    "mean_skew_numeric_features": 0.7908300757408142,
    "stdev_skew_numeric_features": 0.7908300757408142,
    "mean_kurtosis_numeric_features": 0.735395610332489,
    "stdev_kurtosis_numeric_features": 0.735395610332489,
    "pca_1": 0.3021883867402971,
    "pca_2": 0.17256244638188883,
    "pca_3": 0.11649656557940825,
    "mean_entropy_categorical_features": NaN,
    "stdev_entropy_categorical_features": NaN,
    "mean_information_gain_categorical_features": NaN,
    "stdev_information_gain_categorical_features": NaN,
    "mean_mutual_informaiton_categorical_features": NaN,
    "stdev_mutual_informaiton_categorical_features": NaN,
    "gaussian_nb_accuracy": 0.7305,
    "gaussian_nb_balanced_accuracy": 0.7307038974985531,
    "lda_accuracy": 0.8094999999999999,
    "lda_balanced_accuracy": 0.8107881992093537,
    "decision_tree_1_accuracy": 0.183,
    "decision_tree_1_balanced_accuracy": 0.1950273858136125,
    "decision_tree_2_accuracy": 0.3535,
    "decision_tree_2_balanced_accuracy": 0.35828102511024046,
    "extra_trees_2_10_accuracy": 0.48699999999999993,
    "extra_trees_2_10_balanced_accuracy": 0.498116217854274
}