{
    "nb_instances": 1473,
    "log_nb_instances": 7.29505641646263,
    "nb_features": 9,
    "dataset_dimensionality": 163.66666666666666,
    "log_dataset_dimensionality": 5.097831839126411,
    "dataset_ratio": 0.006109979633401222,
    "nb_missing_vals": 0,
    "ratio_features_with_missing_vals": 0.0,
    "ratio_instances_with_missing_vals": 0.0,
    "nb_numeric_features": 2,
    "nb_categorical_features": 7,
    "ratio_numeric_categorical_features": 0.2857142857142857,
    "ratio_categorical_numeric_features": 3.5,
    "nb_classes": 3,
    "class_entropy": 1.066777482163813,
    "mean_target_class_ratio": 0.3333333432674408,
    "stdev_target_class_ratio": 0.3333333432674408,
    "min_target_class_ratio": 0.22606924176216125,
    "median_target_class_ratio": 0.34691107273101807,
    "max_target_class_ratio": 0.4270196855068207,
    "mean_mean_numeric_features": 17.899864196777344,
    "stdev_mean_numeric_features": 17.899864196777344,
    "mean_stdev_numeric_features": 5.292896747589111,
    "stdev_stdev_numeric_features": 5.292896747589111,
    "mean_var_numeric_features": 36.625152587890625,
    "stdev_var_numeric_features": 36.625152587890625,
    "mean_min_numeric_features": 8.0,
    "stdev_min_numeric_features": 8.0,
    "mean_median_numeric_features": 17.5,
    "stdev_median_numeric_features": 17.5,
    "mean_max_numeric_features": 32.5,
    "stdev_max_numeric_features": 32.5,
    "mean_skew_numeric_features": 0.6777315735816956,
    "stdev_skew_numeric_features": 0.6777315735816956,
    "mean_kurtosis_numeric_features": 0.29285603761672974,
    "stdev_kurtosis_numeric_features": 0.29285603761672974,
    "pca_1": 0.9475465195802544,
    "pca_2": 0.052453480419745485,
    "pca_3": NaN,
    "mean_entropy_categorical_features": 0.8462026715278625,
    "stdev_entropy_categorical_features": 0.8462026715278625,
    "mean_information_gain_categorical_features": 0.020024022087454796,
    "stdev_information_gain_categorical_features": 0.020024022087454796,
    "mean_mutual_informaiton_categorical_features": 0.020024022087454796,
    "stdev_mutual_informaiton_categorical_features": 0.020024022087454796,
    "gaussian_nb_accuracy": 0.47518736308082554,
    "gaussian_nb_balanced_accuracy": 0.5004320605262836,
    "lda_accuracy": 0.5139167531419347,
    "lda_balanced_accuracy": 0.48859988706236956,
    "decision_tree_1_accuracy": 0.42698489565317654,
    "decision_tree_1_balanced_accuracy": 0.3333333333333333,
    "decision_tree_2_accuracy": 0.4541842499711749,
    "decision_tree_2_balanced_accuracy": 0.4479542769526038,
    "extra_trees_2_10_accuracy": 0.45758099850109535,
    "extra_trees_2_10_balanced_accuracy": 0.3762246788570639
}