{
    "nb_instances": 368,
    "log_nb_instances": 5.908082938168931,
    "nb_features": 26,
    "dataset_dimensionality": 14.153846153846153,
    "log_dataset_dimensionality": 2.6499864001474487,
    "dataset_ratio": 0.07065217391304347,
    "nb_missing_vals": 1927,
    "ratio_features_with_missing_vals": 0.057065217391304345,
    "ratio_instances_with_missing_vals": 0.9809782608695652,
    "nb_numeric_features": 7,
    "nb_categorical_features": 19,
    "ratio_numeric_categorical_features": 0.3684210526315789,
    "ratio_categorical_numeric_features": 2.7142857142857144,
    "nb_classes": 2,
    "class_entropy": 0.6587238765203249,
    "mean_target_class_ratio": 0.5,
    "stdev_target_class_ratio": 0.5,
    "min_target_class_ratio": 0.3695652186870575,
    "median_target_class_ratio": 0.5,
    "max_target_class_ratio": 0.6304348111152649,
    "mean_mean_numeric_features": 31.202041625976562,
    "stdev_mean_numeric_features": 31.202041625976562,
    "mean_stdev_numeric_features": 8.6537446975708,
    "stdev_stdev_numeric_features": 8.6537446975708,
    "mean_var_numeric_features": 179.592529296875,
    "stdev_var_numeric_features": 179.592529296875,
    "mean_min_numeric_features": 20.371429443359375,
    "stdev_min_numeric_features": 20.371429443359375,
    "mean_median_numeric_features": 29.371429443359375,
    "stdev_median_numeric_features": 29.371429443359375,
    "mean_max_numeric_features": 42.5571403503418,
    "stdev_max_numeric_features": 42.5571403503418,
    "mean_skew_numeric_features": -0.10362100601196289,
    "stdev_skew_numeric_features": -0.10362100601196289,
    "mean_kurtosis_numeric_features": -0.7092862725257874,
    "stdev_kurtosis_numeric_features": -0.7092862725257874,
    "pca_1": 0.8902171257426398,
    "pca_2": 0.07788489305629621,
    "pca_3": 0.030306134849238366,
    "mean_entropy_categorical_features": 0.7518901824951172,
    "stdev_entropy_categorical_features": 0.7518901824951172,
    "mean_information_gain_categorical_features": NaN,
    "stdev_information_gain_categorical_features": NaN,
    "mean_mutual_informaiton_categorical_features": -3.067721393511316e-17,
    "stdev_mutual_informaiton_categorical_features": -3.067721393511316e-17,
    "gaussian_nb_accuracy": 1.0,
    "gaussian_nb_balanced_accuracy": 1.0,
    "lda_accuracy": 1.0,
    "lda_balanced_accuracy": 1.0,
    "decision_tree_1_accuracy": 1.0,
    "decision_tree_1_balanced_accuracy": 1.0,
    "decision_tree_2_accuracy": 1.0,
    "decision_tree_2_balanced_accuracy": 1.0,
    "extra_trees_2_10_accuracy": 1.0,
    "extra_trees_2_10_balanced_accuracy": 1.0
}