{
    "nb_instances": 5620,
    "log_nb_instances": 8.634086942887738,
    "nb_features": 64,
    "dataset_dimensionality": 87.8125,
    "log_dataset_dimensionality": 4.475203859528065,
    "dataset_ratio": 0.011387900355871887,
    "nb_missing_vals": 0,
    "ratio_features_with_missing_vals": 0.0,
    "ratio_instances_with_missing_vals": 0.0,
    "nb_numeric_features": 64,
    "nb_categorical_features": 0,
    "ratio_numeric_categorical_features": 0.0,
    "ratio_categorical_numeric_features": 0.0,
    "nb_classes": 10,
    "class_entropy": 2.3025189875331593,
    "mean_target_class_ratio": 0.10000000149011612,
    "stdev_target_class_ratio": 0.10000000149011612,
    "min_target_class_ratio": 0.09857651591300964,
    "median_target_class_ratio": 0.09964412450790405,
    "max_target_class_ratio": 0.10177935659885406,
    "mean_mean_numeric_features": 4.911243438720703,
    "stdev_mean_numeric_features": 4.911243438720703,
    "mean_stdev_numeric_features": 3.6862924098968506,
    "stdev_stdev_numeric_features": 3.6862924098968506,
    "mean_var_numeric_features": 18.813697814941406,
    "stdev_var_numeric_features": 18.813697814941406,
    "mean_min_numeric_features": 0.0,
    "stdev_min_numeric_features": 0.0,
    "mean_median_numeric_features": 4.765625,
    "stdev_median_numeric_features": 4.765625,
    "mean_max_numeric_features": 13.390625,
    "stdev_max_numeric_features": 13.390625,
    "mean_skew_numeric_features": 5.28083610534668,
    "stdev_skew_numeric_features": 5.28083610534668,
    "mean_kurtosis_numeric_features": 163.2865753173828,
    "stdev_kurtosis_numeric_features": 163.2865753173828,
    "pca_1": 0.14513775328269635,
    "pca_2": 0.1351706821163397,
    "pca_3": 0.1191676595523519,
    "mean_entropy_categorical_features": NaN,
    "stdev_entropy_categorical_features": NaN,
    "mean_information_gain_categorical_features": NaN,
    "stdev_information_gain_categorical_features": NaN,
    "mean_mutual_informaiton_categorical_features": NaN,
    "stdev_mutual_informaiton_categorical_features": NaN,
    "gaussian_nb_accuracy": 0.79288256227758,
    "gaussian_nb_balanced_accuracy": 0.7927839526725452,
    "lda_accuracy": 0.9528469750889681,
    "lda_balanced_accuracy": 0.9524830098685578,
    "decision_tree_1_accuracy": 0.18736654804270464,
    "decision_tree_1_balanced_accuracy": 0.1969028596371185,
    "decision_tree_2_accuracy": 0.34911032028469746,
    "decision_tree_2_balanced_accuracy": 0.3538654377879129,
    "extra_trees_2_10_accuracy": 0.7209964412811388,
    "extra_trees_2_10_balanced_accuracy": 0.7234814723460262
}