{
    "nb_instances": 690,
    "log_nb_instances": 6.536691597591305,
    "nb_features": 15,
    "dataset_dimensionality": 46.0,
    "log_dataset_dimensionality": 3.828641396489095,
    "dataset_ratio": 0.021739130434782608,
    "nb_missing_vals": 67,
    "ratio_features_with_missing_vals": 0.010144927536231883,
    "ratio_instances_with_missing_vals": 0.0536231884057971,
    "nb_numeric_features": 6,
    "nb_categorical_features": 9,
    "ratio_numeric_categorical_features": 0.6666666666666666,
    "ratio_categorical_numeric_features": 1.5,
    "nb_classes": 2,
    "class_entropy": 0.6870689028587588,
    "mean_target_class_ratio": 0.5,
    "stdev_target_class_ratio": 0.5,
    "min_target_class_ratio": 0.44492754340171814,
    "median_target_class_ratio": 0.5,
    "max_target_class_ratio": 0.5550724864006042,
    "mean_mean_numeric_features": 205.8668212890625,
    "stdev_mean_numeric_features": 205.8668212890625,
    "mean_stdev_numeric_features": 907.7966918945312,
    "stdev_stdev_numeric_features": 907.7966918945312,
    "mean_var_numeric_features": 4604243.5,
    "stdev_var_numeric_features": 4604243.5,
    "mean_min_numeric_features": 2.2916667461395264,
    "stdev_min_numeric_features": 2.2916667461395264,
    "mean_median_numeric_features": 32.87583541870117,
    "stdev_median_numeric_features": 32.87583541870117,
    "mean_max_numeric_features": 17033.375,
    "stdev_max_numeric_features": 17033.375,
    "mean_skew_numeric_features": 4.438522815704346,
    "stdev_skew_numeric_features": 4.438522815704346,
    "mean_kurtosis_numeric_features": 50.5678596496582,
    "stdev_kurtosis_numeric_features": 50.5678596496582,
    "pca_1": 0.9989729763681818,
    "pca_2": 0.0010198530183625403,
    "pca_3": 5.193597241433245e-06,
    "mean_entropy_categorical_features": 0.8663811087608337,
    "stdev_entropy_categorical_features": 0.8663811087608337,
    "mean_information_gain_categorical_features": 0.06328174471855164,
    "stdev_information_gain_categorical_features": 0.06328174471855164,
    "mean_mutual_informaiton_categorical_features": 0.06328174471855164,
    "stdev_mutual_informaiton_categorical_features": 0.06328174471855164,
    "gaussian_nb_accuracy": NaN,
    "gaussian_nb_balanced_accuracy": NaN,
    "lda_accuracy": NaN,
    "lda_balanced_accuracy": NaN,
    "decision_tree_1_accuracy": NaN,
    "decision_tree_1_balanced_accuracy": NaN,
    "decision_tree_2_accuracy": NaN,
    "decision_tree_2_balanced_accuracy": NaN,
    "extra_trees_2_10_accuracy": NaN,
    "extra_trees_2_10_balanced_accuracy": NaN
}