{
    "nb_instances": 5473,
    "log_nb_instances": 8.607582191143917,
    "nb_features": 10,
    "dataset_dimensionality": 547.3,
    "log_dataset_dimensionality": 6.304997098149872,
    "dataset_ratio": 0.0018271514708569341,
    "nb_missing_vals": 0,
    "ratio_features_with_missing_vals": 0.0,
    "ratio_instances_with_missing_vals": 0.0,
    "nb_numeric_features": 10,
    "nb_categorical_features": 0,
    "ratio_numeric_categorical_features": 0.0,
    "ratio_categorical_numeric_features": 0.0,
    "nb_classes": 5,
    "class_entropy": 0.44046926609967585,
    "mean_target_class_ratio": 0.20000000298023224,
    "stdev_target_class_ratio": 0.20000000298023224,
    "min_target_class_ratio": 0.005116024054586887,
    "median_target_class_ratio": 0.021012241020798683,
    "max_target_class_ratio": 0.8976795077323914,
    "mean_mean_numeric_features": 253.3275909423828,
    "stdev_mean_numeric_features": 253.3275909423828,
    "mean_stdev_numeric_features": 840.2335815429688,
    "stdev_stdev_numeric_features": 840.2335815429688,
    "mean_var_numeric_features": 2871748.5,
    "stdev_var_numeric_features": 2871748.5,
    "mean_min_numeric_features": 2.5120999813079834,
    "stdev_min_numeric_features": 2.5120999813079834,
    "mean_median_numeric_features": 78.6376953125,
    "stdev_median_numeric_features": 78.6376953125,
    "mean_max_numeric_features": 23320.599609375,
    "stdev_max_numeric_features": 23320.599609375,
    "mean_skew_numeric_features": 14.711451530456543,
    "stdev_skew_numeric_features": 14.711451530456543,
    "mean_kurtosis_numeric_features": 652.8297119140625,
    "stdev_kurtosis_numeric_features": 652.8297119140625,
    "pca_1": 0.9336584407706959,
    "pca_2": 0.062222953689479894,
    "pca_3": 0.003494896937181192,
    "mean_entropy_categorical_features": NaN,
    "stdev_entropy_categorical_features": NaN,
    "mean_information_gain_categorical_features": NaN,
    "stdev_information_gain_categorical_features": NaN,
    "mean_mutual_informaiton_categorical_features": NaN,
    "stdev_mutual_informaiton_categorical_features": NaN,
    "gaussian_nb_accuracy": 0.8775679714173616,
    "gaussian_nb_balanced_accuracy": 0.6614529737057503,
    "lda_accuracy": 0.9455544146986886,
    "lda_balanced_accuracy": 0.6582907091276778,
    "decision_tree_1_accuracy": 0.9313016620336747,
    "decision_tree_1_balanced_accuracy": 0.37228183560186856,
    "decision_tree_2_accuracy": 0.9477443590193083,
    "decision_tree_2_balanced_accuracy": 0.5529443852940144,
    "extra_trees_2_10_accuracy": 0.89841059160385,
    "extra_trees_2_10_balanced_accuracy": 0.20262295081967213
}