{
    "nb_instances": 990,
    "log_nb_instances": 6.897704943128636,
    "nb_features": 12,
    "dataset_dimensionality": 82.5,
    "log_dataset_dimensionality": 4.412798293340635,
    "dataset_ratio": 0.012121212121212121,
    "nb_missing_vals": 0,
    "ratio_features_with_missing_vals": 0.0,
    "ratio_instances_with_missing_vals": 0.0,
    "nb_numeric_features": 10,
    "nb_categorical_features": 2,
    "ratio_numeric_categorical_features": 5.0,
    "ratio_categorical_numeric_features": 0.2,
    "nb_classes": 11,
    "class_entropy": 2.3978952727983707,
    "mean_target_class_ratio": 0.09090910106897354,
    "stdev_target_class_ratio": 0.09090910106897354,
    "min_target_class_ratio": 0.09090909361839294,
    "median_target_class_ratio": 0.09090909361839294,
    "max_target_class_ratio": 0.09090909361839294,
    "mean_mean_numeric_features": -0.10318039357662201,
    "stdev_mean_numeric_features": -0.10318039357662201,
    "mean_stdev_numeric_features": 0.6993318200111389,
    "stdev_stdev_numeric_features": 0.6993318200111389,
    "mean_var_numeric_features": 0.5258041620254517,
    "stdev_var_numeric_features": 0.5258041620254517,
    "mean_min_numeric_features": -1.946700096130371,
    "stdev_min_numeric_features": -1.946700096130371,
    "mean_median_numeric_features": -0.12639999389648438,
    "stdev_median_numeric_features": -0.12639999389648438,
    "mean_max_numeric_features": 1.8245999813079834,
    "stdev_max_numeric_features": 1.8245999813079834,
    "mean_skew_numeric_features": 0.09111527353525162,
    "stdev_skew_numeric_features": 0.09111527353525162,
    "mean_kurtosis_numeric_features": -0.391427218914032,
    "stdev_kurtosis_numeric_features": -0.391427218914032,
    "pca_1": 0.3529470687171262,
    "pca_2": 0.21179035614070468,
    "pca_3": 0.13542664466760268,
    "mean_entropy_categorical_features": 1.6994867324829102,
    "stdev_entropy_categorical_features": 1.6994867324829102,
    "mean_information_gain_categorical_features": -1.6653345369377348e-16,
    "stdev_information_gain_categorical_features": -1.6653345369377348e-16,
    "mean_mutual_informaiton_categorical_features": 1.5265566588595902e-16,
    "stdev_mutual_informaiton_categorical_features": 1.5265566588595902e-16,
    "gaussian_nb_accuracy": NaN,
    "gaussian_nb_balanced_accuracy": NaN,
    "lda_accuracy": NaN,
    "lda_balanced_accuracy": NaN,
    "decision_tree_1_accuracy": NaN,
    "decision_tree_1_balanced_accuracy": NaN,
    "decision_tree_2_accuracy": NaN,
    "decision_tree_2_balanced_accuracy": NaN,
    "extra_trees_2_10_accuracy": NaN,
    "extra_trees_2_10_balanced_accuracy": NaN
}