{
    "nb_instances": 1000,
    "log_nb_instances": 6.907755278982137,
    "nb_features": 20,
    "dataset_dimensionality": 50.0,
    "log_dataset_dimensionality": 3.912023005428146,
    "dataset_ratio": 0.02,
    "nb_missing_vals": 0,
    "ratio_features_with_missing_vals": 0.0,
    "ratio_instances_with_missing_vals": 0.0,
    "nb_numeric_features": 7,
    "nb_categorical_features": 13,
    "ratio_numeric_categorical_features": 0.5384615384615384,
    "ratio_categorical_numeric_features": 1.8571428571428572,
    "nb_classes": 2,
    "class_entropy": 0.6108643020548935,
    "mean_target_class_ratio": 0.5,
    "stdev_target_class_ratio": 0.5,
    "min_target_class_ratio": 0.30000001192092896,
    "median_target_class_ratio": 0.5,
    "max_target_class_ratio": 0.699999988079071,
    "mean_mean_numeric_features": 476.5838317871094,
    "stdev_mean_numeric_features": 476.5838317871094,
    "mean_stdev_numeric_features": 407.047607421875,
    "stdev_stdev_numeric_features": 407.047607421875,
    "mean_var_numeric_features": 1138303.125,
    "stdev_var_numeric_features": 1138303.125,
    "mean_min_numeric_features": 39.57143020629883,
    "stdev_min_numeric_features": 39.57143020629883,
    "mean_median_numeric_features": 339.78570556640625,
    "stdev_median_numeric_features": 339.78570556640625,
    "mean_max_numeric_features": 2655.0,
    "stdev_max_numeric_features": 2655.0,
    "mean_skew_numeric_features": 0.920379102230072,
    "stdev_skew_numeric_features": 0.920379102230072,
    "mean_kurtosis_numeric_features": 0.9242774844169617,
    "stdev_kurtosis_numeric_features": 0.9242774844169617,
    "pca_1": 0.9999722998101286,
    "pca_2": 1.6413585518717373e-05,
    "pca_3": 1.0959223543508194e-05,
    "mean_entropy_categorical_features": 0.9938990473747253,
    "stdev_entropy_categorical_features": 0.9938990473747253,
    "mean_information_gain_categorical_features": 0.014012887142598629,
    "stdev_information_gain_categorical_features": 0.014012887142598629,
    "mean_mutual_informaiton_categorical_features": 0.014012887142598629,
    "stdev_mutual_informaiton_categorical_features": 0.014012887142598629,
    "gaussian_nb_accuracy": NaN,
    "gaussian_nb_balanced_accuracy": NaN,
    "lda_accuracy": NaN,
    "lda_balanced_accuracy": NaN,
    "decision_tree_1_accuracy": NaN,
    "decision_tree_1_balanced_accuracy": NaN,
    "decision_tree_2_accuracy": NaN,
    "decision_tree_2_balanced_accuracy": NaN,
    "extra_trees_2_10_accuracy": NaN,
    "extra_trees_2_10_balanced_accuracy": NaN
}