{
    "nb_instances": 2407,
    "log_nb_instances": 7.786136437783072,
    "nb_features": 299,
    "dataset_dimensionality": 8.050167224080267,
    "log_dataset_dimensionality": 2.0856928643923855,
    "dataset_ratio": 0.12422102201911092,
    "nb_missing_vals": 0,
    "ratio_features_with_missing_vals": 0.0,
    "ratio_instances_with_missing_vals": 0.0,
    "nb_numeric_features": 294,
    "nb_categorical_features": 5,
    "ratio_numeric_categorical_features": 58.8,
    "ratio_categorical_numeric_features": 0.017006802721088437,
    "nb_classes": 2,
    "class_entropy": 0.4699667550365185,
    "mean_target_class_ratio": 0.5,
    "stdev_target_class_ratio": 0.5,
    "min_target_class_ratio": 0.17906107008457184,
    "median_target_class_ratio": 0.5,
    "max_target_class_ratio": 0.8209389448165894,
    "mean_mean_numeric_features": 0.30826854705810547,
    "stdev_mean_numeric_features": 0.30826854705810547,
    "mean_stdev_numeric_features": 0.18116487562656403,
    "stdev_stdev_numeric_features": 0.18116487562656403,
    "mean_var_numeric_features": 0.034761663526296616,
    "stdev_var_numeric_features": 0.034761663526296616,
    "mean_min_numeric_features": 1.90476191619382e-06,
    "stdev_min_numeric_features": 1.90476191619382e-06,
    "mean_median_numeric_features": 0.2756699323654175,
    "stdev_median_numeric_features": 0.2756699323654175,
    "mean_max_numeric_features": 0.9996917247772217,
    "stdev_max_numeric_features": 0.9996917247772217,
    "mean_skew_numeric_features": 1.6899455785751343,
    "stdev_skew_numeric_features": 1.6899455785751343,
    "mean_kurtosis_numeric_features": 8.18618392944336,
    "stdev_kurtosis_numeric_features": 8.18618392944336,
    "pca_1": 0.18889299202334198,
    "pca_2": 0.1031848746524348,
    "pca_3": 0.0642182385186879,
    "mean_entropy_categorical_features": 0.4679942727088928,
    "stdev_entropy_categorical_features": 0.4679942727088928,
    "mean_information_gain_categorical_features": 0.03256335109472275,
    "stdev_information_gain_categorical_features": 0.03256335109472275,
    "mean_mutual_informaiton_categorical_features": 0.03256335109472275,
    "stdev_mutual_informaiton_categorical_features": 0.03256335109472275,
    "gaussian_nb_accuracy": 0.8537598881997223,
    "gaussian_nb_balanced_accuracy": 0.872292644325876,
    "lda_accuracy": 0.9879512771628957,
    "lda_balanced_accuracy": 0.9693612492405028,
    "decision_tree_1_accuracy": 0.8209444362971334,
    "decision_tree_1_balanced_accuracy": 0.5,
    "decision_tree_2_accuracy": 0.8209409856712762,
    "decision_tree_2_balanced_accuracy": 0.5,
    "extra_trees_2_10_accuracy": 0.8209427109842048,
    "extra_trees_2_10_balanced_accuracy": 0.5
}