{
    "nb_instances": 10992,
    "log_nb_instances": 9.30492301446213,
    "nb_features": 16,
    "dataset_dimensionality": 687.0,
    "log_dataset_dimensionality": 6.532334292222349,
    "dataset_ratio": 0.001455604075691412,
    "nb_missing_vals": 0,
    "ratio_features_with_missing_vals": 0.0,
    "ratio_instances_with_missing_vals": 0.0,
    "nb_numeric_features": 16,
    "nb_categorical_features": 0,
    "ratio_numeric_categorical_features": 0.0,
    "ratio_categorical_numeric_features": 0.0,
    "nb_classes": 10,
    "class_entropy": 2.301783568095163,
    "mean_target_class_ratio": 0.10000000149011612,
    "stdev_target_class_ratio": 0.10000000149011612,
    "min_target_class_ratio": 0.09597889333963394,
    "median_target_class_ratio": 0.09998180717229843,
    "max_target_class_ratio": 0.10407569259405136,
    "mean_mean_numeric_features": 50.71104431152344,
    "stdev_mean_numeric_features": 50.71104431152344,
    "mean_stdev_numeric_features": 29.77423858642578,
    "stdev_stdev_numeric_features": 29.77423858642578,
    "mean_var_numeric_features": 929.6726684570312,
    "stdev_var_numeric_features": 929.6726684570312,
    "mean_min_numeric_features": 0.0,
    "stdev_min_numeric_features": 0.0,
    "mean_median_numeric_features": 49.84375,
    "stdev_median_numeric_features": 49.84375,
    "mean_max_numeric_features": 100.0,
    "stdev_max_numeric_features": 100.0,
    "mean_skew_numeric_features": -0.03919608145952225,
    "stdev_skew_numeric_features": -0.03919608145952225,
    "mean_kurtosis_numeric_features": -0.5010429620742798,
    "stdev_kurtosis_numeric_features": -0.5010429620742798,
    "pca_1": 0.28327933659731885,
    "pca_2": 0.24888254345683292,
    "pca_3": 0.1536530719969753,
    "mean_entropy_categorical_features": NaN,
    "stdev_entropy_categorical_features": NaN,
    "mean_information_gain_categorical_features": NaN,
    "stdev_information_gain_categorical_features": NaN,
    "mean_mutual_informaiton_categorical_features": NaN,
    "stdev_mutual_informaiton_categorical_features": NaN,
    "gaussian_nb_accuracy": 0.8566238438267705,
    "gaussian_nb_balanced_accuracy": 0.8551970512169408,
    "lda_accuracy": 0.8752726133683894,
    "lda_balanced_accuracy": 0.8748740331385783,
    "decision_tree_1_accuracy": 0.1994178427534064,
    "decision_tree_1_balanced_accuracy": 0.1961395187200423,
    "decision_tree_2_accuracy": 0.38227960347597817,
    "decision_tree_2_balanced_accuracy": 0.3686640147915362,
    "extra_trees_2_10_accuracy": 0.7409022464922222,
    "extra_trees_2_10_balanced_accuracy": 0.7394708796754441
}