{
    "nb_instances": 349,
    "log_nb_instances": 5.855071922202427,
    "nb_features": 44,
    "dataset_dimensionality": 7.931818181818182,
    "log_dataset_dimensionality": 2.070882288284166,
    "dataset_ratio": 0.12607449856733524,
    "nb_missing_vals": 0,
    "ratio_features_with_missing_vals": 0.0,
    "ratio_instances_with_missing_vals": 0.0,
    "nb_numeric_features": 44,
    "nb_categorical_features": 0,
    "ratio_numeric_categorical_features": 0.0,
    "ratio_categorical_numeric_features": 0.0,
    "nb_classes": 2,
    "class_entropy": 0.5854409522174424,
    "mean_target_class_ratio": 0.5,
    "stdev_target_class_ratio": 0.5,
    "min_target_class_ratio": 0.27220630645751953,
    "median_target_class_ratio": 0.5,
    "max_target_class_ratio": 0.7277936935424805,
    "mean_mean_numeric_features": 65.03223419189453,
    "stdev_mean_numeric_features": 65.03223419189453,
    "mean_stdev_numeric_features": 9.312904357910156,
    "stdev_stdev_numeric_features": 9.312904357910156,
    "mean_var_numeric_features": 91.74314880371094,
    "stdev_var_numeric_features": 91.74314880371094,
    "mean_min_numeric_features": 18.954545974731445,
    "stdev_min_numeric_features": 18.954545974731445,
    "mean_median_numeric_features": 66.90908813476562,
    "stdev_median_numeric_features": 66.90908813476562,
    "mean_max_numeric_features": 81.13636016845703,
    "stdev_max_numeric_features": 81.13636016845703,
    "mean_skew_numeric_features": -1.8210043907165527,
    "stdev_skew_numeric_features": -1.8210043907165527,
    "mean_kurtosis_numeric_features": 5.782937526702881,
    "stdev_kurtosis_numeric_features": 5.782937526702881,
    "pca_1": 0.382579798249369,
    "pca_2": 0.1459468900515799,
    "pca_3": 0.07065117728790327,
    "mean_entropy_categorical_features": NaN,
    "stdev_entropy_categorical_features": NaN,
    "mean_information_gain_categorical_features": NaN,
    "stdev_information_gain_categorical_features": NaN,
    "mean_mutual_informaiton_categorical_features": NaN,
    "stdev_mutual_informaiton_categorical_features": NaN,
    "gaussian_nb_accuracy": 0.7135817805383022,
    "gaussian_nb_balanced_accuracy": 0.7874252341566438,
    "lda_accuracy": 0.747784679089027,
    "lda_balanced_accuracy": 0.6522548606924068,
    "decision_tree_1_accuracy": 0.661904761904762,
    "decision_tree_1_balanced_accuracy": 0.5745454545454546,
    "decision_tree_2_accuracy": 0.7365217391304347,
    "decision_tree_2_balanced_accuracy": 0.7619054363883918,
    "extra_trees_2_10_accuracy": 0.7276604554865423,
    "extra_trees_2_10_balanced_accuracy": 0.5
}