{
    "nb_instances": 2310,
    "log_nb_instances": 7.745002803515839,
    "nb_features": 19,
    "dataset_dimensionality": 121.57894736842105,
    "log_dataset_dimensionality": 4.800563824349399,
    "dataset_ratio": 0.008225108225108226,
    "nb_missing_vals": 0,
    "ratio_features_with_missing_vals": 0.0,
    "ratio_instances_with_missing_vals": 0.0,
    "nb_numeric_features": 19,
    "nb_categorical_features": 0,
    "ratio_numeric_categorical_features": 0.0,
    "ratio_categorical_numeric_features": 0.0,
    "nb_classes": 7,
    "class_entropy": 1.945910149055313,
    "mean_target_class_ratio": 0.1428571492433548,
    "stdev_target_class_ratio": 0.1428571492433548,
    "min_target_class_ratio": 0.1428571492433548,
    "median_target_class_ratio": 0.1428571492433548,
    "max_target_class_ratio": 0.1428571492433548,
    "mean_mean_numeric_features": 24.633146286010742,
    "stdev_mean_numeric_features": 24.633146286010742,
    "mean_stdev_numeric_features": 25.314714431762695,
    "stdev_stdev_numeric_features": 25.314714431762695,
    "mean_var_numeric_features": 1184.9901123046875,
    "stdev_var_numeric_features": 1184.9901123046875,
    "mean_min_numeric_features": -4.107588291168213,
    "stdev_min_numeric_features": -4.107588291168213,
    "mean_median_numeric_features": 19.499492645263672,
    "stdev_median_numeric_features": 19.499492645263672,
    "mean_max_numeric_features": 200.6265869140625,
    "stdev_max_numeric_features": 200.6265869140625,
    "mean_skew_numeric_features": 3.1461715698242188,
    "stdev_skew_numeric_features": 3.1461715698242188,
    "mean_kurtosis_numeric_features": 36.48997116088867,
    "stdev_kurtosis_numeric_features": 36.48997116088867,
    "pca_1": 0.406089646745952,
    "pca_2": 0.23628194068248354,
    "pca_3": 0.21024996930866616,
    "mean_entropy_categorical_features": NaN,
    "stdev_entropy_categorical_features": NaN,
    "mean_information_gain_categorical_features": NaN,
    "stdev_information_gain_categorical_features": NaN,
    "mean_mutual_informaiton_categorical_features": NaN,
    "stdev_mutual_informaiton_categorical_features": NaN,
    "gaussian_nb_accuracy": 0.7969696969696969,
    "gaussian_nb_balanced_accuracy": 0.7977531302721781,
    "lda_accuracy": 0.9147186147186147,
    "lda_balanced_accuracy": 0.9143943061964726,
    "decision_tree_1_accuracy": 0.26363636363636367,
    "decision_tree_1_balanced_accuracy": 0.28283325308344753,
    "decision_tree_2_accuracy": 0.564069264069264,
    "decision_tree_2_balanced_accuracy": 0.5669798763771599,
    "extra_trees_2_10_accuracy": 0.7112554112554113,
    "extra_trees_2_10_balanced_accuracy": 0.7162739434240097
}