{
    "nb_instances": 768,
    "log_nb_instances": 6.643789733147672,
    "nb_features": 8,
    "dataset_dimensionality": 96.0,
    "log_dataset_dimensionality": 4.564348191467836,
    "dataset_ratio": 0.010416666666666666,
    "nb_missing_vals": 0,
    "ratio_features_with_missing_vals": 0.0,
    "ratio_instances_with_missing_vals": 0.0,
    "nb_numeric_features": 8,
    "nb_categorical_features": 0,
    "ratio_numeric_categorical_features": 0.0,
    "ratio_categorical_numeric_features": 0.0,
    "nb_classes": 2,
    "class_entropy": 0.6467994206632901,
    "mean_target_class_ratio": 0.5,
    "stdev_target_class_ratio": 0.5,
    "min_target_class_ratio": 0.3489583432674408,
    "median_target_class_ratio": 0.5,
    "max_target_class_ratio": 0.6510416865348816,
    "mean_mean_numeric_features": 44.98579406738281,
    "stdev_mean_numeric_features": 44.98579406738281,
    "mean_stdev_numeric_features": 25.73374366760254,
    "stdev_stdev_numeric_features": 25.73374366760254,
    "mean_var_numeric_features": 1893.0594482421875,
    "stdev_var_numeric_features": 1893.0594482421875,
    "mean_min_numeric_features": 2.6347498893737793,
    "stdev_min_numeric_features": 2.6347498893737793,
    "mean_median_numeric_features": 38.35906219482422,
    "stdev_median_numeric_features": 38.35906219482422,
    "mean_max_numeric_features": 179.19000244140625,
    "stdev_max_numeric_features": 179.19000244140625,
    "mean_skew_numeric_features": 0.5292460918426514,
    "stdev_skew_numeric_features": 0.5292460918426514,
    "mean_kurtosis_numeric_features": 2.775362491607666,
    "stdev_kurtosis_numeric_features": 2.775362491607666,
    "pca_1": 0.8885466345756242,
    "pca_2": 0.061590783745876336,
    "pca_3": 0.0257901189176615,
    "mean_entropy_categorical_features": NaN,
    "stdev_entropy_categorical_features": NaN,
    "mean_information_gain_categorical_features": NaN,
    "stdev_information_gain_categorical_features": NaN,
    "mean_mutual_informaiton_categorical_features": NaN,
    "stdev_mutual_informaiton_categorical_features": NaN,
    "gaussian_nb_accuracy": 0.7538663950428657,
    "gaussian_nb_balanced_accuracy": 0.7189375029262448,
    "lda_accuracy": 0.7812664459723283,
    "lda_balanced_accuracy": 0.7336249998017091,
    "decision_tree_1_accuracy": 0.7175282234105763,
    "decision_tree_1_balanced_accuracy": 0.6719342216612294,
    "decision_tree_2_accuracy": 0.7460826754944402,
    "decision_tree_2_balanced_accuracy": 0.682722200215368,
    "extra_trees_2_10_accuracy": 0.6575333163568458,
    "extra_trees_2_10_balanced_accuracy": 0.5095187165775401
}