{
    "nb_instances": 9961,
    "log_nb_instances": 9.206432747145165,
    "nb_features": 14,
    "dataset_dimensionality": 711.5,
    "log_dataset_dimensionality": 6.567375417529907,
    "dataset_ratio": 0.0014054813773717498,
    "nb_missing_vals": 0,
    "ratio_features_with_missing_vals": 0.0,
    "ratio_instances_with_missing_vals": 0.0,
    "nb_numeric_features": 14,
    "nb_categorical_features": 0,
    "ratio_numeric_categorical_features": 0.0,
    "ratio_categorical_numeric_features": 0.0,
    "nb_classes": 9,
    "class_entropy": 2.170984968880227,
    "mean_target_class_ratio": 0.1111111119389534,
    "stdev_target_class_ratio": 0.1111111119389534,
    "min_target_class_ratio": 0.07850617170333862,
    "median_target_class_ratio": 0.10149583220481873,
    "max_target_class_ratio": 0.16203191876411438,
    "mean_mean_numeric_features": 2.053272247314453,
    "stdev_mean_numeric_features": 2.053272247314453,
    "mean_stdev_numeric_features": 1.7055515050888062,
    "stdev_stdev_numeric_features": 1.7055515050888062,
    "mean_var_numeric_features": 19.997356414794922,
    "stdev_var_numeric_features": 19.997356414794922,
    "mean_min_numeric_features": -0.5036832094192505,
    "stdev_min_numeric_features": -0.5036832094192505,
    "mean_median_numeric_features": 1.8363659381866455,
    "stdev_median_numeric_features": 1.8363659381866455,
    "mean_max_numeric_features": 8.95825481414795,
    "stdev_max_numeric_features": 8.95825481414795,
    "mean_skew_numeric_features": 0.10983668267726898,
    "stdev_skew_numeric_features": 0.10983668267726898,
    "mean_kurtosis_numeric_features": -0.03718574717640877,
    "stdev_kurtosis_numeric_features": -0.03718574717640877,
    "pca_1": 0.9011883034090162,
    "pca_2": 0.09650691987998945,
    "pca_3": 0.0008682078223200013,
    "mean_entropy_categorical_features": NaN,
    "stdev_entropy_categorical_features": NaN,
    "mean_information_gain_categorical_features": NaN,
    "stdev_information_gain_categorical_features": NaN,
    "mean_mutual_informaiton_categorical_features": NaN,
    "stdev_mutual_informaiton_categorical_features": NaN,
    "gaussian_nb_accuracy": 0.8574423635334112,
    "gaussian_nb_balanced_accuracy": 0.8494019176505295,
    "lda_accuracy": 0.9278181466457903,
    "lda_balanced_accuracy": 0.9260535615494858,
    "decision_tree_1_accuracy": 0.2598122545374675,
    "decision_tree_1_balanced_accuracy": 0.21232260619538462,
    "decision_tree_2_accuracy": 0.3985531690233085,
    "decision_tree_2_balanced_accuracy": 0.36418740526300836,
    "extra_trees_2_10_accuracy": 0.5280597553283883,
    "extra_trees_2_10_balanced_accuracy": 0.47373813589692315
}