{
    "nb_instances": 600,
    "log_nb_instances": 6.396929655216146,
    "nb_features": 60,
    "dataset_dimensionality": 10.0,
    "log_dataset_dimensionality": 2.302585092994046,
    "dataset_ratio": 0.1,
    "nb_missing_vals": 0,
    "ratio_features_with_missing_vals": 0.0,
    "ratio_instances_with_missing_vals": 0.0,
    "nb_numeric_features": 60,
    "nb_categorical_features": 0,
    "ratio_numeric_categorical_features": 0.0,
    "ratio_categorical_numeric_features": 0.0,
    "nb_classes": 6,
    "class_entropy": 1.7917594692280547,
    "mean_target_class_ratio": 0.1666666716337204,
    "stdev_target_class_ratio": 0.1666666716337204,
    "min_target_class_ratio": 0.1666666716337204,
    "median_target_class_ratio": 0.1666666716337204,
    "max_target_class_ratio": 0.1666666716337204,
    "mean_mean_numeric_features": 30.092164993286133,
    "stdev_mean_numeric_features": 30.092164993286133,
    "mean_stdev_numeric_features": 9.751691818237305,
    "stdev_stdev_numeric_features": 9.751691818237305,
    "mean_var_numeric_features": 109.32035064697266,
    "stdev_var_numeric_features": 109.32035064697266,
    "mean_min_numeric_features": 7.9789137840271,
    "stdev_min_numeric_features": 7.9789137840271,
    "mean_median_numeric_features": 30.03497314453125,
    "stdev_median_numeric_features": 30.03497314453125,
    "mean_max_numeric_features": 52.82164001464844,
    "stdev_max_numeric_features": 52.82164001464844,
    "mean_skew_numeric_features": 0.03400469943881035,
    "stdev_skew_numeric_features": 0.03400469943881035,
    "mean_kurtosis_numeric_features": -0.5574061274528503,
    "stdev_kurtosis_numeric_features": -0.5574061274528503,
    "pca_1": 0.7329352504503809,
    "pca_2": 0.03842951525475674,
    "pca_3": 0.03185833404314249,
    "mean_entropy_categorical_features": NaN,
    "stdev_entropy_categorical_features": NaN,
    "mean_information_gain_categorical_features": NaN,
    "stdev_information_gain_categorical_features": NaN,
    "mean_mutual_informaiton_categorical_features": NaN,
    "stdev_mutual_informaiton_categorical_features": NaN,
    "gaussian_nb_accuracy": 0.9466666666666667,
    "gaussian_nb_balanced_accuracy": 0.9462162160451635,
    "lda_accuracy": 0.9783333333333333,
    "lda_balanced_accuracy": 0.9786435187905778,
    "decision_tree_1_accuracy": 0.285,
    "decision_tree_1_balanced_accuracy": 0.3311111111111111,
    "decision_tree_2_accuracy": 0.48166666666666674,
    "decision_tree_2_balanced_accuracy": 0.5288267561322482,
    "extra_trees_2_10_accuracy": 0.7833333333333333,
    "extra_trees_2_10_balanced_accuracy": 0.788834043266044
}