{
    "nb_instances": 3772,
    "log_nb_instances": 8.235360643753348,
    "nb_features": 29,
    "dataset_dimensionality": 130.06896551724137,
    "log_dataset_dimensionality": 4.868064813766874,
    "dataset_ratio": 0.0076882290562036056,
    "nb_missing_vals": 6064,
    "ratio_features_with_missing_vals": 0.0021208907741251328,
    "ratio_instances_with_missing_vals": 1.0,
    "nb_numeric_features": 7,
    "nb_categorical_features": 22,
    "ratio_numeric_categorical_features": 0.3181818181818182,
    "ratio_categorical_numeric_features": 3.142857142857143,
    "nb_classes": 2,
    "class_entropy": 0.2303678505246139,
    "mean_target_class_ratio": 0.5,
    "stdev_target_class_ratio": 0.5,
    "min_target_class_ratio": 0.06124072149395943,
    "median_target_class_ratio": 0.5,
    "max_target_class_ratio": 0.9387592673301697,
    "mean_mean_numeric_features": 46.40151596069336,
    "stdev_mean_numeric_features": 46.40151596069336,
    "mean_stdev_numeric_features": 18.882612228393555,
    "stdev_stdev_numeric_features": 18.882612228393555,
    "mean_var_numeric_features": 550.3746948242188,
    "stdev_var_numeric_features": 550.3746948242188,
    "mean_min_numeric_features": 0.8841666579246521,
    "stdev_min_numeric_features": 0.8841666579246521,
    "mean_median_numeric_features": 44.880001068115234,
    "stdev_median_numeric_features": 44.880001068115234,
    "mean_max_numeric_features": 303.7866516113281,
    "stdev_max_numeric_features": 303.7866516113281,
    "mean_skew_numeric_features": 3.5432674884796143,
    "stdev_skew_numeric_features": 3.5432674884796143,
    "mean_kurtosis_numeric_features": 51.24638366699219,
    "stdev_kurtosis_numeric_features": 51.24638366699219,
    "pca_1": 0.6517855402845278,
    "pca_2": 0.15354862400319452,
    "pca_3": 0.1267529837169267,
    "mean_entropy_categorical_features": 0.15970419347286224,
    "stdev_entropy_categorical_features": 0.15970419347286224,
    "mean_information_gain_categorical_features": 0.0025033808778971434,
    "stdev_information_gain_categorical_features": 0.0025033808778971434,
    "mean_mutual_informaiton_categorical_features": 0.0025033808778971434,
    "stdev_mutual_informaiton_categorical_features": 0.0025033808778971434,
    "gaussian_nb_accuracy": NaN,
    "gaussian_nb_balanced_accuracy": NaN,
    "lda_accuracy": NaN,
    "lda_balanced_accuracy": NaN,
    "decision_tree_1_accuracy": NaN,
    "decision_tree_1_balanced_accuracy": NaN,
    "decision_tree_2_accuracy": NaN,
    "decision_tree_2_balanced_accuracy": NaN,
    "extra_trees_2_10_accuracy": NaN,
    "extra_trees_2_10_balanced_accuracy": NaN
}