{
    "nb_instances": 336,
    "log_nb_instances": 5.817111159963204,
    "nb_features": 7,
    "dataset_dimensionality": 48.0,
    "log_dataset_dimensionality": 3.871201010907891,
    "dataset_ratio": 0.020833333333333332,
    "nb_missing_vals": 0,
    "ratio_features_with_missing_vals": 0.0,
    "ratio_instances_with_missing_vals": 0.0,
    "nb_numeric_features": 7,
    "nb_categorical_features": 0,
    "ratio_numeric_categorical_features": 0.0,
    "ratio_categorical_numeric_features": 0.0,
    "nb_classes": 8,
    "class_entropy": 1.517122829952031,
    "mean_target_class_ratio": 0.125,
    "stdev_target_class_ratio": 0.125,
    "min_target_class_ratio": 0.0059523810632526875,
    "median_target_class_ratio": 0.0818452388048172,
    "max_target_class_ratio": 0.425595223903656,
    "mean_mean_numeric_features": 0.49956634640693665,
    "stdev_mean_numeric_features": 0.49956634640693665,
    "mean_stdev_numeric_features": 0.14372870326042175,
    "stdev_stdev_numeric_features": 0.14372870326042175,
    "mean_var_numeric_features": 0.024826498702168465,
    "stdev_var_numeric_features": 0.024826498702168465,
    "mean_min_numeric_features": 0.167142853140831,
    "stdev_min_numeric_features": 0.167142853140831,
    "mean_median_numeric_features": 0.4757142961025238,
    "stdev_median_numeric_features": 0.4757142961025238,
    "mean_max_numeric_features": 0.9657143354415894,
    "stdev_max_numeric_features": 0.9657143354415894,
    "mean_skew_numeric_features": 3.605501413345337,
    "stdev_skew_numeric_features": 3.605501413345337,
    "mean_kurtosis_numeric_features": 51.97602462768555,
    "stdev_kurtosis_numeric_features": 51.97602462768555,
    "pca_1": 0.5161680983731982,
    "pca_2": 0.24420339937717836,
    "pca_3": 0.08419873552175047,
    "mean_entropy_categorical_features": NaN,
    "stdev_entropy_categorical_features": NaN,
    "mean_information_gain_categorical_features": NaN,
    "stdev_information_gain_categorical_features": NaN,
    "mean_mutual_informaiton_categorical_features": NaN,
    "stdev_mutual_informaiton_categorical_features": NaN,
    "gaussian_nb_accuracy": 0.7527655838454785,
    "gaussian_nb_balanced_accuracy": 0.57746748166485,
    "lda_accuracy": 0.8721246707638279,
    "lda_balanced_accuracy": 0.7909796763380391,
    "decision_tree_1_accuracy": 0.6460052677787533,
    "decision_tree_1_balanced_accuracy": 0.30576341647770217,
    "decision_tree_2_accuracy": 0.758955223880597,
    "decision_tree_2_balanced_accuracy": 0.5258192335552268,
    "extra_trees_2_10_accuracy": 0.6669446883230903,
    "extra_trees_2_10_balanced_accuracy": 0.33810777233714373
}