{
    "nb_instances": 208,
    "log_nb_instances": 5.337538079701318,
    "nb_features": 60,
    "dataset_dimensionality": 3.466666666666667,
    "log_dataset_dimensionality": 1.2431935174792172,
    "dataset_ratio": 0.28846153846153844,
    "nb_missing_vals": 0,
    "ratio_features_with_missing_vals": 0.0,
    "ratio_instances_with_missing_vals": 0.0,
    "nb_numeric_features": 60,
    "nb_categorical_features": 0,
    "ratio_numeric_categorical_features": 0.0,
    "ratio_categorical_numeric_features": 0.0,
    "nb_classes": 2,
    "class_entropy": 0.6908803044104659,
    "mean_target_class_ratio": 0.5,
    "stdev_target_class_ratio": 0.5,
    "min_target_class_ratio": 0.4663461446762085,
    "median_target_class_ratio": 0.5,
    "max_target_class_ratio": 0.5336538553237915,
    "mean_mean_numeric_features": 0.28132134675979614,
    "stdev_mean_numeric_features": 0.28132134675979614,
    "mean_stdev_numeric_features": 0.1422378420829773,
    "stdev_stdev_numeric_features": 0.1422378420829773,
    "mean_var_numeric_features": 0.02913314290344715,
    "stdev_var_numeric_features": 0.02913314290344715,
    "mean_min_numeric_features": 0.018943335860967636,
    "stdev_min_numeric_features": 0.018943335860967636,
    "mean_median_numeric_features": 0.2666124999523163,
    "stdev_median_numeric_features": 0.2666124999523163,
    "mean_max_numeric_features": 0.655823290348053,
    "stdev_max_numeric_features": 0.655823290348053,
    "mean_skew_numeric_features": 0.9672196507453918,
    "stdev_skew_numeric_features": 0.9672196507453918,
    "mean_kurtosis_numeric_features": 2.2767765522003174,
    "stdev_kurtosis_numeric_features": 2.2767765522003174,
    "pca_1": 0.3197114947925091,
    "pca_2": 0.20383059537280435,
    "pca_3": 0.08555819679369257,
    "mean_entropy_categorical_features": NaN,
    "stdev_entropy_categorical_features": NaN,
    "mean_information_gain_categorical_features": NaN,
    "stdev_information_gain_categorical_features": NaN,
    "mean_mutual_informaiton_categorical_features": NaN,
    "stdev_mutual_informaiton_categorical_features": NaN,
    "gaussian_nb_accuracy": 0.6629500580720094,
    "gaussian_nb_balanced_accuracy": 0.6811678527870478,
    "lda_accuracy": 0.7742160278745646,
    "lda_balanced_accuracy": 0.7727089577089578,
    "decision_tree_1_accuracy": 0.6967479674796748,
    "decision_tree_1_balanced_accuracy": 0.6901765308994411,
    "decision_tree_2_accuracy": 0.7166085946573751,
    "decision_tree_2_balanced_accuracy": 0.705489448258327,
    "extra_trees_2_10_accuracy": 0.7548199767711962,
    "extra_trees_2_10_balanced_accuracy": 0.7504142136150145
}