{
    "nb_instances": 2800,
    "log_nb_instances": 7.937374696163295,
    "nb_features": 26,
    "dataset_dimensionality": 107.6923076923077,
    "log_dataset_dimensionality": 4.6792781581418135,
    "dataset_ratio": 0.009285714285714286,
    "nb_missing_vals": 0,
    "ratio_features_with_missing_vals": 0.0,
    "ratio_instances_with_missing_vals": 0.0,
    "nb_numeric_features": 6,
    "nb_categorical_features": 20,
    "ratio_numeric_categorical_features": 0.3,
    "ratio_categorical_numeric_features": 3.3333333333333335,
    "nb_classes": 5,
    "class_entropy": 1.0588953989193808,
    "mean_target_class_ratio": 0.20000000298023224,
    "stdev_target_class_ratio": 0.20000000298023224,
    "min_target_class_ratio": 0.011071428656578064,
    "median_target_class_ratio": 0.0982142835855484,
    "max_target_class_ratio": 0.5828571319580078,
    "mean_mean_numeric_features": 46.56660842895508,
    "stdev_mean_numeric_features": 46.56660842895508,
    "mean_stdev_numeric_features": 17.83650779724121,
    "stdev_stdev_numeric_features": 17.83650779724121,
    "mean_var_numeric_features": 495.0243225097656,
    "stdev_var_numeric_features": 495.0243225097656,
    "mean_min_numeric_features": 0.8941666483879089,
    "stdev_min_numeric_features": 0.8941666483879089,
    "mean_median_numeric_features": 45.9371452331543,
    "stdev_median_numeric_features": 45.9371452331543,
    "mean_max_numeric_features": 295.1199951171875,
    "stdev_max_numeric_features": 295.1199951171875,
    "mean_skew_numeric_features": 4.054666996002197,
    "stdev_skew_numeric_features": 4.054666996002197,
    "mean_kurtosis_numeric_features": 67.68217468261719,
    "stdev_kurtosis_numeric_features": 67.68217468261719,
    "pca_1": 0.6550604562404693,
    "pca_2": 0.14787133952555898,
    "pca_3": 0.12190417680884613,
    "mean_entropy_categorical_features": 0.20655615627765656,
    "stdev_entropy_categorical_features": 0.20655615627765656,
    "mean_information_gain_categorical_features": 0.021806102246046066,
    "stdev_information_gain_categorical_features": 0.021806102246046066,
    "mean_mutual_informaiton_categorical_features": 0.021806102246046066,
    "stdev_mutual_informaiton_categorical_features": 0.021806102246046066,
    "gaussian_nb_accuracy": 0.20785714285714288,
    "gaussian_nb_balanced_accuracy": 0.41865844843189703,
    "lda_accuracy": 0.6896428571428571,
    "lda_balanced_accuracy": 0.5614347770349455,
    "decision_tree_1_accuracy": 0.6185714285714285,
    "decision_tree_1_balanced_accuracy": 0.2794047273085502,
    "decision_tree_2_accuracy": 0.6582142857142858,
    "decision_tree_2_balanced_accuracy": 0.3302580359274211,
    "extra_trees_2_10_accuracy": 0.6046428571428571,
    "extra_trees_2_10_balanced_accuracy": 0.24823139008358375
}