{
    "nb_instances": 5500,
    "log_nb_instances": 8.612503371220562,
    "nb_features": 40,
    "dataset_dimensionality": 137.5,
    "log_dataset_dimensionality": 4.923623917106626,
    "dataset_ratio": 0.007272727272727273,
    "nb_missing_vals": 0,
    "ratio_features_with_missing_vals": 0.0,
    "ratio_instances_with_missing_vals": 0.0,
    "nb_numeric_features": 40,
    "nb_categorical_features": 0,
    "ratio_numeric_categorical_features": 0.0,
    "ratio_categorical_numeric_features": 0.0,
    "nb_classes": 11,
    "class_entropy": 2.3978952727983707,
    "mean_target_class_ratio": 0.09090910106897354,
    "stdev_target_class_ratio": 0.09090910106897354,
    "min_target_class_ratio": 0.09090909361839294,
    "median_target_class_ratio": 0.09090909361839294,
    "max_target_class_ratio": 0.09090909361839294,
    "mean_mean_numeric_features": -0.6055166125297546,
    "stdev_mean_numeric_features": -0.6055166125297546,
    "mean_stdev_numeric_features": 0.2332013100385666,
    "stdev_stdev_numeric_features": 0.2332013100385666,
    "mean_var_numeric_features": 0.057389646768569946,
    "stdev_var_numeric_features": 0.057389646768569946,
    "mean_min_numeric_features": -1.167099952697754,
    "stdev_min_numeric_features": -1.167099952697754,
    "mean_median_numeric_features": -0.5960749983787537,
    "stdev_median_numeric_features": -0.5960749983787537,
    "mean_max_numeric_features": 0.4099000096321106,
    "stdev_max_numeric_features": 0.4099000096321106,
    "mean_skew_numeric_features": 0.28531360626220703,
    "stdev_skew_numeric_features": 0.28531360626220703,
    "mean_kurtosis_numeric_features": 1.1981351375579834,
    "stdev_kurtosis_numeric_features": 1.1981351375579834,
    "pca_1": 0.7593120587008907,
    "pca_2": 0.08443539348267265,
    "pca_3": 0.06692933454631339,
    "mean_entropy_categorical_features": NaN,
    "stdev_entropy_categorical_features": NaN,
    "mean_information_gain_categorical_features": NaN,
    "stdev_information_gain_categorical_features": NaN,
    "mean_mutual_informaiton_categorical_features": NaN,
    "stdev_mutual_informaiton_categorical_features": NaN,
    "gaussian_nb_accuracy": 0.7765454545454545,
    "gaussian_nb_balanced_accuracy": 0.7760779198557585,
    "lda_accuracy": 0.9952727272727273,
    "lda_balanced_accuracy": 0.9952452514133444,
    "decision_tree_1_accuracy": 0.16927272727272727,
    "decision_tree_1_balanced_accuracy": 0.18061644414501216,
    "decision_tree_2_accuracy": 0.35309090909090907,
    "decision_tree_2_balanced_accuracy": 0.3605663388404569,
    "extra_trees_2_10_accuracy": 0.5930909090909091,
    "extra_trees_2_10_balanced_accuracy": 0.5951393238528702
}