{
    "nb_instances": 500,
    "log_nb_instances": 6.214608098422191,
    "nb_features": 7,
    "dataset_dimensionality": 71.42857142857143,
    "log_dataset_dimensionality": 4.268697949366879,
    "dataset_ratio": 0.014,
    "nb_missing_vals": 0,
    "ratio_features_with_missing_vals": 0.0,
    "ratio_instances_with_missing_vals": 0.0,
    "nb_numeric_features": 7,
    "nb_categorical_features": 0,
    "ratio_numeric_categorical_features": 0.0,
    "ratio_categorical_numeric_features": 0.0,
    "nb_classes": 10,
    "class_entropy": 2.2959167451259828,
    "mean_target_class_ratio": 0.10000000149011612,
    "stdev_target_class_ratio": 0.10000000149011612,
    "min_target_class_ratio": 0.07400000095367432,
    "median_target_class_ratio": 0.10300000011920929,
    "max_target_class_ratio": 0.11400000005960464,
    "mean_mean_numeric_features": 0.6565713882446289,
    "stdev_mean_numeric_features": 0.6565713882446289,
    "mean_stdev_numeric_features": 0.45729419589042664,
    "stdev_stdev_numeric_features": 0.45729419589042664,
    "mean_var_numeric_features": 0.21027541160583496,
    "stdev_var_numeric_features": 0.21027541160583496,
    "mean_min_numeric_features": 0.0,
    "stdev_min_numeric_features": 0.0,
    "mean_median_numeric_features": 0.8571428656578064,
    "stdev_median_numeric_features": 0.8571428656578064,
    "mean_max_numeric_features": 1.0,
    "stdev_max_numeric_features": 1.0,
    "mean_skew_numeric_features": -0.7264117002487183,
    "stdev_skew_numeric_features": -0.7264117002487183,
    "mean_kurtosis_numeric_features": -1.1173580884933472,
    "stdev_kurtosis_numeric_features": -1.1173580884933472,
    "pca_1": 0.3006401189760321,
    "pca_2": 0.18190098412911138,
    "pca_3": 0.14088878633278246,
    "mean_entropy_categorical_features": NaN,
    "stdev_entropy_categorical_features": NaN,
    "mean_information_gain_categorical_features": NaN,
    "stdev_information_gain_categorical_features": NaN,
    "mean_mutual_informaiton_categorical_features": NaN,
    "stdev_mutual_informaiton_categorical_features": NaN,
    "gaussian_nb_accuracy": 0.6759999999999999,
    "gaussian_nb_balanced_accuracy": 0.6878736541236541,
    "lda_accuracy": 0.7380000000000001,
    "lda_balanced_accuracy": 0.749648247177659,
    "decision_tree_1_accuracy": 0.162,
    "decision_tree_1_balanced_accuracy": 0.18633333333333332,
    "decision_tree_2_accuracy": 0.32,
    "decision_tree_2_balanced_accuracy": 0.3217170052170052,
    "extra_trees_2_10_accuracy": 0.64,
    "extra_trees_2_10_balanced_accuracy": 0.6320246142746143
}