{
    "nb_instances": 4898,
    "log_nb_instances": 8.496582237512113,
    "nb_features": 11,
    "dataset_dimensionality": 445.27272727272725,
    "log_dataset_dimensionality": 6.0986869647137425,
    "dataset_ratio": 0.002245814618211515,
    "nb_missing_vals": 0,
    "ratio_features_with_missing_vals": 0.0,
    "ratio_instances_with_missing_vals": 0.0,
    "nb_numeric_features": 11,
    "nb_categorical_features": 0,
    "ratio_numeric_categorical_features": 0.0,
    "ratio_categorical_numeric_features": 0.0,
    "nb_classes": 7,
    "class_entropy": 1.2904424569785722,
    "mean_target_class_ratio": 0.1428571492433548,
    "stdev_target_class_ratio": 0.1428571492433548,
    "min_target_class_ratio": 0.0010208247695118189,
    "median_target_class_ratio": 0.03572886809706688,
    "max_target_class_ratio": 0.44875457882881165,
    "mean_mean_numeric_features": 18.432689666748047,
    "stdev_mean_numeric_features": 18.432689666748047,
    "mean_stdev_numeric_features": 6.105775833129883,
    "stdev_stdev_numeric_features": 6.105775833129883,
    "mean_var_numeric_features": 193.03102111816406,
    "stdev_var_numeric_features": 193.03102111816406,
    "mean_min_numeric_features": 2.492373466491699,
    "stdev_min_numeric_features": 2.492373466491699,
    "mean_median_numeric_features": 17.787885665893555,
    "stdev_median_numeric_features": 17.787885665893555,
    "mean_max_numeric_features": 75.65863800048828,
    "stdev_max_numeric_features": 75.65863800048828,
    "mean_skew_numeric_features": 1.3004201650619507,
    "stdev_skew_numeric_features": 1.3004201650619507,
    "mean_kurtosis_numeric_features": 7.066218852996826,
    "stdev_kurtosis_numeric_features": 7.066218852996826,
    "pca_1": 0.9096573439745874,
    "pca_2": 0.07933386311643181,
    "pca_3": 0.010154274195723017,
    "mean_entropy_categorical_features": NaN,
    "stdev_entropy_categorical_features": NaN,
    "mean_information_gain_categorical_features": NaN,
    "stdev_information_gain_categorical_features": NaN,
    "mean_mutual_informaiton_categorical_features": NaN,
    "stdev_mutual_informaiton_categorical_features": NaN,
    "gaussian_nb_accuracy": 0.4456923974901502,
    "gaussian_nb_balanced_accuracy": 0.34932276780401295,
    "lda_accuracy": 0.5306228763211107,
    "lda_balanced_accuracy": 0.29188681403411143,
    "decision_tree_1_accuracy": 0.4487563319505535,
    "decision_tree_1_balanced_accuracy": 0.15238095238095234,
    "decision_tree_2_accuracy": 0.5042882157970441,
    "decision_tree_2_balanced_accuracy": 0.20141699872521182,
    "extra_trees_2_10_accuracy": 0.44916470367513706,
    "extra_trees_2_10_balanced_accuracy": 0.14789802559515106
}