{
    "nb_instances": 3772,
    "log_nb_instances": 8.235360643753348,
    "nb_features": 21,
    "dataset_dimensionality": 179.61904761904762,
    "log_dataset_dimensionality": 5.190838206029925,
    "dataset_ratio": 0.005567338282078473,
    "nb_missing_vals": 0,
    "ratio_features_with_missing_vals": 0.0,
    "ratio_instances_with_missing_vals": 0.0,
    "nb_numeric_features": 21,
    "nb_categorical_features": 0,
    "ratio_numeric_categorical_features": 0.0,
    "ratio_categorical_numeric_features": 0.0,
    "nb_classes": 3,
    "class_entropy": 0.31472856003095717,
    "mean_target_class_ratio": 0.3333333432674408,
    "stdev_target_class_ratio": 0.3333333432674408,
    "min_target_class_ratio": 0.024655355140566826,
    "median_target_class_ratio": 0.05063626542687416,
    "max_target_class_ratio": 0.924708366394043,
    "mean_mean_numeric_features": 0.07630860060453415,
    "stdev_mean_numeric_features": 0.07630860060453415,
    "mean_stdev_numeric_features": 0.1381203532218933,
    "stdev_stdev_numeric_features": 0.1381203532218933,
    "mean_var_numeric_features": 0.03161013871431351,
    "stdev_var_numeric_features": 0.03161013871431351,
    "mean_min_numeric_features": 0.0015952381072565913,
    "stdev_min_numeric_features": 0.0015952381072565913,
    "mean_median_numeric_features": 0.0416523814201355,
    "stdev_median_numeric_features": 0.0416523814201355,
    "mean_max_numeric_features": 0.8499953150749207,
    "stdev_max_numeric_features": 0.8499953150749207,
    "mean_skew_numeric_features": 8.323514938354492,
    "stdev_skew_numeric_features": 8.323514938354492,
    "mean_kurtosis_numeric_features": 229.9735870361328,
    "stdev_kurtosis_numeric_features": 229.9735870361328,
    "pca_1": 0.3236894725152681,
    "pca_2": 0.1621912257199814,
    "pca_3": 0.08894782112540965,
    "mean_entropy_categorical_features": NaN,
    "stdev_entropy_categorical_features": NaN,
    "mean_information_gain_categorical_features": NaN,
    "stdev_information_gain_categorical_features": NaN,
    "mean_mutual_informaiton_categorical_features": NaN,
    "stdev_mutual_informaiton_categorical_features": NaN,
    "gaussian_nb_accuracy": 0.07714862894584293,
    "gaussian_nb_balanced_accuracy": 0.42098612207210273,
    "lda_accuracy": 0.9377009152071952,
    "lda_balanced_accuracy": 0.511933220416285,
    "decision_tree_1_accuracy": 0.954403358687442,
    "decision_tree_1_balanced_accuracy": 0.6591219527727046,
    "decision_tree_2_accuracy": 0.9790587945965885,
    "decision_tree_2_balanced_accuracy": 0.9924511718589505,
    "extra_trees_2_10_accuracy": 0.9247084863070247,
    "extra_trees_2_10_balanced_accuracy": 0.3333333333333333
}