{
    "nb_instances": 690,
    "log_nb_instances": 6.536691597591305,
    "nb_features": 14,
    "dataset_dimensionality": 49.285714285714285,
    "log_dataset_dimensionality": 3.8976342679760463,
    "dataset_ratio": 0.020289855072463767,
    "nb_missing_vals": 0,
    "ratio_features_with_missing_vals": 0.0,
    "ratio_instances_with_missing_vals": 0.0,
    "nb_numeric_features": 14,
    "nb_categorical_features": 0,
    "ratio_numeric_categorical_features": 0.0,
    "ratio_categorical_numeric_features": 0.0,
    "nb_classes": 2,
    "class_entropy": 0.6870689028587588,
    "mean_target_class_ratio": 0.5,
    "stdev_target_class_ratio": 0.5,
    "min_target_class_ratio": 0.44492754340171814,
    "median_target_class_ratio": 0.5,
    "max_target_class_ratio": 0.5550724864006042,
    "mean_mean_numeric_features": -0.351360023021698,
    "stdev_mean_numeric_features": -0.351360023021698,
    "mean_stdev_numeric_features": 0.5060005784034729,
    "stdev_stdev_numeric_features": 0.5060005784034729,
    "mean_var_numeric_features": 0.36156558990478516,
    "stdev_var_numeric_features": 0.36156558990478516,
    "mean_min_numeric_features": -1.0,
    "stdev_min_numeric_features": -1.0,
    "mean_median_numeric_features": -0.3785003125667572,
    "stdev_median_numeric_features": -0.3785003125667572,
    "mean_max_numeric_features": 1.0,
    "stdev_max_numeric_features": 1.0,
    "mean_skew_numeric_features": 1.6774972677230835,
    "stdev_skew_numeric_features": 1.6774972677230835,
    "mean_kurtosis_numeric_features": 21.295223236083984,
    "stdev_kurtosis_numeric_features": 21.295223236083984,
    "pca_1": 0.3006961009346717,
    "pca_2": 0.2016193630441248,
    "pca_3": 0.1683553185429369,
    "mean_entropy_categorical_features": NaN,
    "stdev_entropy_categorical_features": NaN,
    "mean_information_gain_categorical_features": NaN,
    "stdev_information_gain_categorical_features": NaN,
    "mean_mutual_informaiton_categorical_features": NaN,
    "stdev_mutual_informaiton_categorical_features": NaN,
    "gaussian_nb_accuracy": 0.8,
    "gaussian_nb_balanced_accuracy": 0.785776845291861,
    "lda_accuracy": 0.8623188405797102,
    "lda_balanced_accuracy": 0.868878258619563,
    "decision_tree_1_accuracy": 0.855072463768116,
    "decision_tree_1_balanced_accuracy": 0.8623412850257102,
    "decision_tree_2_accuracy": 0.855072463768116,
    "decision_tree_2_balanced_accuracy": 0.8620446274789219,
    "extra_trees_2_10_accuracy": 0.863768115942029,
    "extra_trees_2_10_balanced_accuracy": 0.8636534979259135
}