{
    "nb_instances": 399,
    "log_nb_instances": 5.988961416889864,
    "nb_features": 32,
    "dataset_dimensionality": 12.46875,
    "log_dataset_dimensionality": 2.5232255140901367,
    "dataset_ratio": 0.08020050125313283,
    "nb_missing_vals": 0,
    "ratio_features_with_missing_vals": 0.0,
    "ratio_instances_with_missing_vals": 0.0,
    "nb_numeric_features": 12,
    "nb_categorical_features": 20,
    "ratio_numeric_categorical_features": 0.6,
    "ratio_categorical_numeric_features": 1.6666666666666667,
    "nb_classes": 5,
    "class_entropy": 1.57789819144888,
    "mean_target_class_ratio": 0.20000000298023224,
    "stdev_target_class_ratio": 0.20000000298023224,
    "min_target_class_ratio": 0.11027568578720093,
    "median_target_class_ratio": 0.20802004635334015,
    "max_target_class_ratio": 0.24060150980949402,
    "mean_mean_numeric_features": 26.32184600830078,
    "stdev_mean_numeric_features": 26.32184600830078,
    "mean_stdev_numeric_features": 9.06769847869873,
    "stdev_stdev_numeric_features": 9.06769847869873,
    "mean_var_numeric_features": 141.4743194580078,
    "stdev_var_numeric_features": 141.4743194580078,
    "mean_min_numeric_features": 0.0,
    "stdev_min_numeric_features": 0.0,
    "mean_median_numeric_features": 30.83333396911621,
    "stdev_median_numeric_features": 30.83333396911621,
    "mean_max_numeric_features": 33.16666793823242,
    "stdev_max_numeric_features": 33.16666793823242,
    "mean_skew_numeric_features": -1.937515139579773,
    "stdev_skew_numeric_features": -1.937515139579773,
    "mean_kurtosis_numeric_features": 4.3121771812438965,
    "stdev_kurtosis_numeric_features": 4.3121771812438965,
    "pca_1": 0.4713825898801659,
    "pca_2": 0.30937200883329397,
    "pca_3": 0.06876760993661069,
    "mean_entropy_categorical_features": 1.2183995246887207,
    "stdev_entropy_categorical_features": 1.2183995246887207,
    "mean_information_gain_categorical_features": 0.136318176984787,
    "stdev_information_gain_categorical_features": 0.136318176984787,
    "mean_mutual_informaiton_categorical_features": 0.136318176984787,
    "stdev_mutual_informaiton_categorical_features": 0.136318176984787,
    "gaussian_nb_accuracy": 0.4359493670886076,
    "gaussian_nb_balanced_accuracy": 0.444589999985208,
    "lda_accuracy": 0.5662658227848101,
    "lda_balanced_accuracy": 0.552521095791482,
    "decision_tree_1_accuracy": 0.3107911392405064,
    "decision_tree_1_balanced_accuracy": 0.2773240297713982,
    "decision_tree_2_accuracy": 0.40107594936708857,
    "decision_tree_2_balanced_accuracy": 0.3657198499814599,
    "extra_trees_2_10_accuracy": 0.4511075949367089,
    "extra_trees_2_10_balanced_accuracy": 0.42443207669523453
}