{
    "nb_instances": 215,
    "log_nb_instances": 5.3706380281276624,
    "nb_features": 5,
    "dataset_dimensionality": 43.0,
    "log_dataset_dimensionality": 3.7612001156935624,
    "dataset_ratio": 0.023255813953488372,
    "nb_missing_vals": 0,
    "ratio_features_with_missing_vals": 0.0,
    "ratio_instances_with_missing_vals": 0.0,
    "nb_numeric_features": 5,
    "nb_categorical_features": 0,
    "ratio_numeric_categorical_features": 0.0,
    "ratio_categorical_numeric_features": 0.0,
    "nb_classes": 3,
    "class_entropy": 0.8214826899116977,
    "mean_target_class_ratio": 0.3333333432674408,
    "stdev_target_class_ratio": 0.3333333432674408,
    "min_target_class_ratio": 0.13953489065170288,
    "median_target_class_ratio": 0.1627907007932663,
    "max_target_class_ratio": 0.6976743936538696,
    "mean_mean_numeric_features": 25.705860137939453,
    "stdev_mean_numeric_features": 25.705860137939453,
    "mean_stdev_numeric_features": 6.690168857574463,
    "stdev_stdev_numeric_features": 6.690168857574463,
    "mean_var_numeric_features": 59.88930130004883,
    "stdev_var_numeric_features": 59.88930130004883,
    "mean_min_numeric_features": 13.019999504089355,
    "stdev_min_numeric_features": 13.019999504089355,
    "mean_median_numeric_features": 24.84000015258789,
    "stdev_median_numeric_features": 24.84000015258789,
    "mean_max_numeric_features": 58.400001525878906,
    "stdev_max_numeric_features": 58.400001525878906,
    "mean_skew_numeric_features": 2.660062313079834,
    "stdev_skew_numeric_features": 2.660062313079834,
    "mean_kurtosis_numeric_features": 14.473016738891602,
    "stdev_kurtosis_numeric_features": 14.473016738891602,
    "pca_1": 0.6510912576120275,
    "pca_2": 0.2223356024774231,
    "pca_3": 0.07800306804794295,
    "mean_entropy_categorical_features": NaN,
    "stdev_entropy_categorical_features": NaN,
    "mean_information_gain_categorical_features": NaN,
    "stdev_information_gain_categorical_features": NaN,
    "mean_mutual_informaiton_categorical_features": NaN,
    "stdev_mutual_informaiton_categorical_features": NaN,
    "gaussian_nb_accuracy": 0.9627906976744185,
    "gaussian_nb_balanced_accuracy": 0.9505805305805307,
    "lda_accuracy": 0.9116279069767442,
    "lda_balanced_accuracy": 0.8028835978835979,
    "decision_tree_1_accuracy": 0.7488372093023256,
    "decision_tree_1_balanced_accuracy": 0.5606451612903225,
    "decision_tree_2_accuracy": 0.9023255813953488,
    "decision_tree_2_balanced_accuracy": 0.8642063492063492,
    "extra_trees_2_10_accuracy": 0.8279069767441861,
    "extra_trees_2_10_balanced_accuracy": 0.6550360750360751
}