{
    "nb_instances": 959,
    "log_nb_instances": 6.8658910748834385,
    "nb_features": 44,
    "dataset_dimensionality": 21.795454545454547,
    "log_dataset_dimensionality": 3.081701440965177,
    "dataset_ratio": 0.045881126173096975,
    "nb_missing_vals": 0,
    "ratio_features_with_missing_vals": 0.0,
    "ratio_instances_with_missing_vals": 0.0,
    "nb_numeric_features": 42,
    "nb_categorical_features": 2,
    "ratio_numeric_categorical_features": 21.0,
    "ratio_categorical_numeric_features": 0.047619047619047616,
    "nb_classes": 2,
    "class_entropy": 0.6538728038731461,
    "mean_target_class_ratio": 0.5,
    "stdev_target_class_ratio": 0.5,
    "min_target_class_ratio": 0.36079248785972595,
    "median_target_class_ratio": 0.5,
    "max_target_class_ratio": 0.6392074823379517,
    "mean_mean_numeric_features": 132026.109375,
    "stdev_mean_numeric_features": 132026.109375,
    "mean_stdev_numeric_features": 154257.640625,
    "stdev_stdev_numeric_features": 154257.640625,
    "mean_var_numeric_features": 358803800064.0,
    "stdev_var_numeric_features": 358803800064.0,
    "mean_min_numeric_features": 1102.0335693359375,
    "stdev_min_numeric_features": 1102.0335693359375,
    "mean_median_numeric_features": 71435.4375,
    "stdev_median_numeric_features": 71435.4375,
    "mean_max_numeric_features": 1126867.875,
    "stdev_max_numeric_features": 1126867.875,
    "mean_skew_numeric_features": 5.008767127990723,
    "stdev_skew_numeric_features": 5.008767127990723,
    "mean_kurtosis_numeric_features": 64.16496276855469,
    "stdev_kurtosis_numeric_features": 64.16496276855469,
    "pca_1": 0.8127204144062249,
    "pca_2": 0.1611917958064482,
    "pca_3": 0.019183410683056915,
    "mean_entropy_categorical_features": 0.0,
    "stdev_entropy_categorical_features": 0.0,
    "mean_information_gain_categorical_features": 0.0,
    "stdev_information_gain_categorical_features": 0.0,
    "mean_mutual_informaiton_categorical_features": 0.0,
    "stdev_mutual_informaiton_categorical_features": 0.0,
    "gaussian_nb_accuracy": 0.881151832460733,
    "gaussian_nb_balanced_accuracy": 0.8524110065784413,
    "lda_accuracy": 0.9291066753926701,
    "lda_balanced_accuracy": 0.9168378967101987,
    "decision_tree_1_accuracy": 0.8759434991273997,
    "decision_tree_1_balanced_accuracy": 0.8912525239430866,
    "decision_tree_2_accuracy": 0.8832078970331588,
    "decision_tree_2_balanced_accuracy": 0.877096818951275,
    "extra_trees_2_10_accuracy": 0.8759053228621291,
    "extra_trees_2_10_balanced_accuracy": 0.8365162992475665
}