{
    "nb_instances": 3772,
    "log_nb_instances": 8.235360643753348,
    "nb_features": 29,
    "dataset_dimensionality": 130.06896551724137,
    "log_dataset_dimensionality": 4.868064813766874,
    "dataset_ratio": 0.0076882290562036056,
    "nb_missing_vals": 0,
    "ratio_features_with_missing_vals": 0.0,
    "ratio_instances_with_missing_vals": 0.0,
    "nb_numeric_features": 6,
    "nb_categorical_features": 23,
    "ratio_numeric_categorical_features": 0.2608695652173913,
    "ratio_categorical_numeric_features": 3.8333333333333335,
    "nb_classes": 4,
    "class_entropy": 0.18015234088237567,
    "mean_target_class_ratio": 0.25,
    "stdev_target_class_ratio": 0.25,
    "min_target_class_ratio": 0.009013785980641842,
    "median_target_class_ratio": 0.0119300102815032,
    "max_target_class_ratio": 0.967126190662384,
    "mean_mean_numeric_features": 83.6192626953125,
    "stdev_mean_numeric_features": 83.6192626953125,
    "mean_stdev_numeric_features": 58.92387008666992,
    "stdev_stdev_numeric_features": 58.92387008666992,
    "mean_var_numeric_features": 4681.97802734375,
    "stdev_var_numeric_features": 4681.97802734375,
    "mean_min_numeric_features": 0.0,
    "stdev_min_numeric_features": 0.0,
    "mean_median_numeric_features": 64.5,
    "stdev_median_numeric_features": 64.5,
    "mean_max_numeric_features": 178.3333282470703,
    "stdev_max_numeric_features": 178.3333282470703,
    "mean_skew_numeric_features": 0.4968358278274536,
    "stdev_skew_numeric_features": 0.4968358278274536,
    "mean_kurtosis_numeric_features": -0.7442830204963684,
    "stdev_kurtosis_numeric_features": -0.7442830204963684,
    "pca_1": 0.5483889437184104,
    "pca_2": 0.20896468097590556,
    "pca_3": 0.18528205132345346,
    "mean_entropy_categorical_features": 0.2304333597421646,
    "stdev_entropy_categorical_features": 0.2304333597421646,
    "mean_information_gain_categorical_features": 0.004243823699653149,
    "stdev_information_gain_categorical_features": 0.004243823699653149,
    "mean_mutual_informaiton_categorical_features": 0.004243823699653149,
    "stdev_mutual_informaiton_categorical_features": 0.004243823699653149,
    "gaussian_nb_accuracy": 0.5775874365415357,
    "gaussian_nb_balanced_accuracy": 0.4559492847712561,
    "lda_accuracy": 0.9204658597853392,
    "lda_balanced_accuracy": 0.7855910120746493,
    "decision_tree_1_accuracy": 0.9671284276353929,
    "decision_tree_1_balanced_accuracy": 0.25,
    "decision_tree_2_accuracy": 0.9671284276353926,
    "decision_tree_2_balanced_accuracy": 0.25,
    "extra_trees_2_10_accuracy": 0.9671214010926275,
    "extra_trees_2_10_balanced_accuracy": 0.25
}