{
    "nb_instances": 2201,
    "log_nb_instances": 7.696667081526462,
    "nb_features": 3,
    "dataset_dimensionality": 733.6666666666666,
    "log_dataset_dimensionality": 6.598054792858352,
    "dataset_ratio": 0.0013630168105406633,
    "nb_missing_vals": 0,
    "ratio_features_with_missing_vals": 0.0,
    "ratio_instances_with_missing_vals": 0.0,
    "nb_numeric_features": 3,
    "nb_categorical_features": 0,
    "ratio_numeric_categorical_features": 0.0,
    "ratio_categorical_numeric_features": 0.0,
    "nb_classes": 2,
    "class_entropy": 0.629136012916754,
    "mean_target_class_ratio": 0.5,
    "stdev_target_class_ratio": 0.5,
    "min_target_class_ratio": 0.32303497195243835,
    "median_target_class_ratio": 0.5,
    "max_target_class_ratio": 0.6769649982452393,
    "mean_mean_numeric_features": -0.0002690595283638686,
    "stdev_mean_numeric_features": -0.0002690595283638686,
    "mean_stdev_numeric_features": 1.0004596710205078,
    "stdev_stdev_numeric_features": 1.0004596710205078,
    "mean_var_numeric_features": 1.0009198188781738,
    "stdev_var_numeric_features": 1.0009198188781738,
    "mean_min_numeric_features": -1.339333415031433,
    "stdev_min_numeric_features": -1.339333415031433,
    "mean_median_numeric_features": 0.10480000823736191,
    "stdev_median_numeric_features": 0.10480000823736191,
    "mean_max_numeric_features": 1.9553333520889282,
    "stdev_max_numeric_features": 1.9553333520889282,
    "mean_skew_numeric_features": 0.6845267415046692,
    "stdev_skew_numeric_features": 0.6845267415046692,
    "mean_kurtosis_numeric_features": 4.826956272125244,
    "stdev_kurtosis_numeric_features": 4.826956272125244,
    "pca_1": 0.4724860781412662,
    "pca_2": 0.32141091982060455,
    "pca_3": 0.2061030020381292,
    "mean_entropy_categorical_features": NaN,
    "stdev_entropy_categorical_features": NaN,
    "mean_information_gain_categorical_features": NaN,
    "stdev_information_gain_categorical_features": NaN,
    "mean_mutual_informaiton_categorical_features": NaN,
    "stdev_mutual_informaiton_categorical_features": NaN,
    "gaussian_nb_accuracy": 0.7732735518449804,
    "gaussian_nb_balanced_accuracy": 0.708767632972343,
    "lda_accuracy": 0.7760193774479489,
    "lda_balanced_accuracy": 0.6990955853154196,
    "decision_tree_1_accuracy": 0.7760142238713668,
    "decision_tree_1_balanced_accuracy": 0.6992934368576412,
    "decision_tree_2_accuracy": 0.7719264069264068,
    "decision_tree_2_balanced_accuracy": 0.6694423952796071,
    "extra_trees_2_10_accuracy": 0.7769130076272932,
    "extra_trees_2_10_balanced_accuracy": 0.7012121825588087
}