{
    "nb_instances": 690,
    "log_nb_instances": 6.536691597591305,
    "nb_features": 15,
    "dataset_dimensionality": 46.0,
    "log_dataset_dimensionality": 3.828641396489095,
    "dataset_ratio": 0.021739130434782608,
    "nb_missing_vals": 0,
    "ratio_features_with_missing_vals": 0.0,
    "ratio_instances_with_missing_vals": 0.0,
    "nb_numeric_features": 7,
    "nb_categorical_features": 8,
    "ratio_numeric_categorical_features": 0.875,
    "ratio_categorical_numeric_features": 1.1428571428571428,
    "nb_classes": 2,
    "class_entropy": 0.6870689028587588,
    "mean_target_class_ratio": 0.5,
    "stdev_target_class_ratio": 0.5,
    "min_target_class_ratio": 0.44492754340171814,
    "median_target_class_ratio": 0.5,
    "max_target_class_ratio": 0.5550724864006042,
    "mean_mean_numeric_features": 177.2318115234375,
    "stdev_mean_numeric_features": 177.2318115234375,
    "mean_stdev_numeric_features": 768.3432006835938,
    "stdev_stdev_numeric_features": 768.3432006835938,
    "mean_var_numeric_features": 3879643.5,
    "stdev_var_numeric_features": 3879643.5,
    "mean_min_numeric_features": 0.0,
    "stdev_min_numeric_features": 0.0,
    "mean_median_numeric_features": 26.89285659790039,
    "stdev_median_numeric_features": 26.89285659790039,
    "mean_max_numeric_features": 14379.5,
    "stdev_max_numeric_features": 14379.5,
    "mean_skew_numeric_features": 3.4356613159179688,
    "stdev_skew_numeric_features": 3.4356613159179688,
    "mean_kurtosis_numeric_features": 39.4166374206543,
    "stdev_kurtosis_numeric_features": 39.4166374206543,
    "pca_1": 0.9995464805140016,
    "pca_2": 0.0003411262607780015,
    "pca_3": 0.00010970947942560303,
    "mean_entropy_categorical_features": 0.7046089172363281,
    "stdev_entropy_categorical_features": 0.7046089172363281,
    "mean_information_gain_categorical_features": 0.06118708848953247,
    "stdev_information_gain_categorical_features": 0.06118708848953247,
    "mean_mutual_informaiton_categorical_features": 0.06118708848953247,
    "stdev_mutual_informaiton_categorical_features": 0.06118708848953247,
    "gaussian_nb_accuracy": 0.7913043478260869,
    "gaussian_nb_balanced_accuracy": 0.7740107030687099,
    "lda_accuracy": 0.8608695652173914,
    "lda_balanced_accuracy": 0.8682654108312002,
    "decision_tree_1_accuracy": 0.855072463768116,
    "decision_tree_1_balanced_accuracy": 0.8610414788709264,
    "decision_tree_2_accuracy": 0.8565217391304347,
    "decision_tree_2_balanced_accuracy": 0.8641328933548393,
    "extra_trees_2_10_accuracy": 0.8289855072463768,
    "extra_trees_2_10_balanced_accuracy": 0.8172651678182822
}