{
    "nb_instances": 214,
    "log_nb_instances": 5.365976015021851,
    "nb_features": 9,
    "dataset_dimensionality": 23.77777777777778,
    "log_dataset_dimensionality": 3.168751437685632,
    "dataset_ratio": 0.04205607476635514,
    "nb_missing_vals": 0,
    "ratio_features_with_missing_vals": 0.0,
    "ratio_instances_with_missing_vals": 0.0,
    "nb_numeric_features": 9,
    "nb_categorical_features": 0,
    "ratio_numeric_categorical_features": 0.0,
    "ratio_categorical_numeric_features": 0.0,
    "nb_classes": 7,
    "class_entropy": 1.508658400223694,
    "mean_target_class_ratio": 0.1428571492433548,
    "stdev_target_class_ratio": 0.1428571492433548,
    "min_target_class_ratio": 0.0,
    "median_target_class_ratio": 0.07943925261497498,
    "max_target_class_ratio": 0.35514017939567566,
    "mean_mean_numeric_features": 11.265851020812988,
    "stdev_mean_numeric_features": 11.265851020812988,
    "mean_stdev_numeric_features": 0.6895407438278198,
    "stdev_stdev_numeric_features": 0.6895407438278198,
    "mean_var_numeric_features": 0.7004470825195312,
    "stdev_var_numeric_features": 0.7004470825195312,
    "mean_min_numeric_features": 9.752349853515625,
    "stdev_min_numeric_features": 9.752349853515625,
    "mean_median_numeric_features": 11.289186477661133,
    "stdev_median_numeric_features": 11.289186477661133,
    "mean_max_numeric_features": 14.26377010345459,
    "stdev_max_numeric_features": 14.26377010345459,
    "mean_skew_numeric_features": 1.6525944471359253,
    "stdev_skew_numeric_features": 1.6525944471359253,
    "mean_kurtosis_numeric_features": 9.908543586730957,
    "stdev_kurtosis_numeric_features": 9.908543586730957,
    "pca_1": 0.47620524713059664,
    "pca_2": 0.2631927603915368,
    "pca_3": 0.10780043164997216,
    "mean_entropy_categorical_features": NaN,
    "stdev_entropy_categorical_features": NaN,
    "mean_information_gain_categorical_features": NaN,
    "stdev_information_gain_categorical_features": NaN,
    "mean_mutual_informaiton_categorical_features": NaN,
    "stdev_mutual_informaiton_categorical_features": NaN,
    "gaussian_nb_accuracy": 0.4631229235880399,
    "gaussian_nb_balanced_accuracy": 0.5217627307333189,
    "lda_accuracy": 0.6353266888150609,
    "lda_balanced_accuracy": 0.551743051410234,
    "decision_tree_1_accuracy": 0.44861572535991145,
    "decision_tree_1_balanced_accuracy": 0.337,
    "decision_tree_2_accuracy": 0.6031007751937983,
    "decision_tree_2_balanced_accuracy": 0.46143347937465584,
    "extra_trees_2_10_accuracy": 0.5375415282392026,
    "extra_trees_2_10_balanced_accuracy": 0.36499151991799056
}