{
    "nb_instances": 180,
    "log_nb_instances": 5.19295685089021,
    "nb_features": 66,
    "dataset_dimensionality": 2.727272727272727,
    "log_dataset_dimensionality": 1.0033021088637848,
    "dataset_ratio": 0.36666666666666664,
    "nb_missing_vals": 0,
    "ratio_features_with_missing_vals": 0.0,
    "ratio_instances_with_missing_vals": 0.0,
    "nb_numeric_features": 66,
    "nb_categorical_features": 0,
    "ratio_numeric_categorical_features": 0.0,
    "ratio_categorical_numeric_features": 0.0,
    "nb_classes": 6,
    "class_entropy": 1.7917594692280547,
    "mean_target_class_ratio": 0.1666666716337204,
    "stdev_target_class_ratio": 0.1666666716337204,
    "min_target_class_ratio": 0.1666666716337204,
    "median_target_class_ratio": 0.1666666716337204,
    "max_target_class_ratio": 0.1666666716337204,
    "mean_mean_numeric_features": -0.48436278104782104,
    "stdev_mean_numeric_features": -0.48436278104782104,
    "mean_stdev_numeric_features": 0.2925303280353546,
    "stdev_stdev_numeric_features": 0.2925303280353546,
    "mean_var_numeric_features": 0.1109955683350563,
    "stdev_var_numeric_features": 0.1109955683350563,
    "mean_min_numeric_features": -0.8039931058883667,
    "stdev_min_numeric_features": -0.8039931058883667,
    "mean_median_numeric_features": -0.5804236531257629,
    "stdev_median_numeric_features": -0.5804236531257629,
    "mean_max_numeric_features": 0.3120273947715759,
    "stdev_max_numeric_features": 0.3120273947715759,
    "mean_skew_numeric_features": 0.4862189292907715,
    "stdev_skew_numeric_features": 0.4862189292907715,
    "mean_kurtosis_numeric_features": 0.9643191695213318,
    "stdev_kurtosis_numeric_features": 0.9643191695213318,
    "pca_1": 0.8934405034977771,
    "pca_2": 0.03860140100704892,
    "pca_3": 0.02068738135644642,
    "mean_entropy_categorical_features": NaN,
    "stdev_entropy_categorical_features": NaN,
    "mean_information_gain_categorical_features": NaN,
    "stdev_information_gain_categorical_features": NaN,
    "mean_mutual_informaiton_categorical_features": NaN,
    "stdev_mutual_informaiton_categorical_features": NaN,
    "gaussian_nb_accuracy": 0.9,
    "gaussian_nb_balanced_accuracy": 0.8938756613756613,
    "lda_accuracy": 0.9722222222222223,
    "lda_balanced_accuracy": 0.9713095238095238,
    "decision_tree_1_accuracy": 0.24444444444444446,
    "decision_tree_1_balanced_accuracy": 0.3333333333333333,
    "decision_tree_2_accuracy": 0.5833333333333334,
    "decision_tree_2_balanced_accuracy": 0.6666666666666666,
    "extra_trees_2_10_accuracy": 0.8444444444444444,
    "extra_trees_2_10_balanced_accuracy": 0.8569179894179895
}