{
    "nb_instances": 14240,
    "log_nb_instances": 9.563810184965966,
    "nb_features": 30,
    "dataset_dimensionality": 474.6666666666667,
    "log_dataset_dimensionality": 6.162612803303811,
    "dataset_ratio": 0.002106741573033708,
    "nb_missing_vals": 0,
    "ratio_features_with_missing_vals": 0.0,
    "ratio_instances_with_missing_vals": 0.0,
    "nb_numeric_features": 30,
    "nb_categorical_features": 0,
    "ratio_numeric_categorical_features": 0.0,
    "ratio_categorical_numeric_features": 0.0,
    "nb_classes": 2,
    "class_entropy": 0.011996677165820096,
    "mean_target_class_ratio": 0.5,
    "stdev_target_class_ratio": 0.5,
    "min_target_class_ratio": 0.0016151685267686844,
    "median_target_class_ratio": 0.5,
    "max_target_class_ratio": 0.9983848333358765,
    "mean_mean_numeric_features": 3154.2744140625,
    "stdev_mean_numeric_features": 3154.2744140625,
    "mean_stdev_numeric_features": 1592.8392333984375,
    "stdev_stdev_numeric_features": 1592.8392333984375,
    "mean_var_numeric_features": 75200152.0,
    "stdev_var_numeric_features": 75200152.0,
    "mean_min_numeric_features": -12.924043655395508,
    "stdev_min_numeric_features": -12.924043655395508,
    "mean_median_numeric_features": 2814.086181640625,
    "stdev_median_numeric_features": 2814.086181640625,
    "mean_max_numeric_features": 6108.70263671875,
    "stdev_max_numeric_features": 6108.70263671875,
    "mean_skew_numeric_features": -0.27268680930137634,
    "stdev_skew_numeric_features": -0.27268680930137634,
    "mean_kurtosis_numeric_features": 60.05877685546875,
    "stdev_kurtosis_numeric_features": 60.05877685546875,
    "pca_1": 0.9999697312182352,
    "pca_2": 3.0256515436487467e-05,
    "pca_3": 1.5838775671624794e-09,
    "mean_entropy_categorical_features": NaN,
    "stdev_entropy_categorical_features": NaN,
    "mean_information_gain_categorical_features": NaN,
    "stdev_information_gain_categorical_features": NaN,
    "mean_mutual_informaiton_categorical_features": NaN,
    "stdev_mutual_informaiton_categorical_features": NaN,
    "gaussian_nb_accuracy": 0.9905196629213483,
    "gaussian_nb_balanced_accuracy": 0.861182033232966,
    "lda_accuracy": 0.999438202247191,
    "lda_balanced_accuracy": 0.914894502391407,
    "decision_tree_1_accuracy": 0.9985955056179776,
    "decision_tree_1_balanced_accuracy": 0.6046212453310117,
    "decision_tree_2_accuracy": 0.9988764044943821,
    "decision_tree_2_balanced_accuracy": 0.781182327796814,
    "extra_trees_2_10_accuracy": 0.998384831460674,
    "extra_trees_2_10_balanced_accuracy": 0.5332981839484476
}