{
    "nb_instances": 306,
    "log_nb_instances": 5.723585101952381,
    "nb_features": 3,
    "dataset_dimensionality": 102.0,
    "log_dataset_dimensionality": 4.624972813284271,
    "dataset_ratio": 0.00980392156862745,
    "nb_missing_vals": 0,
    "ratio_features_with_missing_vals": 0.0,
    "ratio_instances_with_missing_vals": 0.0,
    "nb_numeric_features": 2,
    "nb_categorical_features": 1,
    "ratio_numeric_categorical_features": 2.0,
    "ratio_categorical_numeric_features": 0.5,
    "nb_classes": 2,
    "class_entropy": 0.5779217946828968,
    "mean_target_class_ratio": 0.5,
    "stdev_target_class_ratio": 0.5,
    "min_target_class_ratio": 0.2647058963775635,
    "median_target_class_ratio": 0.5,
    "max_target_class_ratio": 0.7352941036224365,
    "mean_mean_numeric_features": 28.24182891845703,
    "stdev_mean_numeric_features": 28.24182891845703,
    "mean_stdev_numeric_features": 8.996553421020508,
    "stdev_stdev_numeric_features": 8.996553421020508,
    "mean_var_numeric_features": 84.20285034179688,
    "stdev_var_numeric_features": 84.20285034179688,
    "mean_min_numeric_features": 15.0,
    "stdev_min_numeric_features": 15.0,
    "mean_median_numeric_features": 26.5,
    "stdev_median_numeric_features": 26.5,
    "mean_max_numeric_features": 67.5,
    "stdev_max_numeric_features": 67.5,
    "mean_skew_numeric_features": 1.5651639699935913,
    "stdev_skew_numeric_features": 1.5651639699935913,
    "mean_kurtosis_numeric_features": 5.570742130279541,
    "stdev_kurtosis_numeric_features": 5.570742130279541,
    "pca_1": 0.6952425997748551,
    "pca_2": 0.30475740022514475,
    "pca_3": NaN,
    "mean_entropy_categorical_features": 2.4444708824157715,
    "stdev_entropy_categorical_features": 2.4444708824157715,
    "mean_information_gain_categorical_features": 0.024901341646909714,
    "stdev_information_gain_categorical_features": 0.024901341646909714,
    "mean_mutual_informaiton_categorical_features": 0.024901341646909714,
    "stdev_mutual_informaiton_categorical_features": 0.024901341646909714,
    "gaussian_nb_accuracy": 0.7482813326282389,
    "gaussian_nb_balanced_accuracy": 0.5810450510068609,
    "lda_accuracy": 0.7452670544685351,
    "lda_balanced_accuracy": 0.5613452593158476,
    "decision_tree_1_accuracy": 0.725330512956108,
    "decision_tree_1_balanced_accuracy": 0.6036969361387966,
    "decision_tree_2_accuracy": 0.7092543627710206,
    "decision_tree_2_balanced_accuracy": 0.649573781388292,
    "extra_trees_2_10_accuracy": 0.7354309888947647,
    "extra_trees_2_10_balanced_accuracy": 0.5
}