{
    "nb_instances": 383,
    "log_nb_instances": 5.948034989180646,
    "nb_features": 5,
    "dataset_dimensionality": 76.6,
    "log_dataset_dimensionality": 4.338597076746545,
    "dataset_ratio": 0.013054830287206266,
    "nb_missing_vals": 0,
    "ratio_features_with_missing_vals": 0.0,
    "ratio_instances_with_missing_vals": 0.0,
    "nb_numeric_features": 5,
    "nb_categorical_features": 0,
    "ratio_numeric_categorical_features": 0.0,
    "ratio_categorical_numeric_features": 0.0,
    "nb_classes": 3,
    "class_entropy": 0.6486831067240947,
    "mean_target_class_ratio": 0.3333333432674408,
    "stdev_target_class_ratio": 0.3333333432674408,
    "min_target_class_ratio": 0.002610966097563505,
    "median_target_class_ratio": 0.3263707458972931,
    "max_target_class_ratio": 0.6710183024406433,
    "mean_mean_numeric_features": 70.6156005859375,
    "stdev_mean_numeric_features": 70.6156005859375,
    "mean_stdev_numeric_features": 1.587623953819275,
    "stdev_stdev_numeric_features": 1.587623953819275,
    "mean_var_numeric_features": 9.32696533203125,
    "stdev_var_numeric_features": 9.32696533203125,
    "mean_min_numeric_features": 67.24891662597656,
    "stdev_min_numeric_features": 67.24891662597656,
    "mean_median_numeric_features": 70.30233764648438,
    "stdev_median_numeric_features": 70.30233764648438,
    "mean_max_numeric_features": 75.06095886230469,
    "stdev_max_numeric_features": 75.06095886230469,
    "mean_skew_numeric_features": 0.014605295844376087,
    "stdev_skew_numeric_features": 0.014605295844376087,
    "mean_kurtosis_numeric_features": 0.7578389644622803,
    "stdev_kurtosis_numeric_features": 0.7578389644622803,
    "pca_1": 0.9897407836172233,
    "pca_2": 0.009619926602727641,
    "pca_3": 0.0005142296652084307,
    "mean_entropy_categorical_features": NaN,
    "stdev_entropy_categorical_features": NaN,
    "mean_information_gain_categorical_features": NaN,
    "stdev_information_gain_categorical_features": NaN,
    "mean_mutual_informaiton_categorical_features": NaN,
    "stdev_mutual_informaiton_categorical_features": NaN,
    "gaussian_nb_accuracy": 0.8355092276144909,
    "gaussian_nb_balanced_accuracy": 0.7924536239038528,
    "lda_accuracy": 0.8668489405331512,
    "lda_balanced_accuracy": 0.8177792965769581,
    "decision_tree_1_accuracy": 0.7647983595352017,
    "decision_tree_1_balanced_accuracy": 0.7705688266598367,
    "decision_tree_2_accuracy": 0.8328776486671223,
    "decision_tree_2_balanced_accuracy": 0.7551842886339093,
    "extra_trees_2_10_accuracy": 0.7805536568694463,
    "extra_trees_2_10_balanced_accuracy": 0.6339302802460697
}