{
    "nb_instances": 4601,
    "log_nb_instances": 8.434028950155469,
    "nb_features": 57,
    "dataset_dimensionality": 80.71929824561404,
    "log_dataset_dimensionality": 4.390977682320918,
    "dataset_ratio": 0.01238861117148446,
    "nb_missing_vals": 0,
    "ratio_features_with_missing_vals": 0.0,
    "ratio_instances_with_missing_vals": 0.0,
    "nb_numeric_features": 57,
    "nb_categorical_features": 0,
    "ratio_numeric_categorical_features": 0.0,
    "ratio_categorical_numeric_features": 0.0,
    "nb_classes": 2,
    "class_entropy": 0.6705230209876485,
    "mean_target_class_ratio": 0.5,
    "stdev_target_class_ratio": 0.5,
    "min_target_class_ratio": 0.39404478669166565,
    "median_target_class_ratio": 0.5,
    "max_target_class_ratio": 0.6059552431106567,
    "mean_mean_numeric_features": 6.1507697105407715,
    "stdev_mean_numeric_features": 6.1507697105407715,
    "mean_stdev_numeric_features": 15.193997383117676,
    "stdev_stdev_numeric_features": 15.193997383117676,
    "mean_var_numeric_features": 7134.77978515625,
    "stdev_var_numeric_features": 7134.77978515625,
    "mean_min_numeric_features": 0.05263157933950424,
    "stdev_min_numeric_features": 0.05263157933950424,
    "mean_median_numeric_features": 1.9994912147521973,
    "stdev_median_numeric_features": 1.9994912147521973,
    "mean_max_numeric_features": 483.94207763671875,
    "stdev_max_numeric_features": 483.94207763671875,
    "mean_skew_numeric_features": 11.186638832092285,
    "stdev_skew_numeric_features": 11.186638832092285,
    "mean_kurtosis_numeric_features": 241.17002868652344,
    "stdev_kurtosis_numeric_features": 241.17002868652344,
    "pca_1": 0.9270270117088831,
    "pca_2": 0.07104297298033693,
    "pca_3": 0.0018437247693527535,
    "mean_entropy_categorical_features": NaN,
    "stdev_entropy_categorical_features": NaN,
    "mean_information_gain_categorical_features": NaN,
    "stdev_information_gain_categorical_features": NaN,
    "mean_mutual_informaiton_categorical_features": NaN,
    "stdev_mutual_informaiton_categorical_features": NaN,
    "gaussian_nb_accuracy": 0.8215630458386443,
    "gaussian_nb_balanced_accuracy": 0.8453785244101899,
    "lda_accuracy": 0.8880673181324648,
    "lda_balanced_accuracy": 0.8712704291072466,
    "decision_tree_1_accuracy": 0.7859141764622575,
    "decision_tree_1_balanced_accuracy": 0.7626628924500123,
    "decision_tree_2_accuracy": 0.8291597035358542,
    "decision_tree_2_balanced_accuracy": 0.8208173516437846,
    "extra_trees_2_10_accuracy": 0.6872444885049332,
    "extra_trees_2_10_balanced_accuracy": 0.6038178945194037
}