{
    "nb_instances": 264,
    "log_nb_instances": 5.575949103146316,
    "nb_features": 4,
    "dataset_dimensionality": 66.0,
    "log_dataset_dimensionality": 4.189654742026425,
    "dataset_ratio": 0.015151515151515152,
    "nb_missing_vals": 0,
    "ratio_features_with_missing_vals": 0.0,
    "ratio_instances_with_missing_vals": 0.0,
    "nb_numeric_features": 3,
    "nb_categorical_features": 1,
    "ratio_numeric_categorical_features": 3.0,
    "ratio_categorical_numeric_features": 0.3333333333333333,
    "nb_classes": 2,
    "class_entropy": 0.2587043978901781,
    "mean_target_class_ratio": 0.5,
    "stdev_target_class_ratio": 0.5,
    "min_target_class_ratio": 0.07196969538927078,
    "median_target_class_ratio": 0.5,
    "max_target_class_ratio": 0.9280303120613098,
    "mean_mean_numeric_features": 22.790695190429688,
    "stdev_mean_numeric_features": 22.790695190429688,
    "mean_stdev_numeric_features": 8.880406379699707,
    "stdev_stdev_numeric_features": 8.880406379699707,
    "mean_var_numeric_features": 87.96874237060547,
    "stdev_var_numeric_features": 87.96874237060547,
    "mean_min_numeric_features": 2.6000001430511475,
    "stdev_min_numeric_features": 2.6000001430511475,
    "mean_median_numeric_features": 22.31166648864746,
    "stdev_median_numeric_features": 22.31166648864746,
    "mean_max_numeric_features": 44.29666519165039,
    "stdev_max_numeric_features": 44.29666519165039,
    "mean_skew_numeric_features": -0.07121890783309937,
    "stdev_skew_numeric_features": -0.07121890783309937,
    "mean_kurtosis_numeric_features": 0.36235058307647705,
    "stdev_kurtosis_numeric_features": 0.36235058307647705,
    "pca_1": 0.6706723457593482,
    "pca_2": 0.27626629131718633,
    "pca_3": 0.053061362923465395,
    "mean_entropy_categorical_features": 0.6575706005096436,
    "stdev_entropy_categorical_features": 0.6575706005096436,
    "mean_information_gain_categorical_features": 0.028955381363630295,
    "stdev_information_gain_categorical_features": 0.028955381363630295,
    "mean_mutual_informaiton_categorical_features": 0.028955381363630295,
    "stdev_mutual_informaiton_categorical_features": 0.028955381363630295,
    "gaussian_nb_accuracy": 0.9584179970972423,
    "gaussian_nb_balanced_accuracy": 0.80670563877725,
    "lda_accuracy": 0.9621190130624093,
    "lda_balanced_accuracy": 0.7083333333333333,
    "decision_tree_1_accuracy": 0.9584179970972423,
    "decision_tree_1_balanced_accuracy": 0.929397716533422,
    "decision_tree_2_accuracy": 0.9809869375907112,
    "decision_tree_2_balanced_accuracy": 0.9292517006802722,
    "extra_trees_2_10_accuracy": 0.9318577648766327,
    "extra_trees_2_10_balanced_accuracy": 0.5333333333333333
}