{
    "nb_instances": 285,
    "log_nb_instances": 5.652489180268651,
    "nb_features": 7,
    "dataset_dimensionality": 40.714285714285715,
    "log_dataset_dimensionality": 3.7065790312133373,
    "dataset_ratio": 0.02456140350877193,
    "nb_missing_vals": 27,
    "ratio_features_with_missing_vals": 0.010526315789473684,
    "ratio_instances_with_missing_vals": 0.06315789473684211,
    "nb_numeric_features": 3,
    "nb_categorical_features": 4,
    "ratio_numeric_categorical_features": 0.75,
    "ratio_categorical_numeric_features": 1.3333333333333333,
    "nb_classes": 7,
    "class_entropy": 1.7157218530527645,
    "mean_target_class_ratio": 0.1428571492433548,
    "stdev_target_class_ratio": 0.1428571492433548,
    "min_target_class_ratio": 0.0736842080950737,
    "median_target_class_ratio": 0.1122807040810585,
    "max_target_class_ratio": 0.4140350818634033,
    "mean_mean_numeric_features": 27.401037216186523,
    "stdev_mean_numeric_features": 27.401037216186523,
    "mean_stdev_numeric_features": 6.9787421226501465,
    "stdev_stdev_numeric_features": 6.9787421226501465,
    "mean_var_numeric_features": 113.88080596923828,
    "stdev_var_numeric_features": 113.88080596923828,
    "mean_min_numeric_features": 10.449999809265137,
    "stdev_min_numeric_features": 10.449999809265137,
    "mean_median_numeric_features": 28.959999084472656,
    "stdev_median_numeric_features": 28.959999084472656,
    "mean_max_numeric_features": 37.19333267211914,
    "stdev_max_numeric_features": 37.19333267211914,
    "mean_skew_numeric_features": -0.07728121429681778,
    "stdev_skew_numeric_features": -0.07728121429681778,
    "mean_kurtosis_numeric_features": -1.1141221523284912,
    "stdev_kurtosis_numeric_features": -1.1141221523284912,
    "pca_1": 0.9911863703793435,
    "pca_2": 0.006647662235272024,
    "pca_3": 0.002165967385384381,
    "mean_entropy_categorical_features": 1.784589409828186,
    "stdev_entropy_categorical_features": 1.784589409828186,
    "mean_information_gain_categorical_features": 0.33485573530197144,
    "stdev_information_gain_categorical_features": 0.33485573530197144,
    "mean_mutual_informaiton_categorical_features": 0.33485573530197144,
    "stdev_mutual_informaiton_categorical_features": 0.33485573530197144,
    "gaussian_nb_accuracy": NaN,
    "gaussian_nb_balanced_accuracy": NaN,
    "lda_accuracy": NaN,
    "lda_balanced_accuracy": NaN,
    "decision_tree_1_accuracy": NaN,
    "decision_tree_1_balanced_accuracy": NaN,
    "decision_tree_2_accuracy": NaN,
    "decision_tree_2_balanced_accuracy": NaN,
    "extra_trees_2_10_accuracy": NaN,
    "extra_trees_2_10_balanced_accuracy": NaN
}