{
    "nb_instances": 1340,
    "log_nb_instances": 7.200424892944957,
    "nb_features": 16,
    "dataset_dimensionality": 83.75,
    "log_dataset_dimensionality": 4.427836170705175,
    "dataset_ratio": 0.011940298507462687,
    "nb_missing_vals": 20,
    "ratio_features_with_missing_vals": 0.0007462686567164179,
    "ratio_instances_with_missing_vals": 0.014925373134328358,
    "nb_numeric_features": 15,
    "nb_categorical_features": 1,
    "ratio_numeric_categorical_features": 15.0,
    "ratio_categorical_numeric_features": 0.06666666666666667,
    "nb_classes": 3,
    "class_entropy": 0.3743673082548503,
    "mean_target_class_ratio": 0.3333333432674408,
    "stdev_target_class_ratio": 0.3333333432674408,
    "min_target_class_ratio": 0.04253731295466423,
    "median_target_class_ratio": 0.05074626952409744,
    "max_target_class_ratio": 0.9067164063453674,
    "mean_mean_numeric_features": 638.2906494140625,
    "stdev_mean_numeric_features": 638.2906494140625,
    "mean_stdev_numeric_features": 326.4849853515625,
    "stdev_stdev_numeric_features": 326.4849853515625,
    "mean_var_numeric_features": 374742.8125,
    "stdev_var_numeric_features": 374742.8125,
    "mean_min_numeric_features": 34.3583984375,
    "stdev_min_numeric_features": 34.3583984375,
    "mean_median_numeric_features": 590.1970825195312,
    "stdev_median_numeric_features": 590.1970825195312,
    "mean_max_numeric_features": 2196.76953125,
    "stdev_max_numeric_features": 2196.76953125,
    "mean_skew_numeric_features": 0.8281227350234985,
    "stdev_skew_numeric_features": 0.8281227350234985,
    "mean_kurtosis_numeric_features": 2.1305339336395264,
    "stdev_kurtosis_numeric_features": 2.1305339336395264,
    "pca_1": 0.9657703081092112,
    "pca_2": 0.01667178458684471,
    "pca_3": 0.0080784320492016,
    "mean_entropy_categorical_features": 1.682299256324768,
    "stdev_entropy_categorical_features": 1.682299256324768,
    "mean_information_gain_categorical_features": 0.0074929227121174335,
    "stdev_information_gain_categorical_features": 0.0074929227121174335,
    "mean_mutual_informaiton_categorical_features": 0.0074929227121174335,
    "stdev_mutual_informaiton_categorical_features": 0.0074929227121174335,
    "gaussian_nb_accuracy": NaN,
    "gaussian_nb_balanced_accuracy": NaN,
    "lda_accuracy": NaN,
    "lda_balanced_accuracy": NaN,
    "decision_tree_1_accuracy": NaN,
    "decision_tree_1_balanced_accuracy": NaN,
    "decision_tree_2_accuracy": NaN,
    "decision_tree_2_balanced_accuracy": NaN,
    "extra_trees_2_10_accuracy": NaN,
    "extra_trees_2_10_balanced_accuracy": NaN
}