{
    "nb_instances": 406,
    "log_nb_instances": 6.0063531596017325,
    "nb_features": 7,
    "dataset_dimensionality": 58.0,
    "log_dataset_dimensionality": 4.060443010546419,
    "dataset_ratio": 0.017241379310344827,
    "nb_missing_vals": 14,
    "ratio_features_with_missing_vals": 0.0049261083743842365,
    "ratio_instances_with_missing_vals": 0.034482758620689655,
    "nb_numeric_features": 6,
    "nb_categorical_features": 1,
    "ratio_numeric_categorical_features": 6.0,
    "ratio_categorical_numeric_features": 0.16666666666666666,
    "nb_classes": 3,
    "class_entropy": 0.9204595059775071,
    "mean_target_class_ratio": 0.3333333432674408,
    "stdev_target_class_ratio": 0.3333333432674408,
    "min_target_class_ratio": 0.17980295419692993,
    "median_target_class_ratio": 0.1945812851190567,
    "max_target_class_ratio": 0.6256157755851746,
    "mean_mean_numeric_features": 565.2387084960938,
    "stdev_mean_numeric_features": 565.2387084960938,
    "mean_stdev_numeric_features": 167.7975616455078,
    "stdev_stdev_numeric_features": 167.7975616455078,
    "mean_var_numeric_features": 122333.125,
    "stdev_var_numeric_features": 122333.125,
    "mean_min_numeric_features": 302.3333435058594,
    "stdev_min_numeric_features": 302.3333435058594,
    "mean_median_numeric_features": 527.0416870117188,
    "stdev_median_numeric_features": 527.0416870117188,
    "mean_max_numeric_features": 996.3999633789062,
    "stdev_max_numeric_features": 996.3999633789062,
    "mean_skew_numeric_features": 0.5128247141838074,
    "stdev_skew_numeric_features": 0.5128247141838074,
    "mean_kurtosis_numeric_features": -0.35497260093688965,
    "stdev_kurtosis_numeric_features": -0.35497260093688965,
    "pca_1": 0.9975375957916146,
    "pca_2": 0.0020628777052870135,
    "pca_3": 0.00035643019947068755,
    "mean_entropy_categorical_features": 1.1081253290176392,
    "stdev_entropy_categorical_features": 1.1081253290176392,
    "mean_information_gain_categorical_features": 0.2684982717037201,
    "stdev_information_gain_categorical_features": 0.2684982717037201,
    "mean_mutual_informaiton_categorical_features": 0.2684982717037201,
    "stdev_mutual_informaiton_categorical_features": 0.2684982717037201,
    "gaussian_nb_accuracy": 0.678805582603051,
    "gaussian_nb_balanced_accuracy": 0.6451502451077578,
    "lda_accuracy": 0.7344368711457319,
    "lda_balanced_accuracy": 0.6445635668939312,
    "decision_tree_1_accuracy": 0.6581629341123012,
    "decision_tree_1_balanced_accuracy": 0.5618213145723405,
    "decision_tree_2_accuracy": 0.7196040246673159,
    "decision_tree_2_balanced_accuracy": 0.5380834412501571,
    "extra_trees_2_10_accuracy": 0.6708536189548848,
    "extra_trees_2_10_balanced_accuracy": 0.43285938772672194
}