{
    "nb_instances": 1080,
    "log_nb_instances": 6.984716320118266,
    "nb_features": 80,
    "dataset_dimensionality": 13.5,
    "log_dataset_dimensionality": 2.6026896854443837,
    "dataset_ratio": 0.07407407407407407,
    "nb_missing_vals": 1396,
    "ratio_features_with_missing_vals": 0.04537037037037037,
    "ratio_instances_with_missing_vals": 0.4888888888888889,
    "nb_numeric_features": 77,
    "nb_categorical_features": 3,
    "ratio_numeric_categorical_features": 25.666666666666668,
    "ratio_categorical_numeric_features": 0.03896103896103896,
    "nb_classes": 8,
    "class_entropy": 2.0746080789688612,
    "mean_target_class_ratio": 0.125,
    "stdev_target_class_ratio": 0.125,
    "min_target_class_ratio": 0.0972222238779068,
    "median_target_class_ratio": 0.125,
    "max_target_class_ratio": 0.1388888955116272,
    "mean_mean_numeric_features": 0.6715706586837769,
    "stdev_mean_numeric_features": 0.6715706586837769,
    "mean_stdev_numeric_features": 0.1544674038887024,
    "stdev_stdev_numeric_features": 0.1544674038887024,
    "mean_var_numeric_features": 0.07163368910551071,
    "stdev_var_numeric_features": 0.07163368910551071,
    "mean_min_numeric_features": 0.32894131541252136,
    "stdev_min_numeric_features": 0.32894131541252136,
    "mean_median_numeric_features": 0.6527009010314941,
    "stdev_median_numeric_features": 0.6527009010314941,
    "mean_max_numeric_features": 1.2738333940505981,
    "stdev_max_numeric_features": 1.2738333940505981,
    "mean_skew_numeric_features": 0.635430097579956,
    "stdev_skew_numeric_features": 0.635430097579956,
    "mean_kurtosis_numeric_features": 3.008261203765869,
    "stdev_kurtosis_numeric_features": 3.008261203765869,
    "pca_1": 0.4695986394193144,
    "pca_2": 0.26100516313475774,
    "pca_3": 0.10950569273068958,
    "mean_entropy_categorical_features": 0.6910383105278015,
    "stdev_entropy_categorical_features": 0.6910383105278015,
    "mean_information_gain_categorical_features": 0.6910383105278015,
    "stdev_information_gain_categorical_features": 0.6910383105278015,
    "mean_mutual_informaiton_categorical_features": 0.6910383105278015,
    "stdev_mutual_informaiton_categorical_features": 0.6910383105278015,
    "gaussian_nb_accuracy": NaN,
    "gaussian_nb_balanced_accuracy": NaN,
    "lda_accuracy": NaN,
    "lda_balanced_accuracy": NaN,
    "decision_tree_1_accuracy": NaN,
    "decision_tree_1_balanced_accuracy": NaN,
    "decision_tree_2_accuracy": NaN,
    "decision_tree_2_balanced_accuracy": NaN,
    "extra_trees_2_10_accuracy": NaN,
    "extra_trees_2_10_balanced_accuracy": NaN
}