{
    "nb_instances": 841,
    "log_nb_instances": 6.734591659972948,
    "nb_features": 70,
    "dataset_dimensionality": 12.014285714285714,
    "log_dataset_dimensionality": 2.486096417923589,
    "dataset_ratio": 0.08323424494649227,
    "nb_missing_vals": 0,
    "ratio_features_with_missing_vals": 0.0,
    "ratio_instances_with_missing_vals": 0.0,
    "nb_numeric_features": 70,
    "nb_categorical_features": 0,
    "ratio_numeric_categorical_features": 0.0,
    "ratio_categorical_numeric_features": 0.0,
    "nb_classes": 4,
    "class_entropy": 1.2389423950087133,
    "mean_target_class_ratio": 0.25,
    "stdev_target_class_ratio": 0.25,
    "min_target_class_ratio": 0.06539833545684814,
    "median_target_class_ratio": 0.2788347005844116,
    "max_target_class_ratio": 0.3769322335720062,
    "mean_mean_numeric_features": 10.125240325927734,
    "stdev_mean_numeric_features": 10.125240325927734,
    "mean_stdev_numeric_features": 5.356525421142578,
    "stdev_stdev_numeric_features": 5.356525421142578,
    "mean_var_numeric_features": 50.91796875,
    "stdev_var_numeric_features": 50.91796875,
    "mean_min_numeric_features": 0.8285714387893677,
    "stdev_min_numeric_features": 0.8285714387893677,
    "mean_median_numeric_features": 9.199999809265137,
    "stdev_median_numeric_features": 9.199999809265137,
    "mean_max_numeric_features": 34.400001525878906,
    "stdev_max_numeric_features": 34.400001525878906,
    "mean_skew_numeric_features": 1.1147021055221558,
    "stdev_skew_numeric_features": 1.1147021055221558,
    "mean_kurtosis_numeric_features": 2.3591296672821045,
    "stdev_kurtosis_numeric_features": 2.3591296672821045,
    "pca_1": 0.38023004622244244,
    "pca_2": 0.14291940975380818,
    "pca_3": 0.0815774443552958,
    "mean_entropy_categorical_features": NaN,
    "stdev_entropy_categorical_features": NaN,
    "mean_information_gain_categorical_features": NaN,
    "stdev_information_gain_categorical_features": NaN,
    "mean_mutual_informaiton_categorical_features": NaN,
    "stdev_mutual_informaiton_categorical_features": NaN,
    "gaussian_nb_accuracy": 0.9869258946182023,
    "gaussian_nb_balanced_accuracy": 0.9856027490897757,
    "lda_accuracy": 0.9988165680473372,
    "lda_balanced_accuracy": 0.9991803278688526,
    "decision_tree_1_accuracy": 0.5374260355029585,
    "decision_tree_1_balanced_accuracy": 0.4748764478947713,
    "decision_tree_2_accuracy": 0.9024795717103409,
    "decision_tree_2_balanced_accuracy": 0.8924141657693985,
    "extra_trees_2_10_accuracy": 0.7955057762750071,
    "extra_trees_2_10_balanced_accuracy": 0.6411249126082392
}