{
    "nb_instances": 180,
    "log_nb_instances": 5.19295685089021,
    "nb_features": 31,
    "dataset_dimensionality": 5.806451612903226,
    "log_dataset_dimensionality": 1.7589696464050641,
    "dataset_ratio": 0.17222222222222222,
    "nb_missing_vals": 0,
    "ratio_features_with_missing_vals": 0.0,
    "ratio_instances_with_missing_vals": 0.0,
    "nb_numeric_features": 5,
    "nb_categorical_features": 26,
    "ratio_numeric_categorical_features": 0.19230769230769232,
    "ratio_categorical_numeric_features": 5.2,
    "nb_classes": 2,
    "class_entropy": 0.40294135786694235,
    "mean_target_class_ratio": 0.5,
    "stdev_target_class_ratio": 0.5,
    "min_target_class_ratio": 0.1388888955116272,
    "median_target_class_ratio": 0.5,
    "max_target_class_ratio": 0.8611111044883728,
    "mean_mean_numeric_features": 32.232913970947266,
    "stdev_mean_numeric_features": 32.232913970947266,
    "mean_stdev_numeric_features": 5.513894557952881,
    "stdev_stdev_numeric_features": 5.513894557952881,
    "mean_var_numeric_features": 51.77898406982422,
    "stdev_var_numeric_features": 51.77898406982422,
    "mean_min_numeric_features": 20.610000610351562,
    "stdev_min_numeric_features": 20.610000610351562,
    "mean_median_numeric_features": 31.648000717163086,
    "stdev_median_numeric_features": 31.648000717163086,
    "mean_max_numeric_features": 49.10599899291992,
    "stdev_max_numeric_features": 49.10599899291992,
    "mean_skew_numeric_features": 0.5056871771812439,
    "stdev_skew_numeric_features": 0.5056871771812439,
    "mean_kurtosis_numeric_features": 0.9508159756660461,
    "stdev_kurtosis_numeric_features": 0.9508159756660461,
    "pca_1": 0.8243414839173276,
    "pca_2": 0.11922395082236013,
    "pca_3": 0.05510296787418596,
    "mean_entropy_categorical_features": 0.49495333433151245,
    "stdev_entropy_categorical_features": 0.49495333433151245,
    "mean_information_gain_categorical_features": 0.011178303509950638,
    "stdev_information_gain_categorical_features": 0.011178303509950638,
    "mean_mutual_informaiton_categorical_features": 0.011178303509950638,
    "stdev_mutual_informaiton_categorical_features": 0.011178303509950638,
    "gaussian_nb_accuracy": 0.18333333333333332,
    "gaussian_nb_balanced_accuracy": 0.46794101731601734,
    "lda_accuracy": 0.7888888888888889,
    "lda_balanced_accuracy": 0.549247640936241,
    "decision_tree_1_accuracy": 0.861111111111111,
    "decision_tree_1_balanced_accuracy": 0.5,
    "decision_tree_2_accuracy": 0.85,
    "decision_tree_2_balanced_accuracy": 0.546875,
    "extra_trees_2_10_accuracy": 0.861111111111111,
    "extra_trees_2_10_balanced_accuracy": 0.5
}