{
    "nb_instances": 500,
    "log_nb_instances": 6.214608098422191,
    "nb_features": 21,
    "dataset_dimensionality": 23.80952380952381,
    "log_dataset_dimensionality": 3.170085660698769,
    "dataset_ratio": 0.042,
    "nb_missing_vals": 0,
    "ratio_features_with_missing_vals": 0.0,
    "ratio_instances_with_missing_vals": 0.0,
    "nb_numeric_features": 19,
    "nb_categorical_features": 2,
    "ratio_numeric_categorical_features": 9.5,
    "ratio_categorical_numeric_features": 0.10526315789473684,
    "nb_classes": 15,
    "class_entropy": 2.528990516086197,
    "mean_target_class_ratio": 0.06666666269302368,
    "stdev_target_class_ratio": 0.06666666269302368,
    "min_target_class_ratio": 0.012000000104308128,
    "median_target_class_ratio": 0.057999998331069946,
    "max_target_class_ratio": 0.1599999964237213,
    "mean_mean_numeric_features": 3.3144400119781494,
    "stdev_mean_numeric_features": 3.3144400119781494,
    "mean_stdev_numeric_features": 1.0452797412872314,
    "stdev_stdev_numeric_features": 1.0452797412872314,
    "mean_var_numeric_features": 2.3214645385742188,
    "stdev_var_numeric_features": 2.3214645385742188,
    "mean_min_numeric_features": 1.146842122077942,
    "stdev_min_numeric_features": 1.146842122077942,
    "mean_median_numeric_features": 3.1647369861602783,
    "stdev_median_numeric_features": 3.1647369861602783,
    "mean_max_numeric_features": 7.2878947257995605,
    "stdev_max_numeric_features": 7.2878947257995605,
    "mean_skew_numeric_features": 1.2182133197784424,
    "stdev_skew_numeric_features": 1.2182133197784424,
    "mean_kurtosis_numeric_features": 4.030981540679932,
    "stdev_kurtosis_numeric_features": 4.030981540679932,
    "pca_1": 0.7372464051466625,
    "pca_2": 0.10880151665903248,
    "pca_3": 0.04978933470283781,
    "mean_entropy_categorical_features": 1.2644952535629272,
    "stdev_entropy_categorical_features": 1.2644952535629272,
    "mean_information_gain_categorical_features": 1.2644952535629272,
    "stdev_information_gain_categorical_features": 1.2644952535629272,
    "mean_mutual_informaiton_categorical_features": 1.2644952535629272,
    "stdev_mutual_informaiton_categorical_features": 1.2644952535629272,
    "gaussian_nb_accuracy": 1.0,
    "gaussian_nb_balanced_accuracy": 1.0,
    "lda_accuracy": 0.434,
    "lda_balanced_accuracy": 0.3988829001686144,
    "decision_tree_1_accuracy": 0.31,
    "decision_tree_1_balanced_accuracy": 0.13333333333333333,
    "decision_tree_2_accuracy": 0.41200000000000003,
    "decision_tree_2_balanced_accuracy": 0.28249084249084244,
    "extra_trees_2_10_accuracy": 0.40800000000000003,
    "extra_trees_2_10_balanced_accuracy": 0.2727729528976765
}