{
    "nb_instances": 209,
    "log_nb_instances": 5.342334251964811,
    "nb_features": 8,
    "dataset_dimensionality": 26.125,
    "log_dataset_dimensionality": 3.262892710284975,
    "dataset_ratio": 0.03827751196172249,
    "nb_missing_vals": 15,
    "ratio_features_with_missing_vals": 0.009569377990430622,
    "ratio_instances_with_missing_vals": 0.07177033492822966,
    "nb_numeric_features": 7,
    "nb_categorical_features": 1,
    "ratio_numeric_categorical_features": 7.0,
    "ratio_categorical_numeric_features": 0.14285714285714285,
    "nb_classes": 2,
    "class_entropy": 0.6527546265645937,
    "mean_target_class_ratio": 0.5,
    "stdev_target_class_ratio": 0.5,
    "min_target_class_ratio": 0.35885167121887207,
    "median_target_class_ratio": 0.5,
    "max_target_class_ratio": 0.6411483287811279,
    "mean_mean_numeric_features": 9359.6728515625,
    "stdev_mean_numeric_features": 9359.6728515625,
    "mean_stdev_numeric_features": 3933.876953125,
    "stdev_stdev_numeric_features": 3933.876953125,
    "mean_var_numeric_features": 104851720.0,
    "stdev_var_numeric_features": 104851720.0,
    "mean_min_numeric_features": 1568.257080078125,
    "stdev_min_numeric_features": 1568.257080078125,
    "mean_median_numeric_features": 9490.8359375,
    "stdev_median_numeric_features": 9490.8359375,
    "mean_max_numeric_features": 17648.572265625,
    "stdev_max_numeric_features": 17648.572265625,
    "mean_skew_numeric_features": 1.548157811164856,
    "stdev_skew_numeric_features": 1.548157811164856,
    "mean_kurtosis_numeric_features": 7.499557018280029,
    "stdev_kurtosis_numeric_features": 7.499557018280029,
    "pca_1": 0.999912544563419,
    "pca_2": 5.4523315421678976e-05,
    "pca_3": 2.888427000459722e-05,
    "mean_entropy_categorical_features": 1.0160789489746094,
    "stdev_entropy_categorical_features": 1.0160789489746094,
    "mean_information_gain_categorical_features": 0.01101971510797739,
    "stdev_information_gain_categorical_features": 0.01101971510797739,
    "mean_mutual_informaiton_categorical_features": 0.01101971510797739,
    "stdev_mutual_informaiton_categorical_features": 0.01101971510797739,
    "gaussian_nb_accuracy": 0.9021592442645072,
    "gaussian_nb_balanced_accuracy": 0.8686917104634496,
    "lda_accuracy": 0.8867746288798919,
    "lda_balanced_accuracy": 0.8591233211233211,
    "decision_tree_1_accuracy": 0.773144399460189,
    "decision_tree_1_balanced_accuracy": 0.7181313628899837,
    "decision_tree_2_accuracy": 0.8456140350877194,
    "decision_tree_2_balanced_accuracy": 0.7805012741592025,
    "extra_trees_2_10_accuracy": 0.7890688259109313,
    "extra_trees_2_10_balanced_accuracy": 0.6973688811188812
}