{
    "nb_instances": 1161,
    "log_nb_instances": 7.057036981697891,
    "nb_features": 14,
    "dataset_dimensionality": 82.92857142857143,
    "log_dataset_dimensionality": 4.417979652082633,
    "dataset_ratio": 0.012058570198105082,
    "nb_missing_vals": 256,
    "ratio_features_with_missing_vals": 0.00516795865633075,
    "ratio_instances_with_missing_vals": 0.07493540051679587,
    "nb_numeric_features": 13,
    "nb_categorical_features": 1,
    "ratio_numeric_categorical_features": 13.0,
    "ratio_categorical_numeric_features": 0.07692307692307693,
    "nb_classes": 4,
    "class_entropy": 0.9945523565919457,
    "mean_target_class_ratio": 0.25,
    "stdev_target_class_ratio": 0.25,
    "min_target_class_ratio": 0.000861326465383172,
    "median_target_class_ratio": 0.2338501214981079,
    "max_target_class_ratio": 0.531438410282135,
    "mean_mean_numeric_features": 341.4497375488281,
    "stdev_mean_numeric_features": 341.4497375488281,
    "mean_stdev_numeric_features": 109.43616485595703,
    "stdev_stdev_numeric_features": 109.43616485595703,
    "mean_var_numeric_features": 16866.490234375,
    "stdev_var_numeric_features": 16866.490234375,
    "mean_min_numeric_features": 163.53846740722656,
    "stdev_min_numeric_features": 163.53846740722656,
    "mean_median_numeric_features": 315.0,
    "stdev_median_numeric_features": 315.0,
    "mean_max_numeric_features": 906.7692260742188,
    "stdev_max_numeric_features": 906.7692260742188,
    "mean_skew_numeric_features": 1.3602162599563599,
    "stdev_skew_numeric_features": 1.3602162599563599,
    "mean_kurtosis_numeric_features": 3.777268648147583,
    "stdev_kurtosis_numeric_features": 3.777268648147583,
    "pca_1": 0.7712072942358563,
    "pca_2": 0.20106240511865767,
    "pca_3": 0.011185260611660329,
    "mean_entropy_categorical_features": 3.628694772720337,
    "stdev_entropy_categorical_features": 3.628694772720337,
    "mean_information_gain_categorical_features": 0.08528157323598862,
    "stdev_information_gain_categorical_features": 0.08528157323598862,
    "mean_mutual_informaiton_categorical_features": 0.08528157323598862,
    "stdev_mutual_informaiton_categorical_features": 0.08528157323598862,
    "gaussian_nb_accuracy": NaN,
    "gaussian_nb_balanced_accuracy": NaN,
    "lda_accuracy": NaN,
    "lda_balanced_accuracy": NaN,
    "decision_tree_1_accuracy": NaN,
    "decision_tree_1_balanced_accuracy": NaN,
    "decision_tree_2_accuracy": NaN,
    "decision_tree_2_balanced_accuracy": NaN,
    "extra_trees_2_10_accuracy": NaN,
    "extra_trees_2_10_balanced_accuracy": NaN
}