{
    "nb_instances": 303,
    "log_nb_instances": 5.713732805509369,
    "nb_features": 13,
    "dataset_dimensionality": 23.307692307692307,
    "log_dataset_dimensionality": 3.1487834480478325,
    "dataset_ratio": 0.0429042904290429,
    "nb_missing_vals": 7,
    "ratio_features_with_missing_vals": 0.006600660066006601,
    "ratio_instances_with_missing_vals": 0.0231023102310231,
    "nb_numeric_features": 6,
    "nb_categorical_features": 7,
    "ratio_numeric_categorical_features": 0.8571428571428571,
    "ratio_categorical_numeric_features": 1.1666666666666667,
    "nb_classes": 5,
    "class_entropy": 0.6891717106404252,
    "mean_target_class_ratio": 0.20000000298023224,
    "stdev_target_class_ratio": 0.20000000298023224,
    "min_target_class_ratio": 0.0,
    "median_target_class_ratio": 0.0,
    "max_target_class_ratio": 0.5445544719696045,
    "mean_mean_numeric_features": 97.43047332763672,
    "stdev_mean_numeric_features": 97.43047332763672,
    "mean_stdev_numeric_features": 17.306684494018555,
    "stdev_stdev_numeric_features": 17.306684494018555,
    "mean_var_numeric_features": 604.6362915039062,
    "stdev_var_numeric_features": 604.6362915039062,
    "mean_min_numeric_features": 53.33333206176758,
    "stdev_min_numeric_features": 53.33333206176758,
    "mean_median_numeric_features": 96.96666717529297,
    "stdev_median_numeric_features": 96.96666717529297,
    "mean_max_numeric_features": 175.3666534423828,
    "stdev_max_numeric_features": 175.3666534423828,
    "mean_skew_numeric_features": 0.5854591727256775,
    "stdev_skew_numeric_features": 0.5854591727256775,
    "mean_kurtosis_numeric_features": 1.0817484855651855,
    "stdev_kurtosis_numeric_features": 1.0817484855651855,
    "pca_1": 0.7472542290361753,
    "pca_2": 0.15044865200871158,
    "pca_3": 0.08568646748232892,
    "mean_entropy_categorical_features": 0.7717279195785522,
    "stdev_entropy_categorical_features": 0.7717279195785522,
    "mean_information_gain_categorical_features": NaN,
    "stdev_information_gain_categorical_features": NaN,
    "mean_mutual_informaiton_categorical_features": 0.0733213946223259,
    "stdev_mutual_informaiton_categorical_features": 0.0733213946223259,
    "gaussian_nb_accuracy": NaN,
    "gaussian_nb_balanced_accuracy": NaN,
    "lda_accuracy": NaN,
    "lda_balanced_accuracy": NaN,
    "decision_tree_1_accuracy": NaN,
    "decision_tree_1_balanced_accuracy": NaN,
    "decision_tree_2_accuracy": NaN,
    "decision_tree_2_balanced_accuracy": NaN,
    "extra_trees_2_10_accuracy": NaN,
    "extra_trees_2_10_balanced_accuracy": NaN
}