{
    "nb_instances": 846,
    "log_nb_instances": 6.740519359606223,
    "nb_features": 18,
    "dataset_dimensionality": 47.0,
    "log_dataset_dimensionality": 3.8501476017100584,
    "dataset_ratio": 0.02127659574468085,
    "nb_missing_vals": 0,
    "ratio_features_with_missing_vals": 0.0,
    "ratio_instances_with_missing_vals": 0.0,
    "nb_numeric_features": 18,
    "nb_categorical_features": 0,
    "ratio_numeric_categorical_features": 0.0,
    "ratio_categorical_numeric_features": 0.0,
    "nb_classes": 4,
    "class_entropy": 1.385647492281233,
    "mean_target_class_ratio": 0.25,
    "stdev_target_class_ratio": 0.25,
    "min_target_class_ratio": 0.23522458970546722,
    "median_target_class_ratio": 0.2535460889339447,
    "max_target_class_ratio": 0.2576832175254822,
    "mean_mean_numeric_features": 117.63495635986328,
    "stdev_mean_numeric_features": 117.63495635986328,
    "mean_stdev_numeric_features": 22.77083969116211,
    "stdev_stdev_numeric_features": 22.77083969116211,
    "mean_var_numeric_features": 2025.5889892578125,
    "stdev_var_numeric_features": 2025.5889892578125,
    "mean_min_numeric_features": 78.38888549804688,
    "stdev_min_numeric_features": 78.38888549804688,
    "mean_median_numeric_features": 111.55555725097656,
    "stdev_median_numeric_features": 111.55555725097656,
    "mean_max_numeric_features": 198.88888549804688,
    "stdev_max_numeric_features": 198.88888549804688,
    "mean_skew_numeric_features": 1.0415778160095215,
    "stdev_skew_numeric_features": 1.0415778160095215,
    "mean_kurtosis_numeric_features": 5.153140068054199,
    "stdev_kurtosis_numeric_features": 5.153140068054199,
    "pca_1": 0.9592087944159357,
    "pca_2": 0.018013099051595097,
    "pca_3": 0.011955932835700182,
    "mean_entropy_categorical_features": NaN,
    "stdev_entropy_categorical_features": NaN,
    "mean_information_gain_categorical_features": NaN,
    "stdev_information_gain_categorical_features": NaN,
    "mean_mutual_informaiton_categorical_features": NaN,
    "stdev_mutual_informaiton_categorical_features": NaN,
    "gaussian_nb_accuracy": 0.45506439262095366,
    "gaussian_nb_balanced_accuracy": 0.46573449283407686,
    "lda_accuracy": 0.7908179603202227,
    "lda_balanced_accuracy": 0.7942344477025894,
    "decision_tree_1_accuracy": 0.38774103724329967,
    "decision_tree_1_balanced_accuracy": 0.41447153507808193,
    "decision_tree_2_accuracy": 0.5047615732683606,
    "decision_tree_2_balanced_accuracy": 0.5105303901184995,
    "extra_trees_2_10_accuracy": 0.4988304907761921,
    "extra_trees_2_10_balanced_accuracy": 0.5036460962357754
}