{
    "nb_instances": 155,
    "log_nb_instances": 5.043425116919247,
    "nb_features": 19,
    "dataset_dimensionality": 8.157894736842104,
    "log_dataset_dimensionality": 2.098986137752806,
    "dataset_ratio": 0.12258064516129032,
    "nb_missing_vals": 167,
    "ratio_features_with_missing_vals": 0.0967741935483871,
    "ratio_instances_with_missing_vals": 0.4838709677419355,
    "nb_numeric_features": 6,
    "nb_categorical_features": 13,
    "ratio_numeric_categorical_features": 0.46153846153846156,
    "ratio_categorical_numeric_features": 2.1666666666666665,
    "nb_classes": 2,
    "class_entropy": 0.5092172162715136,
    "mean_target_class_ratio": 0.5,
    "stdev_target_class_ratio": 0.5,
    "min_target_class_ratio": 0.20645160973072052,
    "median_target_class_ratio": 0.5,
    "max_target_class_ratio": 0.7935484051704407,
    "mean_mean_numeric_features": 48.862918853759766,
    "stdev_mean_numeric_features": 48.862918853759766,
    "mean_stdev_numeric_features": 26.907346725463867,
    "stdev_stdev_numeric_features": 26.907346725463867,
    "mean_var_numeric_features": 1447.6348876953125,
    "stdev_var_numeric_features": 1447.6348876953125,
    "mean_min_numeric_features": 10.399999618530273,
    "stdev_min_numeric_features": 10.399999618530273,
    "mean_median_numeric_features": 41.16666793823242,
    "stdev_median_numeric_features": 41.16666793823242,
    "mean_max_numeric_features": 146.96665954589844,
    "stdev_max_numeric_features": 146.96665954589844,
    "mean_skew_numeric_features": 0.9182466864585876,
    "stdev_skew_numeric_features": 0.9182466864585876,
    "mean_kurtosis_numeric_features": 2.3482916355133057,
    "stdev_kurtosis_numeric_features": 2.3482916355133057,
    "pca_1": 0.6650525002797095,
    "pca_2": 0.2613272696576996,
    "pca_3": 0.06013300572967652,
    "mean_entropy_categorical_features": 0.5478700995445251,
    "stdev_entropy_categorical_features": 0.5478700995445251,
    "mean_information_gain_categorical_features": 0.03481322526931763,
    "stdev_information_gain_categorical_features": 0.03481322526931763,
    "mean_mutual_informaiton_categorical_features": 0.03481322526931763,
    "stdev_mutual_informaiton_categorical_features": 0.03481322526931763,
    "gaussian_nb_accuracy": NaN,
    "gaussian_nb_balanced_accuracy": NaN,
    "lda_accuracy": NaN,
    "lda_balanced_accuracy": NaN,
    "decision_tree_1_accuracy": NaN,
    "decision_tree_1_balanced_accuracy": NaN,
    "decision_tree_2_accuracy": NaN,
    "decision_tree_2_balanced_accuracy": NaN,
    "extra_trees_2_10_accuracy": NaN,
    "extra_trees_2_10_balanced_accuracy": NaN
}