{
    "nb_instances": 351,
    "log_nb_instances": 5.860786223465865,
    "nb_features": 34,
    "dataset_dimensionality": 10.323529411764707,
    "log_dataset_dimensionality": 2.3344256988497043,
    "dataset_ratio": 0.09686609686609686,
    "nb_missing_vals": 0,
    "ratio_features_with_missing_vals": 0.0,
    "ratio_instances_with_missing_vals": 0.0,
    "nb_numeric_features": 34,
    "nb_categorical_features": 0,
    "ratio_numeric_categorical_features": 0.0,
    "ratio_categorical_numeric_features": 0.0,
    "nb_classes": 2,
    "class_entropy": 0.652825793916348,
    "mean_target_class_ratio": 0.5,
    "stdev_target_class_ratio": 0.5,
    "min_target_class_ratio": 0.3589743673801422,
    "median_target_class_ratio": 0.5,
    "max_target_class_ratio": 0.6410256624221802,
    "mean_mean_numeric_features": 0.24769699573516846,
    "stdev_mean_numeric_features": 0.24769699573516846,
    "mean_stdev_numeric_features": 0.5104205012321472,
    "stdev_stdev_numeric_features": 0.5104205012321472,
    "mean_var_numeric_features": 0.27252963185310364,
    "stdev_var_numeric_features": 0.27252963185310364,
    "mean_min_numeric_features": -0.9411764740943909,
    "stdev_min_numeric_features": -0.9411764740943909,
    "mean_median_numeric_features": 0.32100528478622437,
    "stdev_median_numeric_features": 0.32100528478622437,
    "mean_max_numeric_features": 0.970588207244873,
    "stdev_max_numeric_features": 0.970588207244873,
    "mean_skew_numeric_features": -0.5672832131385803,
    "stdev_skew_numeric_features": -0.5672832131385803,
    "mean_kurtosis_numeric_features": 0.35050612688064575,
    "stdev_kurtosis_numeric_features": 0.35050612688064575,
    "pca_1": 0.31344256729725256,
    "pca_2": 0.12271591555589992,
    "pca_3": 0.07475315879875319,
    "mean_entropy_categorical_features": NaN,
    "stdev_entropy_categorical_features": NaN,
    "mean_information_gain_categorical_features": NaN,
    "stdev_information_gain_categorical_features": NaN,
    "mean_mutual_informaiton_categorical_features": NaN,
    "stdev_mutual_informaiton_categorical_features": NaN,
    "gaussian_nb_accuracy": 0.8945271629778672,
    "gaussian_nb_balanced_accuracy": 0.8636738698140178,
    "lda_accuracy": 0.8715492957746477,
    "lda_balanced_accuracy": 0.8287861034021995,
    "decision_tree_1_accuracy": 0.8261167002012073,
    "decision_tree_1_balanced_accuracy": 0.7563492063492063,
    "decision_tree_2_accuracy": 0.8888128772635815,
    "decision_tree_2_balanced_accuracy": 0.8702926155969635,
    "extra_trees_2_10_accuracy": 0.7890140845070424,
    "extra_trees_2_10_balanced_accuracy": 0.7103273809523809
}