{
    "nb_instances": 5000,
    "log_nb_instances": 8.517193191416238,
    "nb_features": 40,
    "dataset_dimensionality": 125.0,
    "log_dataset_dimensionality": 4.8283137373023015,
    "dataset_ratio": 0.008,
    "nb_missing_vals": 0,
    "ratio_features_with_missing_vals": 0.0,
    "ratio_instances_with_missing_vals": 0.0,
    "nb_numeric_features": 40,
    "nb_categorical_features": 0,
    "ratio_numeric_categorical_features": 0.0,
    "ratio_categorical_numeric_features": 0.0,
    "nb_classes": 3,
    "class_entropy": 1.0985545524188804,
    "mean_target_class_ratio": 0.3333333432674408,
    "stdev_target_class_ratio": 0.3333333432674408,
    "min_target_class_ratio": 0.33059999346733093,
    "median_target_class_ratio": 0.3310000002384186,
    "max_target_class_ratio": 0.3384000062942505,
    "mean_mean_numeric_features": 0.8994882702827454,
    "stdev_mean_numeric_features": 0.8994882702827454,
    "mean_stdev_numeric_features": 1.2711156606674194,
    "stdev_stdev_numeric_features": 1.2711156606674194,
    "mean_var_numeric_features": 1.736232042312622,
    "stdev_var_numeric_features": 1.736232042312622,
    "mean_min_numeric_features": -3.1852498054504395,
    "stdev_min_numeric_features": -3.1852498054504395,
    "mean_median_numeric_features": 0.8773750066757202,
    "stdev_median_numeric_features": 0.8773750066757202,
    "mean_max_numeric_features": 5.1605000495910645,
    "stdev_max_numeric_features": 5.1605000495910645,
    "mean_skew_numeric_features": 0.03546827286481857,
    "stdev_skew_numeric_features": 0.03546827286481857,
    "mean_kurtosis_numeric_features": -0.19641748070716858,
    "stdev_kurtosis_numeric_features": -0.19641748070716858,
    "pca_1": 0.33778664575599643,
    "pca_2": 0.11579383213765906,
    "pca_3": 0.016450415034428904,
    "mean_entropy_categorical_features": NaN,
    "stdev_entropy_categorical_features": NaN,
    "mean_information_gain_categorical_features": NaN,
    "stdev_information_gain_categorical_features": NaN,
    "mean_mutual_informaiton_categorical_features": NaN,
    "stdev_mutual_informaiton_categorical_features": NaN,
    "gaussian_nb_accuracy": 0.8006,
    "gaussian_nb_balanced_accuracy": 0.8030627433406845,
    "lda_accuracy": 0.8581999999999999,
    "lda_balanced_accuracy": 0.8586995734964983,
    "decision_tree_1_accuracy": 0.567,
    "decision_tree_1_balanced_accuracy": 0.5714518421754239,
    "decision_tree_2_accuracy": 0.6618,
    "decision_tree_2_balanced_accuracy": 0.6596753029938032,
    "extra_trees_2_10_accuracy": 0.7135999999999999,
    "extra_trees_2_10_balanced_accuracy": 0.7159469000741712
}