{
    "nb_instances": 540,
    "log_nb_instances": 6.29156913955832,
    "nb_features": 37,
    "dataset_dimensionality": 14.594594594594595,
    "log_dataset_dimensionality": 2.6806512269140956,
    "dataset_ratio": 0.06851851851851852,
    "nb_missing_vals": 999,
    "ratio_features_with_missing_vals": 0.05185185185185185,
    "ratio_instances_with_missing_vals": 0.48703703703703705,
    "nb_numeric_features": 18,
    "nb_categorical_features": 19,
    "ratio_numeric_categorical_features": 0.9473684210526315,
    "ratio_categorical_numeric_features": 1.0555555555555556,
    "nb_classes": 2,
    "class_entropy": 0.6809991432654108,
    "mean_target_class_ratio": 0.5,
    "stdev_target_class_ratio": 0.5,
    "min_target_class_ratio": 0.42222222685813904,
    "median_target_class_ratio": 0.5,
    "max_target_class_ratio": 0.5777778029441833,
    "mean_mean_numeric_features": 2128.706298828125,
    "stdev_mean_numeric_features": 2128.706298828125,
    "mean_stdev_numeric_features": 302.6051025390625,
    "stdev_stdev_numeric_features": 302.6051025390625,
    "mean_var_numeric_features": 1414637.75,
    "stdev_var_numeric_features": 1414637.75,
    "mean_min_numeric_features": 1298.763916015625,
    "stdev_min_numeric_features": 1298.763916015625,
    "mean_median_numeric_features": 2128.492919921875,
    "stdev_median_numeric_features": 2128.492919921875,
    "mean_max_numeric_features": 2862.1279296875,
    "stdev_max_numeric_features": 2862.1279296875,
    "mean_skew_numeric_features": 1.2863068580627441,
    "stdev_skew_numeric_features": 1.2863068580627441,
    "mean_kurtosis_numeric_features": 17.172157287597656,
    "stdev_kurtosis_numeric_features": 17.172157287597656,
    "pca_1": 0.9953840403720685,
    "pca_2": 0.0045984645737970386,
    "pca_3": 4.864294998437889e-06,
    "mean_entropy_categorical_features": 0.7903314232826233,
    "stdev_entropy_categorical_features": 0.7903314232826233,
    "mean_information_gain_categorical_features": 0.026548495516180992,
    "stdev_information_gain_categorical_features": 0.026548495516180992,
    "mean_mutual_informaiton_categorical_features": 0.026548495516180992,
    "stdev_mutual_informaiton_categorical_features": 0.026548495516180992,
    "gaussian_nb_accuracy": NaN,
    "gaussian_nb_balanced_accuracy": NaN,
    "lda_accuracy": NaN,
    "lda_balanced_accuracy": NaN,
    "decision_tree_1_accuracy": NaN,
    "decision_tree_1_balanced_accuracy": NaN,
    "decision_tree_2_accuracy": NaN,
    "decision_tree_2_balanced_accuracy": NaN,
    "extra_trees_2_10_accuracy": NaN,
    "extra_trees_2_10_balanced_accuracy": NaN
}