{
    "nb_instances": 310,
    "log_nb_instances": 5.736572297479192,
    "nb_features": 8,
    "dataset_dimensionality": 38.75,
    "log_dataset_dimensionality": 3.657130755799356,
    "dataset_ratio": 0.025806451612903226,
    "nb_missing_vals": 0,
    "ratio_features_with_missing_vals": 0.0,
    "ratio_instances_with_missing_vals": 0.0,
    "nb_numeric_features": 8,
    "nb_categorical_features": 0,
    "ratio_numeric_categorical_features": 0.0,
    "ratio_categorical_numeric_features": 0.0,
    "nb_classes": 9,
    "class_entropy": 2.1632451594242017,
    "mean_target_class_ratio": 0.1111111119389534,
    "stdev_target_class_ratio": 0.1111111119389534,
    "min_target_class_ratio": 0.05806451663374901,
    "median_target_class_ratio": 0.12580645084381104,
    "max_target_class_ratio": 0.13225805759429932,
    "mean_mean_numeric_features": 144.80140686035156,
    "stdev_mean_numeric_features": 144.80140686035156,
    "mean_stdev_numeric_features": 40.98419189453125,
    "stdev_stdev_numeric_features": 40.98419189453125,
    "mean_var_numeric_features": 4343.03271484375,
    "stdev_var_numeric_features": 4343.03271484375,
    "mean_min_numeric_features": 76.30318450927734,
    "stdev_min_numeric_features": 76.30318450927734,
    "mean_median_numeric_features": 150.1597442626953,
    "stdev_median_numeric_features": 150.1597442626953,
    "mean_max_numeric_features": 224.7454071044922,
    "stdev_max_numeric_features": 224.7454071044922,
    "mean_skew_numeric_features": 0.11568236351013184,
    "stdev_skew_numeric_features": 0.11568236351013184,
    "mean_kurtosis_numeric_features": -0.7768465280532837,
    "stdev_kurtosis_numeric_features": -0.7768465280532837,
    "pca_1": 0.9622886559843592,
    "pca_2": 0.027675650160893885,
    "pca_3": 0.006471383732139717,
    "mean_entropy_categorical_features": NaN,
    "stdev_entropy_categorical_features": NaN,
    "mean_information_gain_categorical_features": NaN,
    "stdev_information_gain_categorical_features": NaN,
    "mean_mutual_informaiton_categorical_features": NaN,
    "stdev_mutual_informaiton_categorical_features": NaN,
    "gaussian_nb_accuracy": 0.8741935483870968,
    "gaussian_nb_balanced_accuracy": 0.8815887045053712,
    "lda_accuracy": 0.7870967741935484,
    "lda_balanced_accuracy": 0.8086360099595394,
    "decision_tree_1_accuracy": 0.2064516129032258,
    "decision_tree_1_balanced_accuracy": 0.22222222222222224,
    "decision_tree_2_accuracy": 0.4612903225806452,
    "decision_tree_2_balanced_accuracy": 0.44000000000000006,
    "extra_trees_2_10_accuracy": 0.7258064516129032,
    "extra_trees_2_10_balanced_accuracy": 0.7452701619368286
}