{
    "nb_instances": 209,
    "log_nb_instances": 5.342334251964811,
    "nb_features": 6,
    "dataset_dimensionality": 34.833333333333336,
    "log_dataset_dimensionality": 3.550574782736756,
    "dataset_ratio": 0.028708133971291867,
    "nb_missing_vals": 0,
    "ratio_features_with_missing_vals": 0.0,
    "ratio_instances_with_missing_vals": 0.0,
    "nb_numeric_features": 6,
    "nb_categorical_features": 0,
    "ratio_numeric_categorical_features": 0.0,
    "ratio_categorical_numeric_features": 0.0,
    "nb_classes": 2,
    "class_entropy": 0.5812017320882035,
    "mean_target_class_ratio": 0.5,
    "stdev_target_class_ratio": 0.5,
    "min_target_class_ratio": 0.2679425776004791,
    "median_target_class_ratio": 0.5,
    "max_target_class_ratio": 0.7320573925971985,
    "mean_mean_numeric_features": 2486.021484375,
    "stdev_mean_numeric_features": 2486.021484375,
    "mean_stdev_numeric_features": 2656.502197265625,
    "stdev_stdev_numeric_features": 2656.502197265625,
    "mean_var_numeric_features": 25437846.0,
    "stdev_var_numeric_features": 25437846.0,
    "mean_min_numeric_features": 24.16666603088379,
    "stdev_min_numeric_features": 24.16666603088379,
    "mean_median_numeric_features": 1688.0,
    "stdev_median_numeric_features": 1688.0,
    "mean_max_numeric_features": 16330.6669921875,
    "stdev_max_numeric_features": 16330.6669921875,
    "mean_skew_numeric_features": 3.1081273555755615,
    "stdev_skew_numeric_features": 3.1081273555755615,
    "mean_kurtosis_numeric_features": 13.202313423156738,
    "stdev_kurtosis_numeric_features": 13.202313423156738,
    "pca_1": 0.9602836665848461,
    "pca_2": 0.039328144215849604,
    "pca_3": 0.00037786008991121345,
    "mean_entropy_categorical_features": NaN,
    "stdev_entropy_categorical_features": NaN,
    "mean_information_gain_categorical_features": NaN,
    "stdev_information_gain_categorical_features": NaN,
    "mean_mutual_informaiton_categorical_features": NaN,
    "stdev_mutual_informaiton_categorical_features": NaN,
    "gaussian_nb_accuracy": 0.937979094076655,
    "gaussian_nb_balanced_accuracy": 0.9215717720667665,
    "lda_accuracy": 0.9331010452961671,
    "lda_balanced_accuracy": 0.9012310606060605,
    "decision_tree_1_accuracy": 0.8613240418118467,
    "decision_tree_1_balanced_accuracy": 0.8166837919424127,
    "decision_tree_2_accuracy": 0.9332171893147503,
    "decision_tree_2_balanced_accuracy": 0.9162233955165643,
    "extra_trees_2_10_accuracy": 0.8897793263646923,
    "extra_trees_2_10_balanced_accuracy": 0.7950132625994695
}