{
    "nb_instances": 186,
    "log_nb_instances": 5.225746673713202,
    "nb_features": 60,
    "dataset_dimensionality": 3.1,
    "log_dataset_dimensionality": 1.1314021114911006,
    "dataset_ratio": 0.3225806451612903,
    "nb_missing_vals": 0,
    "ratio_features_with_missing_vals": 0.0,
    "ratio_instances_with_missing_vals": 0.0,
    "nb_numeric_features": 60,
    "nb_categorical_features": 0,
    "ratio_numeric_categorical_features": 0.0,
    "ratio_categorical_numeric_features": 0.0,
    "nb_classes": 2,
    "class_entropy": 0.678273896048092,
    "mean_target_class_ratio": 0.5,
    "stdev_target_class_ratio": 0.5,
    "min_target_class_ratio": 0.4139784872531891,
    "median_target_class_ratio": 0.5,
    "max_target_class_ratio": 0.5860214829444885,
    "mean_mean_numeric_features": 0.20417563617229462,
    "stdev_mean_numeric_features": 0.20417563617229462,
    "mean_stdev_numeric_features": 0.17984738945960999,
    "stdev_stdev_numeric_features": 0.17984738945960999,
    "mean_var_numeric_features": 0.038466889411211014,
    "stdev_var_numeric_features": 0.038466889411211014,
    "mean_min_numeric_features": 0.09666667133569717,
    "stdev_min_numeric_features": 0.09666667133569717,
    "mean_median_numeric_features": 0.1441500335931778,
    "stdev_median_numeric_features": 0.1441500335931778,
    "mean_max_numeric_features": 0.8700001239776611,
    "stdev_max_numeric_features": 0.8700001239776611,
    "mean_skew_numeric_features": 3.164281129837036,
    "stdev_skew_numeric_features": 3.164281129837036,
    "mean_kurtosis_numeric_features": 18.069175720214844,
    "stdev_kurtosis_numeric_features": 18.069175720214844,
    "pca_1": 0.33425903032899584,
    "pca_2": 0.1607184796294479,
    "pca_3": 0.10386476049117306,
    "mean_entropy_categorical_features": NaN,
    "stdev_entropy_categorical_features": NaN,
    "mean_information_gain_categorical_features": NaN,
    "stdev_information_gain_categorical_features": NaN,
    "mean_mutual_informaiton_categorical_features": NaN,
    "stdev_mutual_informaiton_categorical_features": NaN,
    "gaussian_nb_accuracy": 0.532574679943101,
    "gaussian_nb_balanced_accuracy": 0.5883657208331121,
    "lda_accuracy": 0.693456614509246,
    "lda_balanced_accuracy": 0.6959949189670551,
    "decision_tree_1_accuracy": 0.5860597439544808,
    "decision_tree_1_balanced_accuracy": 0.554083850931677,
    "decision_tree_2_accuracy": 0.6669985775248934,
    "decision_tree_2_balanced_accuracy": 0.6256716322892795,
    "extra_trees_2_10_accuracy": 0.7197724039829303,
    "extra_trees_2_10_balanced_accuracy": 0.6825735435588376
}