{
    "nb_instances": 205,
    "log_nb_instances": 5.3230099791384085,
    "nb_features": 25,
    "dataset_dimensionality": 8.2,
    "log_dataset_dimensionality": 2.1041341542702074,
    "dataset_ratio": 0.12195121951219512,
    "nb_missing_vals": 57,
    "ratio_features_with_missing_vals": 0.02926829268292683,
    "ratio_instances_with_missing_vals": 0.22439024390243903,
    "nb_numeric_features": 17,
    "nb_categorical_features": 8,
    "ratio_numeric_categorical_features": 2.125,
    "ratio_categorical_numeric_features": 0.47058823529411764,
    "nb_classes": 2,
    "class_entropy": 0.6749400381404818,
    "mean_target_class_ratio": 0.5,
    "stdev_target_class_ratio": 0.5,
    "min_target_class_ratio": 0.40487805008888245,
    "median_target_class_ratio": 0.5,
    "max_target_class_ratio": 0.5951219797134399,
    "mean_mean_numeric_features": 1160.8658447265625,
    "stdev_mean_numeric_features": 1160.8658447265625,
    "mean_stdev_numeric_features": 407.789794921875,
    "stdev_stdev_numeric_features": 407.789794921875,
    "mean_var_numeric_features": 2058873.625,
    "stdev_var_numeric_features": 2058873.625,
    "mean_min_numeric_features": 662.7652587890625,
    "stdev_min_numeric_features": 662.7652587890625,
    "mean_median_numeric_features": 1027.4906005859375,
    "stdev_median_numeric_features": 1027.4906005859375,
    "mean_max_numeric_features": 2754.98876953125,
    "stdev_max_numeric_features": 2754.98876953125,
    "mean_skew_numeric_features": 0.7313999533653259,
    "stdev_skew_numeric_features": 0.7313999533653259,
    "mean_kurtosis_numeric_features": 1.3401421308517456,
    "stdev_kurtosis_numeric_features": 1.3401421308517456,
    "pca_1": 0.9926122134848212,
    "pca_2": 0.0061122911392050994,
    "pca_3": 0.0012359753142770033,
    "mean_entropy_categorical_features": 0.9278073906898499,
    "stdev_entropy_categorical_features": 0.9278073906898499,
    "mean_information_gain_categorical_features": 0.12470048666000366,
    "stdev_information_gain_categorical_features": 0.12470048666000366,
    "mean_mutual_informaiton_categorical_features": 0.12470048666000366,
    "stdev_mutual_informaiton_categorical_features": 0.12470048666000366,
    "gaussian_nb_accuracy": NaN,
    "gaussian_nb_balanced_accuracy": NaN,
    "lda_accuracy": NaN,
    "lda_balanced_accuracy": NaN,
    "decision_tree_1_accuracy": NaN,
    "decision_tree_1_balanced_accuracy": NaN,
    "decision_tree_2_accuracy": NaN,
    "decision_tree_2_balanced_accuracy": NaN,
    "extra_trees_2_10_accuracy": NaN,
    "extra_trees_2_10_balanced_accuracy": NaN
}