{
    "nb_instances": 240,
    "log_nb_instances": 5.480638923341991,
    "nb_features": 124,
    "dataset_dimensionality": 1.935483870967742,
    "log_dataset_dimensionality": 0.6603573577369545,
    "dataset_ratio": 0.5166666666666667,
    "nb_missing_vals": 0,
    "ratio_features_with_missing_vals": 0.0,
    "ratio_instances_with_missing_vals": 0.0,
    "nb_numeric_features": 124,
    "nb_categorical_features": 0,
    "ratio_numeric_categorical_features": 0.0,
    "ratio_categorical_numeric_features": 0.0,
    "nb_classes": 2,
    "class_entropy": 0.6818546087307834,
    "mean_target_class_ratio": 0.5,
    "stdev_target_class_ratio": 0.5,
    "min_target_class_ratio": 0.42500001192092896,
    "median_target_class_ratio": 0.5,
    "max_target_class_ratio": 0.574999988079071,
    "mean_mean_numeric_features": 3.2390570640563965,
    "stdev_mean_numeric_features": 3.2390570640563965,
    "mean_stdev_numeric_features": 0.8045251965522766,
    "stdev_stdev_numeric_features": 0.8045251965522766,
    "mean_var_numeric_features": 3.0533924102783203,
    "stdev_var_numeric_features": 3.0533924102783203,
    "mean_min_numeric_features": 1.5520360469818115,
    "stdev_min_numeric_features": 1.5520360469818115,
    "mean_median_numeric_features": 3.1566147804260254,
    "stdev_median_numeric_features": 3.1566147804260254,
    "mean_max_numeric_features": 5.778565406799316,
    "stdev_max_numeric_features": 5.778565406799316,
    "mean_skew_numeric_features": 0.6986910104751587,
    "stdev_skew_numeric_features": 0.6986910104751587,
    "mean_kurtosis_numeric_features": 1.0260850191116333,
    "stdev_kurtosis_numeric_features": 1.0260850191116333,
    "pca_1": 0.8868503977408957,
    "pca_2": 0.073519477672384,
    "pca_3": 0.006085065426344904,
    "mean_entropy_categorical_features": NaN,
    "stdev_entropy_categorical_features": NaN,
    "mean_information_gain_categorical_features": NaN,
    "stdev_information_gain_categorical_features": NaN,
    "mean_mutual_informaiton_categorical_features": NaN,
    "stdev_mutual_informaiton_categorical_features": NaN,
    "gaussian_nb_accuracy": 0.6666666666666667,
    "gaussian_nb_balanced_accuracy": 0.6541089313321617,
    "lda_accuracy": 0.9291666666666666,
    "lda_balanced_accuracy": 0.9222509069877491,
    "decision_tree_1_accuracy": 0.8375,
    "decision_tree_1_balanced_accuracy": 0.8311139770342806,
    "decision_tree_2_accuracy": 0.825,
    "decision_tree_2_balanced_accuracy": 0.826338615854279,
    "extra_trees_2_10_accuracy": 0.7416666666666667,
    "extra_trees_2_10_balanced_accuracy": 0.7196552153902427
}