{
    "nb_instances": 159,
    "log_nb_instances": 5.0689042022202315,
    "nb_features": 9,
    "dataset_dimensionality": 17.666666666666668,
    "log_dataset_dimensionality": 2.8716796248840124,
    "dataset_ratio": 0.05660377358490566,
    "nb_missing_vals": 6,
    "ratio_features_with_missing_vals": 0.006289308176100629,
    "ratio_instances_with_missing_vals": 0.03773584905660377,
    "nb_numeric_features": 4,
    "nb_categorical_features": 5,
    "ratio_numeric_categorical_features": 0.8,
    "ratio_categorical_numeric_features": 1.25,
    "nb_classes": 2,
    "class_entropy": 0.5270671186532249,
    "mean_target_class_ratio": 0.5,
    "stdev_target_class_ratio": 0.5,
    "min_target_class_ratio": 0.22012577950954437,
    "median_target_class_ratio": 0.5,
    "max_target_class_ratio": 0.7798742055892944,
    "mean_mean_numeric_features": 6152.9736328125,
    "stdev_mean_numeric_features": 6152.9736328125,
    "mean_stdev_numeric_features": 4310.4853515625,
    "stdev_stdev_numeric_features": 4310.4853515625,
    "mean_var_numeric_features": 74170928.0,
    "stdev_var_numeric_features": 74170928.0,
    "mean_min_numeric_features": 131.5,
    "stdev_min_numeric_features": 131.5,
    "mean_median_numeric_features": 5325.5,
    "stdev_median_numeric_features": 5325.5,
    "mean_max_numeric_features": 21279.25,
    "stdev_max_numeric_features": 21279.25,
    "mean_skew_numeric_features": 1.2671866416931152,
    "stdev_skew_numeric_features": 1.2671866416931152,
    "mean_kurtosis_numeric_features": 3.009181499481201,
    "stdev_kurtosis_numeric_features": 3.009181499481201,
    "pca_1": 0.9999995527118548,
    "pca_2": 3.795502990945209e-07,
    "pca_3": 4.521337768832993e-08,
    "mean_entropy_categorical_features": 0.3860712945461273,
    "stdev_entropy_categorical_features": 0.3860712945461273,
    "mean_information_gain_categorical_features": 0.009043388068675995,
    "stdev_information_gain_categorical_features": 0.009043388068675995,
    "mean_mutual_informaiton_categorical_features": 0.009043388068675995,
    "stdev_mutual_informaiton_categorical_features": 0.009043388068675995,
    "gaussian_nb_accuracy": 0.7389247311827957,
    "gaussian_nb_balanced_accuracy": 0.49945652173913035,
    "lda_accuracy": 0.7524731182795699,
    "lda_balanced_accuracy": 0.5307692307692309,
    "decision_tree_1_accuracy": 0.7647311827956988,
    "decision_tree_1_balanced_accuracy": 0.4913043478260869,
    "decision_tree_2_accuracy": 0.7051612903225808,
    "decision_tree_2_balanced_accuracy": 0.49579894179894185,
    "extra_trees_2_10_accuracy": 0.7963440860215054,
    "extra_trees_2_10_balanced_accuracy": 0.5476190476190476
}