{
    "nb_instances": 506,
    "log_nb_instances": 6.226536669287466,
    "nb_features": 13,
    "dataset_dimensionality": 38.92307692307692,
    "log_dataset_dimensionality": 3.6615873118259286,
    "dataset_ratio": 0.025691699604743084,
    "nb_missing_vals": 0,
    "ratio_features_with_missing_vals": 0.0,
    "ratio_instances_with_missing_vals": 0.0,
    "nb_numeric_features": 12,
    "nb_categorical_features": 1,
    "ratio_numeric_categorical_features": 12.0,
    "ratio_categorical_numeric_features": 0.08333333333333333,
    "nb_classes": 2,
    "class_entropy": 0.6779471359178069,
    "mean_target_class_ratio": 0.5,
    "stdev_target_class_ratio": 0.5,
    "min_target_class_ratio": 0.41304346919059753,
    "median_target_class_ratio": 0.5,
    "max_target_class_ratio": 0.5869565010070801,
    "mean_mean_numeric_features": 75.9076919555664,
    "stdev_mean_numeric_features": 75.9076919555664,
    "mean_stdev_numeric_features": 28.9752197265625,
    "stdev_stdev_numeric_features": 28.9752197265625,
    "mean_var_numeric_features": 3194.441650390625,
    "stdev_var_numeric_features": 3194.441650390625,
    "mean_min_numeric_features": 17.590993881225586,
    "stdev_min_numeric_features": 17.590993881225586,
    "mean_median_numeric_features": 71.18753814697266,
    "stdev_median_numeric_features": 71.18753814697266,
    "mean_max_numeric_features": 127.53030395507812,
    "stdev_max_numeric_features": 127.53030395507812,
    "mean_skew_numeric_features": 0.6815089583396912,
    "stdev_skew_numeric_features": 0.6815089583396912,
    "mean_kurtosis_numeric_features": 3.8917388916015625,
    "stdev_kurtosis_numeric_features": 3.8917388916015625,
    "pca_1": 0.8058245288537537,
    "pca_2": 0.163052240481946,
    "pca_3": 0.021348624811997008,
    "mean_entropy_categorical_features": 0.25148656964302063,
    "stdev_entropy_categorical_features": 0.25148656964302063,
    "mean_information_gain_categorical_features": 0.003773289965465665,
    "stdev_information_gain_categorical_features": 0.003773289965465665,
    "mean_mutual_informaiton_categorical_features": 0.003773289965465665,
    "stdev_mutual_informaiton_categorical_features": 0.003773289965465665,
    "gaussian_nb_accuracy": 0.7352747039409822,
    "gaussian_nb_balanced_accuracy": 0.7553531184921791,
    "lda_accuracy": 0.8536206561832653,
    "lda_balanced_accuracy": 0.8451977821136228,
    "decision_tree_1_accuracy": 0.8121529800038827,
    "decision_tree_1_balanced_accuracy": 0.7971211158187488,
    "decision_tree_2_accuracy": 0.8282275286352163,
    "decision_tree_2_balanced_accuracy": 0.8070829243374297,
    "extra_trees_2_10_accuracy": 0.8458551737526694,
    "extra_trees_2_10_balanced_accuracy": 0.835920517758478
}