{
    "nb_instances": 158,
    "log_nb_instances": 5.062595033026967,
    "nb_features": 7,
    "dataset_dimensionality": 22.571428571428573,
    "log_dataset_dimensionality": 3.1166848839716534,
    "dataset_ratio": 0.04430379746835443,
    "nb_missing_vals": 87,
    "ratio_features_with_missing_vals": 0.006329113924050633,
    "ratio_instances_with_missing_vals": 0.5506329113924051,
    "nb_numeric_features": 5,
    "nb_categorical_features": 2,
    "ratio_numeric_categorical_features": 2.5,
    "ratio_categorical_numeric_features": 0.4,
    "nb_classes": 2,
    "class_entropy": 0.6724950807186254,
    "mean_target_class_ratio": 0.5,
    "stdev_target_class_ratio": 0.5,
    "min_target_class_ratio": 0.3987341821193695,
    "median_target_class_ratio": 0.5,
    "max_target_class_ratio": 0.6012658476829529,
    "mean_mean_numeric_features": 25.155210494995117,
    "stdev_mean_numeric_features": 25.155210494995117,
    "mean_stdev_numeric_features": 9.60328197479248,
    "stdev_stdev_numeric_features": 9.60328197479248,
    "mean_var_numeric_features": 106.5512924194336,
    "stdev_var_numeric_features": 106.5512924194336,
    "mean_min_numeric_features": 10.700000762939453,
    "stdev_min_numeric_features": 10.700000762939453,
    "mean_median_numeric_features": 24.479999542236328,
    "stdev_median_numeric_features": 24.479999542236328,
    "mean_max_numeric_features": 51.159996032714844,
    "stdev_max_numeric_features": 51.159996032714844,
    "mean_skew_numeric_features": 0.25478214025497437,
    "stdev_skew_numeric_features": 0.25478214025497437,
    "mean_kurtosis_numeric_features": -0.38572177290916443,
    "stdev_kurtosis_numeric_features": -0.38572177290916443,
    "pca_1": 0.8614405196988533,
    "pca_2": 0.12895503217235402,
    "pca_3": 0.00898605055311312,
    "mean_entropy_categorical_features": 1.105340838432312,
    "stdev_entropy_categorical_features": 1.105340838432312,
    "mean_information_gain_categorical_features": 0.1779308319091797,
    "stdev_information_gain_categorical_features": 0.1779308319091797,
    "mean_mutual_informaiton_categorical_features": 0.1779308319091797,
    "stdev_mutual_informaiton_categorical_features": 0.1779308319091797,
    "gaussian_nb_accuracy": 0.9714285714285715,
    "gaussian_nb_balanced_accuracy": 0.9722222222222223,
    "lda_accuracy": 0.9428571428571428,
    "lda_balanced_accuracy": 0.9428571428571428,
    "decision_tree_1_accuracy": 0.9714285714285715,
    "decision_tree_1_balanced_accuracy": 0.9800000000000001,
    "decision_tree_2_accuracy": 0.9438095238095239,
    "decision_tree_2_balanced_accuracy": 0.9313888888888888,
    "extra_trees_2_10_accuracy": 0.9295238095238096,
    "extra_trees_2_10_balanced_accuracy": 0.9372222222222224
}