{
    "nb_instances": 189,
    "log_nb_instances": 5.241747015059643,
    "nb_features": 9,
    "dataset_dimensionality": 21.0,
    "log_dataset_dimensionality": 3.044522437723423,
    "dataset_ratio": 0.047619047619047616,
    "nb_missing_vals": 0,
    "ratio_features_with_missing_vals": 0.0,
    "ratio_instances_with_missing_vals": 0.0,
    "nb_numeric_features": 2,
    "nb_categorical_features": 7,
    "ratio_numeric_categorical_features": 0.2857142857142857,
    "ratio_categorical_numeric_features": 3.5,
    "nb_classes": 2,
    "class_entropy": 0.6920129648318738,
    "mean_target_class_ratio": 0.5,
    "stdev_target_class_ratio": 0.5,
    "min_target_class_ratio": 0.4761904776096344,
    "median_target_class_ratio": 0.5,
    "max_target_class_ratio": 0.523809552192688,
    "mean_mean_numeric_features": 76.52645874023438,
    "stdev_mean_numeric_features": 76.52645874023438,
    "mean_stdev_numeric_features": 17.939029693603516,
    "stdev_stdev_numeric_features": 17.939029693603516,
    "mean_var_numeric_features": 481.5872497558594,
    "stdev_var_numeric_features": 481.5872497558594,
    "mean_min_numeric_features": 47.0,
    "stdev_min_numeric_features": 47.0,
    "mean_median_numeric_features": 72.0,
    "stdev_median_numeric_features": 72.0,
    "mean_max_numeric_features": 147.5,
    "stdev_max_numeric_features": 147.5,
    "mean_skew_numeric_features": 1.062095046043396,
    "stdev_skew_numeric_features": 1.062095046043396,
    "mean_kurtosis_numeric_features": 1.5100438594818115,
    "stdev_kurtosis_numeric_features": 1.5100438594818115,
    "pca_1": 0.9718240306292523,
    "pca_2": 0.02817596937074764,
    "pca_3": NaN,
    "mean_entropy_categorical_features": 0.6669303774833679,
    "stdev_entropy_categorical_features": 0.6669303774833679,
    "mean_information_gain_categorical_features": 0.060688309371471405,
    "stdev_information_gain_categorical_features": 0.060688309371471405,
    "mean_mutual_informaiton_categorical_features": 0.060688309371471405,
    "stdev_mutual_informaiton_categorical_features": 0.060688309371471405,
    "gaussian_nb_accuracy": 0.8200568990042674,
    "gaussian_nb_balanced_accuracy": 0.8154725047913901,
    "lda_accuracy": 0.8362731152204838,
    "lda_balanced_accuracy": 0.8261695906432747,
    "decision_tree_1_accuracy": 0.8357041251778095,
    "decision_tree_1_balanced_accuracy": 0.8331328320802005,
    "decision_tree_2_accuracy": 0.8041251778093883,
    "decision_tree_2_balanced_accuracy": 0.7988259418599976,
    "extra_trees_2_10_accuracy": 0.8467994310099574,
    "extra_trees_2_10_balanced_accuracy": 0.8439950980392158
}