{
    "nb_instances": 559,
    "log_nb_instances": 6.326149473155099,
    "nb_features": 4,
    "dataset_dimensionality": 139.75,
    "log_dataset_dimensionality": 4.939855112035208,
    "dataset_ratio": 0.007155635062611807,
    "nb_missing_vals": 0,
    "ratio_features_with_missing_vals": 0.0,
    "ratio_instances_with_missing_vals": 0.0,
    "nb_numeric_features": 3,
    "nb_categorical_features": 1,
    "ratio_numeric_categorical_features": 3.0,
    "ratio_categorical_numeric_features": 0.3333333333333333,
    "nb_classes": 2,
    "class_entropy": 0.17715841498387513,
    "mean_target_class_ratio": 0.5,
    "stdev_target_class_ratio": 0.5,
    "min_target_class_ratio": 0.042933810502290726,
    "median_target_class_ratio": 0.5,
    "max_target_class_ratio": 0.9570661783218384,
    "mean_mean_numeric_features": 9034.4306640625,
    "stdev_mean_numeric_features": 9034.4306640625,
    "mean_stdev_numeric_features": 69566.875,
    "stdev_stdev_numeric_features": 69566.875,
    "mean_var_numeric_features": 14479952896.0,
    "stdev_var_numeric_features": 14479952896.0,
    "mean_min_numeric_features": 10.833333015441895,
    "stdev_min_numeric_features": 10.833333015441895,
    "mean_median_numeric_features": 219.1666717529297,
    "stdev_median_numeric_features": 219.1666717529297,
    "mean_max_numeric_features": 985884.8125,
    "stdev_max_numeric_features": 985884.8125,
    "mean_skew_numeric_features": 3.3558101654052734,
    "stdev_skew_numeric_features": 3.3558101654052734,
    "mean_kurtosis_numeric_features": 34.25053405761719,
    "stdev_kurtosis_numeric_features": 34.25053405761719,
    "pca_1": 0.9999984746155492,
    "pca_2": 1.5173727930135737e-06,
    "pca_3": 8.011657762146489e-09,
    "mean_entropy_categorical_features": 3.761200189590454,
    "stdev_entropy_categorical_features": 3.761200189590454,
    "mean_information_gain_categorical_features": 0.11677089333534241,
    "stdev_information_gain_categorical_features": 0.11677089333534241,
    "mean_mutual_informaiton_categorical_features": 0.11677089333534241,
    "stdev_mutual_informaiton_categorical_features": 0.11677089333534241,
    "gaussian_nb_accuracy": 0.9767696267696268,
    "gaussian_nb_balanced_accuracy": 0.7923233095480802,
    "lda_accuracy": 0.9767696267696268,
    "lda_balanced_accuracy": 0.7464285714285713,
    "decision_tree_1_accuracy": 0.9803088803088803,
    "decision_tree_1_balanced_accuracy": 0.7733333333333332,
    "decision_tree_2_accuracy": 0.9803410553410552,
    "decision_tree_2_balanced_accuracy": 0.7728571428571429,
    "extra_trees_2_10_accuracy": 0.96243564993565,
    "extra_trees_2_10_balanced_accuracy": 0.5542857142857143
}