{
    "nb_instances": 559,
    "log_nb_instances": 6.326149473155099,
    "nb_features": 4,
    "dataset_dimensionality": 139.75,
    "log_dataset_dimensionality": 4.939855112035208,
    "dataset_ratio": 0.007155635062611807,
    "nb_missing_vals": 0,
    "ratio_features_with_missing_vals": 0.0,
    "ratio_instances_with_missing_vals": 0.0,
    "nb_numeric_features": 3,
    "nb_categorical_features": 1,
    "ratio_numeric_categorical_features": 3.0,
    "ratio_categorical_numeric_features": 0.3333333333333333,
    "nb_classes": 2,
    "class_entropy": 0.41057395091227467,
    "mean_target_class_ratio": 0.5,
    "stdev_target_class_ratio": 0.5,
    "min_target_class_ratio": 0.14311270415782928,
    "median_target_class_ratio": 0.5,
    "max_target_class_ratio": 0.8568872809410095,
    "mean_mean_numeric_features": 7930.94873046875,
    "stdev_mean_numeric_features": 7930.94873046875,
    "mean_stdev_numeric_features": 60409.703125,
    "stdev_stdev_numeric_features": 60409.703125,
    "mean_var_numeric_features": 10914398208.0,
    "stdev_var_numeric_features": 10914398208.0,
    "mean_min_numeric_features": 10.5,
    "stdev_min_numeric_features": 10.5,
    "mean_median_numeric_features": 221.1666717529297,
    "stdev_median_numeric_features": 221.1666717529297,
    "mean_max_numeric_features": 865515.1875,
    "stdev_max_numeric_features": 865515.1875,
    "mean_skew_numeric_features": 3.3729069232940674,
    "stdev_skew_numeric_features": 3.3729069232940674,
    "mean_kurtosis_numeric_features": 34.84406280517578,
    "stdev_kurtosis_numeric_features": 34.84406280517578,
    "pca_1": 0.9999979771055727,
    "pca_2": 2.012262566373005e-06,
    "pca_3": 1.0631860872579721e-08,
    "mean_entropy_categorical_features": 3.761200189590454,
    "stdev_entropy_categorical_features": 3.761200189590454,
    "mean_information_gain_categorical_features": 0.10345061123371124,
    "stdev_information_gain_categorical_features": 0.10345061123371124,
    "mean_mutual_informaiton_categorical_features": 0.10345061123371124,
    "stdev_mutual_informaiton_categorical_features": 0.10345061123371124,
    "gaussian_nb_accuracy": 0.8693854568854569,
    "gaussian_nb_balanced_accuracy": 0.5537896589134979,
    "lda_accuracy": 0.864060489060489,
    "lda_balanced_accuracy": 0.5594235339823576,
    "decision_tree_1_accuracy": 0.8569337194337194,
    "decision_tree_1_balanced_accuracy": 0.5,
    "decision_tree_2_accuracy": 0.8621943371943372,
    "decision_tree_2_balanced_accuracy": 0.5470367837856791,
    "extra_trees_2_10_accuracy": 0.8550836550836551,
    "extra_trees_2_10_balanced_accuracy": 0.5056069378650024
}