{
    "nb_instances": 2000,
    "log_nb_instances": 7.600902459542082,
    "nb_features": 6,
    "dataset_dimensionality": 333.3333333333333,
    "log_dataset_dimensionality": 5.809142990314028,
    "dataset_ratio": 0.003,
    "nb_missing_vals": 0,
    "ratio_features_with_missing_vals": 0.0,
    "ratio_instances_with_missing_vals": 0.0,
    "nb_numeric_features": 6,
    "nb_categorical_features": 0,
    "ratio_numeric_categorical_features": 0.0,
    "ratio_categorical_numeric_features": 0.0,
    "nb_classes": 2,
    "class_entropy": 0.3250829733914482,
    "mean_target_class_ratio": 0.5,
    "stdev_target_class_ratio": 0.5,
    "min_target_class_ratio": 0.10000000149011612,
    "median_target_class_ratio": 0.5,
    "max_target_class_ratio": 0.8999999761581421,
    "mean_mean_numeric_features": 1052.69970703125,
    "stdev_mean_numeric_features": 1052.69970703125,
    "mean_stdev_numeric_features": 630.9071044921875,
    "stdev_stdev_numeric_features": 630.9071044921875,
    "mean_var_numeric_features": 2353407.5,
    "stdev_var_numeric_features": 2353407.5,
    "mean_min_numeric_features": 256.69781494140625,
    "stdev_min_numeric_features": 256.69781494140625,
    "mean_median_numeric_features": 901.68701171875,
    "stdev_median_numeric_features": 901.68701171875,
    "mean_max_numeric_features": 2969.839111328125,
    "stdev_max_numeric_features": 2969.839111328125,
    "mean_skew_numeric_features": 0.5315671563148499,
    "stdev_skew_numeric_features": 0.5315671563148499,
    "mean_kurtosis_numeric_features": -0.5362369418144226,
    "stdev_kurtosis_numeric_features": -0.5362369418144226,
    "pca_1": 0.9999975077865162,
    "pca_2": 2.402555111135809e-06,
    "pca_3": 5.0721736905552545e-08,
    "mean_entropy_categorical_features": NaN,
    "stdev_entropy_categorical_features": NaN,
    "mean_information_gain_categorical_features": NaN,
    "stdev_information_gain_categorical_features": NaN,
    "mean_mutual_informaiton_categorical_features": NaN,
    "stdev_mutual_informaiton_categorical_features": NaN,
    "gaussian_nb_accuracy": 0.9984999999999999,
    "gaussian_nb_balanced_accuracy": 0.9926696377228292,
    "lda_accuracy": 0.998,
    "lda_balanced_accuracy": 0.9900609756097563,
    "decision_tree_1_accuracy": 0.952,
    "decision_tree_1_balanced_accuracy": 0.9314130616781735,
    "decision_tree_2_accuracy": 0.99,
    "decision_tree_2_balanced_accuracy": 0.9531137608785112,
    "extra_trees_2_10_accuracy": 0.9240000000000002,
    "extra_trees_2_10_balanced_accuracy": 0.6351543286223937
}